{"npix": 25937402, "mean_prob": [0.2890191285593522, 0.2923822338526238, 0.4185986375883061], "W_argmax": [0.2703164719427181, 0.28078243919726426, 0.44890108886001767]}