{
  "area_total_ha": 1898600.0,
  "z": 1.959963984540054,
  "inputs": {
    "n_labelled": 474,
    "labellers": [
      "ARP",
      "SVM/Steph"
    ],
    "strata_n": {
      "intact": 130,
      "moderate": 154,
      "severe": 190
    },
    "pop_valid_px": 25937402,
    "pop_mean_prob": {
      "intact": 0.2885689382225509,
      "moderate": 0.29258008698907606,
      "severe": 0.41885097479834815
    }
  },
  "scenarios": {
    "A_drop_nothicket": {
      "nothicket_mode": "drop",
      "n_used": 439,
      "methods": {
        "intact": {
          "olofsson": {
            "area": 554161.5936918604,
            "se_area": 22532.206266811
          },
          "classical": {
            "area": 554161.5936918604,
            "se_area": 39324.75415045624
          },
          "ppi_continuous": {
            "area": 538279.3292255215,
            "se_area": 25715.60829312372
          },
          "ppi_bootstrap": {
            "area": null,
            "se_area": 23193.40765206948
          },
          "crossppi": {
            "area": 547061.6410275784,
            "se_area": 27947.405223386973
          },
          "label_shift": {
            "area": 570924.2320188778,
            "se_area": 101332.98169843871
          }
        },
        "moderate": {
          "olofsson": {
            "area": 558691.4463081395,
            "se_area": 36959.82690097434
          },
          "classical": {
            "area": 558691.4463081396,
            "se_area": 39969.31553541961
          },
          "ppi_continuous": {
            "area": 538572.0215584603,
            "se_area": 37059.743543181634
          },
          "ppi_bootstrap": {
            "area": null,
            "se_area": 33654.3009680992
          },
          "crossppi": {
            "area": 549851.8386728471,
            "se_area": 37678.293514947174
          },
          "label_shift": {
            "area": 337089.78504847887,
            "se_area": 101332.9816984387
          }
        },
        "severe": {
          "olofsson": {
            "area": 785746.96,
            "se_area": 32319.232056756882
          },
          "classical": {
            "area": 785746.9600000001,
            "se_area": 49140.42601730387
          },
          "ppi_continuous": {
            "area": 821748.6472840838,
            "se_area": 33319.872254004935
          },
          "ppi_bootstrap": {
            "area": null,
            "se_area": 32828.83753978304
          },
          "crossppi": {
            "area": 802752.0929340593,
            "se_area": 32682.05467205962
          },
          "label_shift": {
            "area": 990585.9829326434,
            "se_area": 101332.98169843871
          }
        }
      },
      "accuracy": {
        "OA": {
          "OA": 0.769021430233783,
          "se": 0.019579731838494267,
          "ci95": [
            0.730645861003382,
            0.807396999464184
          ]
        },
        "U": {
          "intact": {
            "U": 0.8837209302325582,
            "se": 0.02833370449072373
          },
          "moderate": {
            "U": 0.6133333333333333,
            "se": 0.039895463700310455
          },
          "severe": {
            "U": 0.8,
            "se": 0.031722063428725765
          }
        },
        "P": {
          "intact": {
            "P": 0.844536634745741,
            "se": 0.02596033184018635
          },
          "moderate": {
            "P": 0.6066560034875946,
            "se": 0.03575588615308804
          },
          "severe": {
            "P": 0.83121008829611,
            "se": 0.021196485543330614
          }
        },
        "confusion": {
          "intact": {
            "intact": 114,
            "moderate": 15,
            "severe": 0
          },
          "moderate": {
            "intact": 22,
            "moderate": 92,
            "severe": 36
          },
          "severe": {
            "intact": 1,
            "moderate": 31,
            "severe": 128
          }
        },
        "n_h": {
          "intact": 129,
          "moderate": 150,
          "severe": 160
        }
      }
    },
    "B_nothicket_to_severe": {
      "nothicket_mode": "severe",
      "n_used": 474,
      "methods": {
        "intact": {
          "olofsson": {
            "area": 547650.6825332562,
            "se_area": 22305.067303706466
          },
          "classical": {
            "area": 547650.6825332562,
            "se_area": 39508.18043054813
          },
          "ppi_continuous": {
            "area": 534366.0077852505,
            "se_area": 25205.433302252462
          },
          "ppi_bootstrap": {
            "area": null,
            "se_area": 24695.11433286911
          },
          "crossppi": {
            "area": 534077.97366293,
            "se_area": 26166.500479458256
          },
          "label_shift": {
            "area": 560088.9318286905,
            "se_area": 101332.98169843871
          }
        },
        "moderate": {
          "olofsson": {
            "area": 524438.858830643,
            "se_area": 34401.51383226734
          },
          "classical": {
            "area": 524438.858830643,
            "se_area": 37758.01369590593
          },
          "ppi_continuous": {
            "area": 509945.29416044673,
            "se_area": 34546.37991118917
          },
          "ppi_bootstrap": {
            "area": null,
            "se_area": 33190.54975872373
          },
          "crossppi": {
            "area": 517151.86739656166,
            "se_area": 35374.46509747696
          },
          "label_shift": {
            "area": 375518.90828254825,
            "se_area": 101332.9816984387
          }
        },
        "severe": {
          "olofsson": {
            "area": 826510.4586361008,
            "se_area": 29904.34319393689
          },
          "classical": {
            "area": 826510.4586361008,
            "se_area": 44806.34907553092
          },
          "ppi_continuous": {
            "area": 854288.6971076794,
            "se_area": 31132.91556113543
          },
          "ppi_bootstrap": {
            "area": null,
            "se_area": 32156.582330802186
          },
          "crossppi": {
            "area": 845986.7210382374,
            "se_area": 31642.449877101222
          },
          "label_shift": {
            "area": 962992.1598887611,
            "se_area": 101332.98169843871
          }
        }
      },
      "accuracy": {
        "OA": {
          "OA": 0.7760674330908409,
          "se": 0.018310871007014805,
          "ci95": [
            0.7401787853915333,
            0.8119560807901486
          ]
        },
        "U": {
          "intact": {
            "U": 0.8769230769230769,
            "se": 0.028925056073571
          },
          "moderate": {
            "U": 0.5974025974025974,
            "se": 0.039648186007942926
          },
          "severe": {
            "U": 0.8315789473684211,
            "se": 0.027221937315844675
          }
        },
        "P": {
          "intact": {
            "P": 0.848003494051139,
            "se": 0.02546232048458312
          },
          "moderate": {
            "P": 0.629491972971173,
            "se": 0.03539852588051374
          },
          "severe": {
            "P": 0.8214074935371579,
            "se": 0.020457153728992875
          }
        },
        "confusion": {
          "intact": {
            "intact": 114,
            "moderate": 15,
            "severe": 1
          },
          "moderate": {
            "intact": 22,
            "moderate": 92,
            "severe": 40
          },
          "severe": {
            "intact": 1,
            "moderate": 31,
            "severe": 158
          }
        },
        "n_h": {
          "intact": 130,
          "moderate": 154,
          "severe": 190
        }
      }
    }
  }
}