id,source,mapcode,vegtype,efg,efg_id,cls2022,cls2022_name,cls2025,cls2025_name,stratum,lon,lat
0,existing,AT18,Albany Valley Thicket,ValleyThicket,2,0,intact,0,intact,AT18_intact,26.874673776182696,-33.326643641314334
1,existing,AT28,Escarpment Mesic Thicket,MesicThicket,3,0,intact,0,intact,AT28_intact,25.29678297962676,-32.587150499427146
2,existing,AT29,Escarpment Valley Thicket,ValleyThicket,2,0,intact,1,moderate,AT29_intact,25.04884796120977,-32.42248930784804
3,existing,AT17,Albany Mesic Thicket,MesicThicket,3,0,intact,0,intact,AT17_intact,26.78412359554345,-33.52849508565599
4,existing,AT18,Albany Valley Thicket,ValleyThicket,2,0,intact,0,intact,AT18_intact,26.120358432107533,-33.24714273866976
5,existing,AT50,Sundays Mesic Thicket,MesicThicket,3,0,intact,0,intact,AT50_intact,25.675692366468372,-33.38431548255481
6,existing,AT32,Fish Valley Thicket,ValleyThicket,2,0,intact,0,intact,AT32_intact,26.887340021688782,-33.12560068072839
7,existing,AT32,Fish Valley Thicket,ValleyThicket,2,0,intact,0,intact,AT32_intact,26.951749227560153,-33.15847902012716
8,existing,AT50,Sundays Mesic Thicket,MesicThicket,3,0,intact,0,intact,AT50_intact,25.389219622362656,-33.32772161965528
9,existing,AT50,Sundays Mesic Thicket,MesicThicket,3,0,intact,0,intact,AT50_intact,25.76866799837474,-33.40425808186227
10,existing,AT50,Sundays Mesic Thicket,MesicThicket,3,0,intact,0,intact,AT50_intact,25.660331175109928,-33.32960808175193
11,existing,AT51,Sundays Valley Thicket,ValleyThicket,2,0,intact,0,intact,AT51_intact,24.848882978964763,-33.74975014013463
12,existing,AT32,Fish Valley Thicket,ValleyThicket,2,0,intact,1,moderate,AT32_intact,26.642638938294624,-32.66072252119653
13,existing,AT49,Sundays Arid Thicket,AridThicket,1,0,intact,0,intact,AT49_intact,24.772346516757782,-32.92644418223909
14,existing,AT17,Albany Mesic Thicket,MesicThicket,3,0,intact,0,intact,AT17_intact,26.941777927906426,-33.500467648791464
15,existing,AT18,Albany Valley Thicket,ValleyThicket,2,0,intact,0,intact,AT18_intact,25.839275579706538,-33.34604725145132
16,existing,AT18,Albany Valley Thicket,ValleyThicket,2,0,intact,0,intact,AT18_intact,26.77496077964543,-33.54924616871915
17,existing,AT32,Fish Valley Thicket,ValleyThicket,2,0,intact,0,intact,AT32_intact,26.746663848195666,-33.07978660123829
18,existing,AT51,Sundays Valley Thicket,ValleyThicket,2,0,intact,0,intact,AT51_intact,25.51642106659398,-33.78478443621529
19,existing,AT50,Sundays Mesic Thicket,MesicThicket,3,0,intact,0,intact,AT50_intact,25.62880030863733,-33.380812052946744
20,existing,AT21,Buffels Mesic Thicket,MesicThicket,3,0,intact,0,intact,AT21_intact,27.68558298315739,-32.99300934479235
21,existing,AT33,Gamka Arid Thicket,AridThicket,1,0,intact,0,intact,AT33_intact,21.742688389536283,-33.45600104222755
22,existing,AT34,Gamka Valley Thicket,ValleyThicket,2,0,intact,0,intact,AT34_intact,22.276018173718043,-33.513133894297546
23,existing,AT51,Sundays Valley Thicket,ValleyThicket,2,0,intact,0,intact,AT51_intact,25.46306113871728,-33.453575590960426
24,existing,AT17,Albany Mesic Thicket,MesicThicket,3,0,intact,0,intact,AT17_intact,26.78062016593538,-33.5578699954467
25,existing,AT32,Fish Valley Thicket,ValleyThicket,2,0,intact,0,intact,AT32_intact,26.563677024820517,-32.994356817718526
26,existing,AT33,Gamka Arid Thicket,AridThicket,1,0,intact,0,intact,AT33_intact,21.62195481535062,-33.45707902056849
27,existing,AT32,Fish Valley Thicket,ValleyThicket,2,0,intact,0,intact,AT32_intact,25.893982980509417,-32.51492595058394
28,existing,AT32,Fish Valley Thicket,ValleyThicket,2,0,intact,0,intact,AT32_intact,26.80217973275425,-33.04879472393617
29,existing,AT18,Albany Valley Thicket,ValleyThicket,2,0,intact,0,intact,AT18_intact,26.075891825543618,-33.28056006723901
30,existing,AT51,Sundays Valley Thicket,ValleyThicket,2,0,intact,0,intact,AT51_intact,25.45928821452398,-33.73816187296949
31,existing,,,,,0,intact,0,intact,,25.531782257952425,-33.339848875990896
32,existing,AT28,Escarpment Mesic Thicket,MesicThicket,3,0,intact,0,intact,AT28_intact,26.811881537822742,-32.531365120283326
33,existing,AT51,Sundays Valley Thicket,ValleyThicket,2,0,intact,0,intact,AT51_intact,25.47680536256431,-33.600180645328734
34,existing,AT18,Albany Valley Thicket,ValleyThicket,2,0,intact,0,intact,AT18_intact,25.83253821507564,-33.32152324419486
35,existing,AT17,Albany Mesic Thicket,MesicThicket,3,0,intact,0,intact,AT17_intact,26.910516556019065,-33.49157432747868
36,existing,AT19,Baviaans Valley Thicket,ValleyThicket,2,0,intact,0,intact,AT19_intact,24.68718622782325,-33.59128732401595
37,existing,AT51,Sundays Valley Thicket,ValleyThicket,2,0,intact,0,intact,AT51_intact,25.439076120631288,-33.4436042913067
38,existing,AT51,Sundays Valley Thicket,ValleyThicket,2,0,intact,0,intact,AT51_intact,25.563582619010255,-33.589400861919295
39,existing,AT32,Fish Valley Thicket,ValleyThicket,2,0,intact,0,intact,AT32_intact,26.38742756607627,-33.02993010296966
40,existing,AT21,Buffels Mesic Thicket,MesicThicket,3,0,intact,0,intact,AT21_intact,27.770473777506684,-32.87065880309527
41,existing,AT17,Albany Mesic Thicket,MesicThicket,3,0,intact,0,intact,AT17_intact,26.422192367571693,-33.536310428627836
42,existing,AT51,Sundays Valley Thicket,ValleyThicket,2,0,intact,0,intact,AT51_intact,25.899911861384606,-33.67105772124576
43,existing,,,,,0,intact,0,intact,,24.153047959885782,-33.552480103741985
44,existing,AT32,Fish Valley Thicket,ValleyThicket,2,0,intact,0,intact,AT32_intact,26.31304706055117,-33.01834183580452
45,existing,AT19,Baviaans Valley Thicket,ValleyThicket,2,0,intact,0,intact,AT19_intact,24.322829548584373,-33.75163660223128
46,existing,AT28,Escarpment Mesic Thicket,MesicThicket,3,0,intact,0,intact,AT28_intact,26.759060599116516,-32.50360717800403
47,existing,AT30,Fish Arid Thicket,AridThicket,1,0,intact,0,intact,AT30_intact,26.864432981943736,-33.18839291908834
48,existing,AT32,Fish Valley Thicket,ValleyThicket,2,0,intact,0,intact,AT32_intact,26.698154822853212,-32.6176033875588
49,existing,AT30,Fish Arid Thicket,AridThicket,1,0,intact,0,intact,AT30_intact,26.692764931148496,-33.22531367726565
50,existing,AT32,Fish Valley Thicket,ValleyThicket,2,0,intact,0,intact,AT32_intact,26.756096158678922,-32.9595920162231
51,existing,AT32,Fish Valley Thicket,ValleyThicket,2,0,intact,1,moderate,AT32_intact,25.908535688112153,-32.39311439805733
52,existing,AT32,Fish Valley Thicket,ValleyThicket,2,0,intact,0,intact,AT32_intact,26.532954642103633,-32.99381782854805
53,existing,AT51,Sundays Valley Thicket,ValleyThicket,2,0,intact,0,intact,AT51_intact,25.466564568325346,-33.84973263125713
54,existing,AT32,Fish Valley Thicket,ValleyThicket,2,0,intact,0,intact,AT32_intact,26.36452052633122,-33.05364562647041
55,existing,AT32,Fish Valley Thicket,ValleyThicket,2,0,intact,0,intact,AT32_intact,26.383924136468202,-32.68336006635635
56,existing,AT49,Sundays Arid Thicket,AridThicket,1,0,intact,0,intact,AT49_intact,25.141554098530904,-32.90461512083498
57,existing,AT51,Sundays Valley Thicket,ValleyThicket,2,0,intact,0,intact,AT51_intact,24.59421059591688,-33.661625410762504
58,existing,AT51,Sundays Valley Thicket,ValleyThicket,2,0,intact,0,intact,AT51_intact,25.771632438812336,-33.67833407504713
59,existing,AT51,Sundays Valley Thicket,ValleyThicket,2,0,intact,0,intact,AT51_intact,24.67748442275476,-33.78694039289718
60,existing,AT32,Fish Valley Thicket,ValleyThicket,2,0,intact,0,intact,AT32_intact,26.693303920318964,-33.02184526541258
61,existing,AT32,Fish Valley Thicket,ValleyThicket,2,0,intact,0,intact,AT32_intact,26.7679539204293,-33.02642667336159
62,existing,AT17,Albany Mesic Thicket,MesicThicket,3,0,intact,0,intact,AT17_intact,26.902970707632463,-33.4939997787458
63,existing,AT50,Sundays Mesic Thicket,MesicThicket,3,0,intact,0,intact,AT50_intact,25.54902991140752,-33.372188226219194
64,existing,AT50,Sundays Mesic Thicket,MesicThicket,3,0,intact,0,intact,AT50_intact,25.49513099436035,-33.38943587967429
65,existing,AT32,Fish Valley Thicket,ValleyThicket,2,0,intact,0,intact,AT32_intact,26.705700671239814,-32.63323407350248
66,existing,AT17,Albany Mesic Thicket,MesicThicket,3,0,intact,0,intact,AT17_intact,26.710282079188826,-33.60799598830057
67,existing,AT19,Baviaans Valley Thicket,ValleyThicket,2,0,intact,0,intact,AT19_intact,24.41284074005315,-33.64626421940406
68,existing,AT51,Sundays Valley Thicket,ValleyThicket,2,0,intact,1,moderate,AT51_intact,25.814482077864838,-33.48321999533637
69,existing,AT50,Sundays Mesic Thicket,MesicThicket,3,0,intact,0,intact,AT50_intact,25.80531926196682,-33.59748569947637
70,existing,AT33,Gamka Arid Thicket,AridThicket,1,0,intact,0,intact,AT33_intact,22.818510773797822,-33.3015806448874
71,existing,AT49,Sundays Arid Thicket,AridThicket,1,0,intact,0,intact,AT49_intact,23.63427088330676,-33.061999958612724
72,existing,AT50,Sundays Mesic Thicket,MesicThicket,3,0,intact,0,intact,AT50_intact,25.328852835269824,-33.34874219730368
73,existing,AT50,Sundays Mesic Thicket,MesicThicket,3,0,intact,0,intact,AT50_intact,25.639849586632003,-33.396981728060894
74,existing,AT51,Sundays Valley Thicket,ValleyThicket,2,0,intact,0,intact,AT51_intact,25.48003929758714,-33.63386746848321
75,existing,AT51,Sundays Valley Thicket,ValleyThicket,2,0,intact,0,intact,AT51_intact,24.61253622771292,-33.77777757699916
76,existing,AT29,Escarpment Valley Thicket,ValleyThicket,2,0,intact,0,intact,AT29_intact,24.980396336559863,-32.35215122110148
77,existing,AT51,Sundays Valley Thicket,ValleyThicket,2,0,intact,0,intact,AT51_intact,25.605893268892284,-33.43578894833486
78,existing,AT17,Albany Mesic Thicket,MesicThicket,3,0,intact,0,intact,AT17_intact,25.80451077821111,-33.30346710698405
79,existing,AT30,Fish Arid Thicket,AridThicket,1,0,intact,0,intact,AT30_intact,26.788166014321988,-33.14662125837678
80,existing,AT49,Sundays Arid Thicket,AridThicket,1,0,intact,0,intact,AT49_intact,25.123228466734865,-33.22504418268042
81,existing,AT49,Sundays Arid Thicket,AridThicket,1,0,intact,0,intact,AT49_intact,23.860376840319642,-33.211030464248154
82,existing,AT22,Buffels Valley Thicket,ValleyThicket,2,0,intact,0,intact,AT22_intact,27.116949408309733,-32.69791277395908
83,existing,AT22,Buffels Valley Thicket,ValleyThicket,2,0,intact,-1,,AT22_intact,27.162224498629357,-32.65021223237234
84,existing,AT17,Albany Mesic Thicket,MesicThicket,3,0,intact,0,intact,AT17_intact,26.40548370328707,-33.597755194061605
85,existing,AT28,Escarpment Mesic Thicket,MesicThicket,3,0,intact,0,intact,AT28_intact,26.941238938735953,-32.76932883904659
86,existing,,,,,0,intact,0,intact,,24.520369079562254,-33.697198696013636
87,existing,AT32,Fish Valley Thicket,ValleyThicket,2,0,intact,0,intact,AT32_intact,26.9250692636218,-33.14850772047343
88,existing,AT50,Sundays Mesic Thicket,MesicThicket,3,0,intact,0,intact,AT50_intact,25.317803557275155,-33.71148190903114
89,existing,AT49,Sundays Arid Thicket,AridThicket,1,0,intact,1,moderate,AT49_intact,25.418594532153364,-33.049603207691874
90,existing,AT27,Escarpment Arid Thicket,AridThicket,1,0,intact,0,intact,AT27_intact,23.757968897930017,-32.969832810462066
91,existing,AT18,Albany Valley Thicket,ValleyThicket,2,0,intact,1,moderate,AT18_intact,26.11874146459612,-33.40425808186227
92,existing,AT32,Fish Valley Thicket,ValleyThicket,2,0,intact,0,intact,AT32_intact,26.822661321232175,-33.09218335215914
93,existing,AT51,Sundays Valley Thicket,ValleyThicket,2,0,intact,1,moderate,AT51_intact,25.477074857149546,-33.475943641535004
94,existing,AT49,Sundays Arid Thicket,AridThicket,1,0,intact,0,intact,AT49_intact,23.478503013040434,-33.11751584317131
95,existing,AT32,Fish Valley Thicket,ValleyThicket,2,0,intact,0,intact,AT32_intact,26.82104435372076,-33.11158696229612
96,existing,AT49,Sundays Arid Thicket,AridThicket,1,0,intact,0,intact,AT49_intact,24.96368767227524,-32.87739616772616
97,existing,AT29,Escarpment Valley Thicket,ValleyThicket,2,0,intact,0,intact,AT29_intact,25.014083159714342,-32.2756147588945
98,existing,AT17,Albany Mesic Thicket,MesicThicket,3,0,intact,0,intact,AT17_intact,26.991634426175057,-33.503162594643825
99,existing,AT18,Albany Valley Thicket,ValleyThicket,2,0,intact,0,intact,AT18_intact,26.83020716961878,-33.26007847876108
100,existing,AT32,Fish Valley Thicket,ValleyThicket,2,0,intact,0,intact,AT32_intact,25.92740030907866,-32.44108443422931
101,existing,AT37,Gouritz Valley Thicket,ValleyThicket,2,0,intact,0,intact,AT37_intact,21.764517450940385,-34.0456551947236
102,existing,AT32,Fish Valley Thicket,ValleyThicket,2,0,intact,0,intact,AT32_intact,26.699232801194153,-33.06523389363556
103,existing,AT33,Gamka Arid Thicket,AridThicket,1,0,intact,0,intact,AT33_intact,21.597430808094156,-33.45330609637519
104,existing,AT32,Fish Valley Thicket,ValleyThicket,2,0,intact,0,intact,AT32_intact,25.25689778101185,-32.841014398719324
105,existing,AT51,Sundays Valley Thicket,ValleyThicket,2,0,intact,0,intact,AT51_intact,24.897661498892454,-33.7645723423226
106,existing,AT51,Sundays Valley Thicket,ValleyThicket,2,0,intact,0,intact,AT51_intact,25.554958792282708,-33.74516873218562
107,existing,AT19,Baviaans Valley Thicket,ValleyThicket,2,0,intact,0,intact,AT19_intact,24.426045974729703,-33.65165411110878
108,existing,AT27,Escarpment Arid Thicket,AridThicket,1,0,intact,0,intact,AT27_intact,24.401252472888007,-32.53028714194238
109,existing,AT32,Fish Valley Thicket,ValleyThicket,2,0,intact,0,intact,AT32_intact,26.748819804877552,-33.03208605965155
110,existing,AT49,Sundays Arid Thicket,AridThicket,1,0,intact,-1,,AT49_intact,25.20677178815798,-33.12128876736461
111,existing,AT31,Fish Mesic Thicket,MesicThicket,3,0,intact,0,intact,AT31_intact,26.999719263732135,-33.153628117592916
112,existing,AT32,Fish Valley Thicket,ValleyThicket,2,0,intact,0,intact,AT32_intact,26.802449227339487,-33.00702306322461
113,existing,AT51,Sundays Valley Thicket,ValleyThicket,2,0,intact,0,intact,AT51_intact,24.869095072857455,-33.76214689105548
114,existing,AT18,Albany Valley Thicket,ValleyThicket,2,0,intact,0,intact,AT18_intact,26.07131041759461,-33.382698515043394
115,existing,AT50,Sundays Mesic Thicket,MesicThicket,3,0,intact,0,intact,AT50_intact,25.313761138496616,-33.736544905458075
116,existing,AT49,Sundays Arid Thicket,AridThicket,1,0,intact,0,intact,AT49_intact,25.086846697728024,-32.89841674537456
117,existing,AT50,Sundays Mesic Thicket,MesicThicket,3,0,intact,0,intact,AT50_intact,25.410240200011053,-33.38000356919104
118,existing,AT19,Baviaans Valley Thicket,ValleyThicket,2,0,intact,0,intact,AT19_intact,24.320673591902484,-33.65731349739873
119,existing,AT19,Baviaans Valley Thicket,ValleyThicket,2,0,intact,0,intact,AT19_intact,24.230662400433708,-33.172223243974194
120,existing,AT32,Fish Valley Thicket,ValleyThicket,2,0,intact,0,intact,AT32_intact,26.768762404185004,-33.002980644446076
121,existing,,,,,0,intact,0,intact,,24.900625939330048,-33.753523064327936
122,existing,AT18,Albany Valley Thicket,ValleyThicket,2,0,intact,0,intact,AT18_intact,26.330564208591504,-33.51825429141703
123,existing,AT15,Albany Arid Thicket,AridThicket,1,0,intact,0,intact,AT15_intact,26.59412991295217,-33.211569453418626
124,existing,AT51,Sundays Valley Thicket,ValleyThicket,2,0,intact,0,intact,AT51_intact,25.53151276336719,-33.62416566341472
125,existing,AT51,Sundays Valley Thicket,ValleyThicket,2,0,intact,0,intact,AT51_intact,24.662931715152023,-33.778047071584396
126,existing,AT21,Buffels Mesic Thicket,MesicThicket,3,0,intact,0,intact,AT21_intact,28.000891647883343,-32.816220896877624
127,existing,AT51,Sundays Valley Thicket,ValleyThicket,2,0,intact,0,intact,AT51_intact,25.734442186049787,-33.58023804602128
128,existing,AT32,Fish Valley Thicket,ValleyThicket,2,0,intact,0,intact,AT32_intact,25.44689146360313,-32.65209869446899
129,existing,AT15,Albany Arid Thicket,AridThicket,1,0,intact,1,moderate,AT15_intact,26.898119805098215,-33.25953948959061
130,existing,AT18,Albany Valley Thicket,ValleyThicket,2,0,intact,0,intact,AT18_intact,26.956061140923925,-33.325565662973396
131,existing,AT18,Albany Valley Thicket,ValleyThicket,2,0,intact,0,intact,AT18_intact,26.114968540402817,-33.14958569881438
132,existing,AT19,Baviaans Valley Thicket,ValleyThicket,2,0,intact,0,intact,AT19_intact,23.874390558751905,-33.10431060849476
133,existing,AT32,Fish Valley Thicket,ValleyThicket,2,0,intact,0,intact,AT32_intact,26.985436050714632,-33.16737234143994
134,existing,AT18,Albany Valley Thicket,ValleyThicket,2,0,intact,0,intact,AT18_intact,26.31062160928405,-33.53657992321307
135,existing,AT17,Albany Mesic Thicket,MesicThicket,3,0,intact,0,intact,AT17_intact,25.86514705988918,-33.30508407449547
136,existing,AT51,Sundays Valley Thicket,ValleyThicket,2,0,intact,1,moderate,AT51_intact,25.238302654630576,-33.39455627679377
137,existing,AT29,Escarpment Valley Thicket,ValleyThicket,2,0,intact,0,intact,AT29_intact,25.187907167191472,-32.4537506797354
138,existing,AT51,Sundays Valley Thicket,ValleyThicket,2,0,intact,0,intact,AT51_intact,24.83352178760632,-33.72253118702581
139,existing,AT50,Sundays Mesic Thicket,MesicThicket,3,0,intact,0,intact,AT50_intact,25.470606987103885,-33.32314021170627
140,existing,,,,,0,intact,0,intact,,26.80487467860661,-33.54143082574731
141,existing,AT28,Escarpment Mesic Thicket,MesicThicket,3,0,intact,0,intact,AT28_intact,26.76391150165076,-32.529478658186676
142,existing,AT49,Sundays Arid Thicket,AridThicket,1,0,intact,0,intact,AT49_intact,23.209277922389813,-33.36868479661113
143,existing,AT21,Buffels Mesic Thicket,MesicThicket,3,0,intact,0,intact,AT21_intact,27.803352116905458,-32.72863515667597
144,existing,AT51,Sundays Valley Thicket,ValleyThicket,2,0,intact,0,intact,AT51_intact,25.336398683656427,-33.38593245006623
145,existing,AT30,Fish Arid Thicket,AridThicket,1,0,intact,0,intact,AT30_intact,26.546429371365424,-33.18569797323598
146,existing,AT30,Fish Arid Thicket,AridThicket,1,0,intact,1,moderate,AT30_intact,26.89084345129685,-33.20078967000919
147,existing,AT29,Escarpment Valley Thicket,ValleyThicket,2,0,intact,1,moderate,AT29_intact,24.908710776887123,-32.345413856470586
148,existing,AT18,Albany Valley Thicket,ValleyThicket,2,0,intact,0,intact,AT18_intact,26.632398144055664,-33.35440158359363
149,existing,AT17,Albany Mesic Thicket,MesicThicket,3,0,intact,0,intact,AT17_intact,26.31951493059683,-33.361947431980234
150,existing,AT19,Baviaans Valley Thicket,ValleyThicket,2,0,intact,0,intact,AT19_intact,23.82480355506851,-33.52606963438887
151,existing,AT32,Fish Valley Thicket,ValleyThicket,2,0,intact,0,intact,AT32_intact,26.784393090128685,-33.04717775642475
152,existing,AT28,Escarpment Mesic Thicket,MesicThicket,3,0,intact,0,intact,AT28_intact,25.28815915289921,-32.535407539061865
153,existing,AT18,Albany Valley Thicket,ValleyThicket,2,0,intact,0,intact,AT18_intact,26.11092612162428,-33.151202666325794
154,existing,AT30,Fish Arid Thicket,AridThicket,1,0,intact,0,intact,AT30_intact,26.819966375379817,-33.2369019444308
155,existing,AT32,Fish Valley Thicket,ValleyThicket,2,0,intact,1,moderate,AT32_intact,26.69033947988137,-32.586611510256674
156,existing,AT18,Albany Valley Thicket,ValleyThicket,2,0,intact,0,intact,AT18_intact,26.85823460648331,-33.434710969993915
157,existing,AT30,Fish Arid Thicket,AridThicket,1,0,intact,1,moderate,AT30_intact,26.74639435361043,-33.21830681804952
158,existing,AT32,Fish Valley Thicket,ValleyThicket,2,0,intact,0,intact,AT32_intact,26.529451212495566,-32.99327883937758
159,existing,AT17,Albany Mesic Thicket,MesicThicket,3,0,intact,0,intact,AT17_intact,26.82562576166977,-33.53065104233788
160,existing,AT51,Sundays Valley Thicket,ValleyThicket,2,0,intact,0,intact,AT51_intact,25.71665554342422,-33.470014760659815
161,existing,AT51,Sundays Valley Thicket,ValleyThicket,2,0,intact,0,intact,AT51_intact,25.556845254379358,-33.58131602436222
162,existing,AT28,Escarpment Mesic Thicket,MesicThicket,3,0,intact,0,intact,AT28_intact,26.966571429748125,-32.73887595091493
163,existing,AT32,Fish Valley Thicket,ValleyThicket,2,0,intact,0,intact,AT32_intact,26.569605905695706,-33.000555193178954
164,existing,AT30,Fish Arid Thicket,AridThicket,1,0,intact,0,intact,AT30_intact,26.849341285170528,-33.23582396608985
165,existing,AT32,Fish Valley Thicket,ValleyThicket,2,0,intact,0,intact,AT32_intact,25.086307708557552,-32.91889833385249
166,existing,AT17,Albany Mesic Thicket,MesicThicket,3,0,intact,0,intact,AT17_intact,26.707856627921704,-33.45654003139802
167,existing,AT49,Sundays Arid Thicket,AridThicket,1,0,intact,0,intact,AT49_intact,23.746919619935348,-33.05714905607848
168,existing,AT32,Fish Valley Thicket,ValleyThicket,2,0,intact,0,intact,AT32_intact,26.741273956490947,-32.620567827996396
169,existing,AT21,Buffels Mesic Thicket,MesicThicket,3,0,intact,0,intact,AT21_intact,27.969360781410746,-32.73025212418739
170,existing,AT28,Escarpment Mesic Thicket,MesicThicket,3,0,intact,0,intact,AT28_intact,26.318975941426363,-32.58041313479625
171,existing,AT30,Fish Arid Thicket,AridThicket,1,0,intact,0,intact,AT30_intact,26.703275219972692,-33.18381151113933
172,existing,AT33,Gamka Arid Thicket,AridThicket,1,0,intact,0,intact,AT33_intact,23.154301027001697,-33.27894309972759
173,existing,AT51,Sundays Valley Thicket,ValleyThicket,2,0,intact,0,intact,AT51_intact,25.635537673268228,-33.443065302136226
174,existing,AT27,Escarpment Arid Thicket,AridThicket,1,0,intact,0,intact,AT27_intact,24.392898140745693,-32.20770212341506
175,existing,AT49,Sundays Arid Thicket,AridThicket,1,0,intact,0,intact,AT49_intact,25.147213484820856,-33.54816819037821
176,existing,AT50,Sundays Mesic Thicket,MesicThicket,3,0,intact,0,intact,AT50_intact,25.46440861164346,-33.34685573520703
177,existing,AT32,Fish Valley Thicket,ValleyThicket,2,0,intact,0,intact,AT32_intact,26.712707530455948,-32.622454290093046
178,existing,AT18,Albany Valley Thicket,ValleyThicket,2,0,intact,0,intact,AT18_intact,26.824817277914065,-33.455731547642316
179,existing,AT17,Albany Mesic Thicket,MesicThicket,3,0,intact,0,intact,AT17_intact,26.429199226787826,-33.53253750443453
180,existing,AT51,Sundays Valley Thicket,ValleyThicket,2,0,intact,0,intact,AT51_intact,24.79444507274712,-33.72926855165671
181,existing,AT28,Escarpment Mesic Thicket,MesicThicket,3,0,intact,1,moderate,AT28_intact,25.61855951439837,-32.71812486785177
182,existing,AT51,Sundays Valley Thicket,ValleyThicket,2,0,intact,1,moderate,AT51_intact,25.62691384654068,-33.78451494163006
183,existing,AT21,Buffels Mesic Thicket,MesicThicket,3,0,intact,0,intact,AT21_intact,27.838386412986118,-32.93560699813711
184,existing,AT51,Sundays Valley Thicket,ValleyThicket,2,0,intact,0,intact,AT51_intact,25.207849766498924,-33.500467648791464
185,existing,AT51,Sundays Valley Thicket,ValleyThicket,2,0,intact,0,intact,AT51_intact,25.80963117533059,-33.68210699924043
186,existing,AT32,Fish Valley Thicket,ValleyThicket,2,0,intact,0,intact,AT32_intact,26.66770193472156,-33.13422450745593
187,existing,AT51,Sundays Valley Thicket,ValleyThicket,2,0,intact,0,intact,AT51_intact,25.780795254710355,-33.64437775730741
188,existing,AT51,Sundays Valley Thicket,ValleyThicket,2,0,intact,0,intact,AT51_intact,25.515612582838273,-33.67806458046189
189,existing,AT18,Albany Valley Thicket,ValleyThicket,2,0,intact,0,intact,AT18_intact,25.92820879283437,-33.380812052946744
190,existing,AT33,Gamka Arid Thicket,AridThicket,1,0,intact,0,intact,AT33_intact,21.75589362421284,-33.49723371376864
191,existing,AT32,Fish Valley Thicket,ValleyThicket,2,0,intact,1,moderate,AT32_intact,26.79301691685623,-32.566399416363986
192,existing,AT30,Fish Arid Thicket,AridThicket,1,0,intact,0,intact,AT30_intact,26.80433568943614,-33.20644905629914
193,existing,AT19,Baviaans Valley Thicket,ValleyThicket,2,0,intact,0,intact,AT19_intact,24.303695433032626,-33.79664219796567
194,existing,AT21,Buffels Mesic Thicket,MesicThicket,3,0,intact,0,intact,AT21_intact,27.903873597198434,-32.82888714238371
195,existing,AT32,Fish Valley Thicket,ValleyThicket,2,0,intact,1,moderate,AT32_intact,24.976892906951797,-32.89599129410744
196,existing,AT17,Albany Mesic Thicket,MesicThicket,3,0,intact,0,intact,AT17_intact,26.619731898549578,-33.66108642159203
197,existing,AT18,Albany Valley Thicket,ValleyThicket,2,0,intact,0,intact,AT18_intact,26.74558586985472,-33.2616954462725
198,existing,AT31,Fish Mesic Thicket,MesicThicket,3,0,intact,0,intact,AT31_intact,27.23417955288733,-33.23501548233415
199,existing,AT28,Escarpment Mesic Thicket,MesicThicket,3,0,intact,0,intact,AT28_intact,26.49468641100014,-32.735642015892104
200,existing,AT49,Sundays Arid Thicket,AridThicket,1,0,intact,0,intact,AT49_intact,25.34259705911685,-33.247412233255
201,existing,AT21,Buffels Mesic Thicket,MesicThicket,3,0,intact,0,intact,AT21_intact,28.28143551111387,-32.603589669126535
202,existing,AT51,Sundays Valley Thicket,ValleyThicket,2,0,intact,0,intact,AT51_intact,25.814751572450074,-33.46300790144368
203,existing,AT50,Sundays Mesic Thicket,MesicThicket,3,0,intact,0,intact,AT50_intact,25.451742366137374,-33.33391999511571
204,existing,,,,,0,intact,0,intact,,25.53474669839002,-32.69926024688526
205,existing,AT19,Baviaans Valley Thicket,ValleyThicket,2,0,intact,0,intact,AT19_intact,25.264982618568926,-33.58805338899312
206,existing,AT17,Albany Mesic Thicket,MesicThicket,3,0,intact,-1,,AT17_intact,26.45560969614094,-33.40021566308373
207,existing,AT51,Sundays Valley Thicket,ValleyThicket,2,0,intact,0,intact,AT51_intact,25.768398503789506,-33.46085194476179
208,existing,AT19,Baviaans Valley Thicket,ValleyThicket,2,0,intact,1,moderate,AT19_intact,25.265521607739398,-33.24579526574358
209,existing,AT49,Sundays Arid Thicket,AridThicket,1,0,intact,0,intact,AT49_intact,23.740451749889687,-33.05849652900466
210,existing,AT37,Gouritz Valley Thicket,ValleyThicket,2,0,intact,0,intact,AT37_intact,21.70172521258043,-34.09982360635601
211,existing,AT19,Baviaans Valley Thicket,ValleyThicket,2,0,intact,0,intact,AT19_intact,24.05225698500757,-33.792330284601896
212,existing,AT21,Buffels Mesic Thicket,MesicThicket,3,0,intact,0,intact,AT21_intact,27.93782991493815,-32.69413984976578
213,existing,AT31,Fish Mesic Thicket,MesicThicket,3,0,intact,0,intact,AT31_intact,27.07409976925723,-33.44549075340335
214,existing,AT17,Albany Mesic Thicket,MesicThicket,3,0,intact,0,intact,AT17_intact,26.494416916414902,-33.6217402121476
215,existing,AT29,Escarpment Valley Thicket,ValleyThicket,2,0,intact,0,intact,AT29_intact,25.058280271693025,-32.424106275359456
216,existing,AT32,Fish Valley Thicket,ValleyThicket,2,0,intact,0,intact,AT32_intact,26.76391150165076,-33.02534869502065
217,existing,AT32,Fish Valley Thicket,ValleyThicket,2,0,intact,0,intact,AT32_intact,26.647759335414104,-32.98465501265004
218,existing,AT18,Albany Valley Thicket,ValleyThicket,2,0,intact,0,intact,AT18_intact,25.965399045596918,-33.358174507786934
219,existing,AT32,Fish Valley Thicket,ValleyThicket,2,0,intact,0,intact,AT32_intact,25.752767817845825,-32.66611241290125
220,existing,AT28,Escarpment Mesic Thicket,MesicThicket,3,0,intact,1,moderate,AT28_intact,26.806761140703262,-32.574214759335824
221,existing,AT49,Sundays Arid Thicket,AridThicket,1,0,intact,1,moderate,AT49_intact,25.356071788378646,-33.02885212462871
222,existing,,,,,0,intact,0,intact,,26.04004904570725,-33.372727215389666
223,existing,AT51,Sundays Valley Thicket,ValleyThicket,2,0,intact,0,intact,AT51_intact,25.656558250916625,-33.54762920120774
224,existing,AT32,Fish Valley Thicket,ValleyThicket,2,0,intact,0,intact,AT32_intact,27.028824678937607,-33.25603605998254
225,existing,AT27,Escarpment Arid Thicket,AridThicket,1,0,intact,1,moderate,AT27_intact,25.77783081427276,-32.34837829690818
226,existing,AT19,Baviaans Valley Thicket,ValleyThicket,2,0,intact,0,intact,AT19_intact,24.63059236492372,-33.35655754027552
227,existing,AT18,Albany Valley Thicket,ValleyThicket,2,0,intact,0,intact,AT18_intact,26.234354641662303,-33.14662125837678
228,existing,AT28,Escarpment Mesic Thicket,MesicThicket,3,0,intact,0,intact,AT28_intact,25.255280813500434,-32.5394499578404
229,existing,AT32,Fish Valley Thicket,ValleyThicket,2,0,intact,0,intact,AT32_intact,26.39308695236622,-32.68982793640201
230,existing,AT27,Escarpment Arid Thicket,AridThicket,1,0,intact,0,intact,AT27_intact,25.658444713013278,-32.2688773942636
231,existing,AT50,Sundays Mesic Thicket,MesicThicket,3,0,intact,0,intact,AT50_intact,25.061514206715856,-33.90255356996336
232,existing,AT32,Fish Valley Thicket,ValleyThicket,2,1,moderate,1,moderate,AT32_moderate,25.32507991107652,-32.80921403766149
233,existing,AT33,Gamka Arid Thicket,AridThicket,1,1,moderate,1,moderate,AT33_moderate,21.76748189137798,-33.482142016995425
234,existing,AT32,Fish Valley Thicket,ValleyThicket,2,1,moderate,1,moderate,AT32_moderate,25.93871908165857,-32.43731151003601
235,existing,AT32,Fish Valley Thicket,ValleyThicket,2,1,moderate,1,moderate,AT32_moderate,25.93467666288003,-32.47477125738379
236,existing,AT18,Albany Valley Thicket,ValleyThicket,2,1,moderate,2,severe,AT18_moderate,26.72995518391104,-33.38889689050382
237,existing,AT27,Escarpment Arid Thicket,AridThicket,1,1,moderate,1,moderate,AT27_moderate,24.54354561389254,-32.10286872975831
238,existing,AT32,Fish Valley Thicket,ValleyThicket,2,1,moderate,1,moderate,AT32_moderate,26.674708793937693,-32.70572811693092
239,existing,AT49,Sundays Arid Thicket,AridThicket,1,1,moderate,1,moderate,AT49_moderate,24.14226817647635,-33.25334111413019
240,existing,AT28,Escarpment Mesic Thicket,MesicThicket,3,1,moderate,1,moderate,AT28_moderate,25.818524496643377,-32.69360086059531
241,existing,AT49,Sundays Arid Thicket,AridThicket,1,1,moderate,1,moderate,AT49_moderate,25.17631890002633,-33.54816819037821
242,existing,AT32,Fish Valley Thicket,ValleyThicket,2,1,moderate,1,moderate,AT32_moderate,25.848977384775026,-32.93587649272234
243,existing,AT49,Sundays Arid Thicket,AridThicket,1,1,moderate,1,moderate,AT49_moderate,25.31672557893421,-33.018880824974985
244,existing,AT32,Fish Valley Thicket,ValleyThicket,2,1,moderate,1,moderate,AT32_moderate,26.11954994835183,-32.412787502779544
245,existing,AT28,Escarpment Mesic Thicket,MesicThicket,3,1,moderate,2,severe,AT28_moderate,26.7860100576401,-32.52004634770342
246,existing,AT30,Fish Arid Thicket,AridThicket,1,1,moderate,1,moderate,AT30_moderate,26.640752476197974,-33.07412721494834
247,existing,AT32,Fish Valley Thicket,ValleyThicket,2,1,moderate,1,moderate,AT32_moderate,25.6075102364037,-32.40092974102917
248,existing,AT30,Fish Arid Thicket,AridThicket,1,1,moderate,1,moderate,AT30_moderate,26.38230716895679,-33.112125951466595
249,existing,AT27,Escarpment Arid Thicket,AridThicket,1,1,moderate,2,severe,AT27_moderate,24.580735866655086,-32.264834975485066
250,existing,AT32,Fish Valley Thicket,ValleyThicket,2,1,moderate,1,moderate,AT32_moderate,25.866764027400595,-32.41440447029096
251,existing,AT32,Fish Valley Thicket,ValleyThicket,2,1,moderate,1,moderate,AT32_moderate,26.507891645676697,-33.01187396575886
252,existing,AT28,Escarpment Mesic Thicket,MesicThicket,3,1,moderate,-1,,AT28_moderate,26.24405644673079,-32.398773784347284
253,existing,AT28,Escarpment Mesic Thicket,MesicThicket,3,1,moderate,2,severe,AT28_moderate,26.223574858252867,-32.47504075196903
254,existing,AT32,Fish Valley Thicket,ValleyThicket,2,1,moderate,2,severe,AT32_moderate,26.112543089135695,-32.351342737345774
255,existing,AT17,Albany Mesic Thicket,MesicThicket,3,1,moderate,1,moderate,AT17_moderate,26.58254164578703,-33.62335717965902
256,existing,AT32,Fish Valley Thicket,ValleyThicket,2,1,moderate,1,moderate,AT32_moderate,25.738754099413562,-32.655063134906584
257,existing,AT32,Fish Valley Thicket,ValleyThicket,2,1,moderate,1,moderate,AT32_moderate,25.890210056316114,-32.44728280968974
258,existing,AT37,Gouritz Valley Thicket,ValleyThicket,2,1,moderate,1,moderate,AT37_moderate,21.712504995989867,-34.1591124151079
259,existing,AT32,Fish Valley Thicket,ValleyThicket,2,1,moderate,1,moderate,AT32_moderate,26.376378288081597,-32.63107811682059
260,existing,AT17,Albany Mesic Thicket,MesicThicket,3,1,moderate,2,severe,AT17_moderate,25.909074677282625,-33.322870717121035
261,existing,AT28,Escarpment Mesic Thicket,MesicThicket,3,1,moderate,1,moderate,AT28_moderate,25.742527023606865,-32.702763676493326
262,existing,AT50,Sundays Mesic Thicket,MesicThicket,3,1,moderate,0,intact,AT50_moderate,25.404041824550628,-33.701241114792175
263,existing,AT29,Escarpment Valley Thicket,ValleyThicket,2,1,moderate,1,moderate,AT29_moderate,24.71710012678443,-32.39527035473922
264,existing,AT27,Escarpment Arid Thicket,AridThicket,1,1,moderate,2,severe,AT27_moderate,25.92551384698201,-32.241658441154776
265,existing,AT32,Fish Valley Thicket,ValleyThicket,2,1,moderate,2,severe,AT32_moderate,26.685758071932362,-32.574484253921064
266,existing,AT27,Escarpment Arid Thicket,AridThicket,1,1,moderate,2,severe,AT27_moderate,24.672633520220515,-32.26726042675219
267,existing,AT32,Fish Valley Thicket,ValleyThicket,2,1,moderate,2,severe,AT32_moderate,25.300286409234822,-32.85745356841871
268,existing,AT32,Fish Valley Thicket,ValleyThicket,2,1,moderate,1,moderate,AT32_moderate,26.85877359565378,-33.01591638453739
269,existing,AT51,Sundays Valley Thicket,ValleyThicket,2,1,moderate,0,intact,AT51_moderate,25.415899586301006,-33.608265482885805
270,existing,AT32,Fish Valley Thicket,ValleyThicket,2,1,moderate,-1,,AT32_moderate,26.097451392362487,-32.58122161855196
271,existing,AT33,Gamka Arid Thicket,AridThicket,1,1,moderate,2,severe,AT33_moderate,23.11387683921632,-33.28864490479608
272,existing,AT28,Escarpment Mesic Thicket,MesicThicket,3,1,moderate,2,severe,AT28_moderate,26.87521276535317,-32.69521782810673
273,existing,AT49,Sundays Arid Thicket,AridThicket,1,1,moderate,1,moderate,AT49_moderate,24.924880452001275,-33.24525627657311
274,existing,AT17,Albany Mesic Thicket,MesicThicket,3,1,moderate,1,moderate,AT17_moderate,26.629972692788538,-33.61931476088048
275,existing,AT32,Fish Valley Thicket,ValleyThicket,2,1,moderate,1,moderate,AT32_moderate,25.773518900908986,-32.93695447106329
276,existing,AT32,Fish Valley Thicket,ValleyThicket,2,1,moderate,1,moderate,AT32_moderate,25.340710597020202,-32.81702938063333
277,existing,AT19,Baviaans Valley Thicket,ValleyThicket,2,1,moderate,0,intact,AT19_moderate,23.966288212317334,-33.54116133116208
278,existing,,,,,1,moderate,2,severe,,26.5334936312741,-33.68803588011562
279,existing,AT51,Sundays Valley Thicket,ValleyThicket,2,1,moderate,0,intact,AT51_moderate,25.412665651278175,-33.55274959832722
280,existing,,,,,1,moderate,1,moderate,,24.79444507274712,-33.32448768463245
281,existing,AT50,Sundays Mesic Thicket,MesicThicket,3,1,moderate,1,moderate,AT50_moderate,25.280074315342134,-33.33230302760429
282,existing,AT32,Fish Valley Thicket,ValleyThicket,2,1,moderate,1,moderate,AT32_moderate,26.796789841049534,-32.92833064433574
283,existing,AT19,Baviaans Valley Thicket,ValleyThicket,2,1,moderate,1,moderate,AT19_moderate,25.216204098641235,-33.34308281101372
284,existing,AT49,Sundays Arid Thicket,AridThicket,1,1,moderate,1,moderate,AT49_moderate,24.86666962159033,-32.94584779237607
285,existing,AT32,Fish Valley Thicket,ValleyThicket,2,1,moderate,1,moderate,AT32_moderate,25.184403737583406,-32.92698317140956
286,existing,AT32,Fish Valley Thicket,ValleyThicket,2,1,moderate,1,moderate,AT32_moderate,26.781698144276326,-32.5965828099104
287,existing,AT28,Escarpment Mesic Thicket,MesicThicket,3,1,moderate,1,moderate,AT28_moderate,25.432338756000394,-32.851255192958284
288,existing,AT19,Baviaans Valley Thicket,ValleyThicket,2,1,moderate,1,moderate,AT19_moderate,23.820491641704734,-33.083290030846356
289,existing,AT19,Baviaans Valley Thicket,ValleyThicket,2,1,moderate,1,moderate,AT19_moderate,23.359925395536656,-33.20671855088438
290,existing,AT32,Fish Valley Thicket,ValleyThicket,2,1,moderate,1,moderate,AT32_moderate,26.715941465478778,-32.87577920021475
291,existing,AT19,Baviaans Valley Thicket,ValleyThicket,2,1,moderate,0,intact,AT19_moderate,23.72536005311648,-33.46058245017656
292,existing,AT32,Fish Valley Thicket,ValleyThicket,2,1,moderate,1,moderate,AT32_moderate,25.617751030642662,-32.40443317063723
293,existing,AT29,Escarpment Valley Thicket,ValleyThicket,2,1,moderate,1,moderate,AT29_moderate,24.713327202591127,-32.41440447029096
294,existing,AT18,Albany Valley Thicket,ValleyThicket,2,1,moderate,1,moderate,AT18_moderate,25.922549406544416,-33.11562938107466
295,existing,AT28,Escarpment Mesic Thicket,MesicThicket,3,1,moderate,1,moderate,AT28_moderate,25.745221969459223,-32.727557178335026
296,existing,AT32,Fish Valley Thicket,ValleyThicket,2,1,moderate,1,moderate,AT32_moderate,25.899372872214133,-32.493635878350304
297,existing,AT50,Sundays Mesic Thicket,MesicThicket,3,1,moderate,1,moderate,AT50_moderate,25.395687492408317,-33.37434418290108
298,existing,AT32,Fish Valley Thicket,ValleyThicket,2,1,moderate,1,moderate,AT32_moderate,26.597633342560236,-32.713543459902766
299,existing,AT18,Albany Valley Thicket,ValleyThicket,2,1,moderate,1,moderate,AT18_moderate,26.036545616099183,-33.15012468798485
300,existing,AT49,Sundays Arid Thicket,AridThicket,1,1,moderate,1,moderate,AT49_moderate,25.31807305186039,-33.22181024765759
301,existing,AT32,Fish Valley Thicket,ValleyThicket,2,1,moderate,1,moderate,AT32_moderate,26.68387160983571,-32.98088208845673
302,existing,AT49,Sundays Arid Thicket,AridThicket,1,1,moderate,1,moderate,AT49_moderate,23.178286045087688,-33.370301764122544
303,existing,AT32,Fish Valley Thicket,ValleyThicket,2,1,moderate,0,intact,AT32_moderate,26.717288938404955,-33.017263857463576
304,existing,AT22,Buffels Valley Thicket,ValleyThicket,2,1,moderate,-1,,AT22_moderate,27.460824499070686,-32.87631818938522
305,existing,AT32,Fish Valley Thicket,ValleyThicket,2,1,moderate,1,moderate,AT32_moderate,25.31861204103086,-32.86742486807244
306,existing,AT49,Sundays Arid Thicket,AridThicket,1,1,moderate,2,severe,AT49_moderate,24.572920523683248,-33.052028658958996
307,existing,AT49,Sundays Arid Thicket,AridThicket,1,1,moderate,2,severe,AT49_moderate,23.923977562435304,-33.23474598774891
308,existing,AT32,Fish Valley Thicket,ValleyThicket,2,1,moderate,1,moderate,AT32_moderate,26.546159876780187,-32.96228696207546
309,existing,AT27,Escarpment Arid Thicket,AridThicket,1,1,moderate,1,moderate,AT27_moderate,24.344658609988475,-32.136555552912796
310,existing,AT32,Fish Valley Thicket,ValleyThicket,2,1,moderate,1,moderate,AT32_moderate,25.307293268450955,-32.85448912798112
311,existing,AT32,Fish Valley Thicket,ValleyThicket,2,1,moderate,1,moderate,AT32_moderate,25.9562362296989,-32.59873876659229
312,existing,AT21,Buffels Mesic Thicket,MesicThicket,3,1,moderate,1,moderate,AT21_moderate,27.986338940280604,-32.77795266577413
313,existing,AT28,Escarpment Mesic Thicket,MesicThicket,3,1,moderate,1,moderate,AT28_moderate,26.344847421609003,-32.69171439849866
314,existing,AT29,Escarpment Valley Thicket,ValleyThicket,2,1,moderate,1,moderate,AT29_moderate,25.144788033553734,-32.415751943217145
315,existing,AT49,Sundays Arid Thicket,AridThicket,1,1,moderate,1,moderate,AT49_moderate,24.14334615481729,-33.201328659179666
316,existing,AT17,Albany Mesic Thicket,MesicThicket,3,1,moderate,1,moderate,AT17_moderate,25.92308839571489,-33.54089183657684
317,existing,AT30,Fish Arid Thicket,AridThicket,1,1,moderate,0,intact,AT30_moderate,26.640213487027502,-33.15255013925197
318,existing,AT28,Escarpment Mesic Thicket,MesicThicket,3,1,moderate,1,moderate,AT28_moderate,26.308196158016926,-32.593348874887575
319,existing,AT27,Escarpment Arid Thicket,AridThicket,1,1,moderate,1,moderate,AT27_moderate,24.694732076209853,-32.42383678077422
320,existing,AT17,Albany Mesic Thicket,MesicThicket,3,1,moderate,1,moderate,AT17_moderate,26.522174858694196,-33.54897667413392
321,existing,AT32,Fish Valley Thicket,ValleyThicket,2,1,moderate,1,moderate,AT32_moderate,25.40134687869827,-32.63997143813337
322,existing,AT21,Buffels Mesic Thicket,MesicThicket,3,1,moderate,1,moderate,AT21_moderate,27.91061096182933,-32.67985663674828
323,existing,AT49,Sundays Arid Thicket,AridThicket,1,1,moderate,1,moderate,AT49_moderate,24.525219982096502,-32.94126638442706
324,existing,AT49,Sundays Arid Thicket,AridThicket,1,1,moderate,1,moderate,AT49_moderate,24.56106276193287,-33.51232541054184
325,existing,AT29,Escarpment Valley Thicket,ValleyThicket,2,1,moderate,2,severe,AT29_moderate,24.98255229324175,-32.29879129322478
326,existing,AT32,Fish Valley Thicket,ValleyThicket,2,1,moderate,1,moderate,AT32_moderate,26.741543451076183,-32.853141655054934
327,existing,AT32,Fish Valley Thicket,ValleyThicket,2,1,moderate,1,moderate,AT32_moderate,25.791305543534556,-32.669076853338844
328,existing,AT49,Sundays Arid Thicket,AridThicket,1,1,moderate,1,moderate,AT49_moderate,24.100766010350025,-33.019150319560225
329,existing,AT32,Fish Valley Thicket,ValleyThicket,2,1,moderate,2,severe,AT32_moderate,25.8209499479105,-32.55642811671026
330,existing,,,,,1,moderate,1,moderate,,25.13670319599666,-33.54035284740637
331,existing,AT30,Fish Arid Thicket,AridThicket,1,1,moderate,0,intact,AT30_moderate,26.80217973275425,-33.142578839598244
332,existing,AT28,Escarpment Mesic Thicket,MesicThicket,3,1,moderate,2,severe,AT28_moderate,26.982741104862274,-32.66287847787842
333,existing,AT28,Escarpment Mesic Thicket,MesicThicket,3,1,moderate,1,moderate,AT28_moderate,26.612455544748208,-32.74291836969347
334,existing,AT32,Fish Valley Thicket,ValleyThicket,2,1,moderate,1,moderate,AT32_moderate,26.65853911882354,-32.87173678143621
335,existing,AT32,Fish Valley Thicket,ValleyThicket,2,1,moderate,2,severe,AT32_moderate,25.85275030896833,-32.45428966890587
336,existing,,,,,1,moderate,1,moderate,,25.82930428005281,-33.000555193178954
337,existing,AT32,Fish Valley Thicket,ValleyThicket,2,1,moderate,2,severe,AT32_moderate,25.304867817183833,-32.94557829779084
338,existing,AT19,Baviaans Valley Thicket,ValleyThicket,2,1,moderate,1,moderate,AT19_moderate,24.10373045078762,-33.81820176478454
339,existing,AT34,Gamka Valley Thicket,ValleyThicket,2,1,moderate,1,moderate,AT34_moderate,22.18196456347073,-33.51609833473514
340,existing,AT29,Escarpment Valley Thicket,ValleyThicket,2,1,moderate,1,moderate,AT29_moderate,25.01489164347005,-32.34649183481152
341,existing,AT29,Escarpment Valley Thicket,ValleyThicket,2,1,moderate,1,moderate,AT29_moderate,24.89469705845486,-32.40443317063723
342,existing,AT18,Albany Valley Thicket,ValleyThicket,2,1,moderate,2,severe,AT18_moderate,26.626738757765708,-33.41476837068646
343,existing,AT49,Sundays Arid Thicket,AridThicket,1,1,moderate,2,severe,AT49_moderate,24.119630631316536,-33.06092198027178
344,existing,AT32,Fish Valley Thicket,ValleyThicket,2,1,moderate,-1,,AT32_moderate,25.703450308747666,-32.94557829779084
345,existing,AT19,Baviaans Valley Thicket,ValleyThicket,2,1,moderate,2,severe,AT19_moderate,23.815910233755726,-33.517176313076085
346,existing,AT32,Fish Valley Thicket,ValleyThicket,2,1,moderate,2,severe,AT32_moderate,25.7961564460688,-32.58822847776809
347,existing,AT50,Sundays Mesic Thicket,MesicThicket,3,1,moderate,1,moderate,AT50_moderate,25.017317094737173,-33.88072450855926
348,existing,AT51,Sundays Valley Thicket,ValleyThicket,2,1,moderate,0,intact,AT51_moderate,24.641372148333154,-33.7360059162876
349,existing,AT27,Escarpment Arid Thicket,AridThicket,1,1,moderate,2,severe,AT27_moderate,24.52656745502268,-32.074032809138075
350,existing,AT19,Baviaans Valley Thicket,ValleyThicket,2,1,moderate,1,moderate,AT19_moderate,24.192394169330218,-33.659738948665854
351,existing,AT50,Sundays Mesic Thicket,MesicThicket,3,1,moderate,1,moderate,AT50_moderate,25.797773413580213,-33.57592613265751
352,existing,AT28,Escarpment Mesic Thicket,MesicThicket,3,1,moderate,1,moderate,AT28_moderate,25.703450308747666,-32.713273965317526
353,existing,AT32,Fish Valley Thicket,ValleyThicket,2,1,moderate,1,moderate,AT32_moderate,25.67434489354219,-32.578796167284835
354,existing,AT32,Fish Valley Thicket,ValleyThicket,2,1,moderate,1,moderate,AT32_moderate,26.783045617202507,-33.068737323243624
355,existing,AT49,Sundays Arid Thicket,AridThicket,1,1,moderate,1,moderate,AT49_moderate,24.411762761712204,-33.292148334404146
356,existing,AT28,Escarpment Mesic Thicket,MesicThicket,3,1,moderate,1,moderate,AT28_moderate,26.921835328598974,-32.771215301143236
357,existing,AT17,Albany Mesic Thicket,MesicThicket,3,1,moderate,1,moderate,AT17_moderate,26.620001393134814,-33.558678479202406
358,existing,AT32,Fish Valley Thicket,ValleyThicket,2,1,moderate,2,severe,AT32_moderate,26.243517457560323,-32.54834327915319
359,existing,AT19,Baviaans Valley Thicket,ValleyThicket,2,1,moderate,1,moderate,AT19_moderate,24.27485951241239,-33.203215121276315
360,existing,AT27,Escarpment Arid Thicket,AridThicket,1,1,moderate,1,moderate,AT27_moderate,25.461444171205866,-32.00612017365864
361,existing,AT51,Sundays Valley Thicket,ValleyThicket,2,1,moderate,1,moderate,AT51_moderate,25.645508972921956,-33.60799598830057
362,existing,AT32,Fish Valley Thicket,ValleyThicket,2,1,moderate,1,moderate,AT32_moderate,25.622062944006437,-32.44943876637162
363,existing,AT32,Fish Valley Thicket,ValleyThicket,2,1,moderate,2,severe,AT32_moderate,26.04463045365626,-32.500103748395965
364,existing,AT28,Escarpment Mesic Thicket,MesicThicket,3,1,moderate,1,moderate,AT28_moderate,25.357958250475296,-32.63889345979243
365,existing,AT49,Sundays Arid Thicket,AridThicket,1,1,moderate,1,moderate,AT49_moderate,24.496114566891027,-32.975761691337254
366,existing,,,,,1,moderate,1,moderate,,25.050195434135947,-33.89905014035529
367,existing,AT32,Fish Valley Thicket,ValleyThicket,2,1,moderate,1,moderate,AT32_moderate,25.78834110309696,-32.72081981370413
368,existing,AT19,Baviaans Valley Thicket,ValleyThicket,2,1,moderate,1,moderate,AT19_moderate,24.150353014033424,-33.19728624040113
369,existing,AT49,Sundays Arid Thicket,AridThicket,1,1,moderate,1,moderate,AT49_moderate,24.74378009072278,-33.060113496516074
370,existing,AT22,Buffels Valley Thicket,ValleyThicket,2,1,moderate,0,intact,AT22_moderate,27.170848325356904,-32.655063134906584
371,existing,AT29,Escarpment Valley Thicket,ValleyThicket,2,1,moderate,1,moderate,AT29_moderate,25.07795337641524,-32.392844903472096
372,existing,AT19,Baviaans Valley Thicket,ValleyThicket,2,1,moderate,1,moderate,AT19_moderate,23.950657526373654,-33.124522702387445
373,existing,AT34,Gamka Valley Thicket,ValleyThicket,2,1,moderate,1,moderate,AT34_moderate,22.114860411747,-33.525530645218396
374,existing,AT32,Fish Valley Thicket,ValleyThicket,2,1,moderate,1,moderate,AT32_moderate,26.72025337884255,-32.64670880276427
375,existing,AT51,Sundays Valley Thicket,ValleyThicket,2,1,moderate,0,intact,AT51_moderate,25.513726120741623,-33.53873587989496
376,existing,AT27,Escarpment Arid Thicket,AridThicket,1,1,moderate,1,moderate,AT27_moderate,24.395593086598055,-32.549421257494124
377,existing,AT32,Fish Valley Thicket,ValleyThicket,2,1,moderate,1,moderate,AT32_moderate,26.707048144165995,-33.04663876725428
378,existing,AT32,Fish Valley Thicket,ValleyThicket,2,1,moderate,2,severe,AT32_moderate,24.894427563869623,-32.932642557699516
379,existing,AT49,Sundays Arid Thicket,AridThicket,1,1,moderate,0,intact,AT49_moderate,25.38975861153313,-33.19701674581589
380,existing,AT17,Albany Mesic Thicket,MesicThicket,3,1,moderate,1,moderate,AT17_moderate,26.13760608556263,-33.594251764453546
381,existing,AT28,Escarpment Mesic Thicket,MesicThicket,3,1,moderate,2,severe,AT28_moderate,25.61209164435271,-32.63296457891724
382,existing,AT49,Sundays Arid Thicket,AridThicket,1,1,moderate,1,moderate,AT49_moderate,25.20057341269756,-33.029391113799186
383,existing,AT19,Baviaans Valley Thicket,ValleyThicket,2,1,moderate,1,moderate,AT19_moderate,24.35031799627843,-33.64599472481883
384,existing,AT32,Fish Valley Thicket,ValleyThicket,2,1,moderate,1,moderate,AT32_moderate,26.743699407758072,-33.02211475999782
385,existing,AT31,Fish Mesic Thicket,MesicThicket,3,1,moderate,1,moderate,AT31_moderate,27.25088821717195,-33.2625039300282
386,existing,AT27,Escarpment Arid Thicket,AridThicket,1,1,moderate,1,moderate,AT27_moderate,24.640563664577446,-32.256211148757515
387,existing,AT28,Escarpment Mesic Thicket,MesicThicket,3,1,moderate,2,severe,AT28_moderate,26.119280453766592,-32.613830463365495
388,existing,AT32,Fish Valley Thicket,ValleyThicket,2,1,moderate,1,moderate,AT32_moderate,25.881855724173803,-32.43246060750177
389,existing,AT18,Albany Valley Thicket,ValleyThicket,2,1,moderate,1,moderate,AT18_moderate,26.8250867724993,-33.25819201666443
390,existing,AT32,Fish Valley Thicket,ValleyThicket,2,1,moderate,1,moderate,AT32_moderate,26.98112413735086,-33.25630555456778
391,existing,AT32,Fish Valley Thicket,ValleyThicket,2,1,moderate,1,moderate,AT32_moderate,25.79858189733592,-32.62110681716686
392,existing,AT49,Sundays Arid Thicket,AridThicket,1,1,moderate,2,severe,AT49_moderate,24.62169904361094,-32.934259525210926
393,existing,AT49,Sundays Arid Thicket,AridThicket,1,1,moderate,1,moderate,AT49_moderate,24.1764939888013,-33.13718894789353
394,existing,AT27,Escarpment Arid Thicket,AridThicket,1,1,moderate,1,moderate,AT27_moderate,24.71521366468778,-32.30445067951473
395,existing,AT30,Fish Arid Thicket,AridThicket,1,1,moderate,1,moderate,AT30_moderate,26.66635446179538,-33.16764183602518
396,existing,AT32,Fish Valley Thicket,ValleyThicket,2,1,moderate,1,moderate,AT32_moderate,25.75977467706196,-32.570441835142525
397,existing,AT32,Fish Valley Thicket,ValleyThicket,2,1,moderate,1,moderate,AT32_moderate,26.391469984854805,-33.038014940526736
398,existing,AT28,Escarpment Mesic Thicket,MesicThicket,3,1,moderate,2,severe,AT28_moderate,25.75061186116394,-32.70195519273762
399,existing,AT28,Escarpment Mesic Thicket,MesicThicket,3,1,moderate,0,intact,AT28_moderate,26.09718189777725,-32.663417467048895
400,existing,AT32,Fish Valley Thicket,ValleyThicket,2,1,moderate,1,moderate,AT32_moderate,25.772440922568045,-32.93614598730758
401,existing,AT19,Baviaans Valley Thicket,ValleyThicket,2,1,moderate,1,moderate,AT19_moderate,23.791386226499263,-33.53253750443453
402,existing,AT32,Fish Valley Thicket,ValleyThicket,2,1,moderate,1,moderate,AT32_moderate,25.327505362343643,-32.79627829757017
403,existing,AT49,Sundays Arid Thicket,AridThicket,1,1,moderate,1,moderate,AT49_moderate,24.740276661114713,-33.021306276242115
404,existing,AT19,Baviaans Valley Thicket,ValleyThicket,2,1,moderate,1,moderate,AT19_moderate,24.450569981986167,-33.68345447216661
405,existing,AT27,Escarpment Arid Thicket,AridThicket,1,1,moderate,2,severe,AT27_moderate,25.679465290661675,-32.27588425347973
406,existing,AT32,Fish Valley Thicket,ValleyThicket,2,1,moderate,1,moderate,AT32_moderate,26.377186771837305,-32.65155970529852
407,existing,AT32,Fish Valley Thicket,ValleyThicket,2,1,moderate,1,moderate,AT32_moderate,26.69572937158609,-32.93722396564853
408,existing,AT32,Fish Valley Thicket,ValleyThicket,2,1,moderate,1,moderate,AT32_moderate,26.684141104420945,-32.59631331532517
409,existing,AT30,Fish Arid Thicket,AridThicket,1,1,moderate,1,moderate,AT30_moderate,26.337032078637165,-33.097573243863856
410,existing,AT49,Sundays Arid Thicket,AridThicket,1,1,moderate,1,moderate,AT49_moderate,24.286178284992296,-33.28945338855179
411,existing,AT29,Escarpment Valley Thicket,ValleyThicket,2,1,moderate,1,moderate,AT29_moderate,24.966382618127597,-32.40173822478488
412,existing,AT49,Sundays Arid Thicket,AridThicket,1,1,moderate,2,severe,AT49_moderate,24.713596697176364,-32.89841674537456
413,existing,AT32,Fish Valley Thicket,ValleyThicket,2,1,moderate,2,severe,AT32_moderate,25.207849766498924,-32.537294001158514
414,existing,AT33,Gamka Arid Thicket,AridThicket,1,1,moderate,2,severe,AT33_moderate,22.186545971419736,-33.15713154720098
415,existing,AT49,Sundays Arid Thicket,AridThicket,1,1,moderate,1,moderate,AT49_moderate,24.59798352011018,-32.8814385865047
416,existing,AT32,Fish Valley Thicket,ValleyThicket,2,1,moderate,1,moderate,AT32_moderate,25.702641824991957,-32.48016114908851
417,existing,AT19,Baviaans Valley Thicket,ValleyThicket,2,1,moderate,1,moderate,AT19_moderate,23.808094890783885,-33.448994183011415
418,existing,AT49,Sundays Arid Thicket,AridThicket,1,1,moderate,2,severe,AT49_moderate,24.038512761160543,-33.01402992244074
419,existing,AT28,Escarpment Mesic Thicket,MesicThicket,3,1,moderate,2,severe,AT28_moderate,26.769301393355477,-32.605476131223185
420,existing,AT37,Gouritz Valley Thicket,ValleyThicket,2,1,moderate,2,severe,AT37_moderate,21.730830627785906,-34.02625158458662
421,existing,AT51,Sundays Valley Thicket,ValleyThicket,2,1,moderate,1,moderate,AT51_moderate,25.39811294367544,-33.5788905730951
422,existing,AT17,Albany Mesic Thicket,MesicThicket,3,1,moderate,-1,,AT17_moderate,26.6650069888692,-33.5721532084642
423,existing,AT51,Sundays Valley Thicket,ValleyThicket,2,1,moderate,1,moderate,AT51_moderate,24.587473231285983,-33.781819995777695
424,existing,AT28,Escarpment Mesic Thicket,MesicThicket,3,1,moderate,1,moderate,AT28_moderate,26.60383171802066,-32.56586042719351
425,existing,AT28,Escarpment Mesic Thicket,MesicThicket,3,1,moderate,1,moderate,AT28_moderate,26.536458071711696,-32.667459885827434
426,existing,AT32,Fish Valley Thicket,ValleyThicket,2,1,moderate,1,moderate,AT32_moderate,26.641560959953683,-32.68982793640201
427,existing,AT32,Fish Valley Thicket,ValleyThicket,2,1,moderate,1,moderate,AT32_moderate,25.22051601200501,-32.971719272558715
428,existing,AT49,Sundays Arid Thicket,AridThicket,1,1,moderate,1,moderate,AT49_moderate,24.77611944095108,-32.77444923616607
429,existing,AT49,Sundays Arid Thicket,AridThicket,1,1,moderate,2,severe,AT49_moderate,23.218171243702596,-33.36383389407688
430,existing,AT32,Fish Valley Thicket,ValleyThicket,2,1,moderate,1,moderate,AT32_moderate,25.64254453248436,-32.53837197949946
431,existing,AT51,Sundays Valley Thicket,ValleyThicket,2,1,moderate,0,intact,AT51_moderate,24.657002834276835,-33.76996223402732
432,existing,AT28,Escarpment Mesic Thicket,MesicThicket,3,1,moderate,2,severe,AT28_moderate,26.722139840939203,-32.762860969000926
433,existing,AT18,Albany Valley Thicket,ValleyThicket,2,1,moderate,1,moderate,AT18_moderate,26.26507702437919,-33.275439670119525
434,existing,AT18,Albany Valley Thicket,ValleyThicket,2,1,moderate,1,moderate,AT18_moderate,25.642275037899125,-33.2406748686241
435,existing,AT34,Gamka Valley Thicket,ValleyThicket,2,1,moderate,0,intact,AT34_moderate,22.054763119239404,-33.51421187263849
436,existing,AT18,Albany Valley Thicket,ValleyThicket,2,1,moderate,1,moderate,AT18_moderate,26.34188298117141,-33.50720501342236
437,existing,AT28,Escarpment Mesic Thicket,MesicThicket,3,1,moderate,2,severe,AT28_moderate,25.646856445848133,-32.690097430987244
438,existing,AT49,Sundays Arid Thicket,AridThicket,1,1,moderate,1,moderate,AT49_moderate,24.596366552598766,-33.504779562155235
439,existing,AT19,Baviaans Valley Thicket,ValleyThicket,2,1,moderate,1,moderate,AT19_moderate,24.978779369048446,-33.24983768452212
440,existing,AT21,Buffels Mesic Thicket,MesicThicket,3,1,moderate,-1,,AT21_moderate,27.965587857217443,-32.88521151069801
441,existing,AT28,Escarpment Mesic Thicket,MesicThicket,3,1,moderate,1,moderate,AT28_moderate,26.58254164578703,-32.61032703375743
442,existing,AT19,Baviaans Valley Thicket,ValleyThicket,2,1,moderate,0,intact,AT19_moderate,25.347717456236335,-33.60799598830057
443,existing,AT51,Sundays Valley Thicket,ValleyThicket,2,1,moderate,0,intact,AT51_moderate,24.850230451890944,-33.731963497509064
444,existing,AT32,Fish Valley Thicket,ValleyThicket,2,1,moderate,1,moderate,AT32_moderate,25.838197601365593,-32.96363443500164
445,existing,AT27,Escarpment Arid Thicket,AridThicket,1,1,moderate,2,severe,AT27_moderate,23.78761330230596,-32.98115158304197
446,existing,AT49,Sundays Arid Thicket,AridThicket,1,1,moderate,1,moderate,AT49_moderate,25.02405445936807,-32.86850284641338
447,existing,AT32,Fish Valley Thicket,ValleyThicket,2,1,moderate,2,severe,AT32_moderate,25.29678297962676,-32.884403026942294
448,existing,AT49,Sundays Arid Thicket,AridThicket,1,1,moderate,1,moderate,AT49_moderate,24.907902293131418,-32.843439849986446
449,existing,AT32,Fish Valley Thicket,ValleyThicket,2,1,moderate,1,moderate,AT32_moderate,26.043821969900552,-32.417638405313795
450,existing,AT32,Fish Valley Thicket,ValleyThicket,2,1,moderate,1,moderate,AT32_moderate,26.235971609173717,-32.591192918205685
451,existing,AT33,Gamka Arid Thicket,AridThicket,1,1,moderate,1,moderate,AT33_moderate,21.761822505088027,-33.488340392455854
452,existing,AT32,Fish Valley Thicket,ValleyThicket,2,1,moderate,2,severe,AT32_moderate,24.96368767227524,-32.9167423771706
453,existing,AT17,Albany Mesic Thicket,MesicThicket,3,1,moderate,-1,,AT17_moderate,26.60140626675354,-33.32125374960962
454,existing,AT27,Escarpment Arid Thicket,AridThicket,1,1,moderate,1,moderate,AT27_moderate,25.641466554143417,-32.297174325713364
455,existing,AT30,Fish Arid Thicket,AridThicket,1,1,moderate,1,moderate,AT30_moderate,26.536727566296932,-33.18300302738363
456,existing,AT30,Fish Arid Thicket,AridThicket,1,1,moderate,1,moderate,AT30_moderate,26.514359515722358,-33.17869111401985
457,existing,AT28,Escarpment Mesic Thicket,MesicThicket,3,1,moderate,1,moderate,AT28_moderate,26.338110056978106,-32.69521782810673
458,existing,AT32,Fish Valley Thicket,ValleyThicket,2,1,moderate,1,moderate,AT32_moderate,26.258878648918763,-33.002441655275604
459,existing,AT31,Fish Mesic Thicket,MesicThicket,3,1,moderate,1,moderate,AT31_moderate,27.222860780307425,-33.234476493163676
460,existing,AT32,Fish Valley Thicket,ValleyThicket,2,1,moderate,1,moderate,AT32_moderate,25.753576301601534,-32.53594652823234
461,existing,AT32,Fish Valley Thicket,ValleyThicket,2,1,moderate,1,moderate,AT32_moderate,25.181169802560575,-32.51492595058394
462,existing,AT19,Baviaans Valley Thicket,ValleyThicket,2,1,moderate,1,moderate,AT19_moderate,23.46907070255718,-33.23555447150462
463,existing,AT32,Fish Valley Thicket,ValleyThicket,2,1,moderate,1,moderate,AT32_moderate,26.50250175397198,-32.971449777973476
464,existing,AT32,Fish Valley Thicket,ValleyThicket,2,1,moderate,1,moderate,AT32_moderate,26.712168541285475,-33.099729200545745
465,existing,AT32,Fish Valley Thicket,ValleyThicket,2,1,moderate,1,moderate,AT32_moderate,25.916081536498755,-32.3793701742103
466,existing,AT29,Escarpment Valley Thicket,ValleyThicket,2,1,moderate,1,moderate,AT29_moderate,24.523603014585085,-32.26240952421794
467,existing,AT27,Escarpment Arid Thicket,AridThicket,1,1,moderate,1,moderate,AT27_moderate,25.456862763256858,-32.06055807987628
468,existing,AT27,Escarpment Arid Thicket,AridThicket,1,1,moderate,1,moderate,AT27_moderate,23.754195973736714,-32.92563569848338
469,existing,AT28,Escarpment Mesic Thicket,MesicThicket,3,1,moderate,-1,,AT28_moderate,26.938005003713123,-32.73133010252833
470,existing,AT22,Buffels Valley Thicket,ValleyThicket,2,1,moderate,2,severe,AT22_moderate,27.368387856334785,-32.876048694799984
471,existing,AT27,Escarpment Arid Thicket,AridThicket,1,1,moderate,1,moderate,AT27_moderate,24.643797599600276,-32.14005898252086
472,existing,AT49,Sundays Arid Thicket,AridThicket,1,1,moderate,2,severe,AT49_moderate,25.265252113154162,-32.90192017498263
473,existing,AT32,Fish Valley Thicket,ValleyThicket,2,1,moderate,1,moderate,AT32_moderate,26.494416916414902,-33.0843680091873
474,existing,AT19,Baviaans Valley Thicket,ValleyThicket,2,1,moderate,1,moderate,AT19_moderate,23.609207886879823,-33.71202089820161
475,existing,AT51,Sundays Valley Thicket,ValleyThicket,2,1,moderate,1,moderate,AT51_moderate,25.713152113816157,-33.660547432421566
476,existing,AT27,Escarpment Arid Thicket,AridThicket,1,1,moderate,1,moderate,AT27_moderate,25.666260055985116,-32.3402934593511
477,existing,AT49,Sundays Arid Thicket,AridThicket,1,1,moderate,1,moderate,AT49_moderate,25.299747420064353,-33.48375898450684
478,existing,AT33,Gamka Arid Thicket,AridThicket,1,1,moderate,1,moderate,AT33_moderate,21.609288569844534,-33.4797165657283
479,existing,AT28,Escarpment Mesic Thicket,MesicThicket,3,1,moderate,1,moderate,AT28_moderate,26.38149868520108,-32.61302197960979
480,existing,AT19,Baviaans Valley Thicket,ValleyThicket,2,1,moderate,1,moderate,AT19_moderate,25.050464928721183,-33.320984255024385
481,existing,AT32,Fish Valley Thicket,ValleyThicket,2,1,moderate,2,severe,AT32_moderate,25.789419081437902,-33.0054060957132
482,existing,AT22,Buffels Valley Thicket,ValleyThicket,2,1,moderate,-1,,AT22_moderate,27.159529552777,-32.65209869446899
483,existing,AT49,Sundays Arid Thicket,AridThicket,1,1,moderate,2,severe,AT49_moderate,24.773424495098723,-32.85017721461734
484,existing,AT32,Fish Valley Thicket,ValleyThicket,2,1,moderate,1,moderate,AT32_moderate,25.311874676399967,-32.81136999434338
485,existing,AT34,Gamka Valley Thicket,ValleyThicket,2,1,moderate,1,moderate,AT34_moderate,22.18519849849356,-33.53119003150835
486,existing,AT32,Fish Valley Thicket,ValleyThicket,2,1,moderate,0,intact,AT32_moderate,26.07508334178791,-32.394731365568745
487,existing,AT19,Baviaans Valley Thicket,ValleyThicket,2,1,moderate,1,moderate,AT19_moderate,24.121247598827953,-33.59667721572067
488,existing,AT49,Sundays Arid Thicket,AridThicket,1,1,moderate,2,severe,AT49_moderate,25.177935867537744,-32.98869743142857
489,existing,AT17,Albany Mesic Thicket,MesicThicket,3,1,moderate,2,severe,AT17_moderate,26.60140626675354,-33.6217402121476
490,existing,AT49,Sundays Arid Thicket,AridThicket,1,1,moderate,2,severe,AT49_moderate,23.973295071533467,-33.244717287402636
491,existing,AT28,Escarpment Mesic Thicket,MesicThicket,3,1,moderate,-1,,AT28_moderate,26.929920166156048,-32.760435517733804
492,existing,AT28,Escarpment Mesic Thicket,MesicThicket,3,1,moderate,1,moderate,AT28_moderate,26.56421601399099,-32.58768948859762
493,existing,AT50,Sundays Mesic Thicket,MesicThicket,3,1,moderate,1,moderate,AT50_moderate,25.522080452883934,-33.385123966310516
494,existing,AT17,Albany Mesic Thicket,MesicThicket,3,1,moderate,1,moderate,AT17_moderate,26.719444895086845,-33.34523876769561
495,existing,AT51,Sundays Valley Thicket,ValleyThicket,2,1,moderate,1,moderate,AT51_moderate,24.90628532562,-33.39428678220854
496,existing,AT30,Fish Arid Thicket,AridThicket,1,1,moderate,1,moderate,AT30_moderate,26.3410744974157,-33.080864579579234
497,existing,AT34,Gamka Valley Thicket,ValleyThicket,2,1,moderate,1,moderate,AT34_moderate,22.03239506866483,-33.50127613254717
498,existing,AT27,Escarpment Arid Thicket,AridThicket,1,1,moderate,2,severe,AT27_moderate,24.228236949166586,-32.32412378423695
499,existing,AT32,Fish Valley Thicket,ValleyThicket,2,1,moderate,1,moderate,AT32_moderate,25.932520706198144,-32.814064940195735
500,existing,AT49,Sundays Arid Thicket,AridThicket,1,1,moderate,1,moderate,AT49_moderate,24.60445139015584,-32.87308425436239
501,existing,AT51,Sundays Valley Thicket,ValleyThicket,2,1,moderate,0,intact,AT51_moderate,25.41616908088624,-33.556522522520524
502,existing,AT49,Sundays Arid Thicket,AridThicket,1,1,moderate,1,moderate,AT49_moderate,24.01857016185309,-33.06415591529461
503,existing,AT49,Sundays Arid Thicket,AridThicket,1,1,moderate,1,moderate,AT49_moderate,24.945901029649672,-33.20213714293537
504,existing,AT17,Albany Mesic Thicket,MesicThicket,3,1,moderate,0,intact,AT17_moderate,26.411951573332733,-33.5683802842709
505,existing,AT51,Sundays Valley Thicket,ValleyThicket,2,1,moderate,1,moderate,AT51_moderate,25.331278286536946,-33.56406837090713
506,existing,AT49,Sundays Arid Thicket,AridThicket,1,1,moderate,1,moderate,AT49_moderate,24.55890680525098,-32.89221836991413
507,existing,AT34,Gamka Valley Thicket,ValleyThicket,2,2,severe,2,severe,AT34_severe,22.276826657473748,-33.52445266687746
508,existing,AT49,Sundays Arid Thicket,AridThicket,1,2,severe,2,severe,AT49_severe,23.63427088330676,-33.12560068072839
509,existing,AT49,Sundays Arid Thicket,AridThicket,1,2,severe,2,severe,AT49_severe,23.479042002210907,-33.11104797312565
510,existing,,,,,2,severe,2,severe,,25.71611655425375,-33.23474598774891
511,existing,,,,,2,severe,2,severe,,24.28402232831041,-33.15901800929763
512,existing,AT37,Gouritz Valley Thicket,ValleyThicket,2,2,severe,2,severe,AT37_severe,21.783651566492132,-34.038378840922235
513,existing,AT49,Sundays Arid Thicket,AridThicket,1,2,severe,2,severe,AT49_severe,24.872867997050754,-33.02615717877636
514,existing,AT49,Sundays Arid Thicket,AridThicket,1,2,severe,2,severe,AT49_severe,24.866939116175566,-33.20348461586155
515,existing,AT49,Sundays Arid Thicket,AridThicket,1,2,severe,2,severe,AT49_severe,24.701738935425986,-33.095147792596734
516,existing,AT49,Sundays Arid Thicket,AridThicket,1,2,severe,2,severe,AT49_severe,24.98309128241222,-33.11374291897801
517,existing,AT49,Sundays Arid Thicket,AridThicket,1,2,severe,2,severe,AT49_severe,24.482909332214472,-32.87901313523758
518,existing,AT33,Gamka Arid Thicket,AridThicket,1,2,severe,2,severe,AT33_severe,22.135072505639688,-33.215342377611925
519,existing,AT49,Sundays Arid Thicket,AridThicket,1,2,severe,2,severe,AT49_severe,24.932426300387878,-33.198903207912544
520,existing,AT27,Escarpment Arid Thicket,AridThicket,1,2,severe,2,severe,AT27_severe,24.653499404668768,-32.113918007752986
521,existing,AT49,Sundays Arid Thicket,AridThicket,1,2,severe,2,severe,AT49_severe,24.36217575802881,-33.45842649349467
522,existing,AT49,Sundays Arid Thicket,AridThicket,1,2,severe,1,moderate,AT49_severe,25.401077384113034,-33.03046909214013
523,existing,AT49,Sundays Arid Thicket,AridThicket,1,2,severe,2,severe,AT49_severe,24.89065463967632,-33.52526115063316
524,existing,AT32,Fish Valley Thicket,ValleyThicket,2,2,severe,2,severe,AT32_severe,25.24126709506817,-32.554002665443136
525,existing,AT49,Sundays Arid Thicket,AridThicket,1,2,severe,2,severe,AT49_severe,23.736409331111147,-33.05095068061806
526,existing,AT19,Baviaans Valley Thicket,ValleyThicket,2,2,severe,1,moderate,AT19_severe,25.134277744729538,-33.573231186805145
527,existing,AT32,Fish Valley Thicket,ValleyThicket,2,2,severe,2,severe,AT32_severe,25.286542185387795,-32.957436059541216
528,existing,AT18,Albany Valley Thicket,ValleyThicket,2,2,severe,2,severe,AT18_severe,26.05972215042947,-33.37434418290108
529,existing,AT49,Sundays Arid Thicket,AridThicket,1,2,severe,2,severe,AT49_severe,24.41203225629744,-33.04340483223145
530,existing,AT49,Sundays Arid Thicket,AridThicket,1,2,severe,1,moderate,AT49_severe,25.106519802450244,-33.56730230592996
531,existing,AT49,Sundays Arid Thicket,AridThicket,1,2,severe,2,severe,AT49_severe,24.67937088485141,-33.508821980933774
532,existing,AT51,Sundays Valley Thicket,ValleyThicket,2,2,severe,2,severe,AT51_severe,25.31672557893421,-33.58131602436222
533,existing,AT18,Albany Valley Thicket,ValleyThicket,2,2,severe,1,moderate,AT18_severe,26.178299767933243,-33.15524508510433
534,existing,AT49,Sundays Arid Thicket,AridThicket,1,2,severe,2,severe,AT49_severe,25.377631355197515,-32.98761945308763
535,existing,AT32,Fish Valley Thicket,ValleyThicket,2,2,severe,2,severe,AT32_severe,26.568527927354765,-32.98761945308763
536,existing,AT49,Sundays Arid Thicket,AridThicket,1,2,severe,2,severe,AT49_severe,24.793636588991415,-32.75127270183578
537,existing,AT49,Sundays Arid Thicket,AridThicket,1,2,severe,2,severe,AT49_severe,25.127001390928168,-33.008909525321265
538,existing,AT32,Fish Valley Thicket,ValleyThicket,2,2,severe,2,severe,AT32_severe,25.93198171702767,-32.5852640373305
539,existing,AT51,Sundays Valley Thicket,ValleyThicket,2,2,severe,1,moderate,AT51_severe,24.536808249261643,-33.67968154797331
540,existing,AT30,Fish Arid Thicket,AridThicket,1,2,severe,2,severe,AT30_severe,26.36910193428023,-33.126409164484095
541,existing,AT49,Sundays Arid Thicket,AridThicket,1,2,severe,2,severe,AT49_severe,25.10274687825694,-33.02157577082735
542,existing,AT29,Escarpment Valley Thicket,ValleyThicket,2,2,severe,2,severe,AT29_severe,25.10139940533076,-32.49040194332748
543,existing,AT49,Sundays Arid Thicket,AridThicket,1,2,severe,2,severe,AT49_severe,25.195992004748547,-32.824575229019935
544,existing,AT32,Fish Valley Thicket,ValleyThicket,2,2,severe,2,severe,AT32_severe,25.342058069946383,-32.91620338800013
545,existing,AT27,Escarpment Arid Thicket,AridThicket,1,2,severe,2,severe,AT27_severe,24.362984241784513,-32.5461873224713
546,existing,AT49,Sundays Arid Thicket,AridThicket,1,2,severe,2,severe,AT49_severe,24.977162401537033,-32.85556710632206
547,existing,AT49,Sundays Arid Thicket,AridThicket,1,2,severe,2,severe,AT49_severe,24.18457882635838,-33.14608226920631
548,existing,AT49,Sundays Arid Thicket,AridThicket,1,2,severe,2,severe,AT49_severe,25.070677022613875,-33.484028479092075
549,existing,AT49,Sundays Arid Thicket,AridThicket,1,2,severe,2,severe,AT49_severe,25.190063123873358,-33.215342377611925
550,existing,AT49,Sundays Arid Thicket,AridThicket,1,2,severe,2,severe,AT49_severe,25.10732828620595,-33.17545717899702
551,existing,AT32,Fish Valley Thicket,ValleyThicket,2,2,severe,2,severe,AT32_severe,25.886167637537575,-32.52786169067526
552,existing,AT49,Sundays Arid Thicket,AridThicket,1,2,severe,2,severe,AT49_severe,24.599869982206833,-33.479986060313536
553,existing,AT49,Sundays Arid Thicket,AridThicket,1,2,severe,2,severe,AT49_severe,25.27198947778506,-33.135032991211645
554,existing,AT18,Albany Valley Thicket,ValleyThicket,2,2,severe,1,moderate,AT18_severe,25.683777204025446,-33.2406748686241
555,existing,AT49,Sundays Arid Thicket,AridThicket,1,2,severe,2,severe,AT49_severe,24.195897598938284,-33.080864579579234
556,existing,AT28,Escarpment Mesic Thicket,MesicThicket,3,2,severe,2,severe,AT28_severe,26.640482981612738,-32.7175858786813
557,existing,AT49,Sundays Arid Thicket,AridThicket,1,2,severe,2,severe,AT49_severe,25.16904254622496,-33.004867106542726
558,existing,AT49,Sundays Arid Thicket,AridThicket,1,2,severe,2,severe,AT49_severe,23.97302557694823,-33.18596746782122
559,existing,AT49,Sundays Arid Thicket,AridThicket,1,2,severe,2,severe,AT49_severe,24.18134489133555,-32.80059021093395
560,existing,AT49,Sundays Arid Thicket,AridThicket,1,2,severe,2,severe,AT49_severe,24.56106276193287,-33.03693696218579
561,existing,AT32,Fish Valley Thicket,ValleyThicket,2,2,severe,2,severe,AT32_severe,25.232373773755388,-32.57529273767677
562,existing,AT49,Sundays Arid Thicket,AridThicket,1,2,severe,2,severe,AT49_severe,24.312049765174937,-33.215342377611925
563,existing,AT49,Sundays Arid Thicket,AridThicket,1,2,severe,2,severe,AT49_severe,24.1050779237138,-32.83535501242937
564,existing,AT29,Escarpment Valley Thicket,ValleyThicket,2,2,severe,2,severe,AT29_severe,24.706320343374998,-32.45725410934347
565,existing,AT33,Gamka Arid Thicket,AridThicket,1,2,severe,2,severe,AT33_severe,21.605785140236467,-33.25819201666443
566,existing,AT32,Fish Valley Thicket,ValleyThicket,2,2,severe,2,severe,AT32_severe,26.77738623091255,-32.55912306256262
567,existing,AT49,Sundays Arid Thicket,AridThicket,1,2,severe,2,severe,AT49_severe,24.817621607077406,-32.98249905596815
568,existing,AT32,Fish Valley Thicket,ValleyThicket,2,2,severe,2,severe,AT32_severe,25.64200554331389,-32.98088208845673
569,existing,AT49,Sundays Arid Thicket,AridThicket,1,2,severe,2,severe,AT49_severe,24.661314747640606,-32.985732990990975
570,existing,AT32,Fish Valley Thicket,ValleyThicket,2,2,severe,2,severe,AT32_severe,25.83765861219512,-32.69521782810673
571,existing,AT49,Sundays Arid Thicket,AridThicket,1,2,severe,2,severe,AT49_severe,25.163113665349773,-33.515559345564675
572,existing,AT49,Sundays Arid Thicket,AridThicket,1,2,severe,2,severe,AT49_severe,25.07040752802864,-33.486184435773964
573,existing,AT49,Sundays Arid Thicket,AridThicket,1,2,severe,2,severe,AT49_severe,24.216648682001445,-33.22019328014618
574,existing,AT29,Escarpment Valley Thicket,ValleyThicket,2,2,severe,2,severe,AT29_severe,25.129965831365762,-32.41386548112049
575,existing,AT49,Sundays Arid Thicket,AridThicket,1,2,severe,2,severe,AT49_severe,25.045344531601703,-33.01187396575886
576,existing,AT49,Sundays Arid Thicket,AridThicket,1,2,severe,2,severe,AT49_severe,23.908077381906388,-33.08221205250541
577,existing,AT49,Sundays Arid Thicket,AridThicket,1,2,severe,2,severe,AT49_severe,24.60984128186056,-33.46112143934703
578,existing,,,,,2,severe,2,severe,,24.0660012088546,-33.3007721611317
579,existing,AT49,Sundays Arid Thicket,AridThicket,1,2,severe,2,severe,AT49_severe,23.72347359101983,-33.18111656528698
580,existing,AT49,Sundays Arid Thicket,AridThicket,1,2,severe,2,severe,AT49_severe,24.954255361791983,-33.06334743153891
581,existing,AT49,Sundays Arid Thicket,AridThicket,1,2,severe,2,severe,AT49_severe,24.994410054992127,-32.97037179963254
582,existing,AT49,Sundays Arid Thicket,AridThicket,1,2,severe,2,severe,AT49_severe,24.910058249813304,-33.16467739558759
583,existing,AT49,Sundays Arid Thicket,AridThicket,1,2,severe,2,severe,AT49_severe,24.9949490441626,-33.21642035595287
584,existing,AT49,Sundays Arid Thicket,AridThicket,1,2,severe,2,severe,AT49_severe,24.73542575858047,-33.50451006757
585,existing,AT49,Sundays Arid Thicket,AridThicket,1,2,severe,2,severe,AT49_severe,24.561332256518106,-33.56784129510043
586,existing,AT51,Sundays Valley Thicket,ValleyThicket,2,2,severe,1,moderate,AT51_severe,24.87125102953934,-33.453036601789954
587,existing,AT49,Sundays Arid Thicket,AridThicket,1,2,severe,2,severe,AT49_severe,24.49341962103867,-33.450880645108064
588,existing,AT27,Escarpment Arid Thicket,AridThicket,1,2,severe,2,severe,AT27_severe,24.390742184063807,-32.52166331521483
589,existing,AT49,Sundays Arid Thicket,AridThicket,1,2,severe,2,severe,AT49_severe,23.810789836636246,-33.054184615640885
590,existing,AT49,Sundays Arid Thicket,AridThicket,1,2,severe,2,severe,AT49_severe,23.760124854611902,-33.18300302738363
591,existing,AT49,Sundays Arid Thicket,AridThicket,1,2,severe,2,severe,AT49_severe,24.952907888865806,-33.114012413563245
592,existing,AT33,Gamka Arid Thicket,AridThicket,1,2,severe,2,severe,AT33_severe,21.647556800948024,-33.54493425535538
593,existing,,,,,2,severe,2,severe,,25.105172329524063,-32.46857288192337
594,existing,AT30,Fish Arid Thicket,AridThicket,1,2,severe,2,severe,AT30_severe,26.5440039200983,-33.130451583262634
595,existing,AT21,Buffels Mesic Thicket,MesicThicket,3,2,severe,1,moderate,AT21_severe,27.747027748591165,-33.002980644446076
596,existing,AT32,Fish Valley Thicket,ValleyThicket,2,2,severe,2,severe,AT32_severe,25.954349767602245,-32.67204129377644
597,existing,AT49,Sundays Arid Thicket,AridThicket,1,2,severe,2,severe,AT49_severe,24.636790740384146,-32.946925770717016
598,existing,AT17,Albany Mesic Thicket,MesicThicket,3,2,severe,1,moderate,AT17_severe,25.85921817901399,-33.54331728784396
599,existing,AT33,Gamka Arid Thicket,AridThicket,1,2,severe,2,severe,AT33_severe,22.606149040631966,-33.28675844269943
600,existing,AT27,Escarpment Arid Thicket,AridThicket,1,2,severe,2,severe,AT27_severe,25.47545788963813,-32.001808260294865
601,existing,AT51,Sundays Valley Thicket,ValleyThicket,2,2,severe,0,intact,AT51_severe,24.748092004086555,-33.752984075157464
602,existing,AT49,Sundays Arid Thicket,AridThicket,1,2,severe,2,severe,AT49_severe,24.706320343374998,-33.04124887554956
603,existing,AT49,Sundays Arid Thicket,AridThicket,1,2,severe,2,severe,AT49_severe,24.793097599820943,-33.182194543627915
604,existing,,,,,2,severe,2,severe,,25.140206625604726,-33.38215952587292
605,existing,AT49,Sundays Arid Thicket,AridThicket,1,2,severe,2,severe,AT49_severe,24.582083339581267,-33.48187252241019
606,existing,AT33,Gamka Arid Thicket,AridThicket,1,2,severe,2,severe,AT33_severe,22.652232614707298,-33.294304291086036
607,existing,AT49,Sundays Arid Thicket,AridThicket,1,2,severe,2,severe,AT49_severe,25.188715650947177,-33.16952829812183
608,existing,AT49,Sundays Arid Thicket,AridThicket,1,2,severe,1,moderate,AT49_severe,24.440329187747206,-33.44980266676712
609,existing,AT49,Sundays Arid Thicket,AridThicket,1,2,severe,2,severe,AT49_severe,24.039051750331016,-33.05768804524895
610,existing,AT49,Sundays Arid Thicket,AridThicket,1,2,severe,2,severe,AT49_severe,25.151794892769868,-33.508821980933774
611,existing,AT29,Escarpment Valley Thicket,ValleyThicket,2,2,severe,2,severe,AT29_severe,24.74836149867179,-32.48070013825898
612,existing,AT32,Fish Valley Thicket,ValleyThicket,2,2,severe,2,severe,AT32_severe,25.174701932514914,-32.91701187175583
613,existing,AT49,Sundays Arid Thicket,AridThicket,1,2,severe,2,severe,AT49_severe,25.03510373736274,-33.07574418245976
614,existing,AT51,Sundays Valley Thicket,ValleyThicket,2,2,severe,2,severe,AT51_severe,24.926227924927456,-33.46731981480745
615,existing,AT49,Sundays Arid Thicket,AridThicket,1,2,severe,2,severe,AT49_severe,25.14586601189468,-33.43336349706774
616,existing,AT32,Fish Valley Thicket,ValleyThicket,2,2,severe,2,severe,AT32_severe,25.942222511266635,-32.5364855174028
617,existing,AT51,Sundays Valley Thicket,ValleyThicket,2,2,severe,2,severe,AT51_severe,25.60939669850035,-33.600180645328734
618,existing,AT49,Sundays Arid Thicket,AridThicket,1,2,severe,2,severe,AT49_severe,25.349603918332985,-33.457618009738965
619,existing,AT34,Gamka Valley Thicket,ValleyThicket,2,2,severe,2,severe,AT34_severe,22.350129184657902,-33.55301909291246
620,existing,AT19,Baviaans Valley Thicket,ValleyThicket,2,2,severe,1,moderate,AT19_severe,25.252046878477604,-33.252532630374475
621,existing,AT49,Sundays Arid Thicket,AridThicket,1,2,severe,2,severe,AT49_severe,24.48102287011782,-33.440639850869104
622,existing,AT32,Fish Valley Thicket,ValleyThicket,2,2,severe,2,severe,AT32_severe,25.331547781122183,-32.84397883915692
623,existing,AT49,Sundays Arid Thicket,AridThicket,1,2,severe,2,severe,AT49_severe,24.284291822895646,-33.287566926455135
624,existing,AT32,Fish Valley Thicket,ValleyThicket,2,2,severe,2,severe,AT32_severe,26.837214028834914,-33.09838172761957
625,existing,AT49,Sundays Arid Thicket,AridThicket,1,2,severe,1,moderate,AT49_severe,24.461349765395603,-33.20348461586155
626,existing,AT49,Sundays Arid Thicket,AridThicket,1,2,severe,0,intact,AT49_severe,23.18610138805953,-33.37542216124203
627,existing,AT49,Sundays Arid Thicket,AridThicket,1,2,severe,2,severe,AT49_severe,24.72545445892674,-33.0301995975549
628,existing,AT49,Sundays Arid Thicket,AridThicket,1,2,severe,2,severe,AT49_severe,24.632209332435135,-32.87146728685097
629,existing,AT49,Sundays Arid Thicket,AridThicket,1,2,severe,2,severe,AT49_severe,24.676945433584287,-33.21668985053811
630,existing,AT29,Escarpment Valley Thicket,ValleyThicket,2,2,severe,2,severe,AT29_severe,24.99171510913977,-32.4222198132628
631,existing,AT49,Sundays Arid Thicket,AridThicket,1,2,severe,2,severe,AT49_severe,24.2794409203614,-33.16225194432047
632,existing,AT33,Gamka Arid Thicket,AridThicket,1,2,severe,2,severe,AT33_severe,21.587190013855192,-33.43228551872679
633,existing,AT32,Fish Valley Thicket,ValleyThicket,2,2,severe,2,severe,AT32_severe,25.05477684208496,-32.91539490424442
634,existing,AT49,Sundays Arid Thicket,AridThicket,1,2,severe,2,severe,AT49_severe,25.02405445936807,-32.84882974169116
635,existing,AT49,Sundays Arid Thicket,AridThicket,1,2,severe,2,severe,AT49_severe,25.069868538858167,-33.45600104222755
636,existing,,,,,2,severe,2,severe,,23.800549042397282,-33.143117828768716
637,existing,AT51,Sundays Valley Thicket,ValleyThicket,2,2,severe,2,severe,AT51_severe,25.2587842431085,-33.5293035694117
638,existing,AT32,Fish Valley Thicket,ValleyThicket,2,2,severe,2,severe,AT32_severe,25.69267052533823,-32.46614743065625
639,existing,AT32,Fish Valley Thicket,ValleyThicket,2,2,severe,2,severe,AT32_severe,25.38248225773176,-32.63134761140583
640,existing,AT51,Sundays Valley Thicket,ValleyThicket,2,2,severe,2,severe,AT51_severe,24.905476841864292,-33.37434418290108
641,existing,,,,,2,severe,1,moderate,,25.466025579154874,-33.63629291975034
642,existing,AT49,Sundays Arid Thicket,AridThicket,1,2,severe,2,severe,AT49_severe,24.707128827130703,-32.89006241323225
643,existing,AT49,Sundays Arid Thicket,AridThicket,1,2,severe,2,severe,AT49_severe,24.579927382899378,-32.98330753972385
644,existing,AT49,Sundays Arid Thicket,AridThicket,1,2,severe,2,severe,AT49_severe,25.05801077710779,-33.09676476010815
645,existing,AT49,Sundays Arid Thicket,AridThicket,1,2,severe,2,severe,AT49_severe,24.39532359201282,-33.23932739569792
646,existing,AT30,Fish Arid Thicket,AridThicket,1,2,severe,2,severe,AT30_severe,26.531337674592216,-33.15794003095669
647,existing,AT49,Sundays Arid Thicket,AridThicket,1,2,severe,2,severe,AT49_severe,25.1197250371268,-33.052298153544236
648,existing,AT49,Sundays Arid Thicket,AridThicket,1,2,severe,2,severe,AT49_severe,25.210275217766046,-33.01187396575886
649,existing,AT18,Albany Valley Thicket,ValleyThicket,2,2,severe,2,severe,AT18_severe,25.605893268892284,-33.223427215169
650,existing,AT27,Escarpment Arid Thicket,AridThicket,1,2,severe,2,severe,AT27_severe,24.28267485538423,-32.363739488266624
651,existing,AT49,Sundays Arid Thicket,AridThicket,1,2,severe,2,severe,AT49_severe,24.419578104684046,-32.800051221763475
652,existing,AT51,Sundays Valley Thicket,ValleyThicket,2,2,severe,2,severe,AT51_severe,25.00141691420826,-33.37434418290108
653,existing,AT17,Albany Mesic Thicket,MesicThicket,3,2,severe,-1,,AT17_severe,26.10041583280008,-33.643299778966465
654,existing,AT49,Sundays Arid Thicket,AridThicket,1,2,severe,2,severe,AT49_severe,24.56887810490471,-33.077091655385935
655,existing,AT49,Sundays Arid Thicket,AridThicket,1,2,severe,2,severe,AT49_severe,24.129601930970264,-32.8243057344347
656,existing,AT29,Escarpment Valley Thicket,ValleyThicket,2,2,severe,2,severe,AT29_severe,24.801990921133726,-32.436233531695066
657,existing,AT32,Fish Valley Thicket,ValleyThicket,2,2,severe,2,severe,AT32_severe,25.854367276479746,-32.89167938074367
658,existing,AT51,Sundays Valley Thicket,ValleyThicket,2,2,severe,2,severe,AT51_severe,25.65251583213809,-33.558947973787646
659,existing,AT49,Sundays Arid Thicket,AridThicket,1,2,severe,2,severe,AT49_severe,24.776388935536318,-32.839666925793146
660,existing,AT32,Fish Valley Thicket,ValleyThicket,2,2,severe,2,severe,AT32_severe,25.294357528359633,-32.66233948870795
661,existing,AT49,Sundays Arid Thicket,AridThicket,1,2,severe,2,severe,AT49_severe,24.375919981875835,-33.22962559062943
662,existing,AT49,Sundays Arid Thicket,AridThicket,1,2,severe,2,severe,AT49_severe,24.600408971377306,-33.13584147496735
663,existing,AT49,Sundays Arid Thicket,AridThicket,1,2,severe,2,severe,AT49_severe,25.203268358549916,-33.073049236607396
664,existing,AT32,Fish Valley Thicket,ValleyThicket,2,2,severe,2,severe,AT32_severe,25.65170734838238,-32.9205153013639
665,existing,AT30,Fish Arid Thicket,AridThicket,1,2,severe,1,moderate,AT30_severe,26.35805265628556,-33.15713154720098
666,existing,AT32,Fish Valley Thicket,ValleyThicket,2,2,severe,1,moderate,AT32_severe,26.51759345074519,-33.08625447128395
667,existing,AT51,Sundays Valley Thicket,ValleyThicket,2,2,severe,-1,,AT51_severe,25.68674164446304,-33.59667721572067
668,existing,AT29,Escarpment Valley Thicket,ValleyThicket,2,2,severe,2,severe,AT29_severe,25.094931535285102,-32.38287360381837
669,existing,AT49,Sundays Arid Thicket,AridThicket,1,2,severe,2,severe,AT49_severe,25.177935867537744,-32.80921403766149
670,existing,AT32,Fish Valley Thicket,ValleyThicket,2,2,severe,2,severe,AT32_severe,25.243423051750057,-32.64778678110522
671,existing,AT49,Sundays Arid Thicket,AridThicket,1,2,severe,2,severe,AT49_severe,25.210275217766046,-33.085445987528246
672,existing,AT49,Sundays Arid Thicket,AridThicket,1,2,severe,2,severe,AT49_severe,25.35768875589006,-33.43821439960198
673,existing,AT29,Escarpment Valley Thicket,ValleyThicket,2,2,severe,2,severe,AT29_severe,24.97204200441755,-32.405241654392945
674,existing,AT49,Sundays Arid Thicket,AridThicket,1,2,severe,2,severe,AT49_severe,24.805494350741792,-33.17060627646278
675,existing,AT51,Sundays Valley Thicket,ValleyThicket,2,2,severe,2,severe,AT51_severe,25.330739297366474,-33.40937847898174
676,existing,AT32,Fish Valley Thicket,ValleyThicket,2,2,severe,2,severe,AT32_severe,25.765164568766675,-32.926174687653855
677,existing,AT32,Fish Valley Thicket,ValleyThicket,2,2,severe,2,severe,AT32_severe,25.797234424409744,-32.67904815299257
678,existing,AT49,Sundays Arid Thicket,AridThicket,1,2,severe,2,severe,AT49_severe,24.259767815639183,-33.23905790111268
679,existing,AT49,Sundays Arid Thicket,AridThicket,1,2,severe,2,severe,AT49_severe,24.820316552929764,-33.05687956149325
680,existing,AT49,Sundays Arid Thicket,AridThicket,1,2,severe,2,severe,AT49_severe,24.141998681891113,-33.207257540054854
681,existing,AT49,Sundays Arid Thicket,AridThicket,1,2,severe,2,severe,AT49_severe,25.19464453182237,-32.76744237694994
682,existing,AT32,Fish Valley Thicket,ValleyThicket,2,2,severe,2,severe,AT32_severe,25.721506445958468,-32.86958082475432
683,existing,AT49,Sundays Arid Thicket,AridThicket,1,2,severe,2,severe,AT49_severe,25.060705722960147,-33.174109706070844
684,existing,AT49,Sundays Arid Thicket,AridThicket,1,2,severe,2,severe,AT49_severe,25.170659513736375,-33.09892071679004
685,existing,AT49,Sundays Arid Thicket,AridThicket,1,2,severe,2,severe,AT49_severe,24.396671064938996,-33.5788905730951
686,existing,AT49,Sundays Arid Thicket,AridThicket,1,2,severe,2,severe,AT49_severe,24.641102653747918,-32.91701187175583
687,existing,AT37,Gouritz Valley Thicket,ValleyThicket,2,2,severe,-1,,AT37_severe,21.75778008630949,-34.23510988814441
688,existing,AT49,Sundays Arid Thicket,AridThicket,1,2,severe,2,severe,AT49_severe,25.229139838732557,-32.91081349629541
689,existing,AT27,Escarpment Arid Thicket,AridThicket,1,2,severe,2,severe,AT27_severe,24.323368537754845,-32.48743750288988
690,existing,AT49,Sundays Arid Thicket,AridThicket,1,2,severe,2,severe,AT49_severe,24.881222329193065,-33.07816963372688
691,existing,AT32,Fish Valley Thicket,ValleyThicket,2,2,severe,2,severe,AT32_severe,25.196261499333783,-32.91620338800013
692,existing,AT18,Albany Valley Thicket,ValleyThicket,2,2,severe,2,severe,AT18_severe,25.858140200673045,-33.11482089731896
693,existing,AT49,Sundays Arid Thicket,AridThicket,1,2,severe,2,severe,AT49_severe,24.593402112161172,-33.573231186805145
694,existing,AT34,Gamka Valley Thicket,ValleyThicket,2,2,severe,2,severe,AT34_severe,22.252841639387757,-33.53119003150835
695,existing,AT51,Sundays Valley Thicket,ValleyThicket,2,2,severe,0,intact,AT51_severe,25.486237673047565,-33.777508082413924
696,existing,AT33,Gamka Arid Thicket,AridThicket,1,2,severe,2,severe,AT33_severe,22.059883516358884,-33.15497559051909
697,existing,AT49,Sundays Arid Thicket,AridThicket,1,2,severe,2,severe,AT49_severe,24.801990921133726,-33.509091475519014
698,existing,AT27,Escarpment Arid Thicket,AridThicket,1,2,severe,2,severe,AT27_severe,24.50770283405617,-32.29474887444624
699,existing,AT29,Escarpment Valley Thicket,ValleyThicket,2,2,severe,2,severe,AT29_severe,24.712788213420655,-32.435964037109834
700,existing,AT49,Sundays Arid Thicket,AridThicket,1,2,severe,2,severe,AT49_severe,24.18889073972215,-33.128565121165984
701,existing,AT29,Escarpment Valley Thicket,ValleyThicket,2,2,severe,2,severe,AT29_severe,25.10463334035359,-32.432730102087
702,existing,AT49,Sundays Arid Thicket,AridThicket,1,2,severe,2,severe,AT49_severe,24.3937066245014,-33.24363930906169
703,existing,AT32,Fish Valley Thicket,ValleyThicket,2,2,severe,1,moderate,AT32_severe,25.213509152788877,-32.936684976478055
704,existing,AT49,Sundays Arid Thicket,AridThicket,1,2,severe,2,severe,AT49_severe,24.75941077666646,-32.96686837002447
705,existing,AT32,Fish Valley Thicket,ValleyThicket,2,2,severe,2,severe,AT32_severe,25.682699225684505,-32.93911042774518
706,existing,AT33,Gamka Arid Thicket,AridThicket,1,2,severe,2,severe,AT33_severe,21.747808786655764,-33.25792252207919
707,existing,AT49,Sundays Arid Thicket,AridThicket,1,2,severe,2,severe,AT49_severe,24.987133701190757,-33.16764183602518
708,existing,AT51,Sundays Valley Thicket,ValleyThicket,2,2,severe,2,severe,AT51_severe,25.110831715814015,-33.392939309282355
709,existing,AT49,Sundays Arid Thicket,AridThicket,1,2,severe,2,severe,AT49_severe,24.72222052390391,-33.09919021137527
710,existing,AT32,Fish Valley Thicket,ValleyThicket,2,2,severe,2,severe,AT32_severe,25.907457709771208,-32.396617827665395
711,existing,AT27,Escarpment Arid Thicket,AridThicket,1,2,severe,2,severe,AT27_severe,24.4042169133256,-32.50738010219733
712,existing,AT27,Escarpment Arid Thicket,AridThicket,1,2,severe,2,severe,AT27_severe,24.499348501913857,-32.28908948815629
713,existing,AT49,Sundays Arid Thicket,AridThicket,1,2,severe,2,severe,AT49_severe,23.078034059379952,-33.37542216124203
714,existing,AT49,Sundays Arid Thicket,AridThicket,1,2,severe,2,severe,AT49_severe,24.660775758470137,-33.01861133038975
715,existing,AT49,Sundays Arid Thicket,AridThicket,1,2,severe,2,severe,AT49_severe,24.476980451339283,-33.20806602381056
716,existing,AT49,Sundays Arid Thicket,AridThicket,1,2,severe,2,severe,AT49_severe,24.381040378995316,-33.57161421929373
717,existing,AT49,Sundays Arid Thicket,AridThicket,1,2,severe,2,severe,AT49_severe,24.51147575824947,-32.92347974180149
718,existing,AT49,Sundays Arid Thicket,AridThicket,1,2,severe,2,severe,AT49_severe,24.692576119527967,-33.28918389396655
719,existing,AT19,Baviaans Valley Thicket,ValleyThicket,2,2,severe,2,severe,AT19_severe,23.857412399882048,-33.44629923715906
720,existing,AT51,Sundays Valley Thicket,ValleyThicket,2,2,severe,2,severe,AT51_severe,25.17173749207732,-33.39240032011189
721,existing,AT49,Sundays Arid Thicket,AridThicket,1,2,severe,2,severe,AT49_severe,24.83352178760632,-32.8175683698038
722,existing,AT49,Sundays Arid Thicket,AridThicket,1,2,severe,2,severe,AT49_severe,24.398288032450413,-33.19027938118499
723,existing,AT32,Fish Valley Thicket,ValleyThicket,2,2,severe,2,severe,AT32_severe,25.31349164391138,-32.68389905552682
724,existing,AT18,Albany Valley Thicket,ValleyThicket,2,2,severe,0,intact,AT18_severe,26.18692359466079,-33.299963677375985
725,existing,AT49,Sundays Arid Thicket,AridThicket,1,2,severe,2,severe,AT49_severe,25.204615831476094,-33.161443460564755
726,existing,AT49,Sundays Arid Thicket,AridThicket,1,2,severe,2,severe,AT49_severe,24.58181384499603,-32.919437323022954
727,existing,AT49,Sundays Arid Thicket,AridThicket,1,2,severe,2,severe,AT49_severe,25.298938936308645,-33.02265374916829
728,existing,AT32,Fish Valley Thicket,ValleyThicket,2,2,severe,2,severe,AT32_severe,25.022976481027126,-32.91728136634107
729,existing,AT49,Sundays Arid Thicket,AridThicket,1,2,severe,2,severe,AT49_severe,24.20074850147253,-33.33365050053047
730,existing,AT32,Fish Valley Thicket,ValleyThicket,2,2,severe,2,severe,AT32_severe,25.303250849672416,-32.617872882144034
731,existing,AT29,Escarpment Valley Thicket,ValleyThicket,2,2,severe,2,severe,AT29_severe,24.67425048773193,-32.45590663641728
732,existing,AT29,Escarpment Valley Thicket,ValleyThicket,2,2,severe,2,severe,AT29_severe,25.015161138055287,-32.398504289762045
733,existing,AT49,Sundays Arid Thicket,AridThicket,1,2,severe,2,severe,AT49_severe,24.443832617355273,-33.44629923715906
734,existing,AT51,Sundays Valley Thicket,ValleyThicket,2,2,severe,2,severe,AT51_severe,24.94266709462684,-33.41476837068646
735,existing,AT49,Sundays Arid Thicket,AridThicket,1,2,severe,2,severe,AT49_severe,24.560793267347634,-33.157670536371455
736,existing,AT29,Escarpment Valley Thicket,ValleyThicket,2,2,severe,2,severe,AT29_severe,25.24396204092053,-32.62973064389441
737,existing,AT49,Sundays Arid Thicket,AridThicket,1,2,severe,2,severe,AT49_severe,25.224288936198313,-32.90596259376117
738,existing,AT18,Albany Valley Thicket,ValleyThicket,2,2,severe,2,severe,AT18_severe,26.089097060220176,-33.44387378589193
739,existing,AT18,Albany Valley Thicket,ValleyThicket,2,2,severe,2,severe,AT18_severe,26.141109515170697,-33.46435537436986
740,existing,AT29,Escarpment Valley Thicket,ValleyThicket,2,2,severe,2,severe,AT29_severe,24.806302834497497,-32.48851548123082
741,existing,AT29,Escarpment Valley Thicket,ValleyThicket,2,2,severe,2,severe,AT29_severe,25.110292726643543,-32.48016114908851
742,existing,AT27,Escarpment Arid Thicket,AridThicket,1,2,severe,2,severe,AT27_severe,24.323368537754845,-32.51411746682823
743,existing,AT49,Sundays Arid Thicket,AridThicket,1,2,severe,2,severe,AT49_severe,24.430627382678715,-33.27058876758528
744,existing,AT27,Escarpment Arid Thicket,AridThicket,1,2,severe,2,severe,AT27_severe,25.538250127998086,-32.17078136523775
745,existing,AT49,Sundays Arid Thicket,AridThicket,1,2,severe,2,severe,AT49_severe,24.77504146261014,-32.98249905596815
746,existing,AT49,Sundays Arid Thicket,AridThicket,1,2,severe,2,severe,AT49_severe,24.13822575769781,-33.022923243753525
747,existing,AT49,Sundays Arid Thicket,AridThicket,1,2,severe,2,severe,AT49_severe,24.489107707674897,-33.23501548233415
748,existing,AT29,Escarpment Valley Thicket,ValleyThicket,2,2,severe,2,severe,AT29_severe,24.718178105125375,-32.47450176279856
749,existing,AT27,Escarpment Arid Thicket,AridThicket,1,2,severe,2,severe,AT27_severe,25.287889658313976,-32.8024766730306
750,existing,AT27,Escarpment Arid Thicket,AridThicket,1,2,severe,2,severe,AT27_severe,24.362714747199277,-32.55022974124984
751,existing,AT49,Sundays Arid Thicket,AridThicket,1,2,severe,2,severe,AT49_severe,24.651073953401646,-33.02534869502065
752,existing,AT49,Sundays Arid Thicket,AridThicket,1,2,severe,2,severe,AT49_severe,25.022706986441893,-33.17249273855943
753,existing,AT51,Sundays Valley Thicket,ValleyThicket,2,2,severe,2,severe,AT51_severe,24.76453117378594,-33.335267468041884
754,existing,AT29,Escarpment Valley Thicket,ValleyThicket,2,2,severe,2,severe,AT29_severe,25.04615301535741,-32.494174867520776
755,existing,AT32,Fish Valley Thicket,ValleyThicket,2,2,severe,2,severe,AT32_severe,25.872423413690548,-32.564243459682096
756,existing,AT49,Sundays Arid Thicket,AridThicket,1,2,severe,2,severe,AT49_severe,25.155567816963167,-33.478099598216886
757,existing,AT49,Sundays Arid Thicket,AridThicket,1,2,severe,2,severe,AT49_severe,24.455420884520414,-33.52714761272981
758,existing,AT29,Escarpment Valley Thicket,ValleyThicket,2,2,severe,2,severe,AT29_severe,24.89712250972198,-32.456445625587754
759,existing,AT29,Escarpment Valley Thicket,ValleyThicket,2,2,severe,2,severe,AT29_severe,25.06232269047156,-32.48689851371941
760,existing,AT19,Baviaans Valley Thicket,ValleyThicket,2,2,severe,1,moderate,AT19_severe,25.486237673047565,-33.242291836135514
761,existing,AT19,Baviaans Valley Thicket,ValleyThicket,2,2,severe,1,moderate,AT19_severe,23.45209254368732,-33.22073226931664
762,existing,AT49,Sundays Arid Thicket,AridThicket,1,2,severe,1,moderate,AT49_severe,24.258959331883474,-33.215611872197165
763,existing,AT29,Escarpment Valley Thicket,ValleyThicket,2,2,severe,2,severe,AT29_severe,24.798217996940423,-32.33409508389068
764,existing,AT18,Albany Valley Thicket,ValleyThicket,2,2,severe,1,moderate,AT18_severe,25.773249406323753,-33.22477468809518
765,existing,AT49,Sundays Arid Thicket,AridThicket,1,2,severe,2,severe,AT49_severe,24.997643990014957,-32.87524021104428
766,existing,AT49,Sundays Arid Thicket,AridThicket,1,2,severe,1,moderate,AT49_severe,25.12161149922345,-33.54466476077015
767,existing,AT18,Albany Valley Thicket,ValleyThicket,2,2,severe,2,severe,AT18_severe,25.71881150010611,-33.13260753994452
768,existing,AT51,Sundays Valley Thicket,ValleyThicket,2,2,severe,2,severe,AT51_severe,24.890385145091084,-33.36356439949165
769,existing,AT49,Sundays Arid Thicket,AridThicket,1,2,severe,2,severe,AT49_severe,24.86478315949368,-33.50639652966665
770,existing,,,,,2,severe,2,severe,,25.0987044594784,-32.52408876648196
771,existing,AT27,Escarpment Arid Thicket,AridThicket,1,2,severe,1,moderate,AT27_severe,25.672727926030777,-32.32924418135643
772,existing,AT19,Baviaans Valley Thicket,ValleyThicket,2,2,severe,2,severe,AT19_severe,23.739373771548742,-33.44845519384094
773,existing,AT32,Fish Valley Thicket,ValleyThicket,2,2,severe,2,severe,AT32_severe,25.765164568766675,-32.98708046391716
774,existing,AT32,Fish Valley Thicket,ValleyThicket,2,2,severe,2,severe,AT32_severe,25.55738424354983,-32.92240176346055
775,existing,AT49,Sundays Arid Thicket,AridThicket,1,2,severe,2,severe,AT49_severe,24.465661678759375,-33.25846151124966
776,existing,AT32,Fish Valley Thicket,ValleyThicket,2,2,severe,2,severe,AT32_severe,26.35347124833655,-33.06119147485702
777,existing,AT49,Sundays Arid Thicket,AridThicket,1,2,severe,1,moderate,AT49_severe,24.448144530719045,-33.20213714293537
778,existing,AT34,Gamka Valley Thicket,ValleyThicket,2,2,severe,2,severe,AT34_severe,22.243678823489738,-33.48699291952967
779,existing,AT19,Baviaans Valley Thicket,ValleyThicket,2,2,severe,1,moderate,AT19_severe,24.594749585087353,-33.39186133094142
780,existing,AT50,Sundays Mesic Thicket,MesicThicket,3,2,severe,2,severe,AT50_severe,24.88472575880113,-34.10332703596408
781,existing,AT49,Sundays Arid Thicket,AridThicket,1,2,severe,2,severe,AT49_severe,24.309085324737342,-33.18758443533263
782,existing,AT29,Escarpment Valley Thicket,ValleyThicket,2,2,severe,2,severe,AT29_severe,24.919221065711323,-32.45698461475823
783,existing,AT49,Sundays Arid Thicket,AridThicket,1,2,severe,2,severe,AT49_severe,25.238302654630576,-33.5435867824292
784,existing,AT49,Sundays Arid Thicket,AridThicket,1,2,severe,2,severe,AT49_severe,23.422987128481846,-33.1234447240465
785,existing,AT32,Fish Valley Thicket,ValleyThicket,2,2,severe,2,severe,AT32_severe,25.75788821496531,-32.93533750355187
786,existing,AT49,Sundays Arid Thicket,AridThicket,1,2,severe,2,severe,AT49_severe,24.76129723876311,-33.015377395366926
787,existing,AT33,Gamka Arid Thicket,AridThicket,1,2,severe,2,severe,AT33_severe,21.653216187237977,-33.54520374994062
788,existing,AT32,Fish Valley Thicket,ValleyThicket,2,2,severe,2,severe,AT32_severe,25.005459332986796,-32.93048660101763
789,existing,AT49,Sundays Arid Thicket,AridThicket,1,2,severe,2,severe,AT49_severe,24.452995433253292,-33.260886962516786
790,existing,AT49,Sundays Arid Thicket,AridThicket,1,2,severe,2,severe,AT49_severe,25.416708070056714,-33.0204977924864
791,existing,AT29,Escarpment Valley Thicket,ValleyThicket,2,2,severe,2,severe,AT29_severe,25.175510416270622,-32.57125031889823
792,existing,AT32,Fish Valley Thicket,ValleyThicket,2,2,severe,1,moderate,AT32_severe,26.714055003382125,-32.84694327959451
793,existing,AT27,Escarpment Arid Thicket,AridThicket,1,2,severe,2,severe,AT27_severe,25.862991103207293,-32.237346527791004
794,existing,AT49,Sundays Arid Thicket,AridThicket,1,2,severe,2,severe,AT49_severe,25.092506084017977,-33.05310663729994
795,existing,AT51,Sundays Valley Thicket,ValleyThicket,2,2,severe,-1,,AT51_severe,25.706145254600024,-33.517445807661325
796,existing,AT49,Sundays Arid Thicket,AridThicket,1,2,severe,2,severe,AT49_severe,24.634095794531785,-33.14177035584254
797,existing,AT51,Sundays Valley Thicket,ValleyThicket,2,2,severe,-1,,AT51_severe,25.45201186072261,-33.53280699901977
798,existing,AT32,Fish Valley Thicket,ValleyThicket,2,2,severe,2,severe,AT32_severe,26.020375940985033,-32.51303948848729
799,existing,AT49,Sundays Arid Thicket,AridThicket,1,2,severe,2,severe,AT49_severe,25.014622148884815,-33.12694815365457
800,existing,AT49,Sundays Arid Thicket,AridThicket,1,2,severe,2,severe,AT49_severe,24.091872689037242,-33.259000500420136
801,existing,AT32,Fish Valley Thicket,ValleyThicket,2,2,severe,2,severe,AT32_severe,26.632128649470427,-33.037745445941496
802,existing,AT49,Sundays Arid Thicket,AridThicket,1,2,severe,2,severe,AT49_severe,24.9205685386375,-33.178421619434616
803,existing,AT27,Escarpment Arid Thicket,AridThicket,1,2,severe,2,severe,AT27_severe,24.647301029208343,-32.13493858540138
804,existing,AT49,Sundays Arid Thicket,AridThicket,1,2,severe,2,severe,AT49_severe,25.207310777328452,-33.1835420165541
805,existing,AT33,Gamka Arid Thicket,AridThicket,1,2,severe,2,severe,AT33_severe,21.772602288497463,-33.25522757622684
806,existing,AT49,Sundays Arid Thicket,AridThicket,1,2,severe,2,severe,AT49_severe,24.395593086598055,-33.038014940526736
807,existing,AT49,Sundays Arid Thicket,AridThicket,1,2,severe,2,severe,AT49_severe,23.977876479482475,-33.10107667347192
808,existing,AT49,Sundays Arid Thicket,AridThicket,1,2,severe,2,severe,AT49_severe,25.175240921685386,-32.839127936622674
809,existing,AT49,Sundays Arid Thicket,AridThicket,1,2,severe,2,severe,AT49_severe,24.3899337003081,-33.2129169263448
810,existing,AT49,Sundays Arid Thicket,AridThicket,1,2,severe,2,severe,AT49_severe,24.072469078900262,-33.58131602436222
811,existing,AT19,Baviaans Valley Thicket,ValleyThicket,2,2,severe,2,severe,AT19_severe,23.53347990842855,-33.169797792707065
812,existing,AT49,Sundays Arid Thicket,AridThicket,1,2,severe,2,severe,AT49_severe,24.476980451339283,-33.01941981414546
813,existing,AT51,Sundays Valley Thicket,ValleyThicket,2,2,severe,2,severe,AT51_severe,25.26713857525081,-33.52094923726939
814,existing,,,,,2,severe,2,severe,,21.71897286603553,-33.25630555456778
815,existing,AT32,Fish Valley Thicket,ValleyThicket,2,2,severe,2,severe,AT32_severe,26.981663126521333,-33.18273353279839
816,existing,AT37,Gouritz Valley Thicket,ValleyThicket,2,2,severe,1,moderate,AT37_severe,21.690675934585762,-33.99040880475025
817,existing,AT49,Sundays Arid Thicket,AridThicket,1,2,severe,2,severe,AT49_severe,24.737581715262355,-33.17976909236079
818,existing,AT49,Sundays Arid Thicket,AridThicket,1,2,severe,2,severe,AT49_severe,25.22563640912449,-33.54062234199161
819,existing,AT49,Sundays Arid Thicket,AridThicket,1,2,severe,2,severe,AT49_severe,24.41284074005315,-33.2129169263448
820,existing,AT49,Sundays Arid Thicket,AridThicket,1,2,severe,2,severe,AT49_severe,24.807919802008914,-32.94342234110895
821,existing,AT27,Escarpment Arid Thicket,AridThicket,1,2,severe,2,severe,AT27_severe,24.620351570684758,-32.15326421719742
822,existing,AT49,Sundays Arid Thicket,AridThicket,1,2,severe,2,severe,AT49_severe,24.198592544790642,-33.21668985053811
823,existing,AT27,Escarpment Arid Thicket,AridThicket,1,2,severe,1,moderate,AT27_severe,24.356516371738856,-32.514386961413464
824,existing,AT51,Sundays Valley Thicket,ValleyThicket,2,2,severe,2,severe,AT51_severe,25.89883388304366,-33.43929237794293
825,existing,AT49,Sundays Arid Thicket,AridThicket,1,2,severe,2,severe,AT49_severe,25.2197075282493,-32.890870896987956
826,existing,AT22,Buffels Valley Thicket,ValleyThicket,2,2,severe,2,severe,AT22_severe,27.433336051376628,-32.90892703419876
827,existing,AT27,Escarpment Arid Thicket,AridThicket,1,2,severe,2,severe,AT27_severe,24.384274314018146,-32.51357847765776
828,existing,AT19,Baviaans Valley Thicket,ValleyThicket,2,2,severe,2,severe,AT19_severe,24.690150668260845,-33.37137974246349
829,existing,AT19,Baviaans Valley Thicket,ValleyThicket,2,2,severe,1,moderate,AT19_severe,23.45478748953968,-33.223427215169
830,existing,AT49,Sundays Arid Thicket,AridThicket,1,2,severe,2,severe,AT49_severe,24.731922328972402,-33.11509039190419
831,existing,AT32,Fish Valley Thicket,ValleyThicket,2,2,severe,2,severe,AT32_severe,25.340441102434966,-32.84586530125357
832,existing,AT27,Escarpment Arid Thicket,AridThicket,1,2,severe,2,severe,AT27_severe,24.05629940378611,-32.2440838924219
833,existing,AT19,Baviaans Valley Thicket,ValleyThicket,2,2,severe,2,severe,AT19_severe,24.15385644364149,-33.201328659179666
834,existing,AT49,Sundays Arid Thicket,AridThicket,1,2,severe,2,severe,AT49_severe,25.08388225729043,-32.890870896987956
835,existing,AT49,Sundays Arid Thicket,AridThicket,1,2,severe,-1,,AT49_severe,25.150716914428923,-33.120480283608906
836,existing,AT18,Albany Valley Thicket,ValleyThicket,2,2,severe,2,severe,AT18_severe,26.154045255262016,-33.13934490457542
837,existing,AT49,Sundays Arid Thicket,AridThicket,1,2,severe,2,severe,AT49_severe,24.910866733569012,-33.521218731854624
838,existing,AT27,Escarpment Arid Thicket,AridThicket,1,2,severe,2,severe,AT27_severe,24.56294922402952,-32.121733350724824
839,existing,AT49,Sundays Arid Thicket,AridThicket,1,2,severe,2,severe,AT49_severe,24.424159512633054,-33.04475230515763
840,existing,AT18,Albany Valley Thicket,ValleyThicket,2,2,severe,1,moderate,AT18_severe,26.197164388899754,-33.13206855077405
841,existing,AT49,Sundays Arid Thicket,AridThicket,1,2,severe,2,severe,AT49_severe,24.05522142544517,-33.07224075285169
842,existing,AT49,Sundays Arid Thicket,AridThicket,1,2,severe,1,moderate,AT49_severe,24.53492178716499,-33.04556078891334
843,existing,AT49,Sundays Arid Thicket,AridThicket,1,2,severe,2,severe,AT49_severe,25.022976481027126,-33.15228064466674
844,existing,AT27,Escarpment Arid Thicket,AridThicket,1,2,severe,2,severe,AT27_severe,25.886167637537575,-32.23492107652388
845,existing,AT49,Sundays Arid Thicket,AridThicket,1,2,severe,2,severe,AT49_severe,25.24638749218765,-33.457348515153726
846,new,AT15,Albany Arid Thicket,AridThicket,1,0,intact,0,intact,AT15_intact,26.643418314409463,-33.223995141314404
847,new,AT15,Albany Arid Thicket,AridThicket,1,0,intact,0,intact,AT15_intact,26.67078131416238,-33.229688785176435
848,new,AT15,Albany Arid Thicket,AridThicket,1,0,intact,0,intact,AT15_intact,26.837511015777476,-33.25183608365947
849,new,AT15,Albany Arid Thicket,AridThicket,1,0,intact,0,intact,AT15_intact,26.558268533243663,-33.206343661580334
850,new,AT15,Albany Arid Thicket,AridThicket,1,0,intact,0,intact,AT15_intact,26.67397859154342,-33.23073391033974
851,new,AT15,Albany Arid Thicket,AridThicket,1,0,intact,0,intact,AT15_intact,26.780093975145707,-33.24842792352217
852,new,AT15,Albany Arid Thicket,AridThicket,1,0,intact,0,intact,AT15_intact,26.607993131318143,-33.215677371340774
853,new,AT15,Albany Arid Thicket,AridThicket,1,0,intact,0,intact,AT15_intact,26.821256918193495,-33.24901947791641
854,new,AT15,Albany Arid Thicket,AridThicket,1,0,intact,0,intact,AT15_intact,26.651058089614274,-33.2247718284387
855,new,AT15,Albany Arid Thicket,AridThicket,1,0,intact,0,intact,AT15_intact,26.742442953392956,-33.24474155131266
856,new,AT15,Albany Arid Thicket,AridThicket,1,0,intact,0,intact,AT15_intact,26.779244495006942,-33.25062837417137
857,new,AT15,Albany Arid Thicket,AridThicket,1,0,intact,1,moderate,AT15_intact,26.858048916927,-33.253213868083904
858,new,AT15,Albany Arid Thicket,AridThicket,1,0,intact,0,intact,AT15_intact,26.697550511478415,-33.23905220551378
859,new,AT15,Albany Arid Thicket,AridThicket,1,0,intact,0,intact,AT15_intact,26.588222174111284,-33.21375885129972
860,new,AT15,Albany Arid Thicket,AridThicket,1,0,intact,0,intact,AT15_intact,26.706450541196983,-33.24004948330057
861,new,AT15,Albany Arid Thicket,AridThicket,1,0,intact,0,intact,AT15_intact,26.667813140580183,-33.22896177937012
862,new,AT15,Albany Arid Thicket,AridThicket,1,0,intact,0,intact,AT15_intact,26.61332628782829,-33.21430605026399
863,new,AT15,Albany Arid Thicket,AridThicket,1,0,intact,0,intact,AT15_intact,26.566608784138268,-33.2110580645455
864,new,AT15,Albany Arid Thicket,AridThicket,1,0,intact,0,intact,AT15_intact,26.754217842252647,-33.246842363871934
865,new,AT15,Albany Arid Thicket,AridThicket,1,0,intact,0,intact,AT15_intact,26.629168193434197,-33.21965322041009
866,new,AT15,Albany Arid Thicket,AridThicket,1,0,intact,0,intact,AT15_intact,26.916984430125154,-33.263502284899836
867,new,AT15,Albany Arid Thicket,AridThicket,1,0,intact,0,intact,AT15_intact,26.642194642815763,-33.22190801869618
868,new,AT15,Albany Arid Thicket,AridThicket,1,0,intact,0,intact,AT15_intact,26.6065202165632,-33.21532469727371
869,new,AT15,Albany Arid Thicket,AridThicket,1,0,intact,0,intact,AT15_intact,26.828863255152655,-33.250592803907836
870,new,AT15,Albany Arid Thicket,AridThicket,1,0,intact,0,intact,AT15_intact,26.851983621211108,-33.25308782964675
871,new,AT15,Albany Arid Thicket,AridThicket,1,0,intact,0,intact,AT15_intact,26.788741868194602,-33.249533954517396
872,new,AT15,Albany Arid Thicket,AridThicket,1,0,intact,0,intact,AT15_intact,26.836794197950802,-33.25221375985075
873,new,AT15,Albany Arid Thicket,AridThicket,1,0,intact,0,intact,AT15_intact,26.90803837986439,-33.262518212770004
874,new,AT15,Albany Arid Thicket,AridThicket,1,0,intact,0,intact,AT15_intact,26.58048599042668,-33.212814076254986
875,new,AT15,Albany Arid Thicket,AridThicket,1,0,intact,1,moderate,AT15_intact,26.657369643610085,-33.22942114071851
876,new,AT15,Albany Arid Thicket,AridThicket,1,0,intact,0,intact,AT15_intact,26.79485943082544,-33.249409091118544
877,new,AT15,Albany Arid Thicket,AridThicket,1,0,intact,0,intact,AT15_intact,26.598929980820095,-33.21333899691685
878,new,AT15,Albany Arid Thicket,AridThicket,1,0,intact,1,moderate,AT15_intact,26.56530829650764,-33.210655911467256
879,new,AT15,Albany Arid Thicket,AridThicket,1,0,intact,0,intact,AT15_intact,26.665909877363568,-33.229433677005204
880,new,AT15,Albany Arid Thicket,AridThicket,1,0,intact,0,intact,AT15_intact,26.762503591626196,-33.249295361325
881,new,AT15,Albany Arid Thicket,AridThicket,1,0,intact,0,intact,AT15_intact,26.832906443242774,-33.24897692108699
882,new,AT15,Albany Arid Thicket,AridThicket,1,0,intact,0,intact,AT15_intact,26.62396739169595,-33.21841822029984
883,new,AT15,Albany Arid Thicket,AridThicket,1,0,intact,0,intact,AT15_intact,26.67416502014559,-33.23197914765908
884,new,AT15,Albany Arid Thicket,AridThicket,1,0,intact,1,moderate,AT15_intact,26.8870547583238,-33.25788679056103
885,new,AT15,Albany Arid Thicket,AridThicket,1,0,intact,0,intact,AT15_intact,26.58175059204019,-33.20797455737239
886,new,AT15,Albany Arid Thicket,AridThicket,1,0,intact,0,intact,AT15_intact,26.70071572129214,-33.237224856889284
887,new,AT15,Albany Arid Thicket,AridThicket,1,0,intact,0,intact,AT15_intact,26.728233046591527,-33.24429538402711
888,new,AT15,Albany Arid Thicket,AridThicket,1,0,intact,0,intact,AT15_intact,26.676320316258863,-33.23481575470536
889,new,AT15,Albany Arid Thicket,AridThicket,1,0,intact,0,intact,AT15_intact,26.590770313323937,-33.21123816551717
890,new,AT15,Albany Arid Thicket,AridThicket,1,0,intact,0,intact,AT15_intact,26.574595254586995,-33.20768564470803
891,new,AT15,Albany Arid Thicket,AridThicket,1,0,intact,0,intact,AT15_intact,26.57267951298855,-33.20956772488431
892,new,AT15,Albany Arid Thicket,AridThicket,1,0,intact,0,intact,AT15_intact,26.699800449314168,-33.2389449357274
893,new,AT15,Albany Arid Thicket,AridThicket,1,0,intact,0,intact,AT15_intact,26.589448608434687,-33.21269586180306
894,new,AT15,Albany Arid Thicket,AridThicket,1,0,intact,0,intact,AT15_intact,26.9042461802588,-33.260247281352086
895,new,AT15,Albany Arid Thicket,AridThicket,1,0,intact,0,intact,AT15_intact,26.587252787180976,-33.2086079582066
896,new,AT15,Albany Arid Thicket,AridThicket,1,1,moderate,1,moderate,AT15_moderate,26.896547054637544,-33.258133285110844
897,new,AT15,Albany Arid Thicket,AridThicket,1,1,moderate,1,moderate,AT15_moderate,26.56606690919943,-33.20636461715845
898,new,AT15,Albany Arid Thicket,AridThicket,1,1,moderate,0,intact,AT15_moderate,26.565336841326186,-33.20439335912077
899,new,AT15,Albany Arid Thicket,AridThicket,1,1,moderate,1,moderate,AT15_moderate,26.89130149888866,-33.25732810089075
900,new,AT15,Albany Arid Thicket,AridThicket,1,2,severe,1,moderate,AT15_severe,26.90533288117968,-33.263317395454344
901,new,AT17,Albany Mesic Thicket,MesicThicket,3,0,intact,0,intact,AT17_intact,26.557127986869904,-33.53255498977021
902,new,AT17,Albany Mesic Thicket,MesicThicket,3,0,intact,0,intact,AT17_intact,26.5883592626511,-33.59077446159409
903,new,AT17,Albany Mesic Thicket,MesicThicket,3,0,intact,0,intact,AT17_intact,26.500235935313654,-33.59221506864528
904,new,AT17,Albany Mesic Thicket,MesicThicket,3,0,intact,0,intact,AT17_intact,26.525320394929594,-33.633811930223416
905,new,AT17,Albany Mesic Thicket,MesicThicket,3,0,intact,0,intact,AT17_intact,26.70432203838356,-33.446781067271175
906,new,AT17,Albany Mesic Thicket,MesicThicket,3,0,intact,0,intact,AT17_intact,26.860480174633786,-33.566875695091035
907,new,AT17,Albany Mesic Thicket,MesicThicket,3,0,intact,0,intact,AT17_intact,26.599041148968986,-33.6583208670247
908,new,AT17,Albany Mesic Thicket,MesicThicket,3,0,intact,0,intact,AT17_intact,25.8766778478512,-33.32505188291655
909,new,AT17,Albany Mesic Thicket,MesicThicket,3,0,intact,0,intact,AT17_intact,26.81123379583105,-33.47686753929812
910,new,AT17,Albany Mesic Thicket,MesicThicket,3,0,intact,0,intact,AT17_intact,26.645666536814403,-33.32307062888904
911,new,AT17,Albany Mesic Thicket,MesicThicket,3,0,intact,0,intact,AT17_intact,26.568220738723312,-33.54044649930999
912,new,AT17,Albany Mesic Thicket,MesicThicket,3,0,intact,0,intact,AT17_intact,25.84743593149275,-33.30921490008648
913,new,AT17,Albany Mesic Thicket,MesicThicket,3,0,intact,0,intact,AT17_intact,26.547777809462346,-33.58543978219747
914,new,AT17,Albany Mesic Thicket,MesicThicket,3,0,intact,0,intact,AT17_intact,26.636194376267074,-33.62270654089067
915,new,AT17,Albany Mesic Thicket,MesicThicket,3,0,intact,0,intact,AT17_intact,26.73119952122393,-33.58221709537273
916,new,AT17,Albany Mesic Thicket,MesicThicket,3,0,intact,0,intact,AT17_intact,26.42236668299248,-33.37595528702032
917,new,AT17,Albany Mesic Thicket,MesicThicket,3,0,intact,0,intact,AT17_intact,26.873983569783938,-33.55808751843027
918,new,AT17,Albany Mesic Thicket,MesicThicket,3,0,intact,0,intact,AT17_intact,26.484958466972497,-33.622448820544136
919,new,AT17,Albany Mesic Thicket,MesicThicket,3,1,moderate,-1,,AT17_moderate,26.665422197168006,-33.3248324542835
920,new,AT17,Albany Mesic Thicket,MesicThicket,3,1,moderate,1,moderate,AT17_moderate,26.485198634179337,-33.57712590438989
921,new,AT17,Albany Mesic Thicket,MesicThicket,3,1,moderate,1,moderate,AT17_moderate,26.56431684784044,-33.531524204618286
922,new,AT17,Albany Mesic Thicket,MesicThicket,3,1,moderate,0,intact,AT17_moderate,26.57280108570474,-33.573751667909534
923,new,AT17,Albany Mesic Thicket,MesicThicket,3,1,moderate,-1,,AT17_moderate,25.918970545476206,-33.32992784454041
924,new,AT17,Albany Mesic Thicket,MesicThicket,3,1,moderate,1,moderate,AT17_moderate,25.932086578906645,-33.33257209449125
925,new,AT17,Albany Mesic Thicket,MesicThicket,3,1,moderate,1,moderate,AT17_moderate,26.418172904788747,-33.394862395454034
926,new,AT17,Albany Mesic Thicket,MesicThicket,3,1,moderate,0,intact,AT17_moderate,26.346257860586583,-33.41193118649907
927,new,AT17,Albany Mesic Thicket,MesicThicket,3,1,moderate,1,moderate,AT17_moderate,25.833999330045298,-33.308338559564696
928,new,AT17,Albany Mesic Thicket,MesicThicket,3,1,moderate,1,moderate,AT17_moderate,26.560526611363372,-33.61954286363424
929,new,AT17,Albany Mesic Thicket,MesicThicket,3,2,severe,1,moderate,AT17_severe,26.67766292180146,-33.58532402288618
930,new,AT17,Albany Mesic Thicket,MesicThicket,3,2,severe,2,severe,AT17_severe,26.45112583207674,-33.60735314026541
931,new,AT17,Albany Mesic Thicket,MesicThicket,3,2,severe,2,severe,AT17_severe,26.640434198676235,-33.56290357132216
932,new,AT17,Albany Mesic Thicket,MesicThicket,3,2,severe,2,severe,AT17_severe,26.606228143968433,-33.54462975556638
933,new,AT17,Albany Mesic Thicket,MesicThicket,3,2,severe,1,moderate,AT17_severe,26.45604278702754,-33.685063128396344
934,new,AT17,Albany Mesic Thicket,MesicThicket,3,2,severe,2,severe,AT17_severe,25.94603425804139,-33.58135972067974
935,new,AT17,Albany Mesic Thicket,MesicThicket,3,2,severe,2,severe,AT17_severe,26.834559654534925,-33.55868637776338
936,new,AT17,Albany Mesic Thicket,MesicThicket,3,2,severe,2,severe,AT17_severe,26.546207039130383,-33.643391368007364
937,new,AT17,Albany Mesic Thicket,MesicThicket,3,2,severe,2,severe,AT17_severe,25.832149159788745,-33.5734238850072
938,new,AT17,Albany Mesic Thicket,MesicThicket,3,2,severe,2,severe,AT17_severe,26.630157053607846,-33.63269934758884
939,new,AT17,Albany Mesic Thicket,MesicThicket,3,2,severe,2,severe,AT17_severe,26.38363897872756,-33.60858617763006
940,new,AT17,Albany Mesic Thicket,MesicThicket,3,2,severe,2,severe,AT17_severe,26.514989456857595,-33.59002859377595
941,new,AT17,Albany Mesic Thicket,MesicThicket,3,2,severe,2,severe,AT17_severe,25.93878379774537,-33.576883061437734
942,new,AT17,Albany Mesic Thicket,MesicThicket,3,2,severe,2,severe,AT17_severe,26.415497189867697,-33.418840172218374
943,new,AT17,Albany Mesic Thicket,MesicThicket,3,2,severe,2,severe,AT17_severe,25.863155476322074,-33.54634477350409
944,new,AT17,Albany Mesic Thicket,MesicThicket,3,2,severe,2,severe,AT17_severe,25.80632451536803,-33.30496616829125
945,new,AT17,Albany Mesic Thicket,MesicThicket,3,2,severe,-1,,AT17_severe,26.333647547178145,-33.41407569338965
946,new,AT17,Albany Mesic Thicket,MesicThicket,3,2,severe,2,severe,AT17_severe,26.397155463564886,-33.606662416052565
947,new,AT17,Albany Mesic Thicket,MesicThicket,3,2,severe,2,severe,AT17_severe,26.816380145332904,-33.57366078847712
948,new,AT17,Albany Mesic Thicket,MesicThicket,3,2,severe,2,severe,AT17_severe,26.647165891136098,-33.54789148621946
949,new,AT17,Albany Mesic Thicket,MesicThicket,3,2,severe,2,severe,AT17_severe,25.8405779462425,-33.580684307245825
950,new,AT18,Albany Valley Thicket,ValleyThicket,2,0,intact,0,intact,AT18_intact,25.985459798400143,-33.36726429725627
951,new,AT18,Albany Valley Thicket,ValleyThicket,2,0,intact,0,intact,AT18_intact,26.90298896749399,-33.33293205471471
952,new,AT18,Albany Valley Thicket,ValleyThicket,2,0,intact,0,intact,AT18_intact,25.875236606000716,-33.595466178426044
953,new,AT18,Albany Valley Thicket,ValleyThicket,2,0,intact,0,intact,AT18_intact,25.90051880536006,-33.37405236561876
954,new,AT18,Albany Valley Thicket,ValleyThicket,2,0,intact,0,intact,AT18_intact,26.726390226443865,-33.519575322824586
955,new,AT18,Albany Valley Thicket,ValleyThicket,2,0,intact,0,intact,AT18_intact,25.97675369906904,-33.41234434040791
956,new,AT18,Albany Valley Thicket,ValleyThicket,2,0,intact,0,intact,AT18_intact,26.519030685815338,-33.224880559041424
957,new,AT18,Albany Valley Thicket,ValleyThicket,2,0,intact,-1,,AT18_intact,26.700882386538222,-33.348009425145364
958,new,AT18,Albany Valley Thicket,ValleyThicket,2,0,intact,0,intact,AT18_intact,26.727203826186578,-33.246190529241645
959,new,AT18,Albany Valley Thicket,ValleyThicket,2,0,intact,0,intact,AT18_intact,26.740400166660947,-33.51460619773013
960,new,AT18,Albany Valley Thicket,ValleyThicket,2,0,intact,0,intact,AT18_intact,26.532977131630997,-33.2297147485309
961,new,AT18,Albany Valley Thicket,ValleyThicket,2,0,intact,0,intact,AT18_intact,26.70817615026645,-33.252369207367636
962,new,AT18,Albany Valley Thicket,ValleyThicket,2,0,intact,1,moderate,AT18_intact,26.050050593389308,-33.41197076243718
963,new,AT18,Albany Valley Thicket,ValleyThicket,2,0,intact,0,intact,AT18_intact,26.695260091444812,-33.39289879155862
964,new,AT18,Albany Valley Thicket,ValleyThicket,2,0,intact,0,intact,AT18_intact,26.829376967774422,-33.44063077835904
965,new,AT18,Albany Valley Thicket,ValleyThicket,2,0,intact,0,intact,AT18_intact,25.950736647492487,-33.34612701164286
966,new,AT18,Albany Valley Thicket,ValleyThicket,2,0,intact,0,intact,AT18_intact,26.670155812429925,-33.46575580815816
967,new,AT18,Albany Valley Thicket,ValleyThicket,2,0,intact,0,intact,AT18_intact,25.889645131557995,-33.3971839864472
968,new,AT18,Albany Valley Thicket,ValleyThicket,2,0,intact,0,intact,AT18_intact,26.083194803623716,-33.3772944046049
969,new,AT18,Albany Valley Thicket,ValleyThicket,2,0,intact,0,intact,AT18_intact,26.671210327950284,-33.37562845819795
970,new,AT18,Albany Valley Thicket,ValleyThicket,2,0,intact,0,intact,AT18_intact,26.654162975885768,-33.448275890549056
971,new,AT18,Albany Valley Thicket,ValleyThicket,2,0,intact,0,intact,AT18_intact,26.704624354268937,-33.38377533871486
972,new,AT18,Albany Valley Thicket,ValleyThicket,2,0,intact,0,intact,AT18_intact,26.275117219142153,-33.51793913046808
973,new,AT18,Albany Valley Thicket,ValleyThicket,2,0,intact,0,intact,AT18_intact,26.033061654337146,-33.39644841820498
974,new,AT18,Albany Valley Thicket,ValleyThicket,2,0,intact,0,intact,AT18_intact,25.981556413467228,-33.36490696316159
975,new,AT18,Albany Valley Thicket,ValleyThicket,2,0,intact,0,intact,AT18_intact,26.64204423075314,-33.354951884717934
976,new,AT18,Albany Valley Thicket,ValleyThicket,2,1,moderate,1,moderate,AT18_moderate,25.94849091359322,-33.29857265738968
977,new,AT18,Albany Valley Thicket,ValleyThicket,2,1,moderate,1,moderate,AT18_moderate,26.113022273504406,-33.138026202498935
978,new,AT18,Albany Valley Thicket,ValleyThicket,2,1,moderate,1,moderate,AT18_moderate,25.760437174160188,-33.24859724790739
979,new,AT18,Albany Valley Thicket,ValleyThicket,2,1,moderate,1,moderate,AT18_moderate,26.05024178277419,-33.19140029751155
980,new,AT18,Albany Valley Thicket,ValleyThicket,2,1,moderate,1,moderate,AT18_moderate,26.28769685229626,-33.184782781738186
981,new,AT18,Albany Valley Thicket,ValleyThicket,2,1,moderate,1,moderate,AT18_moderate,26.46950477415157,-33.21106462453213
982,new,AT18,Albany Valley Thicket,ValleyThicket,2,1,moderate,1,moderate,AT18_moderate,26.330807996930144,-33.170299719767996
983,new,AT18,Albany Valley Thicket,ValleyThicket,2,1,moderate,1,moderate,AT18_moderate,26.077169083146995,-33.22772273535203
984,new,AT18,Albany Valley Thicket,ValleyThicket,2,1,moderate,2,severe,AT18_moderate,25.634980155846353,-33.131670521163706
985,new,AT18,Albany Valley Thicket,ValleyThicket,2,1,moderate,1,moderate,AT18_moderate,26.283945300951352,-33.17637687824146
986,new,AT18,Albany Valley Thicket,ValleyThicket,2,1,moderate,0,intact,AT18_moderate,26.131602143113565,-33.46653297787805
987,new,AT18,Albany Valley Thicket,ValleyThicket,2,2,severe,2,severe,AT18_severe,25.712509005191624,-33.22129590488901
988,new,AT18,Albany Valley Thicket,ValleyThicket,2,2,severe,2,severe,AT18_severe,25.714478256285084,-33.23482540552044
989,new,AT18,Albany Valley Thicket,ValleyThicket,2,2,severe,2,severe,AT18_severe,25.998686522419373,-33.3525528872117
990,new,AT18,Albany Valley Thicket,ValleyThicket,2,2,severe,2,severe,AT18_severe,25.839422945924547,-33.10428637033602
991,new,AT18,Albany Valley Thicket,ValleyThicket,2,2,severe,2,severe,AT18_severe,26.21027193055475,-33.21846204534285
992,new,AT18,Albany Valley Thicket,ValleyThicket,2,2,severe,1,moderate,AT18_severe,26.274142656261137,-33.23759358772861
993,new,AT18,Albany Valley Thicket,ValleyThicket,2,2,severe,1,moderate,AT18_severe,26.170172912676538,-33.21349157601415
994,new,AT18,Albany Valley Thicket,ValleyThicket,2,2,severe,2,severe,AT18_severe,26.635553626874998,-33.392592313572216
995,new,AT18,Albany Valley Thicket,ValleyThicket,2,2,severe,2,severe,AT18_severe,26.256981829085003,-33.215054409744184
996,new,AT18,Albany Valley Thicket,ValleyThicket,2,2,severe,2,severe,AT18_severe,25.549672936555403,-33.23185319289843
997,new,AT18,Albany Valley Thicket,ValleyThicket,2,2,severe,2,severe,AT18_severe,26.387907298225908,-33.178471113896514
998,new,AT18,Albany Valley Thicket,ValleyThicket,2,2,severe,2,severe,AT18_severe,26.253061376624153,-33.14803056072424
999,new,AT18,Albany Valley Thicket,ValleyThicket,2,2,severe,2,severe,AT18_severe,25.558403883827772,-33.20336101979599
1000,new,AT18,Albany Valley Thicket,ValleyThicket,2,2,severe,2,severe,AT18_severe,25.843315277561135,-33.238234283897235
1001,new,AT18,Albany Valley Thicket,ValleyThicket,2,2,severe,2,severe,AT18_severe,25.833066671667073,-33.263633604545326
1002,new,AT19,Baviaans Valley Thicket,ValleyThicket,2,0,intact,1,moderate,AT19_intact,23.94619597501886,-33.1115089186609
1003,new,AT19,Baviaans Valley Thicket,ValleyThicket,2,0,intact,0,intact,AT19_intact,25.18728475773368,-33.24345862485239
1004,new,AT19,Baviaans Valley Thicket,ValleyThicket,2,0,intact,0,intact,AT19_intact,24.25168392105251,-33.605172985692995
1005,new,AT19,Baviaans Valley Thicket,ValleyThicket,2,0,intact,0,intact,AT19_intact,25.36937327477242,-33.29499014509349
1006,new,AT19,Baviaans Valley Thicket,ValleyThicket,2,0,intact,0,intact,AT19_intact,24.32880672635445,-33.6873586398893
1007,new,AT19,Baviaans Valley Thicket,ValleyThicket,2,0,intact,1,moderate,AT19_intact,25.051867976140525,-33.26931065908071
1008,new,AT19,Baviaans Valley Thicket,ValleyThicket,2,0,intact,0,intact,AT19_intact,25.12180206065314,-33.23427796626849
1009,new,AT19,Baviaans Valley Thicket,ValleyThicket,2,0,intact,0,intact,AT19_intact,25.037720686620446,-33.25735388205406
1010,new,AT19,Baviaans Valley Thicket,ValleyThicket,2,0,intact,1,moderate,AT19_intact,25.055400582147065,-33.269615501868266
1011,new,AT19,Baviaans Valley Thicket,ValleyThicket,2,0,intact,0,intact,AT19_intact,24.175327630940146,-33.581826794373576
1012,new,AT19,Baviaans Valley Thicket,ValleyThicket,2,0,intact,0,intact,AT19_intact,24.365340918702714,-33.659336393668234
1013,new,AT19,Baviaans Valley Thicket,ValleyThicket,2,0,intact,0,intact,AT19_intact,24.410406467189514,-33.64573521564912
1014,new,AT19,Baviaans Valley Thicket,ValleyThicket,2,0,intact,0,intact,AT19_intact,25.29429274731104,-33.2513015520979
1015,new,AT19,Baviaans Valley Thicket,ValleyThicket,2,0,intact,0,intact,AT19_intact,25.426059696770984,-33.26919068461413
1016,new,AT19,Baviaans Valley Thicket,ValleyThicket,2,0,intact,0,intact,AT19_intact,24.490516993613443,-33.68868309844916
1017,new,AT19,Baviaans Valley Thicket,ValleyThicket,2,0,intact,0,intact,AT19_intact,24.630719861610057,-33.35819772280508
1018,new,AT19,Baviaans Valley Thicket,ValleyThicket,2,0,intact,0,intact,AT19_intact,24.277506243487355,-33.78436552986265
1019,new,AT19,Baviaans Valley Thicket,ValleyThicket,2,1,moderate,1,moderate,AT19_moderate,23.91593648235819,-33.77287842907861
1020,new,AT19,Baviaans Valley Thicket,ValleyThicket,2,1,moderate,1,moderate,AT19_moderate,24.19868846078422,-33.61066249804401
1021,new,AT19,Baviaans Valley Thicket,ValleyThicket,2,1,moderate,1,moderate,AT19_moderate,24.09667617525698,-33.15926100547081
1022,new,AT19,Baviaans Valley Thicket,ValleyThicket,2,1,moderate,1,moderate,AT19_moderate,24.16231537738245,-33.60160396588747
1023,new,AT19,Baviaans Valley Thicket,ValleyThicket,2,1,moderate,1,moderate,AT19_moderate,23.333612409907467,-33.21080476257524
1024,new,AT19,Baviaans Valley Thicket,ValleyThicket,2,1,moderate,1,moderate,AT19_moderate,23.93703607643293,-33.13004332591836
1025,new,AT19,Baviaans Valley Thicket,ValleyThicket,2,1,moderate,1,moderate,AT19_moderate,24.16977668476576,-33.583869447010855
1026,new,AT19,Baviaans Valley Thicket,ValleyThicket,2,1,moderate,1,moderate,AT19_moderate,24.593675390138618,-33.52038189736105
1027,new,AT19,Baviaans Valley Thicket,ValleyThicket,2,1,moderate,0,intact,AT19_moderate,24.227495446600713,-33.79735874066871
1028,new,AT19,Baviaans Valley Thicket,ValleyThicket,2,1,moderate,1,moderate,AT19_moderate,23.720075914671806,-33.58123535920043
1029,new,AT19,Baviaans Valley Thicket,ValleyThicket,2,1,moderate,1,moderate,AT19_moderate,24.24062399708542,-33.811102815319536
1030,new,AT19,Baviaans Valley Thicket,ValleyThicket,2,1,moderate,1,moderate,AT19_moderate,23.79687081148449,-33.11625166062692
1031,new,AT19,Baviaans Valley Thicket,ValleyThicket,2,1,moderate,1,moderate,AT19_moderate,23.768369062925938,-33.5512822420604
1032,new,AT19,Baviaans Valley Thicket,ValleyThicket,2,1,moderate,1,moderate,AT19_moderate,23.824312609692875,-33.12191134738026
1033,new,AT19,Baviaans Valley Thicket,ValleyThicket,2,1,moderate,1,moderate,AT19_moderate,23.45690534241231,-33.23231013552242
1034,new,AT19,Baviaans Valley Thicket,ValleyThicket,2,1,moderate,1,moderate,AT19_moderate,24.499097043103742,-33.71510353795342
1035,new,AT19,Baviaans Valley Thicket,ValleyThicket,2,1,moderate,1,moderate,AT19_moderate,23.31992228863323,-33.22064139545587
1036,new,AT19,Baviaans Valley Thicket,ValleyThicket,2,1,moderate,0,intact,AT19_moderate,24.308644192823934,-33.66100131427506
1037,new,AT19,Baviaans Valley Thicket,ValleyThicket,2,2,severe,1,moderate,AT19_severe,24.27082969824927,-33.53236190534845
1038,new,AT19,Baviaans Valley Thicket,ValleyThicket,2,2,severe,1,moderate,AT19_severe,23.736238099885398,-33.10002379682036
1039,new,AT19,Baviaans Valley Thicket,ValleyThicket,2,2,severe,2,severe,AT19_severe,24.227173652595123,-33.203466531684015
1040,new,AT19,Baviaans Valley Thicket,ValleyThicket,2,2,severe,2,severe,AT19_severe,23.78182389302434,-33.42636771855691
1041,new,AT19,Baviaans Valley Thicket,ValleyThicket,2,2,severe,2,severe,AT19_severe,23.892905477426186,-33.54305381148022
1042,new,AT19,Baviaans Valley Thicket,ValleyThicket,2,2,severe,2,severe,AT19_severe,23.72037896724173,-33.460029212816366
1043,new,AT19,Baviaans Valley Thicket,ValleyThicket,2,2,severe,2,severe,AT19_severe,25.012650014396115,-33.25498982065307
1044,new,AT19,Baviaans Valley Thicket,ValleyThicket,2,2,severe,1,moderate,AT19_severe,24.324194819443207,-33.570471951088734
1045,new,AT19,Baviaans Valley Thicket,ValleyThicket,2,2,severe,2,severe,AT19_severe,24.873469424954756,-33.548476310898195
1046,new,AT19,Baviaans Valley Thicket,ValleyThicket,2,2,severe,1,moderate,AT19_severe,23.421186142184954,-33.22137998813494
1047,new,AT19,Baviaans Valley Thicket,ValleyThicket,2,2,severe,2,severe,AT19_severe,23.32131029991906,-33.21835619252297
1048,new,AT19,Baviaans Valley Thicket,ValleyThicket,2,2,severe,2,severe,AT19_severe,24.091677041149694,-33.59336039953526
1049,new,AT19,Baviaans Valley Thicket,ValleyThicket,2,2,severe,2,severe,AT19_severe,23.930511816510894,-33.46805753322543
1050,new,AT19,Baviaans Valley Thicket,ValleyThicket,2,2,severe,2,severe,AT19_severe,23.87170207239983,-33.12514476286187
1051,new,AT19,Baviaans Valley Thicket,ValleyThicket,2,2,severe,2,severe,AT19_severe,25.093261111262862,-33.24460245702965
1052,new,AT19,Baviaans Valley Thicket,ValleyThicket,2,2,severe,2,severe,AT19_severe,23.371569591491618,-33.19878038828444
1053,new,AT21,Buffels Mesic Thicket,MesicThicket,3,0,intact,0,intact,AT21_intact,27.699666490564752,-32.83945293346947
1054,new,AT21,Buffels Mesic Thicket,MesicThicket,3,0,intact,1,moderate,AT21_intact,27.981437718793366,-32.736422322681456
1055,new,AT21,Buffels Mesic Thicket,MesicThicket,3,0,intact,0,intact,AT21_intact,28.29281060984974,-32.616691859231416
1056,new,AT21,Buffels Mesic Thicket,MesicThicket,3,0,intact,0,intact,AT21_intact,27.607733634073007,-32.75079423308978
1057,new,AT21,Buffels Mesic Thicket,MesicThicket,3,0,intact,0,intact,AT21_intact,27.685173115535232,-32.853550666370744
1058,new,AT21,Buffels Mesic Thicket,MesicThicket,3,0,intact,0,intact,AT21_intact,27.736809321694178,-32.89298345600009
1059,new,AT21,Buffels Mesic Thicket,MesicThicket,3,0,intact,0,intact,AT21_intact,27.730046603528155,-33.00134837519883
1060,new,AT21,Buffels Mesic Thicket,MesicThicket,3,0,intact,0,intact,AT21_intact,27.663717323825985,-32.841621801303916
1061,new,AT21,Buffels Mesic Thicket,MesicThicket,3,0,intact,0,intact,AT21_intact,27.99276419059788,-32.81031070053342
1062,new,AT21,Buffels Mesic Thicket,MesicThicket,3,0,intact,0,intact,AT21_intact,27.829698512213604,-32.81085276666073
1063,new,AT21,Buffels Mesic Thicket,MesicThicket,3,0,intact,0,intact,AT21_intact,27.58073224203594,-32.985704198929696
1064,new,AT21,Buffels Mesic Thicket,MesicThicket,3,0,intact,0,intact,AT21_intact,27.70670284455069,-32.851646640495126
1065,new,AT21,Buffels Mesic Thicket,MesicThicket,3,0,intact,0,intact,AT21_intact,27.655765037382793,-32.97868715938889
1066,new,AT21,Buffels Mesic Thicket,MesicThicket,3,0,intact,0,intact,AT21_intact,27.805968955449963,-32.77243050069758
1067,new,AT21,Buffels Mesic Thicket,MesicThicket,3,0,intact,0,intact,AT21_intact,27.915713171307313,-32.62297218306246
1068,new,AT21,Buffels Mesic Thicket,MesicThicket,3,0,intact,0,intact,AT21_intact,27.869381010256724,-32.79165034581578
1069,new,AT21,Buffels Mesic Thicket,MesicThicket,3,0,intact,0,intact,AT21_intact,27.884469275334823,-32.95399775581079
1070,new,AT21,Buffels Mesic Thicket,MesicThicket,3,0,intact,0,intact,AT21_intact,27.760037358166894,-32.710456569969374
1071,new,AT21,Buffels Mesic Thicket,MesicThicket,3,0,intact,0,intact,AT21_intact,27.633530212258325,-32.805649267235296
1072,new,AT21,Buffels Mesic Thicket,MesicThicket,3,0,intact,0,intact,AT21_intact,27.74072511006263,-32.711642647654394
1073,new,AT21,Buffels Mesic Thicket,MesicThicket,3,0,intact,0,intact,AT21_intact,27.61548228769575,-32.99991048811568
1074,new,AT21,Buffels Mesic Thicket,MesicThicket,3,0,intact,0,intact,AT21_intact,27.75353046399664,-32.997695184867936
1075,new,AT21,Buffels Mesic Thicket,MesicThicket,3,0,intact,0,intact,AT21_intact,27.725198887035667,-32.992223081060146
1076,new,AT21,Buffels Mesic Thicket,MesicThicket,3,0,intact,0,intact,AT21_intact,27.81063442466665,-32.72719372367243
1077,new,AT21,Buffels Mesic Thicket,MesicThicket,3,0,intact,0,intact,AT21_intact,27.72757756723731,-32.68949098526442
1078,new,AT21,Buffels Mesic Thicket,MesicThicket,3,0,intact,0,intact,AT21_intact,27.749568553724306,-32.69061368999127
1079,new,AT21,Buffels Mesic Thicket,MesicThicket,3,0,intact,0,intact,AT21_intact,27.658494307123178,-33.002497212535204
1080,new,AT21,Buffels Mesic Thicket,MesicThicket,3,0,intact,0,intact,AT21_intact,27.921953957123876,-32.68811655728833
1081,new,AT21,Buffels Mesic Thicket,MesicThicket,3,0,intact,0,intact,AT21_intact,27.871577529601264,-32.827191535620976
1082,new,AT21,Buffels Mesic Thicket,MesicThicket,3,0,intact,-1,,AT21_intact,28.00562051666906,-32.92413140571398
1083,new,AT21,Buffels Mesic Thicket,MesicThicket,3,1,moderate,1,moderate,AT21_moderate,27.764621092671717,-32.97944418538735
1084,new,AT21,Buffels Mesic Thicket,MesicThicket,3,1,moderate,1,moderate,AT21_moderate,27.89919101546551,-32.69006335498864
1085,new,AT21,Buffels Mesic Thicket,MesicThicket,3,1,moderate,1,moderate,AT21_moderate,27.64137827106473,-32.814852082690244
1086,new,AT21,Buffels Mesic Thicket,MesicThicket,3,1,moderate,2,severe,AT21_moderate,27.71187101652576,-32.973726480858
1087,new,AT21,Buffels Mesic Thicket,MesicThicket,3,1,moderate,1,moderate,AT21_moderate,27.62117124323351,-32.996901227169275
1088,new,AT21,Buffels Mesic Thicket,MesicThicket,3,1,moderate,0,intact,AT21_moderate,27.65332439714014,-32.839412457736046
1089,new,AT21,Buffels Mesic Thicket,MesicThicket,3,1,moderate,2,severe,AT21_moderate,27.717829467933782,-32.83499968964598
1090,new,AT21,Buffels Mesic Thicket,MesicThicket,3,1,moderate,1,moderate,AT21_moderate,27.71810736792489,-32.97013407119458
1091,new,AT21,Buffels Mesic Thicket,MesicThicket,3,1,moderate,0,intact,AT21_moderate,27.77484958471609,-32.97421632518565
1092,new,AT21,Buffels Mesic Thicket,MesicThicket,3,1,moderate,1,moderate,AT21_moderate,27.912395502868137,-32.712165349497624
1093,new,AT21,Buffels Mesic Thicket,MesicThicket,3,1,moderate,1,moderate,AT21_moderate,27.805084086420575,-32.98717898276514
1094,new,AT21,Buffels Mesic Thicket,MesicThicket,3,2,severe,2,severe,AT21_severe,27.984989459719596,-32.739698141971125
1095,new,AT21,Buffels Mesic Thicket,MesicThicket,3,2,severe,1,moderate,AT21_severe,28.024329570268712,-32.874940499113194
1096,new,AT21,Buffels Mesic Thicket,MesicThicket,3,2,severe,2,severe,AT21_severe,27.680568143669994,-32.99343076713343
1097,new,AT21,Buffels Mesic Thicket,MesicThicket,3,2,severe,1,moderate,AT21_severe,27.993882703977206,-32.92990200527085
1098,new,AT21,Buffels Mesic Thicket,MesicThicket,3,2,severe,2,severe,AT21_severe,27.638736191443833,-32.817622745637756
1099,new,AT22,Buffels Valley Thicket,ValleyThicket,2,0,intact,0,intact,AT22_intact,27.5272251191987,-32.966047252550986
1100,new,AT22,Buffels Valley Thicket,ValleyThicket,2,0,intact,0,intact,AT22_intact,27.523056979585395,-32.973975244643384
1101,new,AT22,Buffels Valley Thicket,ValleyThicket,2,0,intact,0,intact,AT22_intact,27.395174215519823,-32.815524265235105
1102,new,AT22,Buffels Valley Thicket,ValleyThicket,2,0,intact,-1,,AT22_intact,27.55430033450264,-32.9598895169621
1103,new,AT22,Buffels Valley Thicket,ValleyThicket,2,0,intact,0,intact,AT22_intact,27.150986532883117,-32.70357075662616
1104,new,AT22,Buffels Valley Thicket,ValleyThicket,2,0,intact,-1,,AT22_intact,27.532726358982817,-32.955300813810446
1105,new,AT22,Buffels Valley Thicket,ValleyThicket,2,0,intact,0,intact,AT22_intact,27.45917589931591,-32.87233917388778
1106,new,AT22,Buffels Valley Thicket,ValleyThicket,2,0,intact,-1,,AT22_intact,27.111051284724912,-32.75674591398211
1107,new,AT22,Buffels Valley Thicket,ValleyThicket,2,0,intact,0,intact,AT22_intact,27.362244934535592,-32.87367523512855
1108,new,AT22,Buffels Valley Thicket,ValleyThicket,2,0,intact,0,intact,AT22_intact,27.37611816706963,-32.78945135637557
1109,new,AT22,Buffels Valley Thicket,ValleyThicket,2,0,intact,0,intact,AT22_intact,27.1829223941048,-32.69483531688723
1110,new,AT22,Buffels Valley Thicket,ValleyThicket,2,0,intact,0,intact,AT22_intact,27.14408134863155,-32.70439168615487
1111,new,AT22,Buffels Valley Thicket,ValleyThicket,2,0,intact,0,intact,AT22_intact,27.063929698425408,-32.7570729159846
1112,new,AT22,Buffels Valley Thicket,ValleyThicket,2,0,intact,-1,,AT22_intact,27.187614760249303,-32.73506869198051
1113,new,AT22,Buffels Valley Thicket,ValleyThicket,2,0,intact,-1,,AT22_intact,27.1873617571257,-32.65214531190183
1114,new,AT22,Buffels Valley Thicket,ValleyThicket,2,0,intact,0,intact,AT22_intact,27.046272357847297,-32.78000104083177
1115,new,AT22,Buffels Valley Thicket,ValleyThicket,2,0,intact,0,intact,AT22_intact,27.142296586663115,-32.711789619125454
1116,new,AT22,Buffels Valley Thicket,ValleyThicket,2,0,intact,0,intact,AT22_intact,27.380453257906588,-32.7574546677918
1117,new,AT22,Buffels Valley Thicket,ValleyThicket,2,0,intact,-1,,AT22_intact,27.13620983372793,-32.72345941273457
1118,new,AT22,Buffels Valley Thicket,ValleyThicket,2,1,moderate,1,moderate,AT22_moderate,27.163905331253943,-32.686877577500226
1119,new,AT22,Buffels Valley Thicket,ValleyThicket,2,1,moderate,2,severe,AT22_moderate,27.41716392679102,-32.887541254375776
1120,new,AT22,Buffels Valley Thicket,ValleyThicket,2,1,moderate,-1,,AT22_moderate,27.185666126612585,-32.68274064354197
1121,new,AT22,Buffels Valley Thicket,ValleyThicket,2,1,moderate,1,moderate,AT22_moderate,27.110973492448608,-32.71167628318063
1122,new,AT22,Buffels Valley Thicket,ValleyThicket,2,1,moderate,1,moderate,AT22_moderate,27.53605443961959,-32.96060802441235
1123,new,AT22,Buffels Valley Thicket,ValleyThicket,2,1,moderate,1,moderate,AT22_moderate,27.061462446177963,-32.758299075019664
1124,new,AT22,Buffels Valley Thicket,ValleyThicket,2,1,moderate,1,moderate,AT22_moderate,27.1645019482171,-32.65582457055274
1125,new,AT22,Buffels Valley Thicket,ValleyThicket,2,1,moderate,-1,,AT22_moderate,27.155177245267918,-32.687010773882754
1126,new,AT22,Buffels Valley Thicket,ValleyThicket,2,1,moderate,1,moderate,AT22_moderate,27.0737283784414,-32.76618786712215
1127,new,AT22,Buffels Valley Thicket,ValleyThicket,2,1,moderate,-1,,AT22_moderate,27.19099352854324,-32.65305249456378
1128,new,AT22,Buffels Valley Thicket,ValleyThicket,2,1,moderate,1,moderate,AT22_moderate,27.373695076847014,-32.76965989762556
1129,new,AT22,Buffels Valley Thicket,ValleyThicket,2,1,moderate,1,moderate,AT22_moderate,27.092727803668915,-32.76437258547043
1130,new,AT22,Buffels Valley Thicket,ValleyThicket,2,1,moderate,1,moderate,AT22_moderate,27.069339157573634,-32.78052524131691
1131,new,AT22,Buffels Valley Thicket,ValleyThicket,2,1,moderate,-1,,AT22_moderate,27.36567584040996,-32.79384459810315
1132,new,AT22,Buffels Valley Thicket,ValleyThicket,2,1,moderate,-1,,AT22_moderate,27.385802727107524,-32.78219965464015
1133,new,AT22,Buffels Valley Thicket,ValleyThicket,2,1,moderate,1,moderate,AT22_moderate,27.08803831068284,-32.758907842623636
1134,new,AT22,Buffels Valley Thicket,ValleyThicket,2,1,moderate,1,moderate,AT22_moderate,27.148191939420173,-32.67408605960213
1135,new,AT22,Buffels Valley Thicket,ValleyThicket,2,1,moderate,2,severe,AT22_moderate,27.483460323633324,-32.952490080271026
1136,new,AT22,Buffels Valley Thicket,ValleyThicket,2,1,moderate,-1,,AT22_moderate,27.14578093966816,-32.74099668800192
1137,new,AT22,Buffels Valley Thicket,ValleyThicket,2,1,moderate,1,moderate,AT22_moderate,27.374357127561996,-32.792270789905984
1138,new,AT22,Buffels Valley Thicket,ValleyThicket,2,1,moderate,0,intact,AT22_moderate,27.08115667157711,-32.76333047961575
1139,new,AT22,Buffels Valley Thicket,ValleyThicket,2,2,severe,-1,,AT22_severe,27.480880061061164,-32.921620451350364
1140,new,AT22,Buffels Valley Thicket,ValleyThicket,2,2,severe,-1,,AT22_severe,27.052863085899478,-32.76456375844574
1141,new,AT22,Buffels Valley Thicket,ValleyThicket,2,2,severe,2,severe,AT22_severe,27.442439526916967,-32.92648537611822
1142,new,AT22,Buffels Valley Thicket,ValleyThicket,2,2,severe,-1,,AT22_severe,27.440876087253216,-32.92507530171529
1143,new,AT22,Buffels Valley Thicket,ValleyThicket,2,2,severe,2,severe,AT22_severe,27.500578541105142,-32.90182568936935
1144,new,AT22,Buffels Valley Thicket,ValleyThicket,2,2,severe,-1,,AT22_severe,27.429422871208896,-32.927508169257365
1145,new,AT22,Buffels Valley Thicket,ValleyThicket,2,2,severe,2,severe,AT22_severe,27.063340407398996,-32.76923868458264
1146,new,AT22,Buffels Valley Thicket,ValleyThicket,2,2,severe,-1,,AT22_severe,27.38318441170506,-32.894402439271175
1147,new,AT22,Buffels Valley Thicket,ValleyThicket,2,2,severe,-1,,AT22_severe,27.397911117925748,-32.90155817365451
1148,new,AT27,Escarpment Arid Thicket,AridThicket,1,0,intact,1,moderate,AT27_intact,25.910535179032262,-32.331204913828124
1149,new,AT27,Escarpment Arid Thicket,AridThicket,1,0,intact,1,moderate,AT27_intact,24.272689291385788,-32.35720995063396
1150,new,AT27,Escarpment Arid Thicket,AridThicket,1,0,intact,1,moderate,AT27_intact,24.327228428759383,-32.373291710504176
1151,new,AT27,Escarpment Arid Thicket,AridThicket,1,0,intact,1,moderate,AT27_intact,25.800612418832156,-32.38579758713777
1152,new,AT27,Escarpment Arid Thicket,AridThicket,1,0,intact,1,moderate,AT27_intact,24.411563165247994,-32.23923490109046
1153,new,AT27,Escarpment Arid Thicket,AridThicket,1,0,intact,2,severe,AT27_intact,24.646836692227925,-32.234615590391165
1154,new,AT27,Escarpment Arid Thicket,AridThicket,1,0,intact,0,intact,AT27_intact,24.61869257269194,-32.166237297793735
1155,new,AT27,Escarpment Arid Thicket,AridThicket,1,1,moderate,1,moderate,AT27_moderate,25.475998634440696,-32.01420594058486
1156,new,AT27,Escarpment Arid Thicket,AridThicket,1,1,moderate,1,moderate,AT27_moderate,24.389266100885656,-32.50646040295775
1157,new,AT27,Escarpment Arid Thicket,AridThicket,1,1,moderate,2,severe,AT27_moderate,25.48063913612367,-32.03177806258725
1158,new,AT27,Escarpment Arid Thicket,AridThicket,1,1,moderate,1,moderate,AT27_moderate,23.760310390869826,-32.97545283668548
1159,new,AT27,Escarpment Arid Thicket,AridThicket,1,1,moderate,1,moderate,AT27_moderate,24.672508984120984,-32.25258544989769
1160,new,AT27,Escarpment Arid Thicket,AridThicket,1,1,moderate,1,moderate,AT27_moderate,24.158471458773704,-32.353585365145086
1161,new,AT27,Escarpment Arid Thicket,AridThicket,1,1,moderate,1,moderate,AT27_moderate,24.413866701620744,-32.14635954155632
1162,new,AT27,Escarpment Arid Thicket,AridThicket,1,1,moderate,2,severe,AT27_moderate,23.705321472804297,-32.95100323805087
1163,new,AT27,Escarpment Arid Thicket,AridThicket,1,1,moderate,2,severe,AT27_moderate,23.760292549731133,-32.94702985912978
1164,new,AT27,Escarpment Arid Thicket,AridThicket,1,1,moderate,1,moderate,AT27_moderate,24.51604372427795,-32.34215494290804
1165,new,AT27,Escarpment Arid Thicket,AridThicket,1,1,moderate,1,moderate,AT27_moderate,24.58974659498293,-32.28079865320621
1166,new,AT27,Escarpment Arid Thicket,AridThicket,1,1,moderate,1,moderate,AT27_moderate,24.42565754311481,-32.44930212647983
1167,new,AT27,Escarpment Arid Thicket,AridThicket,1,1,moderate,1,moderate,AT27_moderate,24.664302773774008,-32.09643868742626
1168,new,AT27,Escarpment Arid Thicket,AridThicket,1,1,moderate,2,severe,AT27_moderate,24.427046187830946,-32.51445867535384
1169,new,AT27,Escarpment Arid Thicket,AridThicket,1,1,moderate,1,moderate,AT27_moderate,24.46991236983801,-32.27326007729149
1170,new,AT27,Escarpment Arid Thicket,AridThicket,1,1,moderate,1,moderate,AT27_moderate,23.751138730131466,-32.964514620960806
1171,new,AT27,Escarpment Arid Thicket,AridThicket,1,1,moderate,2,severe,AT27_moderate,25.270609666727104,-32.774964083793854
1172,new,AT27,Escarpment Arid Thicket,AridThicket,1,1,moderate,1,moderate,AT27_moderate,24.266580295424006,-32.34684637571819
1173,new,AT27,Escarpment Arid Thicket,AridThicket,1,1,moderate,1,moderate,AT27_moderate,24.64779617828615,-32.26895012744303
1174,new,AT27,Escarpment Arid Thicket,AridThicket,1,2,severe,2,severe,AT27_severe,25.86315519750203,-32.22473291221476
1175,new,AT27,Escarpment Arid Thicket,AridThicket,1,2,severe,2,severe,AT27_severe,24.50894140531102,-32.333934312180965
1176,new,AT27,Escarpment Arid Thicket,AridThicket,1,2,severe,2,severe,AT27_severe,24.628016234485287,-32.253428061806744
1177,new,AT27,Escarpment Arid Thicket,AridThicket,1,2,severe,2,severe,AT27_severe,25.896317718039562,-32.25552768773587
1178,new,AT27,Escarpment Arid Thicket,AridThicket,1,2,severe,2,severe,AT27_severe,25.836661103000328,-32.284073903638784
1179,new,AT27,Escarpment Arid Thicket,AridThicket,1,2,severe,2,severe,AT27_severe,24.343248144857974,-32.40984678491404
1180,new,AT27,Escarpment Arid Thicket,AridThicket,1,2,severe,2,severe,AT27_severe,25.872824176901556,-32.2590322842252
1181,new,AT27,Escarpment Arid Thicket,AridThicket,1,2,severe,2,severe,AT27_severe,24.36638563874925,-32.20053102142453
1182,new,AT27,Escarpment Arid Thicket,AridThicket,1,2,severe,2,severe,AT27_severe,23.74421655665732,-32.96104589999687
1183,new,AT27,Escarpment Arid Thicket,AridThicket,1,2,severe,1,moderate,AT27_severe,24.27882397714858,-32.327204592300596
1184,new,AT27,Escarpment Arid Thicket,AridThicket,1,2,severe,2,severe,AT27_severe,24.599934443268047,-32.12654989321518
1185,new,AT27,Escarpment Arid Thicket,AridThicket,1,2,severe,2,severe,AT27_severe,24.35398230994502,-32.18852462971338
1186,new,AT27,Escarpment Arid Thicket,AridThicket,1,2,severe,2,severe,AT27_severe,24.40272210236578,-32.5162212933859
1187,new,AT27,Escarpment Arid Thicket,AridThicket,1,2,severe,2,severe,AT27_severe,25.901926925907766,-32.24192748139086
1188,new,AT27,Escarpment Arid Thicket,AridThicket,1,2,severe,2,severe,AT27_severe,24.307694558471344,-32.504417096820966
1189,new,AT27,Escarpment Arid Thicket,AridThicket,1,2,severe,2,severe,AT27_severe,23.71985431681828,-32.92992686283615
1190,new,AT27,Escarpment Arid Thicket,AridThicket,1,2,severe,2,severe,AT27_severe,24.538780770622793,-32.13549626313993
1191,new,AT27,Escarpment Arid Thicket,AridThicket,1,2,severe,1,moderate,AT27_severe,24.373910583526712,-32.49496973695979
1192,new,AT27,Escarpment Arid Thicket,AridThicket,1,2,severe,2,severe,AT27_severe,24.354400213317568,-32.549793533420456
1193,new,AT27,Escarpment Arid Thicket,AridThicket,1,2,severe,2,severe,AT27_severe,24.642706417924877,-32.15800331068655
1194,new,AT27,Escarpment Arid Thicket,AridThicket,1,2,severe,2,severe,AT27_severe,25.48250036643382,-32.1680726565978
1195,new,AT27,Escarpment Arid Thicket,AridThicket,1,2,severe,1,moderate,AT27_severe,24.49129295637029,-32.24746875267801
1196,new,AT27,Escarpment Arid Thicket,AridThicket,1,2,severe,2,severe,AT27_severe,25.841197882412935,-32.255923972072154
1197,new,AT27,Escarpment Arid Thicket,AridThicket,1,2,severe,2,severe,AT27_severe,24.241618055549385,-32.32382400525609
1198,new,AT27,Escarpment Arid Thicket,AridThicket,1,2,severe,2,severe,AT27_severe,23.738178592294645,-32.959622886231095
1199,new,AT27,Escarpment Arid Thicket,AridThicket,1,2,severe,2,severe,AT27_severe,25.428634989629145,-32.060346602696036
1200,new,AT27,Escarpment Arid Thicket,AridThicket,1,2,severe,2,severe,AT27_severe,24.27609100469581,-32.48234832028744
1201,new,AT27,Escarpment Arid Thicket,AridThicket,1,2,severe,2,severe,AT27_severe,24.45573439950717,-32.391215752017516
1202,new,AT27,Escarpment Arid Thicket,AridThicket,1,2,severe,2,severe,AT27_severe,24.59414563166402,-32.190941416531
1203,new,AT27,Escarpment Arid Thicket,AridThicket,1,2,severe,2,severe,AT27_severe,25.721313475340978,-32.1856068915788
1204,new,AT27,Escarpment Arid Thicket,AridThicket,1,2,severe,2,severe,AT27_severe,24.36917114188882,-32.55675056817795
1205,new,AT27,Escarpment Arid Thicket,AridThicket,1,2,severe,2,severe,AT27_severe,25.53662182280058,-32.17321452751719
1206,new,AT27,Escarpment Arid Thicket,AridThicket,1,2,severe,2,severe,AT27_severe,24.31175532865761,-32.26299510064335
1207,new,AT28,Escarpment Mesic Thicket,MesicThicket,3,0,intact,0,intact,AT28_intact,25.571669418926504,-32.6927964747756
1208,new,AT28,Escarpment Mesic Thicket,MesicThicket,3,0,intact,0,intact,AT28_intact,26.238864882543243,-32.558873443694175
1209,new,AT28,Escarpment Mesic Thicket,MesicThicket,3,0,intact,0,intact,AT28_intact,26.76389364424435,-32.67658000077247
1210,new,AT28,Escarpment Mesic Thicket,MesicThicket,3,0,intact,0,intact,AT28_intact,25.696367660377305,-32.69847139407654
1211,new,AT28,Escarpment Mesic Thicket,MesicThicket,3,0,intact,0,intact,AT28_intact,26.45464526307545,-32.75044956236196
1212,new,AT28,Escarpment Mesic Thicket,MesicThicket,3,0,intact,0,intact,AT28_intact,26.263016775697725,-32.516506633667476
1213,new,AT28,Escarpment Mesic Thicket,MesicThicket,3,0,intact,0,intact,AT28_intact,26.233549380937195,-32.50002657320517
1214,new,AT28,Escarpment Mesic Thicket,MesicThicket,3,0,intact,0,intact,AT28_intact,25.73148058290385,-32.74475711632454
1215,new,AT28,Escarpment Mesic Thicket,MesicThicket,3,0,intact,0,intact,AT28_intact,25.576544687535378,-32.71443055617907
1216,new,AT28,Escarpment Mesic Thicket,MesicThicket,3,0,intact,0,intact,AT28_intact,26.67753443851538,-32.746855653245724
1217,new,AT28,Escarpment Mesic Thicket,MesicThicket,3,0,intact,0,intact,AT28_intact,26.57989389477025,-32.68825760459213
1218,new,AT28,Escarpment Mesic Thicket,MesicThicket,3,0,intact,0,intact,AT28_intact,25.710835281910995,-32.74762442164404
1219,new,AT28,Escarpment Mesic Thicket,MesicThicket,3,0,intact,0,intact,AT28_intact,25.63390375349131,-32.700755404848145
1220,new,AT28,Escarpment Mesic Thicket,MesicThicket,3,0,intact,0,intact,AT28_intact,26.485846110853384,-32.760367591220216
1221,new,AT28,Escarpment Mesic Thicket,MesicThicket,3,0,intact,1,moderate,AT28_intact,26.81900418076,-32.54800669290613
1222,new,AT28,Escarpment Mesic Thicket,MesicThicket,3,0,intact,0,intact,AT28_intact,25.21870117374086,-32.5385903939578
1223,new,AT28,Escarpment Mesic Thicket,MesicThicket,3,0,intact,0,intact,AT28_intact,26.67157590487533,-32.74019692583959
1224,new,AT28,Escarpment Mesic Thicket,MesicThicket,3,0,intact,0,intact,AT28_intact,25.352581622300477,-32.64695829275941
1225,new,AT28,Escarpment Mesic Thicket,MesicThicket,3,1,moderate,1,moderate,AT28_moderate,26.346035820479734,-32.82622069070867
1226,new,AT28,Escarpment Mesic Thicket,MesicThicket,3,1,moderate,1,moderate,AT28_moderate,26.23616690976992,-32.61229672742874
1227,new,AT28,Escarpment Mesic Thicket,MesicThicket,3,1,moderate,1,moderate,AT28_moderate,26.827134380831367,-32.733957654646666
1228,new,AT28,Escarpment Mesic Thicket,MesicThicket,3,1,moderate,1,moderate,AT28_moderate,26.777945383182914,-32.502820174741984
1229,new,AT28,Escarpment Mesic Thicket,MesicThicket,3,1,moderate,1,moderate,AT28_moderate,26.52048113441634,-32.73262644979771
1230,new,AT28,Escarpment Mesic Thicket,MesicThicket,3,1,moderate,1,moderate,AT28_moderate,25.77397426522638,-32.710919938432674
1231,new,AT28,Escarpment Mesic Thicket,MesicThicket,3,1,moderate,1,moderate,AT28_moderate,25.626286599841972,-32.721538914701576
1232,new,AT28,Escarpment Mesic Thicket,MesicThicket,3,1,moderate,1,moderate,AT28_moderate,25.76369389056172,-32.72025881665805
1233,new,AT28,Escarpment Mesic Thicket,MesicThicket,3,1,moderate,2,severe,AT28_moderate,26.75596402223065,-32.52297322476391
1234,new,AT28,Escarpment Mesic Thicket,MesicThicket,3,1,moderate,1,moderate,AT28_moderate,26.818900539611793,-32.619018700106174
1235,new,AT28,Escarpment Mesic Thicket,MesicThicket,3,1,moderate,-1,,AT28_moderate,26.95435223209101,-32.69354868635523
1236,new,AT28,Escarpment Mesic Thicket,MesicThicket,3,1,moderate,-1,,AT28_moderate,26.91735254947245,-32.78460966099459
1237,new,AT28,Escarpment Mesic Thicket,MesicThicket,3,1,moderate,2,severe,AT28_moderate,26.47314039512635,-32.74168502389913
1238,new,AT28,Escarpment Mesic Thicket,MesicThicket,3,1,moderate,2,severe,AT28_moderate,26.523879166703722,-32.7493401833623
1239,new,AT28,Escarpment Mesic Thicket,MesicThicket,3,1,moderate,1,moderate,AT28_moderate,26.758157866063478,-32.786786867808615
1240,new,AT28,Escarpment Mesic Thicket,MesicThicket,3,1,moderate,-1,,AT28_moderate,26.74225607219285,-32.75945574019748
1241,new,AT28,Escarpment Mesic Thicket,MesicThicket,3,1,moderate,1,moderate,AT28_moderate,25.703284139176066,-32.67488901930553
1242,new,AT28,Escarpment Mesic Thicket,MesicThicket,3,1,moderate,2,severe,AT28_moderate,25.758708683416014,-32.67860933947502
1243,new,AT28,Escarpment Mesic Thicket,MesicThicket,3,1,moderate,1,moderate,AT28_moderate,26.777879997409553,-32.6232533123565
1244,new,AT28,Escarpment Mesic Thicket,MesicThicket,3,1,moderate,2,severe,AT28_moderate,26.59199562694372,-32.579934534113484
1245,new,AT28,Escarpment Mesic Thicket,MesicThicket,3,1,moderate,1,moderate,AT28_moderate,26.33964564338611,-32.62730465905832
1246,new,AT28,Escarpment Mesic Thicket,MesicThicket,3,2,severe,2,severe,AT28_severe,25.604598159766006,-32.61505808506862
1247,new,AT28,Escarpment Mesic Thicket,MesicThicket,3,2,severe,2,severe,AT28_severe,26.223290469278098,-32.49344364588818
1248,new,AT28,Escarpment Mesic Thicket,MesicThicket,3,2,severe,2,severe,AT28_severe,26.551304740317477,-32.694786789083594
1249,new,AT28,Escarpment Mesic Thicket,MesicThicket,3,2,severe,2,severe,AT28_severe,26.757471187270948,-32.54348585237901
1250,new,AT28,Escarpment Mesic Thicket,MesicThicket,3,2,severe,1,moderate,AT28_severe,26.228020829264576,-32.47610603535221
1251,new,AT28,Escarpment Mesic Thicket,MesicThicket,3,2,severe,2,severe,AT28_severe,26.92106550447048,-32.63599533228897
1252,new,AT28,Escarpment Mesic Thicket,MesicThicket,3,2,severe,2,severe,AT28_severe,26.195031364474524,-32.44520747028333
1253,new,AT28,Escarpment Mesic Thicket,MesicThicket,3,2,severe,2,severe,AT28_severe,26.59750755386506,-32.61619828391622
1254,new,AT28,Escarpment Mesic Thicket,MesicThicket,3,2,severe,2,severe,AT28_severe,26.570499393657535,-32.58269957787538
1255,new,AT28,Escarpment Mesic Thicket,MesicThicket,3,2,severe,2,severe,AT28_severe,26.235115135622518,-32.40333465068688
1256,new,AT28,Escarpment Mesic Thicket,MesicThicket,3,2,severe,2,severe,AT28_severe,26.95327564530357,-32.67169060657815
1257,new,AT28,Escarpment Mesic Thicket,MesicThicket,3,2,severe,2,severe,AT28_severe,26.786130439510384,-32.71827140357894
1258,new,AT28,Escarpment Mesic Thicket,MesicThicket,3,2,severe,2,severe,AT28_severe,26.238155733789437,-32.45483420979907
1259,new,AT28,Escarpment Mesic Thicket,MesicThicket,3,2,severe,2,severe,AT28_severe,26.252212091241176,-32.404654441920115
1260,new,AT28,Escarpment Mesic Thicket,MesicThicket,3,2,severe,2,severe,AT28_severe,26.7442994132411,-32.71557600039353
1261,new,AT28,Escarpment Mesic Thicket,MesicThicket,3,2,severe,2,severe,AT28_severe,26.755700366316145,-32.49185222351304
1262,new,AT28,Escarpment Mesic Thicket,MesicThicket,3,2,severe,2,severe,AT28_severe,26.24628564275406,-32.509736920081934
1263,new,AT28,Escarpment Mesic Thicket,MesicThicket,3,2,severe,2,severe,AT28_severe,26.927005070150244,-32.643864902030366
1264,new,AT28,Escarpment Mesic Thicket,MesicThicket,3,2,severe,2,severe,AT28_severe,25.58793576733032,-32.891629509230434
1265,new,AT28,Escarpment Mesic Thicket,MesicThicket,3,2,severe,2,severe,AT28_severe,26.745371910183586,-32.572752432498184
1266,new,AT28,Escarpment Mesic Thicket,MesicThicket,3,2,severe,2,severe,AT28_severe,26.262889132625798,-32.39911723980009
1267,new,AT28,Escarpment Mesic Thicket,MesicThicket,3,2,severe,2,severe,AT28_severe,26.551347985035473,-32.58445500113449
1268,new,AT28,Escarpment Mesic Thicket,MesicThicket,3,2,severe,2,severe,AT28_severe,26.247728499326108,-32.478514381956764
1269,new,AT28,Escarpment Mesic Thicket,MesicThicket,3,2,severe,2,severe,AT28_severe,26.553545911235606,-32.865636925145935
1270,new,AT28,Escarpment Mesic Thicket,MesicThicket,3,2,severe,2,severe,AT28_severe,26.561488480756175,-32.59084213087332
1271,new,AT28,Escarpment Mesic Thicket,MesicThicket,3,2,severe,2,severe,AT28_severe,26.738868807733198,-32.52502503137518
1272,new,AT28,Escarpment Mesic Thicket,MesicThicket,3,2,severe,2,severe,AT28_severe,26.752719184455035,-32.715460269223
1273,new,AT28,Escarpment Mesic Thicket,MesicThicket,3,2,severe,2,severe,AT28_severe,26.729567245528692,-32.73174077210106
1274,new,AT28,Escarpment Mesic Thicket,MesicThicket,3,2,severe,2,severe,AT28_severe,26.736215414016616,-32.50064853267888
1275,new,AT28,Escarpment Mesic Thicket,MesicThicket,3,2,severe,2,severe,AT28_severe,25.52578490370884,-32.88130928302733
1276,new,AT28,Escarpment Mesic Thicket,MesicThicket,3,2,severe,2,severe,AT28_severe,26.555720373119605,-32.697452898849235
1277,new,AT28,Escarpment Mesic Thicket,MesicThicket,3,2,severe,2,severe,AT28_severe,26.470842213825737,-32.746084485480026
1278,new,AT28,Escarpment Mesic Thicket,MesicThicket,3,2,severe,2,severe,AT28_severe,26.769188409535946,-32.721319860078744
1279,new,AT28,Escarpment Mesic Thicket,MesicThicket,3,2,severe,2,severe,AT28_severe,25.362763173375285,-32.6336470320801
1280,new,AT28,Escarpment Mesic Thicket,MesicThicket,3,2,severe,2,severe,AT28_severe,26.26293623790005,-32.48125661449499
1281,new,AT28,Escarpment Mesic Thicket,MesicThicket,3,2,severe,2,severe,AT28_severe,26.265071437323964,-32.47714993480511
1282,new,AT28,Escarpment Mesic Thicket,MesicThicket,3,2,severe,2,severe,AT28_severe,26.6508987234934,-32.718706735568176
1283,new,AT28,Escarpment Mesic Thicket,MesicThicket,3,2,severe,2,severe,AT28_severe,26.824377640405192,-32.62600811523642
1284,new,AT28,Escarpment Mesic Thicket,MesicThicket,3,2,severe,2,severe,AT28_severe,26.739802269861073,-32.515173661289396
1285,new,AT28,Escarpment Mesic Thicket,MesicThicket,3,2,severe,2,severe,AT28_severe,25.43629623728417,-32.850462347089184
1286,new,AT28,Escarpment Mesic Thicket,MesicThicket,3,2,severe,2,severe,AT28_severe,26.24330212515174,-32.505766374060265
1287,new,AT28,Escarpment Mesic Thicket,MesicThicket,3,2,severe,2,severe,AT28_severe,26.18620782195226,-32.45557028336982
1288,new,AT28,Escarpment Mesic Thicket,MesicThicket,3,2,severe,2,severe,AT28_severe,26.632426626008783,-32.717618378666614
1289,new,AT28,Escarpment Mesic Thicket,MesicThicket,3,2,severe,2,severe,AT28_severe,26.577922020752165,-32.69820967618111
1290,new,AT28,Escarpment Mesic Thicket,MesicThicket,3,2,severe,2,severe,AT28_severe,26.946090683156676,-32.74933278559169
1291,new,AT28,Escarpment Mesic Thicket,MesicThicket,3,2,severe,2,severe,AT28_severe,26.907949447577103,-32.61743334282948
1292,new,AT28,Escarpment Mesic Thicket,MesicThicket,3,2,severe,2,severe,AT28_severe,26.220106653237817,-32.47595665534659
1293,new,AT28,Escarpment Mesic Thicket,MesicThicket,3,2,severe,2,severe,AT28_severe,26.758152658684953,-32.72218724318542
1294,new,AT28,Escarpment Mesic Thicket,MesicThicket,3,2,severe,2,severe,AT28_severe,26.564876674230053,-32.701270199208885
1295,new,AT28,Escarpment Mesic Thicket,MesicThicket,3,2,severe,2,severe,AT28_severe,26.236049345087086,-32.42904170723472
1296,new,AT28,Escarpment Mesic Thicket,MesicThicket,3,2,severe,2,severe,AT28_severe,26.82175959742325,-32.62819749709006
1297,new,AT28,Escarpment Mesic Thicket,MesicThicket,3,2,severe,2,severe,AT28_severe,26.594326731750325,-32.578853947723594
1298,new,AT28,Escarpment Mesic Thicket,MesicThicket,3,2,severe,2,severe,AT28_severe,25.749050382750955,-32.73051994163867
1299,new,AT28,Escarpment Mesic Thicket,MesicThicket,3,2,severe,2,severe,AT28_severe,26.953210682567878,-32.749820474013305
1300,new,AT29,Escarpment Valley Thicket,ValleyThicket,2,0,intact,0,intact,AT29_intact,24.940710943792837,-32.39853759238633
1301,new,AT29,Escarpment Valley Thicket,ValleyThicket,2,0,intact,0,intact,AT29_intact,25.18403773629228,-32.431319634575615
1302,new,AT29,Escarpment Valley Thicket,ValleyThicket,2,0,intact,1,moderate,AT29_intact,25.176353474607975,-32.46790943852138
1303,new,AT29,Escarpment Valley Thicket,ValleyThicket,2,1,moderate,2,severe,AT29_moderate,24.933830042908674,-32.41303927122643
1304,new,AT29,Escarpment Valley Thicket,ValleyThicket,2,1,moderate,1,moderate,AT29_moderate,25.225738935134125,-32.4907114636106
1305,new,AT29,Escarpment Valley Thicket,ValleyThicket,2,1,moderate,1,moderate,AT29_moderate,25.017211783411994,-32.27897950228638
1306,new,AT29,Escarpment Valley Thicket,ValleyThicket,2,1,moderate,1,moderate,AT29_moderate,25.02813253488459,-32.32363651162773
1307,new,AT29,Escarpment Valley Thicket,ValleyThicket,2,1,moderate,1,moderate,AT29_moderate,24.913208871892394,-32.33208125923068
1308,new,AT29,Escarpment Valley Thicket,ValleyThicket,2,1,moderate,1,moderate,AT29_moderate,25.076704498782654,-32.44068323482078
1309,new,AT29,Escarpment Valley Thicket,ValleyThicket,2,1,moderate,1,moderate,AT29_moderate,25.077509575903264,-32.39513893312014
1310,new,AT29,Escarpment Valley Thicket,ValleyThicket,2,1,moderate,1,moderate,AT29_moderate,24.712973269000003,-32.41624143069005
1311,new,AT29,Escarpment Valley Thicket,ValleyThicket,2,1,moderate,1,moderate,AT29_moderate,24.954992513660088,-32.276556757357014
1312,new,AT29,Escarpment Valley Thicket,ValleyThicket,2,2,severe,2,severe,AT29_severe,24.87471445677086,-32.41721777073511
1313,new,AT29,Escarpment Valley Thicket,ValleyThicket,2,2,severe,2,severe,AT29_severe,25.094328963850995,-32.488759925603546
1314,new,AT29,Escarpment Valley Thicket,ValleyThicket,2,2,severe,2,severe,AT29_severe,24.79413845013141,-32.39081340053646
1315,new,AT29,Escarpment Valley Thicket,ValleyThicket,2,2,severe,2,severe,AT29_severe,24.661810379075458,-32.42018687542169
1316,new,AT29,Escarpment Valley Thicket,ValleyThicket,2,2,severe,2,severe,AT29_severe,25.14612661064724,-32.51642204530488
1317,new,AT29,Escarpment Valley Thicket,ValleyThicket,2,2,severe,2,severe,AT29_severe,24.979436010591847,-32.31911499546143
1318,new,AT29,Escarpment Valley Thicket,ValleyThicket,2,2,severe,2,severe,AT29_severe,24.94267638850371,-32.29311209467467
1319,new,AT29,Escarpment Valley Thicket,ValleyThicket,2,2,severe,2,severe,AT29_severe,24.733110230762193,-32.47197353934357
1320,new,AT29,Escarpment Valley Thicket,ValleyThicket,2,2,severe,2,severe,AT29_severe,24.564781590555754,-32.29862741384361
1321,new,AT29,Escarpment Valley Thicket,ValleyThicket,2,2,severe,2,severe,AT29_severe,24.638474624691142,-32.365679634550396
1322,new,AT29,Escarpment Valley Thicket,ValleyThicket,2,2,severe,2,severe,AT29_severe,24.937896591620916,-32.42212386810969
1323,new,AT29,Escarpment Valley Thicket,ValleyThicket,2,2,severe,2,severe,AT29_severe,25.085668715476857,-32.51569406606609
1324,new,AT29,Escarpment Valley Thicket,ValleyThicket,2,2,severe,2,severe,AT29_severe,25.071479237374046,-32.512687592606405
1325,new,AT29,Escarpment Valley Thicket,ValleyThicket,2,2,severe,2,severe,AT29_severe,24.77651681608745,-32.38906797163523
1326,new,AT29,Escarpment Valley Thicket,ValleyThicket,2,2,severe,2,severe,AT29_severe,24.739896555874413,-32.45477347856834
1327,new,AT29,Escarpment Valley Thicket,ValleyThicket,2,2,severe,2,severe,AT29_severe,25.028743685181997,-32.51191360336193
1328,new,AT29,Escarpment Valley Thicket,ValleyThicket,2,2,severe,2,severe,AT29_severe,24.704795198175336,-32.46562030923732
1329,new,AT29,Escarpment Valley Thicket,ValleyThicket,2,2,severe,2,severe,AT29_severe,24.87212197633456,-32.46468588770677
1330,new,AT29,Escarpment Valley Thicket,ValleyThicket,2,2,severe,2,severe,AT29_severe,24.915400466462494,-32.480299259294775
1331,new,AT29,Escarpment Valley Thicket,ValleyThicket,2,2,severe,1,moderate,AT29_severe,25.08263496544902,-32.437046176475725
1332,new,AT29,Escarpment Valley Thicket,ValleyThicket,2,2,severe,2,severe,AT29_severe,25.217088000082498,-32.637168853567175
1333,new,AT29,Escarpment Valley Thicket,ValleyThicket,2,2,severe,2,severe,AT29_severe,24.66422657047068,-32.357730687662716
1334,new,AT29,Escarpment Valley Thicket,ValleyThicket,2,2,severe,2,severe,AT29_severe,24.689851746316506,-32.45988655926906
1335,new,AT29,Escarpment Valley Thicket,ValleyThicket,2,2,severe,2,severe,AT29_severe,24.913316403786197,-32.44269802301764
1336,new,AT29,Escarpment Valley Thicket,ValleyThicket,2,2,severe,2,severe,AT29_severe,24.960497017752584,-32.41846722864497
1337,new,AT30,Fish Arid Thicket,AridThicket,1,0,intact,0,intact,AT30_intact,26.708379406015077,-33.19020169285633
1338,new,AT30,Fish Arid Thicket,AridThicket,1,0,intact,1,moderate,AT30_intact,26.483292632444808,-33.167820747611884
1339,new,AT30,Fish Arid Thicket,AridThicket,1,0,intact,0,intact,AT30_intact,26.927200920460898,-33.1943569498385
1340,new,AT30,Fish Arid Thicket,AridThicket,1,0,intact,0,intact,AT30_intact,26.645923737046058,-33.10985795193653
1341,new,AT30,Fish Arid Thicket,AridThicket,1,0,intact,0,intact,AT30_intact,26.81270500337054,-33.21817060949181
1342,new,AT30,Fish Arid Thicket,AridThicket,1,0,intact,0,intact,AT30_intact,26.742785795702922,-33.237253805186114
1343,new,AT30,Fish Arid Thicket,AridThicket,1,0,intact,0,intact,AT30_intact,26.658142669963972,-33.16640479076336
1344,new,AT30,Fish Arid Thicket,AridThicket,1,0,intact,1,moderate,AT30_intact,26.770736674966027,-33.21667821846395
1345,new,AT30,Fish Arid Thicket,AridThicket,1,0,intact,0,intact,AT30_intact,26.562952065720182,-33.1798265421339
1346,new,AT30,Fish Arid Thicket,AridThicket,1,0,intact,0,intact,AT30_intact,26.835141869720044,-33.228013443627866
1347,new,AT30,Fish Arid Thicket,AridThicket,1,0,intact,1,moderate,AT30_intact,26.774588840689873,-33.19152088363687
1348,new,AT30,Fish Arid Thicket,AridThicket,1,1,moderate,1,moderate,AT30_moderate,26.510260672715457,-33.18227616503368
1349,new,AT30,Fish Arid Thicket,AridThicket,1,1,moderate,1,moderate,AT30_moderate,26.601265523118354,-33.144684865385265
1350,new,AT30,Fish Arid Thicket,AridThicket,1,1,moderate,1,moderate,AT30_moderate,26.365388320472558,-33.10906591711216
1351,new,AT30,Fish Arid Thicket,AridThicket,1,1,moderate,1,moderate,AT30_moderate,26.474359757737922,-33.146778051470186
1352,new,AT30,Fish Arid Thicket,AridThicket,1,1,moderate,0,intact,AT30_moderate,26.391784819466807,-33.16833345596537
1353,new,AT30,Fish Arid Thicket,AridThicket,1,1,moderate,1,moderate,AT30_moderate,26.447929929612275,-33.10888769479175
1354,new,AT30,Fish Arid Thicket,AridThicket,1,1,moderate,1,moderate,AT30_moderate,26.62975132660204,-33.137194590685674
1355,new,AT30,Fish Arid Thicket,AridThicket,1,1,moderate,1,moderate,AT30_moderate,26.944927323379414,-33.18434771516556
1356,new,AT30,Fish Arid Thicket,AridThicket,1,1,moderate,1,moderate,AT30_moderate,26.53122287857987,-33.09411963068172
1357,new,AT30,Fish Arid Thicket,AridThicket,1,1,moderate,1,moderate,AT30_moderate,26.47909401567025,-33.18018115250811
1358,new,AT30,Fish Arid Thicket,AridThicket,1,1,moderate,1,moderate,AT30_moderate,26.666640097433717,-33.118532368691255
1359,new,AT30,Fish Arid Thicket,AridThicket,1,2,severe,2,severe,AT30_severe,26.4597004805703,-33.10024388980101
1360,new,AT30,Fish Arid Thicket,AridThicket,1,2,severe,2,severe,AT30_severe,26.415017858570113,-33.09416124731002
1361,new,AT30,Fish Arid Thicket,AridThicket,1,2,severe,2,severe,AT30_severe,26.39420932718986,-33.11901818590144
1362,new,AT30,Fish Arid Thicket,AridThicket,1,2,severe,2,severe,AT30_severe,26.34446923758226,-33.14289435560721
1363,new,AT30,Fish Arid Thicket,AridThicket,1,2,severe,2,severe,AT30_severe,26.37351526988724,-33.11720335256839
1364,new,AT30,Fish Arid Thicket,AridThicket,1,2,severe,2,severe,AT30_severe,26.378220287456553,-33.10833646956929
1365,new,AT30,Fish Arid Thicket,AridThicket,1,2,severe,1,moderate,AT30_severe,26.526065961706433,-33.13797560598861
1366,new,AT30,Fish Arid Thicket,AridThicket,1,2,severe,1,moderate,AT30_severe,26.35283995539242,-33.088217251885624
1367,new,AT30,Fish Arid Thicket,AridThicket,1,2,severe,2,severe,AT30_severe,26.945195160455672,-33.20057371285943
1368,new,AT30,Fish Arid Thicket,AridThicket,1,2,severe,2,severe,AT30_severe,26.507263250777616,-33.151049095716516
1369,new,AT31,Fish Mesic Thicket,MesicThicket,3,0,intact,0,intact,AT31_intact,26.989906912610255,-33.304846415177444
1370,new,AT31,Fish Mesic Thicket,MesicThicket,3,0,intact,1,moderate,AT31_intact,27.08636264535914,-33.21365315357559
1371,new,AT31,Fish Mesic Thicket,MesicThicket,3,0,intact,0,intact,AT31_intact,27.216890659479166,-33.35782853717215
1372,new,AT31,Fish Mesic Thicket,MesicThicket,3,0,intact,0,intact,AT31_intact,27.081044431046926,-33.163935231124235
1373,new,AT31,Fish Mesic Thicket,MesicThicket,3,0,intact,0,intact,AT31_intact,26.91747490980054,-33.35543138060378
1374,new,AT31,Fish Mesic Thicket,MesicThicket,3,0,intact,0,intact,AT31_intact,26.965961680095795,-33.34245224247775
1375,new,AT31,Fish Mesic Thicket,MesicThicket,3,0,intact,0,intact,AT31_intact,27.20165030464196,-33.33960890829937
1376,new,AT31,Fish Mesic Thicket,MesicThicket,3,0,intact,0,intact,AT31_intact,26.934648151474196,-33.36483482833667
1377,new,AT31,Fish Mesic Thicket,MesicThicket,3,0,intact,-1,,AT31_intact,27.256121250713736,-33.34432740622927
1378,new,AT31,Fish Mesic Thicket,MesicThicket,3,0,intact,0,intact,AT31_intact,27.01696071145886,-33.27089983062108
1379,new,AT31,Fish Mesic Thicket,MesicThicket,3,0,intact,0,intact,AT31_intact,26.992102078907106,-33.15557497655218
1380,new,AT31,Fish Mesic Thicket,MesicThicket,3,0,intact,0,intact,AT31_intact,26.972519462313823,-33.159995163695875
1381,new,AT31,Fish Mesic Thicket,MesicThicket,3,0,intact,0,intact,AT31_intact,27.212077841232166,-33.21806762099026
1382,new,AT31,Fish Mesic Thicket,MesicThicket,3,0,intact,0,intact,AT31_intact,26.97310976564837,-33.364927478307344
1383,new,AT31,Fish Mesic Thicket,MesicThicket,3,0,intact,0,intact,AT31_intact,26.993812966535,-33.37787513284268
1384,new,AT31,Fish Mesic Thicket,MesicThicket,3,0,intact,-1,,AT31_intact,27.278495759061727,-33.35402882554404
1385,new,AT31,Fish Mesic Thicket,MesicThicket,3,0,intact,0,intact,AT31_intact,27.167311551198242,-33.31649227286173
1386,new,AT31,Fish Mesic Thicket,MesicThicket,3,0,intact,0,intact,AT31_intact,27.079194593075606,-33.46771551993315
1387,new,AT31,Fish Mesic Thicket,MesicThicket,3,0,intact,0,intact,AT31_intact,26.983995900444196,-33.28882783196851
1388,new,AT31,Fish Mesic Thicket,MesicThicket,3,0,intact,0,intact,AT31_intact,27.000411077039498,-33.2024968819045
1389,new,AT31,Fish Mesic Thicket,MesicThicket,3,0,intact,0,intact,AT31_intact,27.061174317301067,-33.17532942232489
1390,new,AT31,Fish Mesic Thicket,MesicThicket,3,0,intact,0,intact,AT31_intact,27.003984704512128,-33.35262769881153
1391,new,AT31,Fish Mesic Thicket,MesicThicket,3,0,intact,0,intact,AT31_intact,27.07710479639443,-33.45492358984686
1392,new,AT31,Fish Mesic Thicket,MesicThicket,3,0,intact,0,intact,AT31_intact,27.214026083686598,-33.31787888385483
1393,new,AT31,Fish Mesic Thicket,MesicThicket,3,0,intact,0,intact,AT31_intact,27.00125503210952,-33.18107203649016
1394,new,AT31,Fish Mesic Thicket,MesicThicket,3,0,intact,-1,,AT31_intact,27.272548202758333,-33.35264456846264
1395,new,AT31,Fish Mesic Thicket,MesicThicket,3,0,intact,0,intact,AT31_intact,27.047129704377618,-33.23041061531408
1396,new,AT31,Fish Mesic Thicket,MesicThicket,3,0,intact,0,intact,AT31_intact,27.004381237059757,-33.173880260952835
1397,new,AT31,Fish Mesic Thicket,MesicThicket,3,0,intact,1,moderate,AT31_intact,27.18473407398756,-33.38274394889436
1398,new,AT31,Fish Mesic Thicket,MesicThicket,3,1,moderate,-1,,AT31_moderate,27.27561948341282,-33.3482414428752
1399,new,AT31,Fish Mesic Thicket,MesicThicket,3,1,moderate,1,moderate,AT31_moderate,27.06358302582212,-33.16769337058661
1400,new,AT31,Fish Mesic Thicket,MesicThicket,3,1,moderate,2,severe,AT31_moderate,27.062424996522317,-33.3946971667935
1401,new,AT31,Fish Mesic Thicket,MesicThicket,3,1,moderate,1,moderate,AT31_moderate,27.1047747842266,-33.164010979406385
1402,new,AT31,Fish Mesic Thicket,MesicThicket,3,1,moderate,-1,,AT31_moderate,27.012540754524096,-33.36498577791786
1403,new,AT31,Fish Mesic Thicket,MesicThicket,3,1,moderate,-1,,AT31_moderate,27.075367260893415,-33.43951952096193
1404,new,AT31,Fish Mesic Thicket,MesicThicket,3,1,moderate,1,moderate,AT31_moderate,26.99291552265983,-33.37084640487883
1405,new,AT31,Fish Mesic Thicket,MesicThicket,3,1,moderate,1,moderate,AT31_moderate,27.046409630569382,-33.23276902854916
1406,new,AT31,Fish Mesic Thicket,MesicThicket,3,1,moderate,1,moderate,AT31_moderate,26.996423219837144,-33.195036710561645
1407,new,AT31,Fish Mesic Thicket,MesicThicket,3,1,moderate,-1,,AT31_moderate,27.069422009445724,-33.45355613576023
1408,new,AT31,Fish Mesic Thicket,MesicThicket,3,1,moderate,1,moderate,AT31_moderate,27.059344517872866,-33.18387272745823
1409,new,AT31,Fish Mesic Thicket,MesicThicket,3,1,moderate,1,moderate,AT31_moderate,27.05424732142203,-33.21591132554674
1410,new,AT31,Fish Mesic Thicket,MesicThicket,3,1,moderate,1,moderate,AT31_moderate,27.071004648751558,-33.16883597441428
1411,new,AT31,Fish Mesic Thicket,MesicThicket,3,1,moderate,1,moderate,AT31_moderate,27.041663898191466,-33.29963642880882
1412,new,AT31,Fish Mesic Thicket,MesicThicket,3,1,moderate,1,moderate,AT31_moderate,27.170750548330773,-33.32958455046107
1413,new,AT31,Fish Mesic Thicket,MesicThicket,3,1,moderate,0,intact,AT31_moderate,27.218742120279025,-33.210843137589734
1414,new,AT31,Fish Mesic Thicket,MesicThicket,3,1,moderate,-1,,AT31_moderate,27.267344396693044,-33.294958226141695
1415,new,AT31,Fish Mesic Thicket,MesicThicket,3,1,moderate,-1,,AT31_moderate,27.343961376208323,-33.352159317374806
1416,new,AT31,Fish Mesic Thicket,MesicThicket,3,1,moderate,-1,,AT31_moderate,27.04877632036624,-33.13529230191203
1417,new,AT31,Fish Mesic Thicket,MesicThicket,3,2,severe,1,moderate,AT31_severe,27.271004968426872,-33.30601704091049
1418,new,AT31,Fish Mesic Thicket,MesicThicket,3,2,severe,2,severe,AT31_severe,27.05885455670844,-33.383466994213364
1419,new,AT31,Fish Mesic Thicket,MesicThicket,3,2,severe,1,moderate,AT31_severe,27.069729013211646,-33.123822691515855
1420,new,AT31,Fish Mesic Thicket,MesicThicket,3,2,severe,1,moderate,AT31_severe,27.059254438146514,-33.13068016907054
1421,new,AT31,Fish Mesic Thicket,MesicThicket,3,2,severe,1,moderate,AT31_severe,27.2705352714567,-33.3050929852299
1422,new,AT31,Fish Mesic Thicket,MesicThicket,3,2,severe,1,moderate,AT31_severe,27.034601840183043,-33.25717856287765
1423,new,AT31,Fish Mesic Thicket,MesicThicket,3,2,severe,2,severe,AT31_severe,27.213725367653975,-33.17054283278911
1424,new,AT32,Fish Valley Thicket,ValleyThicket,2,0,intact,0,intact,AT32_intact,26.747096178289294,-33.06028422731953
1425,new,AT32,Fish Valley Thicket,ValleyThicket,2,0,intact,0,intact,AT32_intact,26.997379845520676,-33.2921167838559
1426,new,AT32,Fish Valley Thicket,ValleyThicket,2,0,intact,0,intact,AT32_intact,26.251479140627442,-32.999953861891974
1427,new,AT32,Fish Valley Thicket,ValleyThicket,2,0,intact,0,intact,AT32_intact,26.232522511319218,-33.01136924277325
1428,new,AT32,Fish Valley Thicket,ValleyThicket,2,0,intact,1,moderate,AT32_intact,26.050398300885497,-32.427658726744404
1429,new,AT32,Fish Valley Thicket,ValleyThicket,2,0,intact,0,intact,AT32_intact,26.53685740860727,-33.0449820004159
1430,new,AT32,Fish Valley Thicket,ValleyThicket,2,0,intact,1,moderate,AT32_intact,25.01217641076771,-32.92992606460521
1431,new,AT32,Fish Valley Thicket,ValleyThicket,2,0,intact,0,intact,AT32_intact,26.613035460433416,-33.20720278475531
1432,new,AT32,Fish Valley Thicket,ValleyThicket,2,0,intact,0,intact,AT32_intact,26.729355355912876,-33.104239672932174
1433,new,AT32,Fish Valley Thicket,ValleyThicket,2,0,intact,0,intact,AT32_intact,26.024951289062567,-32.621328209384465
1434,new,AT32,Fish Valley Thicket,ValleyThicket,2,0,intact,0,intact,AT32_intact,26.80191816543674,-33.09139401121094
1435,new,AT32,Fish Valley Thicket,ValleyThicket,2,0,intact,0,intact,AT32_intact,26.826786534932477,-33.038686980081486
1436,new,AT32,Fish Valley Thicket,ValleyThicket,2,0,intact,0,intact,AT32_intact,24.935486065615102,-32.898538323610246
1437,new,AT32,Fish Valley Thicket,ValleyThicket,2,0,intact,0,intact,AT32_intact,25.279051292983876,-32.95056265618779
1438,new,AT32,Fish Valley Thicket,ValleyThicket,2,0,intact,0,intact,AT32_intact,26.88281130753824,-33.102007678346915
1439,new,AT32,Fish Valley Thicket,ValleyThicket,2,0,intact,0,intact,AT32_intact,26.576553858861526,-33.031944580087824
1440,new,AT32,Fish Valley Thicket,ValleyThicket,2,0,intact,0,intact,AT32_intact,26.852618647326366,-33.08496200847997
1441,new,AT32,Fish Valley Thicket,ValleyThicket,2,0,intact,0,intact,AT32_intact,26.438465566826288,-33.04800301142705
1442,new,AT32,Fish Valley Thicket,ValleyThicket,2,0,intact,1,moderate,AT32_intact,24.894886221364356,-32.95046350296115
1443,new,AT32,Fish Valley Thicket,ValleyThicket,2,0,intact,0,intact,AT32_intact,26.62535953090303,-32.96865207317784
1444,new,AT32,Fish Valley Thicket,ValleyThicket,2,0,intact,0,intact,AT32_intact,25.230193821634785,-32.97598779014678
1445,new,AT32,Fish Valley Thicket,ValleyThicket,2,0,intact,1,moderate,AT32_intact,24.95354900714301,-32.925531701992945
1446,new,AT32,Fish Valley Thicket,ValleyThicket,2,0,intact,0,intact,AT32_intact,25.96371315829421,-32.55408731546842
1447,new,AT32,Fish Valley Thicket,ValleyThicket,2,0,intact,0,intact,AT32_intact,26.819674768355842,-33.026592697050404
1448,new,AT32,Fish Valley Thicket,ValleyThicket,2,0,intact,0,intact,AT32_intact,26.4238591390001,-33.05059296975191
1449,new,AT32,Fish Valley Thicket,ValleyThicket,2,0,intact,0,intact,AT32_intact,26.839187548389628,-33.074878044835565
1450,new,AT32,Fish Valley Thicket,ValleyThicket,2,0,intact,0,intact,AT32_intact,26.76016174443082,-33.008753630471
1451,new,AT32,Fish Valley Thicket,ValleyThicket,2,0,intact,0,intact,AT32_intact,25.966910085906267,-32.43562940267435
1452,new,AT32,Fish Valley Thicket,ValleyThicket,2,0,intact,1,moderate,AT32_intact,25.26468959960136,-32.84609153339777
1453,new,AT32,Fish Valley Thicket,ValleyThicket,2,0,intact,0,intact,AT32_intact,26.33121907660709,-33.03688299089663
1454,new,AT32,Fish Valley Thicket,ValleyThicket,2,0,intact,1,moderate,AT32_intact,26.998242887544627,-33.267867425265706
1455,new,AT32,Fish Valley Thicket,ValleyThicket,2,0,intact,0,intact,AT32_intact,26.640660741098554,-32.664916720697654
1456,new,AT32,Fish Valley Thicket,ValleyThicket,2,0,intact,0,intact,AT32_intact,26.753431998033,-32.6793912142372
1457,new,AT32,Fish Valley Thicket,ValleyThicket,2,0,intact,0,intact,AT32_intact,27.021986244352135,-33.23595232189979
1458,new,AT32,Fish Valley Thicket,ValleyThicket,2,0,intact,0,intact,AT32_intact,26.67111723866343,-32.95444543840357
1459,new,AT32,Fish Valley Thicket,ValleyThicket,2,0,intact,1,moderate,AT32_intact,25.634929254379447,-32.942025346343236
1460,new,AT32,Fish Valley Thicket,ValleyThicket,2,0,intact,0,intact,AT32_intact,26.86503073287514,-33.12575518409803
1461,new,AT32,Fish Valley Thicket,ValleyThicket,2,0,intact,0,intact,AT32_intact,26.39338122878133,-33.0554059766184
1462,new,AT32,Fish Valley Thicket,ValleyThicket,2,1,moderate,0,intact,AT32_moderate,25.67693156747567,-32.570359405117394
1463,new,AT32,Fish Valley Thicket,ValleyThicket,2,1,moderate,1,moderate,AT32_moderate,26.730689972397105,-32.99936612242232
1464,new,AT32,Fish Valley Thicket,ValleyThicket,2,1,moderate,2,severe,AT32_moderate,26.581429927066907,-33.05248543494478
1465,new,AT32,Fish Valley Thicket,ValleyThicket,2,1,moderate,1,moderate,AT32_moderate,26.721617187516465,-33.11835682809344
1466,new,AT32,Fish Valley Thicket,ValleyThicket,2,1,moderate,0,intact,AT32_moderate,26.955132173599225,-33.29418895785778
1467,new,AT32,Fish Valley Thicket,ValleyThicket,2,1,moderate,2,severe,AT32_moderate,25.89629682147709,-32.99953496977169
1468,new,AT32,Fish Valley Thicket,ValleyThicket,2,1,moderate,0,intact,AT32_moderate,26.836098802579798,-33.05280938104831
1469,new,AT32,Fish Valley Thicket,ValleyThicket,2,1,moderate,1,moderate,AT32_moderate,25.625079655046775,-32.41673507177673
1470,new,AT32,Fish Valley Thicket,ValleyThicket,2,1,moderate,1,moderate,AT32_moderate,25.84685426637384,-32.938643383610646
1471,new,AT32,Fish Valley Thicket,ValleyThicket,2,1,moderate,2,severe,AT32_moderate,26.66908065354843,-32.62426752369217
1472,new,AT32,Fish Valley Thicket,ValleyThicket,2,1,moderate,2,severe,AT32_moderate,25.266955967200865,-32.636423153601434
1473,new,AT32,Fish Valley Thicket,ValleyThicket,2,1,moderate,1,moderate,AT32_moderate,25.881523966834635,-32.934395889711766
1474,new,AT32,Fish Valley Thicket,ValleyThicket,2,1,moderate,1,moderate,AT32_moderate,26.534473077630196,-33.201357084008535
1475,new,AT32,Fish Valley Thicket,ValleyThicket,2,1,moderate,1,moderate,AT32_moderate,25.728119683893276,-32.98696160950979
1476,new,AT32,Fish Valley Thicket,ValleyThicket,2,1,moderate,2,severe,AT32_moderate,25.73468392609434,-32.648561419237744
1477,new,AT32,Fish Valley Thicket,ValleyThicket,2,1,moderate,1,moderate,AT32_moderate,26.7463022438206,-33.02777144436936
1478,new,AT32,Fish Valley Thicket,ValleyThicket,2,1,moderate,1,moderate,AT32_moderate,26.48554928932824,-33.0183519652954
1479,new,AT32,Fish Valley Thicket,ValleyThicket,2,1,moderate,1,moderate,AT32_moderate,25.449539930860812,-32.64821607395188
1480,new,AT32,Fish Valley Thicket,ValleyThicket,2,1,moderate,1,moderate,AT32_moderate,25.993260999899228,-32.600673221802474
1481,new,AT32,Fish Valley Thicket,ValleyThicket,2,1,moderate,2,severe,AT32_moderate,25.89988531973596,-32.92266971371409
1482,new,AT32,Fish Valley Thicket,ValleyThicket,2,1,moderate,1,moderate,AT32_moderate,25.861106443530357,-32.441649334614844
1483,new,AT32,Fish Valley Thicket,ValleyThicket,2,1,moderate,1,moderate,AT32_moderate,26.577087210947315,-32.98064089204615
1484,new,AT32,Fish Valley Thicket,ValleyThicket,2,1,moderate,1,moderate,AT32_moderate,25.705690782112498,-32.885002373515
1485,new,AT32,Fish Valley Thicket,ValleyThicket,2,1,moderate,1,moderate,AT32_moderate,26.66761311334964,-32.87477969782967
1486,new,AT32,Fish Valley Thicket,ValleyThicket,2,1,moderate,1,moderate,AT32_moderate,25.905888767172247,-32.92172947790183
1487,new,AT32,Fish Valley Thicket,ValleyThicket,2,1,moderate,0,intact,AT32_moderate,25.883953842866212,-32.70521806008259
1488,new,AT32,Fish Valley Thicket,ValleyThicket,2,1,moderate,1,moderate,AT32_moderate,26.364640076794206,-32.705622881748255
1489,new,AT32,Fish Valley Thicket,ValleyThicket,2,1,moderate,1,moderate,AT32_moderate,25.892072853687225,-32.77464127537886
1490,new,AT32,Fish Valley Thicket,ValleyThicket,2,1,moderate,2,severe,AT32_moderate,26.052964250883687,-32.362465652110096
1491,new,AT32,Fish Valley Thicket,ValleyThicket,2,1,moderate,2,severe,AT32_moderate,25.62131442346641,-32.91044672272772
1492,new,AT32,Fish Valley Thicket,ValleyThicket,2,1,moderate,1,moderate,AT32_moderate,26.057938450045683,-32.53186560307677
1493,new,AT32,Fish Valley Thicket,ValleyThicket,2,1,moderate,1,moderate,AT32_moderate,26.76517804079815,-32.692663411691306
1494,new,AT32,Fish Valley Thicket,ValleyThicket,2,1,moderate,1,moderate,AT32_moderate,26.091295228369372,-32.3638509608694
1495,new,AT32,Fish Valley Thicket,ValleyThicket,2,1,moderate,1,moderate,AT32_moderate,25.331650934679132,-32.623207512779295
1496,new,AT32,Fish Valley Thicket,ValleyThicket,2,1,moderate,1,moderate,AT32_moderate,26.105650015493175,-32.475688566627014
1497,new,AT32,Fish Valley Thicket,ValleyThicket,2,1,moderate,2,severe,AT32_moderate,26.11036370440138,-32.344354968556296
1498,new,AT32,Fish Valley Thicket,ValleyThicket,2,1,moderate,1,moderate,AT32_moderate,25.840434304568326,-32.49939921136125
1499,new,AT32,Fish Valley Thicket,ValleyThicket,2,1,moderate,1,moderate,AT32_moderate,25.3056229121901,-32.72914250566344
1500,new,AT32,Fish Valley Thicket,ValleyThicket,2,1,moderate,1,moderate,AT32_moderate,26.256481345814283,-32.65196547644364
1501,new,AT32,Fish Valley Thicket,ValleyThicket,2,1,moderate,1,moderate,AT32_moderate,26.72368905522994,-33.13869379104473
1502,new,AT32,Fish Valley Thicket,ValleyThicket,2,1,moderate,1,moderate,AT32_moderate,25.65891825232656,-32.5588330510729
1503,new,AT32,Fish Valley Thicket,ValleyThicket,2,1,moderate,1,moderate,AT32_moderate,25.659629829835424,-32.62080441070996
1504,new,AT32,Fish Valley Thicket,ValleyThicket,2,1,moderate,1,moderate,AT32_moderate,25.73100991703164,-32.64080244777721
1505,new,AT32,Fish Valley Thicket,ValleyThicket,2,1,moderate,2,severe,AT32_moderate,25.908536574303945,-32.96305872149596
1506,new,AT32,Fish Valley Thicket,ValleyThicket,2,1,moderate,1,moderate,AT32_moderate,25.24332584217224,-32.534127919794926
1507,new,AT32,Fish Valley Thicket,ValleyThicket,2,1,moderate,1,moderate,AT32_moderate,25.789140077303454,-32.61693771847951
1508,new,AT32,Fish Valley Thicket,ValleyThicket,2,1,moderate,1,moderate,AT32_moderate,25.852357138235796,-32.94373416497776
1509,new,AT32,Fish Valley Thicket,ValleyThicket,2,1,moderate,1,moderate,AT32_moderate,25.53267800688511,-32.86862069439576
1510,new,AT32,Fish Valley Thicket,ValleyThicket,2,1,moderate,1,moderate,AT32_moderate,26.83988374368604,-32.56311412757301
1511,new,AT32,Fish Valley Thicket,ValleyThicket,2,1,moderate,2,severe,AT32_moderate,25.87670863570819,-32.90918651044983
1512,new,AT32,Fish Valley Thicket,ValleyThicket,2,1,moderate,1,moderate,AT32_moderate,24.859970258021036,-32.90434537361503
1513,new,AT32,Fish Valley Thicket,ValleyThicket,2,1,moderate,1,moderate,AT32_moderate,26.514616771857142,-33.0939745481444
1514,new,AT32,Fish Valley Thicket,ValleyThicket,2,1,moderate,1,moderate,AT32_moderate,25.522241356461016,-32.87158660916874
1515,new,AT32,Fish Valley Thicket,ValleyThicket,2,1,moderate,1,moderate,AT32_moderate,25.111715218627815,-32.95372479504809
1516,new,AT32,Fish Valley Thicket,ValleyThicket,2,1,moderate,1,moderate,AT32_moderate,25.802342822956536,-32.510615915335165
1517,new,AT32,Fish Valley Thicket,ValleyThicket,2,1,moderate,2,severe,AT32_moderate,25.752919872025643,-32.48361977433309
1518,new,AT32,Fish Valley Thicket,ValleyThicket,2,1,moderate,2,severe,AT32_moderate,26.2545283403142,-32.623606944346875
1519,new,AT32,Fish Valley Thicket,ValleyThicket,2,1,moderate,1,moderate,AT32_moderate,25.800409382786082,-32.964171766540645
1520,new,AT32,Fish Valley Thicket,ValleyThicket,2,1,moderate,1,moderate,AT32_moderate,25.79391971687103,-32.68415820488868
1521,new,AT32,Fish Valley Thicket,ValleyThicket,2,1,moderate,1,moderate,AT32_moderate,25.85153551869721,-32.52331403137821
1522,new,AT32,Fish Valley Thicket,ValleyThicket,2,1,moderate,2,severe,AT32_moderate,25.61850729547602,-32.92048669458008
1523,new,AT32,Fish Valley Thicket,ValleyThicket,2,1,moderate,1,moderate,AT32_moderate,26.03144052284812,-32.58175169433301
1524,new,AT32,Fish Valley Thicket,ValleyThicket,2,1,moderate,2,severe,AT32_moderate,26.73763856481017,-32.98101623102367
1525,new,AT32,Fish Valley Thicket,ValleyThicket,2,1,moderate,1,moderate,AT32_moderate,25.66378595825132,-32.89990952694371
1526,new,AT32,Fish Valley Thicket,ValleyThicket,2,1,moderate,1,moderate,AT32_moderate,26.682123250840718,-32.69371859960974
1527,new,AT32,Fish Valley Thicket,ValleyThicket,2,1,moderate,1,moderate,AT32_moderate,26.711004729792162,-32.871219246358656
1528,new,AT32,Fish Valley Thicket,ValleyThicket,2,1,moderate,1,moderate,AT32_moderate,25.252119306540948,-32.54090650056556
1529,new,AT32,Fish Valley Thicket,ValleyThicket,2,1,moderate,1,moderate,AT32_moderate,25.733870183893337,-32.69081689890858
1530,new,AT32,Fish Valley Thicket,ValleyThicket,2,1,moderate,1,moderate,AT32_moderate,25.198687017074988,-32.49678367668836
1531,new,AT32,Fish Valley Thicket,ValleyThicket,2,1,moderate,1,moderate,AT32_moderate,26.790109756037765,-32.99878233549886
1532,new,AT32,Fish Valley Thicket,ValleyThicket,2,1,moderate,2,severe,AT32_moderate,25.728976616122406,-32.649401599629705
1533,new,AT32,Fish Valley Thicket,ValleyThicket,2,1,moderate,1,moderate,AT32_moderate,25.94795855375427,-32.49607779812116
1534,new,AT32,Fish Valley Thicket,ValleyThicket,2,2,severe,2,severe,AT32_severe,26.667439621458662,-33.03179310776201
1535,new,AT32,Fish Valley Thicket,ValleyThicket,2,2,severe,2,severe,AT32_severe,25.62909661273633,-32.62199605456909
1536,new,AT32,Fish Valley Thicket,ValleyThicket,2,2,severe,2,severe,AT32_severe,26.658226489812588,-32.928147843208656
1537,new,AT32,Fish Valley Thicket,ValleyThicket,2,2,severe,2,severe,AT32_severe,25.148090185528684,-32.91950340860719
1538,new,AT32,Fish Valley Thicket,ValleyThicket,2,2,severe,2,severe,AT32_severe,26.04720229941928,-32.52410689722061
1539,new,AT32,Fish Valley Thicket,ValleyThicket,2,2,severe,2,severe,AT32_severe,25.57750136704661,-32.90803496754027
1540,new,AT32,Fish Valley Thicket,ValleyThicket,2,2,severe,1,moderate,AT32_severe,26.8264050385244,-33.09916500449581
1541,new,AT32,Fish Valley Thicket,ValleyThicket,2,2,severe,2,severe,AT32_severe,25.765454997999832,-32.95089319555504
1542,new,AT32,Fish Valley Thicket,ValleyThicket,2,2,severe,2,severe,AT32_severe,25.84686364458068,-32.585553298012265
1543,new,AT32,Fish Valley Thicket,ValleyThicket,2,2,severe,2,severe,AT32_severe,25.587726066664853,-32.90887489445271
1544,new,AT32,Fish Valley Thicket,ValleyThicket,2,2,severe,2,severe,AT32_severe,25.791348967387673,-32.60368716937779
1545,new,AT32,Fish Valley Thicket,ValleyThicket,2,2,severe,2,severe,AT32_severe,25.87794129710327,-33.004471054736534
1546,new,AT32,Fish Valley Thicket,ValleyThicket,2,2,severe,2,severe,AT32_severe,25.869066697107357,-32.85494288400678
1547,new,AT32,Fish Valley Thicket,ValleyThicket,2,2,severe,2,severe,AT32_severe,25.18826574294309,-32.94464127050498
1548,new,AT32,Fish Valley Thicket,ValleyThicket,2,2,severe,-1,,AT32_severe,26.149172585087445,-32.29577686560294
1549,new,AT32,Fish Valley Thicket,ValleyThicket,2,2,severe,2,severe,AT32_severe,25.636901520714016,-32.93620700172446
1550,new,AT32,Fish Valley Thicket,ValleyThicket,2,2,severe,2,severe,AT32_severe,25.7194255300036,-32.60301223224606
1551,new,AT32,Fish Valley Thicket,ValleyThicket,2,2,severe,2,severe,AT32_severe,26.63674500072619,-32.97035950825843
1552,new,AT32,Fish Valley Thicket,ValleyThicket,2,2,severe,-1,,AT32_severe,26.65513015668961,-32.640044011699274
1553,new,AT32,Fish Valley Thicket,ValleyThicket,2,2,severe,2,severe,AT32_severe,25.69335925083955,-32.44274219853329
1554,new,AT32,Fish Valley Thicket,ValleyThicket,2,2,severe,2,severe,AT32_severe,25.27106475899486,-32.60694954535233
1555,new,AT32,Fish Valley Thicket,ValleyThicket,2,2,severe,2,severe,AT32_severe,25.25427278156508,-32.667144842365964
1556,new,AT32,Fish Valley Thicket,ValleyThicket,2,2,severe,2,severe,AT32_severe,25.335633034040864,-32.900023236033924
1557,new,AT32,Fish Valley Thicket,ValleyThicket,2,2,severe,2,severe,AT32_severe,25.61446846928619,-32.94944170001279
1558,new,AT32,Fish Valley Thicket,ValleyThicket,2,2,severe,2,severe,AT32_severe,25.846009737461262,-32.55335381102723
1559,new,AT32,Fish Valley Thicket,ValleyThicket,2,2,severe,2,severe,AT32_severe,25.667655821381253,-32.93326374327831
1560,new,AT32,Fish Valley Thicket,ValleyThicket,2,2,severe,2,severe,AT32_severe,25.90953934895053,-32.98385900736304
1561,new,AT32,Fish Valley Thicket,ValleyThicket,2,2,severe,2,severe,AT32_severe,25.271346347638392,-32.626412811201845
1562,new,AT32,Fish Valley Thicket,ValleyThicket,2,2,severe,2,severe,AT32_severe,25.937177240162697,-32.66591660669299
1563,new,AT32,Fish Valley Thicket,ValleyThicket,2,2,severe,2,severe,AT32_severe,26.72938143980476,-32.67401055600039
1564,new,AT32,Fish Valley Thicket,ValleyThicket,2,2,severe,2,severe,AT32_severe,25.25804247677454,-32.59412921115648
1565,new,AT32,Fish Valley Thicket,ValleyThicket,2,2,severe,2,severe,AT32_severe,25.057800875770386,-32.902457958537376
1566,new,AT32,Fish Valley Thicket,ValleyThicket,2,2,severe,2,severe,AT32_severe,26.69456599016367,-32.879386982182815
1567,new,AT32,Fish Valley Thicket,ValleyThicket,2,2,severe,1,moderate,AT32_severe,25.110409504824382,-32.93462872590704
1568,new,AT32,Fish Valley Thicket,ValleyThicket,2,2,severe,2,severe,AT32_severe,25.673757611754116,-32.928510614564615
1569,new,AT32,Fish Valley Thicket,ValleyThicket,2,2,severe,2,severe,AT32_severe,25.286490701074435,-32.854954628566254
1570,new,AT32,Fish Valley Thicket,ValleyThicket,2,2,severe,2,severe,AT32_severe,25.18467900677772,-32.55570184662652
1571,new,AT32,Fish Valley Thicket,ValleyThicket,2,2,severe,2,severe,AT32_severe,25.641031575279236,-32.42648013228942
1572,new,AT32,Fish Valley Thicket,ValleyThicket,2,2,severe,2,severe,AT32_severe,25.81232802238208,-32.956601967005696
1573,new,AT32,Fish Valley Thicket,ValleyThicket,2,2,severe,2,severe,AT32_severe,26.697495959899637,-32.91668063626511
1574,new,AT32,Fish Valley Thicket,ValleyThicket,2,2,severe,2,severe,AT32_severe,25.323237378418856,-32.7152874188591
1575,new,AT32,Fish Valley Thicket,ValleyThicket,2,2,severe,2,severe,AT32_severe,25.922054809449918,-33.0123437153146
1576,new,AT32,Fish Valley Thicket,ValleyThicket,2,2,severe,2,severe,AT32_severe,25.685302342194696,-32.95401154475189
1577,new,AT32,Fish Valley Thicket,ValleyThicket,2,2,severe,2,severe,AT32_severe,25.562586883639813,-32.87446459201827
1578,new,AT32,Fish Valley Thicket,ValleyThicket,2,2,severe,2,severe,AT32_severe,25.758426797273444,-32.95479753750217
1579,new,AT32,Fish Valley Thicket,ValleyThicket,2,2,severe,2,severe,AT32_severe,25.77423947163343,-32.92714275308246
1580,new,AT32,Fish Valley Thicket,ValleyThicket,2,2,severe,2,severe,AT32_severe,25.719177778061642,-32.95357692514969
1581,new,AT32,Fish Valley Thicket,ValleyThicket,2,2,severe,2,severe,AT32_severe,25.85933252946844,-32.902552047134535
1582,new,AT32,Fish Valley Thicket,ValleyThicket,2,2,severe,2,severe,AT32_severe,26.558989952886776,-32.969899230988176
1583,new,AT32,Fish Valley Thicket,ValleyThicket,2,2,severe,2,severe,AT32_severe,26.677457971206216,-32.635969200384544
1584,new,AT32,Fish Valley Thicket,ValleyThicket,2,2,severe,2,severe,AT32_severe,25.277981331479303,-32.68086237626959
1585,new,AT32,Fish Valley Thicket,ValleyThicket,2,2,severe,2,severe,AT32_severe,26.636431891415302,-32.94995271955085
1586,new,AT33,Gamka Arid Thicket,AridThicket,1,0,intact,0,intact,AT33_intact,21.628678916379645,-33.43353448834827
1587,new,AT33,Gamka Arid Thicket,AridThicket,1,0,intact,0,intact,AT33_intact,21.77208061044904,-33.45776891401072
1588,new,AT33,Gamka Arid Thicket,AridThicket,1,0,intact,0,intact,AT33_intact,21.58496682829134,-33.50865894195812
1589,new,AT33,Gamka Arid Thicket,AridThicket,1,0,intact,0,intact,AT33_intact,21.626164024127753,-33.51745137535659
1590,new,AT33,Gamka Arid Thicket,AridThicket,1,0,intact,0,intact,AT33_intact,21.62271379640523,-33.449666970191316
1591,new,AT33,Gamka Arid Thicket,AridThicket,1,0,intact,0,intact,AT33_intact,21.650900571688105,-33.445498949312245
1592,new,AT33,Gamka Arid Thicket,AridThicket,1,0,intact,0,intact,AT33_intact,21.658467384177538,-33.4412174510516
1593,new,AT33,Gamka Arid Thicket,AridThicket,1,1,moderate,1,moderate,AT33_moderate,21.64582975250398,-33.49228991705499
1594,new,AT33,Gamka Arid Thicket,AridThicket,1,1,moderate,1,moderate,AT33_moderate,21.630087547856885,-33.50010124266547
1595,new,AT33,Gamka Arid Thicket,AridThicket,1,1,moderate,2,severe,AT33_moderate,22.39129717990824,-33.10791637168057
1596,new,AT33,Gamka Arid Thicket,AridThicket,1,1,moderate,1,moderate,AT33_moderate,21.710171837724697,-33.514452193428546
1597,new,AT33,Gamka Arid Thicket,AridThicket,1,1,moderate,0,intact,AT33_moderate,21.657803176026576,-33.44632540998021
1598,new,AT33,Gamka Arid Thicket,AridThicket,1,1,moderate,2,severe,AT33_moderate,22.29201333752994,-33.13686446830074
1599,new,AT33,Gamka Arid Thicket,AridThicket,1,1,moderate,1,moderate,AT33_moderate,21.620527033176664,-33.27320521616088
1600,new,AT33,Gamka Arid Thicket,AridThicket,1,2,severe,2,severe,AT33_severe,21.57113861919302,-33.46885546202738
1601,new,AT33,Gamka Arid Thicket,AridThicket,1,2,severe,2,severe,AT33_severe,22.08561318468184,-33.251654767112036
1602,new,AT33,Gamka Arid Thicket,AridThicket,1,2,severe,2,severe,AT33_severe,22.235106627498375,-33.213493508701575
1603,new,AT33,Gamka Arid Thicket,AridThicket,1,2,severe,1,moderate,AT33_severe,21.506365984261787,-33.281742711338914
1604,new,AT33,Gamka Arid Thicket,AridThicket,1,2,severe,2,severe,AT33_severe,22.252826377910672,-33.15230615591369
1605,new,AT33,Gamka Arid Thicket,AridThicket,1,2,severe,2,severe,AT33_severe,22.21384884141759,-33.16207216073192
1606,new,AT33,Gamka Arid Thicket,AridThicket,1,2,severe,2,severe,AT33_severe,21.76127135190223,-33.25658962170209
1607,new,AT33,Gamka Arid Thicket,AridThicket,1,2,severe,2,severe,AT33_severe,21.606482957084733,-33.466574844212765
1608,new,AT33,Gamka Arid Thicket,AridThicket,1,2,severe,2,severe,AT33_severe,21.80553901239339,-33.25879989330981
1609,new,AT33,Gamka Arid Thicket,AridThicket,1,2,severe,2,severe,AT33_severe,22.374155134257364,-33.236076589125
1610,new,AT33,Gamka Arid Thicket,AridThicket,1,2,severe,2,severe,AT33_severe,22.3916333588658,-33.11758771123479
1611,new,AT33,Gamka Arid Thicket,AridThicket,1,2,severe,2,severe,AT33_severe,22.263523567047706,-33.125482797997094
1612,new,AT33,Gamka Arid Thicket,AridThicket,1,2,severe,2,severe,AT33_severe,22.103027134734397,-33.15479155858259
1613,new,AT33,Gamka Arid Thicket,AridThicket,1,2,severe,2,severe,AT33_severe,22.306851442075317,-33.14074260388417
1614,new,AT33,Gamka Arid Thicket,AridThicket,1,2,severe,2,severe,AT33_severe,23.107684281316743,-33.26790918418282
1615,new,AT33,Gamka Arid Thicket,AridThicket,1,2,severe,2,severe,AT33_severe,22.32032861199258,-33.1542293990949
1616,new,AT33,Gamka Arid Thicket,AridThicket,1,2,severe,2,severe,AT33_severe,22.43201005818732,-33.13035058454255
1617,new,AT33,Gamka Arid Thicket,AridThicket,1,2,severe,2,severe,AT33_severe,22.485505214152052,-33.247494525862614
1618,new,AT33,Gamka Arid Thicket,AridThicket,1,2,severe,2,severe,AT33_severe,22.692818546337296,-33.3622613966507
1619,new,AT33,Gamka Arid Thicket,AridThicket,1,2,severe,2,severe,AT33_severe,21.57993159035614,-33.502411520625564
1620,new,AT34,Gamka Valley Thicket,ValleyThicket,2,0,intact,0,intact,AT34_intact,22.28961622357145,-33.49759088915157
1621,new,AT34,Gamka Valley Thicket,ValleyThicket,2,0,intact,0,intact,AT34_intact,22.060071815579626,-33.52030481830727
1622,new,AT34,Gamka Valley Thicket,ValleyThicket,2,0,intact,0,intact,AT34_intact,22.038575627797496,-33.50213545030653
1623,new,AT34,Gamka Valley Thicket,ValleyThicket,2,0,intact,0,intact,AT34_intact,22.03961561695474,-33.51882364436287
1624,new,AT34,Gamka Valley Thicket,ValleyThicket,2,0,intact,0,intact,AT34_intact,22.029902410545073,-33.51379912153854
1625,new,AT34,Gamka Valley Thicket,ValleyThicket,2,1,moderate,0,intact,AT34_moderate,22.441058424160698,-33.539000289510135
1626,new,AT34,Gamka Valley Thicket,ValleyThicket,2,1,moderate,1,moderate,AT34_moderate,22.246826258568696,-33.514487765968134
1627,new,AT34,Gamka Valley Thicket,ValleyThicket,2,1,moderate,1,moderate,AT34_moderate,22.271970673763274,-33.494609011745894
1628,new,AT34,Gamka Valley Thicket,ValleyThicket,2,1,moderate,1,moderate,AT34_moderate,22.28059244081401,-33.48946370561204
1629,new,AT34,Gamka Valley Thicket,ValleyThicket,2,1,moderate,2,severe,AT34_moderate,22.055787751206143,-33.53608095798165
1630,new,AT34,Gamka Valley Thicket,ValleyThicket,2,1,moderate,1,moderate,AT34_moderate,22.100343367805213,-33.5120973240814
1631,new,AT34,Gamka Valley Thicket,ValleyThicket,2,1,moderate,1,moderate,AT34_moderate,22.156651847111583,-33.51816595567471
1632,new,AT34,Gamka Valley Thicket,ValleyThicket,2,1,moderate,1,moderate,AT34_moderate,22.043458479284617,-33.4919740581526
1633,new,AT34,Gamka Valley Thicket,ValleyThicket,2,1,moderate,1,moderate,AT34_moderate,22.178758008136374,-33.50784981451754
1634,new,AT34,Gamka Valley Thicket,ValleyThicket,2,1,moderate,1,moderate,AT34_moderate,22.26320777743595,-33.505544716138985
1635,new,AT34,Gamka Valley Thicket,ValleyThicket,2,1,moderate,2,severe,AT34_moderate,22.12431162987564,-33.51768943452263
1636,new,AT34,Gamka Valley Thicket,ValleyThicket,2,1,moderate,1,moderate,AT34_moderate,22.114507078552293,-33.5311599085778
1637,new,AT34,Gamka Valley Thicket,ValleyThicket,2,2,severe,2,severe,AT34_severe,22.411317933132477,-33.53518387797275
1638,new,AT34,Gamka Valley Thicket,ValleyThicket,2,2,severe,2,severe,AT34_severe,22.360479813839724,-33.54492216797532
1639,new,AT34,Gamka Valley Thicket,ValleyThicket,2,2,severe,-1,,AT34_severe,22.17767949811324,-33.52421286730668
1640,new,AT34,Gamka Valley Thicket,ValleyThicket,2,2,severe,1,moderate,AT34_severe,22.139770595698877,-33.54302863692838
1641,new,AT34,Gamka Valley Thicket,ValleyThicket,2,2,severe,2,severe,AT34_severe,22.32678976801059,-33.53864091122427
1642,new,AT34,Gamka Valley Thicket,ValleyThicket,2,2,severe,2,severe,AT34_severe,22.203028062665513,-33.512991340857
1643,new,AT34,Gamka Valley Thicket,ValleyThicket,2,2,severe,2,severe,AT34_severe,22.199339624873662,-33.5228456668459
1644,new,AT34,Gamka Valley Thicket,ValleyThicket,2,2,severe,2,severe,AT34_severe,22.194379840076632,-33.50204424889676
1645,new,AT34,Gamka Valley Thicket,ValleyThicket,2,2,severe,2,severe,AT34_severe,22.425170973800626,-33.52358563694266
1646,new,AT34,Gamka Valley Thicket,ValleyThicket,2,2,severe,2,severe,AT34_severe,22.17188302265197,-33.53230262242022
1647,new,AT34,Gamka Valley Thicket,ValleyThicket,2,2,severe,2,severe,AT34_severe,22.384514939537105,-33.55067241934087
1648,new,AT34,Gamka Valley Thicket,ValleyThicket,2,2,severe,2,severe,AT34_severe,22.12540501450902,-33.522416361482755
1649,new,AT34,Gamka Valley Thicket,ValleyThicket,2,2,severe,2,severe,AT34_severe,22.334845499146024,-33.53475936395033
1650,new,AT34,Gamka Valley Thicket,ValleyThicket,2,2,severe,2,severe,AT34_severe,22.177068125751404,-33.54250822127285
1651,new,AT34,Gamka Valley Thicket,ValleyThicket,2,2,severe,2,severe,AT34_severe,22.118555061672023,-33.53129181762175
1652,new,AT34,Gamka Valley Thicket,ValleyThicket,2,2,severe,1,moderate,AT34_severe,22.169706290430796,-33.513938008716245
1653,new,AT34,Gamka Valley Thicket,ValleyThicket,2,2,severe,1,moderate,AT34_severe,22.166983947658515,-33.539285444806225
1654,new,AT34,Gamka Valley Thicket,ValleyThicket,2,2,severe,2,severe,AT34_severe,22.41210940293011,-33.53162169931312
1655,new,AT34,Gamka Valley Thicket,ValleyThicket,2,2,severe,2,severe,AT34_severe,22.172807423374046,-33.59221976591445
1656,new,AT34,Gamka Valley Thicket,ValleyThicket,2,2,severe,2,severe,AT34_severe,22.221929761668562,-33.51421019118427
1657,new,AT34,Gamka Valley Thicket,ValleyThicket,2,2,severe,2,severe,AT34_severe,22.198331172215617,-33.53047594899194
1658,new,AT34,Gamka Valley Thicket,ValleyThicket,2,2,severe,2,severe,AT34_severe,22.08257432212204,-33.52157478781028
1659,new,AT34,Gamka Valley Thicket,ValleyThicket,2,2,severe,2,severe,AT34_severe,22.150071865594228,-33.5491267891473
1660,new,AT34,Gamka Valley Thicket,ValleyThicket,2,2,severe,1,moderate,AT34_severe,22.420520298983323,-33.50814309017363
1661,new,AT34,Gamka Valley Thicket,ValleyThicket,2,2,severe,2,severe,AT34_severe,22.12106376520963,-33.52543808722835
1662,new,AT34,Gamka Valley Thicket,ValleyThicket,2,2,severe,1,moderate,AT34_severe,22.171006475251623,-33.52579723141435
1663,new,AT34,Gamka Valley Thicket,ValleyThicket,2,2,severe,2,severe,AT34_severe,22.42773535117963,-33.5262905938029
1664,new,AT34,Gamka Valley Thicket,ValleyThicket,2,2,severe,2,severe,AT34_severe,22.41467043031021,-33.522689248772195
1665,new,AT37,Gouritz Valley Thicket,ValleyThicket,2,0,intact,2,severe,AT37_intact,21.814250278164696,-34.22755759690919
1666,new,AT37,Gouritz Valley Thicket,ValleyThicket,2,0,intact,0,intact,AT37_intact,21.71976804097134,-34.04557022422788
1667,new,AT37,Gouritz Valley Thicket,ValleyThicket,2,0,intact,0,intact,AT37_intact,21.75068542293768,-34.046231174550215
1668,new,AT37,Gouritz Valley Thicket,ValleyThicket,2,0,intact,0,intact,AT37_intact,21.739094172768272,-34.19597731513527
1669,new,AT37,Gouritz Valley Thicket,ValleyThicket,2,0,intact,0,intact,AT37_intact,21.35525866747398,-34.31325149657138
1670,new,AT37,Gouritz Valley Thicket,ValleyThicket,2,0,intact,0,intact,AT37_intact,21.704467434017104,-34.158212859344154
1671,new,AT37,Gouritz Valley Thicket,ValleyThicket,2,0,intact,0,intact,AT37_intact,21.718622872659868,-34.06522506351588
1672,new,AT37,Gouritz Valley Thicket,ValleyThicket,2,0,intact,0,intact,AT37_intact,21.398565364871228,-34.33316839493824
1673,new,AT37,Gouritz Valley Thicket,ValleyThicket,2,0,intact,2,severe,AT37_intact,21.367029499869084,-34.31939897435932
1674,new,AT37,Gouritz Valley Thicket,ValleyThicket,2,0,intact,0,intact,AT37_intact,21.81143558169946,-34.24311242461923
1675,new,AT37,Gouritz Valley Thicket,ValleyThicket,2,0,intact,-1,,AT37_intact,21.379856772265963,-34.31916488444582
1676,new,AT37,Gouritz Valley Thicket,ValleyThicket,2,0,intact,1,moderate,AT37_intact,21.720941144614446,-34.13739262395367
1677,new,AT37,Gouritz Valley Thicket,ValleyThicket,2,0,intact,0,intact,AT37_intact,21.661467304557387,-33.942798117179834
1678,new,AT37,Gouritz Valley Thicket,ValleyThicket,2,0,intact,0,intact,AT37_intact,21.64790527144045,-33.97367023040397
1679,new,AT37,Gouritz Valley Thicket,ValleyThicket,2,0,intact,0,intact,AT37_intact,21.854267092125085,-34.31100897891882
1680,new,AT37,Gouritz Valley Thicket,ValleyThicket,2,0,intact,0,intact,AT37_intact,21.73575731765753,-34.01347643429959
1681,new,AT37,Gouritz Valley Thicket,ValleyThicket,2,1,moderate,-1,,AT37_moderate,21.649379964766123,-34.12260974647048
1682,new,AT37,Gouritz Valley Thicket,ValleyThicket,2,1,moderate,2,severe,AT37_moderate,21.78198089092761,-34.159492338142684
1683,new,AT37,Gouritz Valley Thicket,ValleyThicket,2,1,moderate,1,moderate,AT37_moderate,21.80689223039399,-34.06189039629422
1684,new,AT37,Gouritz Valley Thicket,ValleyThicket,2,1,moderate,2,severe,AT37_moderate,21.640177796989565,-34.1221991678336
1685,new,AT37,Gouritz Valley Thicket,ValleyThicket,2,1,moderate,1,moderate,AT37_moderate,21.71473312859257,-34.13332282046763
1686,new,AT37,Gouritz Valley Thicket,ValleyThicket,2,1,moderate,1,moderate,AT37_moderate,21.7427369927423,-34.103011102107615
1687,new,AT37,Gouritz Valley Thicket,ValleyThicket,2,1,moderate,1,moderate,AT37_moderate,21.6736868232489,-34.143238529206194
1688,new,AT37,Gouritz Valley Thicket,ValleyThicket,2,1,moderate,1,moderate,AT37_moderate,21.787765089867833,-34.17743165833594
1689,new,AT37,Gouritz Valley Thicket,ValleyThicket,2,1,moderate,0,intact,AT37_moderate,21.763732176601717,-34.04831711260077
1690,new,AT37,Gouritz Valley Thicket,ValleyThicket,2,1,moderate,1,moderate,AT37_moderate,21.754459006823648,-34.22260950736248
1691,new,AT37,Gouritz Valley Thicket,ValleyThicket,2,2,severe,1,moderate,AT37_severe,21.827968465867162,-34.06214275198282
1692,new,AT37,Gouritz Valley Thicket,ValleyThicket,2,2,severe,1,moderate,AT37_severe,21.729574510125218,-34.134594510996266
1693,new,AT37,Gouritz Valley Thicket,ValleyThicket,2,2,severe,2,severe,AT37_severe,21.62571895511085,-33.98751720507512
1694,new,AT37,Gouritz Valley Thicket,ValleyThicket,2,2,severe,2,severe,AT37_severe,21.873986308199274,-34.152614230044804
1695,new,AT37,Gouritz Valley Thicket,ValleyThicket,2,2,severe,2,severe,AT37_severe,21.73915572081847,-34.13393028054368
1696,new,AT37,Gouritz Valley Thicket,ValleyThicket,2,2,severe,2,severe,AT37_severe,21.7537072002775,-34.15378859773598
1697,new,AT37,Gouritz Valley Thicket,ValleyThicket,2,2,severe,2,severe,AT37_severe,21.73144785542717,-34.09286959195289
1698,new,AT37,Gouritz Valley Thicket,ValleyThicket,2,2,severe,1,moderate,AT37_severe,21.626493659067535,-33.993639008979805
1699,new,AT37,Gouritz Valley Thicket,ValleyThicket,2,2,severe,2,severe,AT37_severe,21.76007305247552,-34.163583351145256
1700,new,AT37,Gouritz Valley Thicket,ValleyThicket,2,2,severe,2,severe,AT37_severe,21.658800608547025,-34.019006784055826
1701,new,AT37,Gouritz Valley Thicket,ValleyThicket,2,2,severe,2,severe,AT37_severe,21.306932440956487,-34.28348530814486
1702,new,AT37,Gouritz Valley Thicket,ValleyThicket,2,2,severe,-1,,AT37_severe,21.67629633440597,-34.1382037844429
1703,new,AT37,Gouritz Valley Thicket,ValleyThicket,2,2,severe,2,severe,AT37_severe,21.74762125991811,-34.1575694654697
1704,new,AT37,Gouritz Valley Thicket,ValleyThicket,2,2,severe,-1,,AT37_severe,21.803089428627274,-34.14695060518834
1705,new,AT37,Gouritz Valley Thicket,ValleyThicket,2,2,severe,2,severe,AT37_severe,21.379666216064923,-34.327503095427126
1706,new,AT37,Gouritz Valley Thicket,ValleyThicket,2,2,severe,2,severe,AT37_severe,21.750399068293966,-34.185635884295884
1707,new,AT37,Gouritz Valley Thicket,ValleyThicket,2,2,severe,2,severe,AT37_severe,21.70249368857677,-34.10440556561092
1708,new,AT37,Gouritz Valley Thicket,ValleyThicket,2,2,severe,2,severe,AT37_severe,21.79632359386197,-34.24754712908249
1709,new,AT37,Gouritz Valley Thicket,ValleyThicket,2,2,severe,2,severe,AT37_severe,21.797303861301767,-34.16092731101737
1710,new,AT37,Gouritz Valley Thicket,ValleyThicket,2,2,severe,2,severe,AT37_severe,21.61411480222565,-34.03098729453855
1711,new,AT37,Gouritz Valley Thicket,ValleyThicket,2,2,severe,2,severe,AT37_severe,21.793037381372677,-34.151196458460426
1712,new,AT37,Gouritz Valley Thicket,ValleyThicket,2,2,severe,2,severe,AT37_severe,21.72473773353908,-34.15456092903877
1713,new,AT49,Sundays Arid Thicket,AridThicket,1,0,intact,0,intact,AT49_intact,24.6247278289458,-33.2029701003534
1714,new,AT49,Sundays Arid Thicket,AridThicket,1,0,intact,0,intact,AT49_intact,24.947419437159752,-33.499578274828934
1715,new,AT49,Sundays Arid Thicket,AridThicket,1,0,intact,0,intact,AT49_intact,24.70547955540245,-32.85186081615434
1716,new,AT49,Sundays Arid Thicket,AridThicket,1,0,intact,0,intact,AT49_intact,24.604708235652236,-33.209951675045
1717,new,AT49,Sundays Arid Thicket,AridThicket,1,0,intact,0,intact,AT49_intact,23.06248875095892,-33.38623685238817
1718,new,AT49,Sundays Arid Thicket,AridThicket,1,0,intact,2,severe,AT49_intact,25.136721679590238,-32.808849192649824
1719,new,AT49,Sundays Arid Thicket,AridThicket,1,0,intact,0,intact,AT49_intact,23.85436239853482,-33.2121904131144
1720,new,AT49,Sundays Arid Thicket,AridThicket,1,0,intact,0,intact,AT49_intact,24.776356956426866,-32.92955140027031
1721,new,AT49,Sundays Arid Thicket,AridThicket,1,0,intact,1,moderate,AT49_intact,25.290798110037628,-32.98517020359986
1722,new,AT49,Sundays Arid Thicket,AridThicket,1,0,intact,0,intact,AT49_intact,25.252368674738126,-33.58393857821413
1723,new,AT49,Sundays Arid Thicket,AridThicket,1,0,intact,0,intact,AT49_intact,25.395633770116444,-33.231754206466086
1724,new,AT49,Sundays Arid Thicket,AridThicket,1,0,intact,-1,,AT49_intact,25.17756328219919,-33.12422079089047
1725,new,AT49,Sundays Arid Thicket,AridThicket,1,0,intact,0,intact,AT49_intact,24.913326297809146,-32.90036703513592
1726,new,AT49,Sundays Arid Thicket,AridThicket,1,0,intact,2,severe,AT49_intact,23.939364609308328,-33.09592144705854
1727,new,AT49,Sundays Arid Thicket,AridThicket,1,0,intact,0,intact,AT49_intact,25.316055109397283,-33.043653452961024
1728,new,AT49,Sundays Arid Thicket,AridThicket,1,0,intact,0,intact,AT49_intact,24.147972289424196,-33.127691941951824
1729,new,AT49,Sundays Arid Thicket,AridThicket,1,0,intact,0,intact,AT49_intact,23.563383518848003,-33.12155575746777
1730,new,AT49,Sundays Arid Thicket,AridThicket,1,0,intact,1,moderate,AT49_intact,25.11985800426374,-33.10051148247613
1731,new,AT49,Sundays Arid Thicket,AridThicket,1,0,intact,0,intact,AT49_intact,24.7959719130628,-32.9334980153761
1732,new,AT49,Sundays Arid Thicket,AridThicket,1,0,intact,0,intact,AT49_intact,25.340332480584035,-33.51836181245982
1733,new,AT49,Sundays Arid Thicket,AridThicket,1,1,moderate,1,moderate,AT49_moderate,23.9566662359685,-33.23916560403376
1734,new,AT49,Sundays Arid Thicket,AridThicket,1,1,moderate,1,moderate,AT49_moderate,24.38179500014512,-33.30470692075112
1735,new,AT49,Sundays Arid Thicket,AridThicket,1,1,moderate,1,moderate,AT49_moderate,24.967343269102464,-33.23233741880561
1736,new,AT49,Sundays Arid Thicket,AridThicket,1,1,moderate,2,severe,AT49_moderate,25.211126598673886,-32.80642466516305
1737,new,AT49,Sundays Arid Thicket,AridThicket,1,1,moderate,1,moderate,AT49_moderate,24.963177630030383,-33.46838349176323
1738,new,AT49,Sundays Arid Thicket,AridThicket,1,1,moderate,2,severe,AT49_moderate,24.79488510108073,-32.95102772200835
1739,new,AT49,Sundays Arid Thicket,AridThicket,1,1,moderate,1,moderate,AT49_moderate,25.10322035407657,-33.200866273447296
1740,new,AT49,Sundays Arid Thicket,AridThicket,1,1,moderate,1,moderate,AT49_moderate,24.52927658523663,-32.89608438100324
1741,new,AT49,Sundays Arid Thicket,AridThicket,1,1,moderate,2,severe,AT49_moderate,24.13670817613511,-33.03570861500387
1742,new,AT49,Sundays Arid Thicket,AridThicket,1,1,moderate,1,moderate,AT49_moderate,24.446579231145908,-33.51815560379404
1743,new,AT49,Sundays Arid Thicket,AridThicket,1,1,moderate,2,severe,AT49_moderate,25.106779470976356,-32.88991764304377
1744,new,AT49,Sundays Arid Thicket,AridThicket,1,1,moderate,2,severe,AT49_moderate,23.95693481252946,-33.239412596759735
1745,new,AT49,Sundays Arid Thicket,AridThicket,1,1,moderate,1,moderate,AT49_moderate,25.150913627353408,-33.490451805499795
1746,new,AT49,Sundays Arid Thicket,AridThicket,1,1,moderate,1,moderate,AT49_moderate,24.972332592440488,-33.229959984191
1747,new,AT49,Sundays Arid Thicket,AridThicket,1,1,moderate,1,moderate,AT49_moderate,24.094636945246815,-32.829095476455045
1748,new,AT49,Sundays Arid Thicket,AridThicket,1,1,moderate,1,moderate,AT49_moderate,24.08784682282947,-33.07050104294421
1749,new,AT49,Sundays Arid Thicket,AridThicket,1,1,moderate,2,severe,AT49_moderate,24.974609277263248,-32.84614692772137
1750,new,AT49,Sundays Arid Thicket,AridThicket,1,1,moderate,1,moderate,AT49_moderate,25.23222391599984,-33.47734739931509
1751,new,AT49,Sundays Arid Thicket,AridThicket,1,1,moderate,1,moderate,AT49_moderate,24.926249936377367,-32.973516153610085
1752,new,AT49,Sundays Arid Thicket,AridThicket,1,1,moderate,1,moderate,AT49_moderate,23.510460762594803,-33.076916009048226
1753,new,AT49,Sundays Arid Thicket,AridThicket,1,1,moderate,1,moderate,AT49_moderate,24.752546971324854,-32.92408549612447
1754,new,AT49,Sundays Arid Thicket,AridThicket,1,1,moderate,1,moderate,AT49_moderate,24.69054356650986,-32.91587501512832
1755,new,AT49,Sundays Arid Thicket,AridThicket,1,1,moderate,2,severe,AT49_moderate,24.999026255730023,-33.13490223890588
1756,new,AT49,Sundays Arid Thicket,AridThicket,1,1,moderate,1,moderate,AT49_moderate,25.241781698810083,-33.482946666618076
1757,new,AT49,Sundays Arid Thicket,AridThicket,1,1,moderate,1,moderate,AT49_moderate,24.616237819640677,-32.93086395840155
1758,new,AT49,Sundays Arid Thicket,AridThicket,1,1,moderate,2,severe,AT49_moderate,24.904455624689664,-32.790870163503044
1759,new,AT49,Sundays Arid Thicket,AridThicket,1,1,moderate,1,moderate,AT49_moderate,25.010249095755515,-33.20931554200092
1760,new,AT49,Sundays Arid Thicket,AridThicket,1,1,moderate,1,moderate,AT49_moderate,25.344792124817022,-33.44459987208534
1761,new,AT49,Sundays Arid Thicket,AridThicket,1,1,moderate,2,severe,AT49_moderate,24.839628289866635,-32.8617207566586
1762,new,AT49,Sundays Arid Thicket,AridThicket,1,1,moderate,1,moderate,AT49_moderate,24.668463525075975,-32.90747357708618
1763,new,AT49,Sundays Arid Thicket,AridThicket,1,1,moderate,1,moderate,AT49_moderate,25.45031962893613,-33.029065248827486
1764,new,AT49,Sundays Arid Thicket,AridThicket,1,1,moderate,1,moderate,AT49_moderate,24.50197875888248,-33.08339555015284
1765,new,AT49,Sundays Arid Thicket,AridThicket,1,1,moderate,1,moderate,AT49_moderate,24.736847072038465,-32.924529797614994
1766,new,AT49,Sundays Arid Thicket,AridThicket,1,1,moderate,1,moderate,AT49_moderate,25.314951102112353,-33.02934270190213
1767,new,AT49,Sundays Arid Thicket,AridThicket,1,1,moderate,1,moderate,AT49_moderate,24.987673973721716,-33.50985449482708
1768,new,AT49,Sundays Arid Thicket,AridThicket,1,1,moderate,1,moderate,AT49_moderate,24.907894348282035,-32.95351039804218
1769,new,AT49,Sundays Arid Thicket,AridThicket,1,1,moderate,1,moderate,AT49_moderate,24.78156991628321,-32.93358736848265
1770,new,AT49,Sundays Arid Thicket,AridThicket,1,1,moderate,1,moderate,AT49_moderate,23.65209635544018,-33.18884963857832
1771,new,AT49,Sundays Arid Thicket,AridThicket,1,1,moderate,1,moderate,AT49_moderate,24.882375859987814,-32.88355660179903
1772,new,AT49,Sundays Arid Thicket,AridThicket,1,1,moderate,1,moderate,AT49_moderate,24.96782432601333,-32.8811647384121
1773,new,AT49,Sundays Arid Thicket,AridThicket,1,1,moderate,1,moderate,AT49_moderate,24.569031363444484,-33.02938764636084
1774,new,AT49,Sundays Arid Thicket,AridThicket,1,1,moderate,1,moderate,AT49_moderate,25.395662846133494,-33.02557148931443
1775,new,AT49,Sundays Arid Thicket,AridThicket,1,1,moderate,2,severe,AT49_moderate,25.36858373317925,-33.18196807163487
1776,new,AT49,Sundays Arid Thicket,AridThicket,1,1,moderate,1,moderate,AT49_moderate,24.965101526642187,-33.23416512956568
1777,new,AT49,Sundays Arid Thicket,AridThicket,1,1,moderate,1,moderate,AT49_moderate,24.45324648471008,-32.80191491425111
1778,new,AT49,Sundays Arid Thicket,AridThicket,1,1,moderate,1,moderate,AT49_moderate,24.70486458002221,-32.99048502111812
1779,new,AT49,Sundays Arid Thicket,AridThicket,1,1,moderate,-1,,AT49_moderate,25.1879971542007,-33.12519491483006
1780,new,AT49,Sundays Arid Thicket,AridThicket,1,1,moderate,2,severe,AT49_moderate,24.88193021917788,-33.01662374387643
1781,new,AT49,Sundays Arid Thicket,AridThicket,1,2,severe,2,severe,AT49_severe,24.369301060389446,-33.051170359913606
1782,new,AT49,Sundays Arid Thicket,AridThicket,1,2,severe,2,severe,AT49_severe,24.801616281676708,-32.84534939823054
1783,new,AT49,Sundays Arid Thicket,AridThicket,1,2,severe,2,severe,AT49_severe,24.101992778440728,-33.58067935647576
1784,new,AT49,Sundays Arid Thicket,AridThicket,1,2,severe,2,severe,AT49_severe,24.049982775308766,-33.58497650923661
1785,new,AT49,Sundays Arid Thicket,AridThicket,1,2,severe,2,severe,AT49_severe,24.469807828267385,-33.23200389867817
1786,new,AT49,Sundays Arid Thicket,AridThicket,1,2,severe,2,severe,AT49_severe,24.38740267447019,-33.28011327605435
1787,new,AT49,Sundays Arid Thicket,AridThicket,1,2,severe,2,severe,AT49_severe,24.56871363206471,-32.87811065761437
1788,new,AT49,Sundays Arid Thicket,AridThicket,1,2,severe,2,severe,AT49_severe,24.63819620381985,-32.983486344473874
1789,new,AT49,Sundays Arid Thicket,AridThicket,1,2,severe,2,severe,AT49_severe,25.08604410859742,-33.52362967055224
1790,new,AT49,Sundays Arid Thicket,AridThicket,1,2,severe,2,severe,AT49_severe,24.50834448774146,-32.867628232753965
1791,new,AT49,Sundays Arid Thicket,AridThicket,1,2,severe,2,severe,AT49_severe,24.540914179592672,-33.16652039047897
1792,new,AT49,Sundays Arid Thicket,AridThicket,1,2,severe,1,moderate,AT49_severe,24.606592675523565,-33.084116991966056
1793,new,AT49,Sundays Arid Thicket,AridThicket,1,2,severe,2,severe,AT49_severe,24.958777189972636,-33.064557524155084
1794,new,AT49,Sundays Arid Thicket,AridThicket,1,2,severe,2,severe,AT49_severe,24.65010207935513,-32.99659058376024
1795,new,AT49,Sundays Arid Thicket,AridThicket,1,2,severe,2,severe,AT49_severe,24.076975403183173,-33.58599620790954
1796,new,AT49,Sundays Arid Thicket,AridThicket,1,2,severe,2,severe,AT49_severe,24.91895150065639,-33.54486503357991
1797,new,AT49,Sundays Arid Thicket,AridThicket,1,2,severe,2,severe,AT49_severe,24.70119982364096,-33.10714516558699
1798,new,AT49,Sundays Arid Thicket,AridThicket,1,2,severe,2,severe,AT49_severe,24.2085423562836,-33.26535039420401
1799,new,AT49,Sundays Arid Thicket,AridThicket,1,2,severe,1,moderate,AT49_severe,25.374360437193435,-33.51056138490041
1800,new,AT49,Sundays Arid Thicket,AridThicket,1,2,severe,1,moderate,AT49_severe,24.061595307305012,-33.58008841320553
1801,new,AT49,Sundays Arid Thicket,AridThicket,1,2,severe,2,severe,AT49_severe,24.577752486671912,-33.106655889944165
1802,new,AT49,Sundays Arid Thicket,AridThicket,1,2,severe,2,severe,AT49_severe,24.619684728161413,-33.5073434064378
1803,new,AT49,Sundays Arid Thicket,AridThicket,1,2,severe,2,severe,AT49_severe,25.011730806850373,-33.140177184442884
1804,new,AT49,Sundays Arid Thicket,AridThicket,1,2,severe,2,severe,AT49_severe,24.848056068520204,-33.04895451551149
1805,new,AT49,Sundays Arid Thicket,AridThicket,1,2,severe,2,severe,AT49_severe,25.155332907994584,-32.7776505155985
1806,new,AT49,Sundays Arid Thicket,AridThicket,1,2,severe,2,severe,AT49_severe,25.251214884831313,-33.08348818053037
1807,new,AT49,Sundays Arid Thicket,AridThicket,1,2,severe,2,severe,AT49_severe,24.335804770800017,-33.18563484084443
1808,new,AT49,Sundays Arid Thicket,AridThicket,1,2,severe,2,severe,AT49_severe,23.50470381801678,-33.11394957457923
1809,new,AT49,Sundays Arid Thicket,AridThicket,1,2,severe,2,severe,AT49_severe,25.34589884139772,-33.08277520762869
1810,new,AT49,Sundays Arid Thicket,AridThicket,1,2,severe,2,severe,AT49_severe,24.862903852530668,-32.99405844606565
1811,new,AT49,Sundays Arid Thicket,AridThicket,1,2,severe,2,severe,AT49_severe,24.761334523910534,-33.083936551724435
1812,new,AT49,Sundays Arid Thicket,AridThicket,1,2,severe,0,intact,AT49_severe,25.057502061173956,-33.21469812082677
1813,new,AT49,Sundays Arid Thicket,AridThicket,1,2,severe,2,severe,AT49_severe,25.350280124732965,-33.170183662978474
1814,new,AT49,Sundays Arid Thicket,AridThicket,1,2,severe,2,severe,AT49_severe,24.993058998533968,-33.02137405900147
1815,new,AT49,Sundays Arid Thicket,AridThicket,1,2,severe,2,severe,AT49_severe,25.074678134847964,-33.52655778162939
1816,new,AT49,Sundays Arid Thicket,AridThicket,1,2,severe,2,severe,AT49_severe,25.1830790138623,-33.15729372289089
1817,new,AT49,Sundays Arid Thicket,AridThicket,1,2,severe,2,severe,AT49_severe,25.41177839489611,-33.054642434749546
1818,new,AT49,Sundays Arid Thicket,AridThicket,1,2,severe,2,severe,AT49_severe,24.272896264835747,-33.4692884255232
1819,new,AT49,Sundays Arid Thicket,AridThicket,1,2,severe,2,severe,AT49_severe,25.259314076525605,-33.5748904751354
1820,new,AT49,Sundays Arid Thicket,AridThicket,1,2,severe,2,severe,AT49_severe,25.10975157054237,-32.98140213382177
1821,new,AT49,Sundays Arid Thicket,AridThicket,1,2,severe,2,severe,AT49_severe,23.952398603703394,-33.09095289426701
1822,new,AT49,Sundays Arid Thicket,AridThicket,1,2,severe,2,severe,AT49_severe,24.843058422628296,-33.154827455315
1823,new,AT49,Sundays Arid Thicket,AridThicket,1,2,severe,2,severe,AT49_severe,24.82317373382892,-32.78331414004673
1824,new,AT49,Sundays Arid Thicket,AridThicket,1,2,severe,2,severe,AT49_severe,24.460428141509666,-32.812502732545646
1825,new,AT49,Sundays Arid Thicket,AridThicket,1,2,severe,2,severe,AT49_severe,25.19075947239449,-32.84445850152223
1826,new,AT49,Sundays Arid Thicket,AridThicket,1,2,severe,2,severe,AT49_severe,25.180795968007047,-33.15328791272204
1827,new,AT49,Sundays Arid Thicket,AridThicket,1,2,severe,2,severe,AT49_severe,25.496294958898904,-33.19061746879692
1828,new,AT49,Sundays Arid Thicket,AridThicket,1,2,severe,1,moderate,AT49_severe,24.388344291254153,-33.55621176823248
1829,new,AT49,Sundays Arid Thicket,AridThicket,1,2,severe,2,severe,AT49_severe,24.861108008196467,-32.86370621439836
1830,new,AT49,Sundays Arid Thicket,AridThicket,1,2,severe,2,severe,AT49_severe,24.4777576144807,-33.15191583075868
1831,new,AT49,Sundays Arid Thicket,AridThicket,1,2,severe,2,severe,AT49_severe,23.978864320936637,-33.22083356901257
1832,new,AT49,Sundays Arid Thicket,AridThicket,1,2,severe,2,severe,AT49_severe,23.285848357641623,-33.371492598163634
1833,new,AT49,Sundays Arid Thicket,AridThicket,1,2,severe,2,severe,AT49_severe,24.241582609930965,-33.45509727734446
1834,new,AT49,Sundays Arid Thicket,AridThicket,1,2,severe,2,severe,AT49_severe,25.10330874841072,-33.0154077057512
1835,new,AT49,Sundays Arid Thicket,AridThicket,1,2,severe,2,severe,AT49_severe,25.04675773122284,-33.1825094324407
1836,new,AT49,Sundays Arid Thicket,AridThicket,1,2,severe,2,severe,AT49_severe,25.20337299383472,-33.21195422284861
1837,new,AT49,Sundays Arid Thicket,AridThicket,1,2,severe,2,severe,AT49_severe,25.432459255808972,-33.01760087003576
1838,new,AT49,Sundays Arid Thicket,AridThicket,1,2,severe,2,severe,AT49_severe,25.18016114523207,-33.015935473021266
1839,new,AT49,Sundays Arid Thicket,AridThicket,1,2,severe,2,severe,AT49_severe,24.439192087668193,-33.12238886605025
1840,new,AT49,Sundays Arid Thicket,AridThicket,1,2,severe,2,severe,AT49_severe,24.744082151684847,-33.11338173512668
1841,new,AT49,Sundays Arid Thicket,AridThicket,1,2,severe,2,severe,AT49_severe,24.595712427204504,-33.501190797286334
1842,new,AT49,Sundays Arid Thicket,AridThicket,1,2,severe,2,severe,AT49_severe,24.901505205730437,-33.22957018137729
1843,new,AT49,Sundays Arid Thicket,AridThicket,1,2,severe,2,severe,AT49_severe,25.15741792882151,-32.88980286922207
1844,new,AT49,Sundays Arid Thicket,AridThicket,1,2,severe,2,severe,AT49_severe,24.587626922480286,-33.084357222980756
1845,new,AT49,Sundays Arid Thicket,AridThicket,1,2,severe,2,severe,AT49_severe,24.796704879842288,-33.19561558529477
1846,new,AT49,Sundays Arid Thicket,AridThicket,1,2,severe,2,severe,AT49_severe,25.089123293581416,-33.11880028446914
1847,new,AT49,Sundays Arid Thicket,AridThicket,1,2,severe,2,severe,AT49_severe,23.87418978192753,-33.237688057211116
1848,new,AT49,Sundays Arid Thicket,AridThicket,1,2,severe,2,severe,AT49_severe,24.265468480739564,-33.14360066966248
1849,new,AT49,Sundays Arid Thicket,AridThicket,1,2,severe,1,moderate,AT49_severe,24.605955768173082,-33.58074800175323
1850,new,AT49,Sundays Arid Thicket,AridThicket,1,2,severe,2,severe,AT49_severe,24.16322559219421,-33.28388817362484
1851,new,AT49,Sundays Arid Thicket,AridThicket,1,2,severe,2,severe,AT49_severe,24.867277935435208,-32.828071884132086
1852,new,AT49,Sundays Arid Thicket,AridThicket,1,2,severe,2,severe,AT49_severe,25.00295451519479,-33.15753719878316
1853,new,AT49,Sundays Arid Thicket,AridThicket,1,2,severe,2,severe,AT49_severe,24.778464469459983,-33.51254063295246
1854,new,AT49,Sundays Arid Thicket,AridThicket,1,2,severe,2,severe,AT49_severe,24.923907693135792,-33.0020147254897
1855,new,AT49,Sundays Arid Thicket,AridThicket,1,2,severe,2,severe,AT49_severe,24.077847347621496,-33.292203128713176
1856,new,AT49,Sundays Arid Thicket,AridThicket,1,2,severe,2,severe,AT49_severe,25.219981144889246,-33.184980076511955
1857,new,AT49,Sundays Arid Thicket,AridThicket,1,2,severe,2,severe,AT49_severe,24.607754978770547,-33.05537134531268
1858,new,AT49,Sundays Arid Thicket,AridThicket,1,2,severe,2,severe,AT49_severe,25.281533288405477,-33.136151117151286
1859,new,AT49,Sundays Arid Thicket,AridThicket,1,2,severe,2,severe,AT49_severe,24.86821750409868,-33.011669176996264
1860,new,AT49,Sundays Arid Thicket,AridThicket,1,2,severe,2,severe,AT49_severe,24.99252873865861,-32.828314205751425
1861,new,AT49,Sundays Arid Thicket,AridThicket,1,2,severe,2,severe,AT49_severe,25.011582362833238,-33.434200498155725
1862,new,AT49,Sundays Arid Thicket,AridThicket,1,2,severe,2,severe,AT49_severe,24.42181438010635,-33.1007238537875
1863,new,AT49,Sundays Arid Thicket,AridThicket,1,2,severe,2,severe,AT49_severe,24.753312971619945,-33.01966975835835
1864,new,AT49,Sundays Arid Thicket,AridThicket,1,2,severe,2,severe,AT49_severe,24.491555876524643,-32.99780710902268
1865,new,AT49,Sundays Arid Thicket,AridThicket,1,2,severe,2,severe,AT49_severe,25.21117726683255,-32.98277360170801
1866,new,AT49,Sundays Arid Thicket,AridThicket,1,2,severe,2,severe,AT49_severe,25.25471146834029,-33.14322784315105
1867,new,AT49,Sundays Arid Thicket,AridThicket,1,2,severe,2,severe,AT49_severe,25.00698769568576,-33.13290726303337
1868,new,AT49,Sundays Arid Thicket,AridThicket,1,2,severe,1,moderate,AT49_severe,24.422731543844918,-33.29273122552191
1869,new,AT49,Sundays Arid Thicket,AridThicket,1,2,severe,2,severe,AT49_severe,24.797429514534215,-33.120310241528095
1870,new,AT49,Sundays Arid Thicket,AridThicket,1,2,severe,2,severe,AT49_severe,25.185115783082832,-32.9730716048175
1871,new,AT49,Sundays Arid Thicket,AridThicket,1,2,severe,2,severe,AT49_severe,24.62321015279409,-33.068199572955045
1872,new,AT49,Sundays Arid Thicket,AridThicket,1,2,severe,2,severe,AT49_severe,24.925921989046245,-33.10093648276919
1873,new,AT49,Sundays Arid Thicket,AridThicket,1,2,severe,2,severe,AT49_severe,24.343242806092913,-33.263997249027334
1874,new,AT49,Sundays Arid Thicket,AridThicket,1,2,severe,2,severe,AT49_severe,24.822587887004957,-32.82845315534059
1875,new,AT49,Sundays Arid Thicket,AridThicket,1,2,severe,2,severe,AT49_severe,24.56572717101232,-32.91130441093072
1876,new,AT49,Sundays Arid Thicket,AridThicket,1,2,severe,2,severe,AT49_severe,24.470667183186904,-32.96177354495671
1877,new,AT49,Sundays Arid Thicket,AridThicket,1,2,severe,2,severe,AT49_severe,25.15268711713355,-32.986539831698
1878,new,AT49,Sundays Arid Thicket,AridThicket,1,2,severe,2,severe,AT49_severe,25.199907077296174,-33.49481825498304
1879,new,AT49,Sundays Arid Thicket,AridThicket,1,2,severe,2,severe,AT49_severe,24.928193922908594,-33.04470936285428
1880,new,AT49,Sundays Arid Thicket,AridThicket,1,2,severe,2,severe,AT49_severe,24.560281213070695,-33.50302849847444
1881,new,AT49,Sundays Arid Thicket,AridThicket,1,2,severe,2,severe,AT49_severe,25.10062023139355,-32.9976586920845
1882,new,AT49,Sundays Arid Thicket,AridThicket,1,2,severe,2,severe,AT49_severe,25.188517755691397,-33.028238629886424
1883,new,AT49,Sundays Arid Thicket,AridThicket,1,2,severe,2,severe,AT49_severe,24.99853055792664,-33.05536384844896
1884,new,AT49,Sundays Arid Thicket,AridThicket,1,2,severe,2,severe,AT49_severe,25.107596094295452,-33.47751798131884
1885,new,AT49,Sundays Arid Thicket,AridThicket,1,2,severe,2,severe,AT49_severe,24.743848436731778,-32.94640704562362
1886,new,AT49,Sundays Arid Thicket,AridThicket,1,2,severe,2,severe,AT49_severe,24.915191731139075,-32.97926598312142
1887,new,AT49,Sundays Arid Thicket,AridThicket,1,2,severe,2,severe,AT49_severe,24.848746064752298,-33.18207285412356
1888,new,AT49,Sundays Arid Thicket,AridThicket,1,2,severe,2,severe,AT49_severe,25.26093376908289,-33.170758610854264
1889,new,AT49,Sundays Arid Thicket,AridThicket,1,2,severe,2,severe,AT49_severe,25.223257858646527,-32.89451078854748
1890,new,AT49,Sundays Arid Thicket,AridThicket,1,2,severe,2,severe,AT49_severe,24.82187327256109,-33.2027176781068
1891,new,AT49,Sundays Arid Thicket,AridThicket,1,2,severe,2,severe,AT49_severe,25.05059052890697,-33.03336967894401
1892,new,AT49,Sundays Arid Thicket,AridThicket,1,2,severe,2,severe,AT49_severe,24.16467485346224,-33.221503809153475
1893,new,AT49,Sundays Arid Thicket,AridThicket,1,2,severe,2,severe,AT49_severe,25.09624490822521,-33.19876334265312
1894,new,AT49,Sundays Arid Thicket,AridThicket,1,2,severe,2,severe,AT49_severe,24.776814608895222,-32.98784226481544
1895,new,AT49,Sundays Arid Thicket,AridThicket,1,2,severe,2,severe,AT49_severe,24.637247018382393,-33.016898294116956
1896,new,AT49,Sundays Arid Thicket,AridThicket,1,2,severe,2,severe,AT49_severe,25.19647635680738,-33.060919533055895
1897,new,AT49,Sundays Arid Thicket,AridThicket,1,2,severe,2,severe,AT49_severe,24.71453844916897,-33.11259580440441
1898,new,AT49,Sundays Arid Thicket,AridThicket,1,2,severe,2,severe,AT49_severe,25.120524394905377,-33.45383045875126
1899,new,AT49,Sundays Arid Thicket,AridThicket,1,2,severe,2,severe,AT49_severe,25.121237365220217,-32.89875163482307
1900,new,AT49,Sundays Arid Thicket,AridThicket,1,2,severe,2,severe,AT49_severe,25.25563739394145,-32.91990638383602
1901,new,AT49,Sundays Arid Thicket,AridThicket,1,2,severe,2,severe,AT49_severe,23.67646074819237,-33.193692219945376
1902,new,AT49,Sundays Arid Thicket,AridThicket,1,2,severe,2,severe,AT49_severe,24.312626525430428,-33.16626712481306
1903,new,AT49,Sundays Arid Thicket,AridThicket,1,2,severe,2,severe,AT49_severe,24.679701293056524,-33.46828432399027
1904,new,AT49,Sundays Arid Thicket,AridThicket,1,2,severe,2,severe,AT49_severe,24.66280348685084,-33.07017812827482
1905,new,AT49,Sundays Arid Thicket,AridThicket,1,2,severe,2,severe,AT49_severe,24.641067704094844,-33.01801328916541
1906,new,AT49,Sundays Arid Thicket,AridThicket,1,2,severe,2,severe,AT49_severe,24.50342326044339,-33.515430534763524
1907,new,AT49,Sundays Arid Thicket,AridThicket,1,2,severe,2,severe,AT49_severe,24.598269880822443,-33.46475502555466
1908,new,AT49,Sundays Arid Thicket,AridThicket,1,2,severe,2,severe,AT49_severe,24.745209929036843,-33.159499320463595
1909,new,AT49,Sundays Arid Thicket,AridThicket,1,2,severe,2,severe,AT49_severe,24.579820723844353,-33.16083039787065
1910,new,AT49,Sundays Arid Thicket,AridThicket,1,2,severe,1,moderate,AT49_severe,24.096728660116685,-32.99803354131096
1911,new,AT49,Sundays Arid Thicket,AridThicket,1,2,severe,2,severe,AT49_severe,23.77221984305877,-33.16967538166299
1912,new,AT49,Sundays Arid Thicket,AridThicket,1,2,severe,2,severe,AT49_severe,24.807533085146343,-33.52144255438041
1913,new,AT49,Sundays Arid Thicket,AridThicket,1,2,severe,2,severe,AT49_severe,24.62343206389997,-33.178874574749365
1914,new,AT49,Sundays Arid Thicket,AridThicket,1,2,severe,2,severe,AT49_severe,24.971513109424468,-33.45706338755458
1915,new,AT49,Sundays Arid Thicket,AridThicket,1,2,severe,2,severe,AT49_severe,25.23758584278924,-33.04147100285135
1916,new,AT49,Sundays Arid Thicket,AridThicket,1,2,severe,2,severe,AT49_severe,24.122934097100437,-33.27177581518701
1917,new,AT49,Sundays Arid Thicket,AridThicket,1,2,severe,2,severe,AT49_severe,24.523452426139364,-33.155823926542205
1918,new,AT49,Sundays Arid Thicket,AridThicket,1,2,severe,2,severe,AT49_severe,25.42088088610419,-33.503349099717376
1919,new,AT49,Sundays Arid Thicket,AridThicket,1,2,severe,2,severe,AT49_severe,25.129165306691043,-33.449489036652565
1920,new,AT49,Sundays Arid Thicket,AridThicket,1,2,severe,2,severe,AT49_severe,25.387012035153383,-33.11089936955778
1921,new,AT49,Sundays Arid Thicket,AridThicket,1,2,severe,2,severe,AT49_severe,24.39546351403097,-33.44867656155237
1922,new,AT49,Sundays Arid Thicket,AridThicket,1,2,severe,2,severe,AT49_severe,24.59969385820886,-33.071409529282114
1923,new,AT49,Sundays Arid Thicket,AridThicket,1,2,severe,2,severe,AT49_severe,24.687721832782515,-33.19569461051265
1924,new,AT49,Sundays Arid Thicket,AridThicket,1,2,severe,2,severe,AT49_severe,24.839864395549355,-32.99725041344005
1925,new,AT49,Sundays Arid Thicket,AridThicket,1,2,severe,1,moderate,AT49_severe,25.35736437658558,-33.411037766521275
1926,new,AT49,Sundays Arid Thicket,AridThicket,1,2,severe,2,severe,AT49_severe,24.689566988433448,-33.51085176314885
1927,new,AT49,Sundays Arid Thicket,AridThicket,1,2,severe,2,severe,AT49_severe,24.211238195896044,-33.31108791381789
1928,new,AT49,Sundays Arid Thicket,AridThicket,1,2,severe,2,severe,AT49_severe,25.31239565873985,-33.48456516106191
1929,new,AT49,Sundays Arid Thicket,AridThicket,1,2,severe,2,severe,AT49_severe,25.1548622294661,-33.122245331616625
1930,new,AT49,Sundays Arid Thicket,AridThicket,1,2,severe,2,severe,AT49_severe,25.213832414111916,-33.06759412133015
1931,new,AT49,Sundays Arid Thicket,AridThicket,1,2,severe,2,severe,AT49_severe,24.510046905914614,-33.156995057204036
1932,new,AT49,Sundays Arid Thicket,AridThicket,1,2,severe,2,severe,AT49_severe,24.222511778215633,-33.216850222124386
1933,new,AT49,Sundays Arid Thicket,AridThicket,1,2,severe,2,severe,AT49_severe,24.576049191237672,-33.170170460775736
1934,new,AT49,Sundays Arid Thicket,AridThicket,1,2,severe,2,severe,AT49_severe,25.180665183739666,-33.093538894557994
1935,new,AT49,Sundays Arid Thicket,AridThicket,1,2,severe,2,severe,AT49_severe,25.048193201337412,-33.11662572800018
1936,new,AT49,Sundays Arid Thicket,AridThicket,1,2,severe,2,severe,AT49_severe,23.591442257495814,-33.167868191558924
1937,new,AT49,Sundays Arid Thicket,AridThicket,1,2,severe,2,severe,AT49_severe,25.07477347315164,-32.90985870339382
1938,new,AT49,Sundays Arid Thicket,AridThicket,1,2,severe,2,severe,AT49_severe,24.467455377577437,-33.013194033571686
1939,new,AT49,Sundays Arid Thicket,AridThicket,1,2,severe,2,severe,AT49_severe,24.674205272207207,-33.02717648452292
1940,new,AT49,Sundays Arid Thicket,AridThicket,1,2,severe,2,severe,AT49_severe,24.343179978619602,-33.55883841720551
1941,new,AT49,Sundays Arid Thicket,AridThicket,1,2,severe,2,severe,AT49_severe,24.753808567673246,-33.02849388017189
1942,new,AT49,Sundays Arid Thicket,AridThicket,1,2,severe,2,severe,AT49_severe,25.267710806419878,-33.46242329084941
1943,new,AT49,Sundays Arid Thicket,AridThicket,1,2,severe,2,severe,AT49_severe,24.581603730353233,-33.46228757560266
1944,new,AT49,Sundays Arid Thicket,AridThicket,1,2,severe,2,severe,AT49_severe,24.20702523348047,-33.30255017352661
1945,new,AT49,Sundays Arid Thicket,AridThicket,1,2,severe,2,severe,AT49_severe,25.001888255480523,-33.18654047029117
1946,new,AT49,Sundays Arid Thicket,AridThicket,1,2,severe,2,severe,AT49_severe,24.77297363565542,-33.048132167206994
1947,new,AT49,Sundays Arid Thicket,AridThicket,1,2,severe,2,severe,AT49_severe,25.308112641845845,-33.0579150456315
1948,new,AT49,Sundays Arid Thicket,AridThicket,1,2,severe,2,severe,AT49_severe,24.16939016353518,-33.2694640860547
1949,new,AT49,Sundays Arid Thicket,AridThicket,1,2,severe,2,severe,AT49_severe,24.4369327277548,-33.20594026318061
1950,new,AT49,Sundays Arid Thicket,AridThicket,1,2,severe,2,severe,AT49_severe,25.01400655556268,-32.989368002538136
1951,new,AT49,Sundays Arid Thicket,AridThicket,1,2,severe,2,severe,AT49_severe,25.276724830445076,-33.169639074503735
1952,new,AT49,Sundays Arid Thicket,AridThicket,1,2,severe,2,severe,AT49_severe,25.311605024435504,-33.18341966820019
1953,new,AT49,Sundays Arid Thicket,AridThicket,1,2,severe,2,severe,AT49_severe,24.782293768676524,-32.97495851047367
1954,new,AT49,Sundays Arid Thicket,AridThicket,1,2,severe,2,severe,AT49_severe,24.77995378272193,-33.11740427896541
1955,new,AT49,Sundays Arid Thicket,AridThicket,1,2,severe,2,severe,AT49_severe,25.192337025547054,-32.88891737194302
1956,new,AT49,Sundays Arid Thicket,AridThicket,1,2,severe,2,severe,AT49_severe,25.13577978263483,-33.46166941807016
1957,new,AT49,Sundays Arid Thicket,AridThicket,1,2,severe,2,severe,AT49_severe,24.459803635829257,-32.81424196641963
1958,new,AT49,Sundays Arid Thicket,AridThicket,1,2,severe,2,severe,AT49_severe,24.320421421073732,-33.21801951770998
1959,new,AT49,Sundays Arid Thicket,AridThicket,1,2,severe,2,severe,AT49_severe,25.32494732254201,-33.12303868148076
1960,new,AT49,Sundays Arid Thicket,AridThicket,1,2,severe,2,severe,AT49_severe,25.217668635208927,-33.49075012090093
1961,new,AT49,Sundays Arid Thicket,AridThicket,1,2,severe,2,severe,AT49_severe,24.744494174469768,-33.175166034580826
1962,new,AT49,Sundays Arid Thicket,AridThicket,1,2,severe,2,severe,AT49_severe,25.00255293919446,-32.82805286044097
1963,new,AT49,Sundays Arid Thicket,AridThicket,1,2,severe,2,severe,AT49_severe,24.59495905625533,-33.04724759130323
1964,new,AT49,Sundays Arid Thicket,AridThicket,1,2,severe,2,severe,AT49_severe,25.050640341042772,-33.18069983666814
1965,new,AT49,Sundays Arid Thicket,AridThicket,1,2,severe,2,severe,AT49_severe,25.050335024092202,-33.14977565771097
1966,new,AT49,Sundays Arid Thicket,AridThicket,1,2,severe,2,severe,AT49_severe,25.026663481436355,-33.120451829252154
1967,new,AT49,Sundays Arid Thicket,AridThicket,1,2,severe,2,severe,AT49_severe,24.869101327023444,-33.22307175162571
1968,new,AT49,Sundays Arid Thicket,AridThicket,1,2,severe,2,severe,AT49_severe,24.885692414359024,-33.50839420924272
1969,new,AT49,Sundays Arid Thicket,AridThicket,1,2,severe,2,severe,AT49_severe,24.757127782887146,-33.18104853129116
1970,new,AT50,Sundays Mesic Thicket,MesicThicket,3,0,intact,0,intact,AT50_intact,25.328858915196626,-33.35501390603932
1971,new,AT50,Sundays Mesic Thicket,MesicThicket,3,0,intact,0,intact,AT50_intact,25.681297628025888,-33.36797014479721
1972,new,AT50,Sundays Mesic Thicket,MesicThicket,3,0,intact,0,intact,AT50_intact,25.81558654150536,-33.38929685241607
1973,new,AT50,Sundays Mesic Thicket,MesicThicket,3,0,intact,0,intact,AT50_intact,25.264738405793914,-33.81297572513612
1974,new,AT50,Sundays Mesic Thicket,MesicThicket,3,0,intact,0,intact,AT50_intact,25.22668239945825,-33.82023429119119
1975,new,AT50,Sundays Mesic Thicket,MesicThicket,3,0,intact,0,intact,AT50_intact,25.272160334102335,-33.79825337585025
1976,new,AT50,Sundays Mesic Thicket,MesicThicket,3,0,intact,0,intact,AT50_intact,25.53717979337617,-33.3637049343049
1977,new,AT50,Sundays Mesic Thicket,MesicThicket,3,0,intact,2,severe,AT50_intact,25.386122206539305,-33.72075355790968
1978,new,AT50,Sundays Mesic Thicket,MesicThicket,3,0,intact,0,intact,AT50_intact,25.65036393898986,-33.388319432434365
1979,new,AT50,Sundays Mesic Thicket,MesicThicket,3,0,intact,0,intact,AT50_intact,25.23580218319417,-33.800584984070426
1980,new,AT50,Sundays Mesic Thicket,MesicThicket,3,0,intact,0,intact,AT50_intact,25.66067475899176,-33.362308265233125
1981,new,AT50,Sundays Mesic Thicket,MesicThicket,3,0,intact,0,intact,AT50_intact,25.5579055234783,-33.36351174789646
1982,new,AT50,Sundays Mesic Thicket,MesicThicket,3,0,intact,0,intact,AT50_intact,25.313788430246383,-33.76663402870258
1983,new,AT50,Sundays Mesic Thicket,MesicThicket,3,0,intact,0,intact,AT50_intact,25.750418328109145,-33.40501556746644
1984,new,AT50,Sundays Mesic Thicket,MesicThicket,3,0,intact,0,intact,AT50_intact,25.674042735879134,-33.336328074133945
1985,new,AT50,Sundays Mesic Thicket,MesicThicket,3,0,intact,0,intact,AT50_intact,25.83311289099315,-33.40484769818007
1986,new,AT50,Sundays Mesic Thicket,MesicThicket,3,0,intact,0,intact,AT50_intact,25.30412672890967,-33.72109287160385
1987,new,AT50,Sundays Mesic Thicket,MesicThicket,3,0,intact,0,intact,AT50_intact,25.587242687143988,-33.36580273931775
1988,new,AT50,Sundays Mesic Thicket,MesicThicket,3,1,moderate,1,moderate,AT50_moderate,25.65243953979729,-33.37927263081884
1989,new,AT50,Sundays Mesic Thicket,MesicThicket,3,1,moderate,1,moderate,AT50_moderate,25.605082496970883,-33.36473593403432
1990,new,AT50,Sundays Mesic Thicket,MesicThicket,3,1,moderate,1,moderate,AT50_moderate,25.286224122065036,-33.752645659665745
1991,new,AT50,Sundays Mesic Thicket,MesicThicket,3,1,moderate,1,moderate,AT50_moderate,24.887166675467245,-34.08379664325517
1992,new,AT50,Sundays Mesic Thicket,MesicThicket,3,1,moderate,1,moderate,AT50_moderate,24.93280408193957,-33.91289853451553
1993,new,AT50,Sundays Mesic Thicket,MesicThicket,3,1,moderate,1,moderate,AT50_moderate,25.266952684599932,-33.33442854996732
1994,new,AT50,Sundays Mesic Thicket,MesicThicket,3,1,moderate,1,moderate,AT50_moderate,25.33126457847149,-33.35402295490209
1995,new,AT50,Sundays Mesic Thicket,MesicThicket,3,1,moderate,0,intact,AT50_moderate,25.798684432715632,-33.37893371333542
1996,new,AT50,Sundays Mesic Thicket,MesicThicket,3,1,moderate,2,severe,AT50_moderate,25.488348745284068,-33.37962358614092
1997,new,AT50,Sundays Mesic Thicket,MesicThicket,3,2,severe,-1,,AT50_severe,25.72525041903229,-33.42173317968641
1998,new,AT50,Sundays Mesic Thicket,MesicThicket,3,2,severe,2,severe,AT50_severe,24.877573860103674,-34.09659494312079
1999,new,AT50,Sundays Mesic Thicket,MesicThicket,3,2,severe,2,severe,AT50_severe,24.851208904563826,-34.12428453714849
2000,new,AT50,Sundays Mesic Thicket,MesicThicket,3,2,severe,2,severe,AT50_severe,24.846573229816023,-34.120856578822526
2001,new,AT50,Sundays Mesic Thicket,MesicThicket,3,2,severe,2,severe,AT50_severe,24.86295180601693,-34.10654496004587
2002,new,AT50,Sundays Mesic Thicket,MesicThicket,3,2,severe,2,severe,AT50_severe,24.852209599613587,-33.9112034650865
2003,new,AT50,Sundays Mesic Thicket,MesicThicket,3,2,severe,1,moderate,AT50_severe,25.815817136864386,-33.57647584168672
2004,new,AT50,Sundays Mesic Thicket,MesicThicket,3,2,severe,1,moderate,AT50_severe,24.870850835997242,-33.95105228574122
2005,new,AT50,Sundays Mesic Thicket,MesicThicket,3,2,severe,2,severe,AT50_severe,25.755331129226423,-33.42469880455794
2006,new,AT50,Sundays Mesic Thicket,MesicThicket,3,2,severe,1,moderate,AT50_severe,25.383135855475203,-33.36377410376725
2007,new,AT50,Sundays Mesic Thicket,MesicThicket,3,2,severe,-1,,AT50_severe,24.90899275278607,-34.06625415207509
2008,new,AT50,Sundays Mesic Thicket,MesicThicket,3,2,severe,2,severe,AT50_severe,24.84607519702329,-33.901881822002835
2009,new,AT50,Sundays Mesic Thicket,MesicThicket,3,2,severe,2,severe,AT50_severe,25.31010831782691,-33.360163534386665
2010,new,AT50,Sundays Mesic Thicket,MesicThicket,3,2,severe,2,severe,AT50_severe,24.919762498238537,-34.00648687071057
2011,new,AT50,Sundays Mesic Thicket,MesicThicket,3,2,severe,-1,,AT50_severe,24.879193404183038,-34.10396506945464
2012,new,AT50,Sundays Mesic Thicket,MesicThicket,3,2,severe,2,severe,AT50_severe,24.86415004755108,-34.10935978487588
2013,new,AT50,Sundays Mesic Thicket,MesicThicket,3,2,severe,1,moderate,AT50_severe,25.813440015924126,-33.57426098497519
2014,new,AT50,Sundays Mesic Thicket,MesicThicket,3,2,severe,2,severe,AT50_severe,24.928326192134715,-33.97934977095798
2015,new,AT50,Sundays Mesic Thicket,MesicThicket,3,2,severe,2,severe,AT50_severe,24.97061368274287,-33.96048550287436
2016,new,AT50,Sundays Mesic Thicket,MesicThicket,3,2,severe,2,severe,AT50_severe,25.863940511989885,-33.391838570256276
2017,new,AT51,Sundays Valley Thicket,ValleyThicket,2,0,intact,0,intact,AT51_intact,25.536513668066124,-33.719162006604265
2018,new,AT51,Sundays Valley Thicket,ValleyThicket,2,0,intact,0,intact,AT51_intact,24.89945201324451,-33.85591572115965
2019,new,AT51,Sundays Valley Thicket,ValleyThicket,2,0,intact,0,intact,AT51_intact,25.43742166445859,-33.769708745262335
2020,new,AT51,Sundays Valley Thicket,ValleyThicket,2,0,intact,1,moderate,AT51_intact,24.571380073355293,-33.72228685184822
2021,new,AT51,Sundays Valley Thicket,ValleyThicket,2,0,intact,0,intact,AT51_intact,25.783291081802798,-33.65281175902126
2022,new,AT51,Sundays Valley Thicket,ValleyThicket,2,0,intact,0,intact,AT51_intact,25.622995409696514,-33.61083838694833
2023,new,AT51,Sundays Valley Thicket,ValleyThicket,2,0,intact,0,intact,AT51_intact,25.62913525386047,-33.75217227460443
2024,new,AT51,Sundays Valley Thicket,ValleyThicket,2,0,intact,0,intact,AT51_intact,25.72583991686415,-33.472714910229485
2025,new,AT51,Sundays Valley Thicket,ValleyThicket,2,0,intact,0,intact,AT51_intact,24.644249346524806,-33.767841831111305
2026,new,AT51,Sundays Valley Thicket,ValleyThicket,2,0,intact,-1,,AT51_intact,25.30132214546916,-33.83802763091262
2027,new,AT51,Sundays Valley Thicket,ValleyThicket,2,0,intact,0,intact,AT51_intact,25.528695271818755,-33.656297926749254
2028,new,AT51,Sundays Valley Thicket,ValleyThicket,2,0,intact,0,intact,AT51_intact,25.472819866502896,-33.56989441478058
2029,new,AT51,Sundays Valley Thicket,ValleyThicket,2,0,intact,0,intact,AT51_intact,24.756736510273253,-33.81807747900523
2030,new,AT51,Sundays Valley Thicket,ValleyThicket,2,0,intact,0,intact,AT51_intact,24.757097113613405,-33.698761796664705
2031,new,AT51,Sundays Valley Thicket,ValleyThicket,2,0,intact,0,intact,AT51_intact,25.42191757792846,-33.4527006608971
2032,new,AT51,Sundays Valley Thicket,ValleyThicket,2,0,intact,0,intact,AT51_intact,25.426422222764696,-33.44905204017075
2033,new,AT51,Sundays Valley Thicket,ValleyThicket,2,0,intact,0,intact,AT51_intact,24.666615631823603,-33.7996324980472
2034,new,AT51,Sundays Valley Thicket,ValleyThicket,2,0,intact,0,intact,AT51_intact,24.565126333738693,-33.684809106517584
2035,new,AT51,Sundays Valley Thicket,ValleyThicket,2,0,intact,0,intact,AT51_intact,24.56452818343406,-33.67007460854823
2036,new,AT51,Sundays Valley Thicket,ValleyThicket,2,0,intact,0,intact,AT51_intact,25.467151102130245,-33.7619055919698
2037,new,AT51,Sundays Valley Thicket,ValleyThicket,2,0,intact,0,intact,AT51_intact,24.65448710870446,-33.80017267438188
2038,new,AT51,Sundays Valley Thicket,ValleyThicket,2,0,intact,0,intact,AT51_intact,25.462037857009992,-33.69609561513252
2039,new,AT51,Sundays Valley Thicket,ValleyThicket,2,0,intact,0,intact,AT51_intact,25.727449924523434,-33.657624915366405
2040,new,AT51,Sundays Valley Thicket,ValleyThicket,2,0,intact,0,intact,AT51_intact,25.705238988831134,-33.499435336675226
2041,new,AT51,Sundays Valley Thicket,ValleyThicket,2,0,intact,0,intact,AT51_intact,25.31134653664296,-33.81341509083616
2042,new,AT51,Sundays Valley Thicket,ValleyThicket,2,0,intact,0,intact,AT51_intact,25.82355199930612,-33.656852825268295
2043,new,AT51,Sundays Valley Thicket,ValleyThicket,2,0,intact,0,intact,AT51_intact,25.759382598841963,-33.487370008721555
2044,new,AT51,Sundays Valley Thicket,ValleyThicket,2,0,intact,0,intact,AT51_intact,25.53765381659691,-33.700524320347895
2045,new,AT51,Sundays Valley Thicket,ValleyThicket,2,0,intact,0,intact,AT51_intact,25.62082966629351,-33.528511220630676
2046,new,AT51,Sundays Valley Thicket,ValleyThicket,2,0,intact,0,intact,AT51_intact,25.565132246534933,-33.726249857531556
2047,new,AT51,Sundays Valley Thicket,ValleyThicket,2,0,intact,0,intact,AT51_intact,25.370781656986793,-33.587363372124514
2048,new,AT51,Sundays Valley Thicket,ValleyThicket,2,0,intact,0,intact,AT51_intact,25.760210332050892,-33.58001253243253
2049,new,AT51,Sundays Valley Thicket,ValleyThicket,2,0,intact,0,intact,AT51_intact,24.754138906849708,-33.71024308722975
2050,new,AT51,Sundays Valley Thicket,ValleyThicket,2,0,intact,0,intact,AT51_intact,25.330217437167608,-33.55656290451451
2051,new,AT51,Sundays Valley Thicket,ValleyThicket,2,0,intact,0,intact,AT51_intact,25.524847092238776,-33.78875666405402
2052,new,AT51,Sundays Valley Thicket,ValleyThicket,2,0,intact,0,intact,AT51_intact,25.496168839148407,-33.52927048720492
2053,new,AT51,Sundays Valley Thicket,ValleyThicket,2,0,intact,0,intact,AT51_intact,24.522382617123018,-33.653395955217796
2054,new,AT51,Sundays Valley Thicket,ValleyThicket,2,0,intact,0,intact,AT51_intact,25.78122721257609,-33.64289862122009
2055,new,AT51,Sundays Valley Thicket,ValleyThicket,2,0,intact,0,intact,AT51_intact,25.56126436848006,-33.71488063599329
2056,new,AT51,Sundays Valley Thicket,ValleyThicket,2,0,intact,0,intact,AT51_intact,25.7242112515288,-33.673646540312106
2057,new,AT51,Sundays Valley Thicket,ValleyThicket,2,0,intact,0,intact,AT51_intact,25.41096108514632,-33.65419651389228
2058,new,AT51,Sundays Valley Thicket,ValleyThicket,2,0,intact,0,intact,AT51_intact,25.781736887933743,-33.53990762971129
2059,new,AT51,Sundays Valley Thicket,ValleyThicket,2,0,intact,0,intact,AT51_intact,25.514044526709288,-33.57745665580438
2060,new,AT51,Sundays Valley Thicket,ValleyThicket,2,1,moderate,0,intact,AT51_moderate,25.575459589949382,-33.421077471802285
2061,new,AT51,Sundays Valley Thicket,ValleyThicket,2,1,moderate,1,moderate,AT51_moderate,25.753577640275026,-33.507683759913476
2062,new,AT51,Sundays Valley Thicket,ValleyThicket,2,1,moderate,1,moderate,AT51_moderate,24.903786827706718,-33.84212405810386
2063,new,AT51,Sundays Valley Thicket,ValleyThicket,2,1,moderate,1,moderate,AT51_moderate,25.302087217148998,-33.59095332539295
2064,new,AT51,Sundays Valley Thicket,ValleyThicket,2,1,moderate,1,moderate,AT51_moderate,25.333543419007054,-33.5815490395101
2065,new,AT51,Sundays Valley Thicket,ValleyThicket,2,1,moderate,0,intact,AT51_moderate,25.754760785420487,-33.4936773722488
2066,new,AT51,Sundays Valley Thicket,ValleyThicket,2,1,moderate,0,intact,AT51_moderate,25.421200606164515,-33.526369597874805
2067,new,AT51,Sundays Valley Thicket,ValleyThicket,2,1,moderate,0,intact,AT51_moderate,24.78746307800278,-33.779633052970816
2068,new,AT51,Sundays Valley Thicket,ValleyThicket,2,1,moderate,1,moderate,AT51_moderate,25.42256521211033,-33.70169685514175
2069,new,AT51,Sundays Valley Thicket,ValleyThicket,2,1,moderate,0,intact,AT51_moderate,24.924896290447304,-33.776221273721255
2070,new,AT51,Sundays Valley Thicket,ValleyThicket,2,1,moderate,0,intact,AT51_moderate,24.778012808462652,-33.84483529111434
2071,new,AT51,Sundays Valley Thicket,ValleyThicket,2,2,severe,1,moderate,AT51_severe,24.84028555891082,-33.4110417849162
2072,new,AT51,Sundays Valley Thicket,ValleyThicket,2,2,severe,2,severe,AT51_severe,24.781767289906686,-33.342507522345564
2073,new,AT51,Sundays Valley Thicket,ValleyThicket,2,2,severe,2,severe,AT51_severe,24.91175444478606,-33.46074058125176
2074,new,AT51,Sundays Valley Thicket,ValleyThicket,2,2,severe,-1,,AT51_severe,24.70219158801259,-33.77405410914103
2075,new,AT51,Sundays Valley Thicket,ValleyThicket,2,2,severe,2,severe,AT51_severe,24.82514548576593,-33.4112196023033
2076,new,AT51,Sundays Valley Thicket,ValleyThicket,2,2,severe,2,severe,AT51_severe,25.156049808070303,-33.40796190724379
2077,new,AT51,Sundays Valley Thicket,ValleyThicket,2,2,severe,2,severe,AT51_severe,24.71424356638541,-33.34855433095725
2078,new,AT51,Sundays Valley Thicket,ValleyThicket,2,2,severe,2,severe,AT51_severe,24.951177951385123,-33.414111677606655
2079,new,AT51,Sundays Valley Thicket,ValleyThicket,2,2,severe,2,severe,AT51_severe,25.731227343760725,-33.509893928029
2080,new,AT51,Sundays Valley Thicket,ValleyThicket,2,2,severe,2,severe,AT51_severe,24.88525742331424,-33.4490118023536
2081,new,AT51,Sundays Valley Thicket,ValleyThicket,2,2,severe,2,severe,AT51_severe,25.295838610438107,-33.5014141502197
2082,new,AT51,Sundays Valley Thicket,ValleyThicket,2,2,severe,2,severe,AT51_severe,24.826086821593247,-33.410956642543354
2083,new,AT51,Sundays Valley Thicket,ValleyThicket,2,2,severe,2,severe,AT51_severe,24.956314152308813,-33.420820583484414
2084,new,AT51,Sundays Valley Thicket,ValleyThicket,2,2,severe,2,severe,AT51_severe,25.069291540608443,-33.38465643004677
2085,new,AT51,Sundays Valley Thicket,ValleyThicket,2,2,severe,-1,,AT51_severe,25.498507336023895,-33.73357842105967
2086,new,AT51,Sundays Valley Thicket,ValleyThicket,2,2,severe,0,intact,AT51_severe,25.464311534707498,-33.756860135288676
2087,new,AT51,Sundays Valley Thicket,ValleyThicket,2,2,severe,2,severe,AT51_severe,24.840399761537277,-33.390830638413156
2088,new,AT51,Sundays Valley Thicket,ValleyThicket,2,2,severe,1,moderate,AT51_severe,24.84756771647988,-33.40515729469817
2089,new,AT51,Sundays Valley Thicket,ValleyThicket,2,2,severe,2,severe,AT51_severe,25.769162516667926,-33.433422390160466
2090,new,AT51,Sundays Valley Thicket,ValleyThicket,2,2,severe,2,severe,AT51_severe,25.528482579527722,-33.595267038328494
2091,new,AT51,Sundays Valley Thicket,ValleyThicket,2,2,severe,2,severe,AT51_severe,24.785449656339598,-33.3411105230662
2092,new,AT51,Sundays Valley Thicket,ValleyThicket,2,2,severe,2,severe,AT51_severe,25.442406919173226,-33.6230164005366
2093,new,AT51,Sundays Valley Thicket,ValleyThicket,2,2,severe,1,moderate,AT51_severe,25.619570377464186,-33.53816403015244
2094,new,AT51,Sundays Valley Thicket,ValleyThicket,2,2,severe,2,severe,AT51_severe,25.735476036726276,-33.62956421632644
2095,new,AT51,Sundays Valley Thicket,ValleyThicket,2,2,severe,2,severe,AT51_severe,24.925890675063386,-33.47848723114121
2096,new,AT51,Sundays Valley Thicket,ValleyThicket,2,2,severe,2,severe,AT51_severe,25.54114009213008,-33.41825311632703
2097,new,AT51,Sundays Valley Thicket,ValleyThicket,2,2,severe,2,severe,AT51_severe,25.620000124510376,-33.62183443685472
