{"type": "FeatureCollection", "crs": {"type": "name", "properties": {"name": "urn:ogc:def:crs:OGC:1.3:CRS84"}}, "features": [{"type": "Feature", "properties": {"id": 0, "source": "existing", "mapcode": "AT18", "vegtype": "Albany Valley Thicket", "efg": "ValleyThicket", "efg_id": 2, "cls2022": 0, "cls2022_name": "intact", "cls2025": 0, "cls2025_name": "intact", "stratum": "AT18_intact", "lon": 26.874673776182696, "lat": -33.326643641314334}, "geometry": {"type": "Point", "coordinates": [26.874673776182696, -33.326643641314334]}}, {"type": "Feature", "properties": {"id": 1, "source": "existing", "mapcode": "AT28", "vegtype": "Escarpment Mesic Thicket", "efg": "MesicThicket", "efg_id": 3, "cls2022": 0, "cls2022_name": "intact", "cls2025": 0, "cls2025_name": "intact", "stratum": "AT28_intact", "lon": 25.29678297962676, "lat": -32.587150499427146}, "geometry": {"type": "Point", "coordinates": [25.29678297962676, -32.587150499427146]}}, {"type": "Feature", "properties": {"id": 2, "source": "existing", "mapcode": "AT29", "vegtype": "Escarpment Valley Thicket", "efg": "ValleyThicket", "efg_id": 2, "cls2022": 0, "cls2022_name": "intact", "cls2025": 1, "cls2025_name": "moderate", "stratum": "AT29_intact", "lon": 25.04884796120977, "lat": -32.42248930784804}, "geometry": {"type": "Point", "coordinates": [25.04884796120977, -32.42248930784804]}}, {"type": "Feature", "properties": {"id": 3, "source": "existing", "mapcode": "AT17", "vegtype": "Albany Mesic Thicket", "efg": "MesicThicket", "efg_id": 3, "cls2022": 0, "cls2022_name": "intact", "cls2025": 0, "cls2025_name": "intact", "stratum": "AT17_intact", "lon": 26.78412359554345, "lat": -33.52849508565599}, "geometry": {"type": "Point", "coordinates": [26.78412359554345, -33.52849508565599]}}, {"type": "Feature", "properties": {"id": 4, "source": "existing", "mapcode": "AT18", "vegtype": "Albany Valley Thicket", "efg": "ValleyThicket", "efg_id": 2, "cls2022": 0, "cls2022_name": "intact", "cls2025": 0, "cls2025_name": "intact", "stratum": "AT18_intact", "lon": 26.120358432107533, "lat": -33.24714273866976}, "geometry": {"type": "Point", "coordinates": [26.120358432107533, -33.24714273866976]}}, {"type": "Feature", "properties": {"id": 5, "source": "existing", "mapcode": "AT50", "vegtype": "Sundays Mesic Thicket", "efg": "MesicThicket", "efg_id": 3, "cls2022": 0, "cls2022_name": "intact", "cls2025": 0, "cls2025_name": "intact", "stratum": "AT50_intact", "lon": 25.675692366468372, "lat": -33.38431548255481}, "geometry": {"type": "Point", "coordinates": [25.675692366468372, -33.38431548255481]}}, {"type": "Feature", "properties": {"id": 6, "source": "existing", "mapcode": "AT32", "vegtype": "Fish Valley Thicket", "efg": "ValleyThicket", "efg_id": 2, "cls2022": 0, "cls2022_name": "intact", "cls2025": 0, "cls2025_name": "intact", "stratum": "AT32_intact", "lon": 26.887340021688782, "lat": -33.12560068072839}, "geometry": {"type": "Point", "coordinates": [26.887340021688782, -33.12560068072839]}}, {"type": "Feature", "properties": {"id": 7, "source": "existing", "mapcode": "AT32", "vegtype": "Fish Valley Thicket", "efg": "ValleyThicket", "efg_id": 2, "cls2022": 0, "cls2022_name": "intact", "cls2025": 0, "cls2025_name": "intact", "stratum": "AT32_intact", "lon": 26.951749227560153, "lat": -33.15847902012716}, "geometry": {"type": "Point", "coordinates": [26.951749227560153, -33.15847902012716]}}, {"type": "Feature", "properties": {"id": 8, "source": "existing", "mapcode": "AT50", "vegtype": "Sundays Mesic Thicket", "efg": "MesicThicket", "efg_id": 3, "cls2022": 0, "cls2022_name": "intact", "cls2025": 0, "cls2025_name": "intact", "stratum": "AT50_intact", "lon": 25.389219622362656, "lat": -33.32772161965528}, "geometry": {"type": "Point", "coordinates": [25.389219622362656, -33.32772161965528]}}, {"type": "Feature", "properties": {"id": 9, "source": "existing", "mapcode": "AT50", "vegtype": "Sundays Mesic Thicket", "efg": "MesicThicket", "efg_id": 3, "cls2022": 0, "cls2022_name": "intact", "cls2025": 0, "cls2025_name": "intact", "stratum": "AT50_intact", "lon": 25.76866799837474, "lat": -33.40425808186227}, "geometry": {"type": "Point", "coordinates": [25.76866799837474, -33.40425808186227]}}, {"type": "Feature", "properties": {"id": 10, "source": "existing", "mapcode": "AT50", "vegtype": "Sundays Mesic Thicket", "efg": "MesicThicket", "efg_id": 3, "cls2022": 0, "cls2022_name": "intact", "cls2025": 0, "cls2025_name": "intact", "stratum": "AT50_intact", "lon": 25.660331175109928, "lat": -33.32960808175193}, "geometry": {"type": "Point", "coordinates": [25.660331175109928, -33.32960808175193]}}, {"type": "Feature", "properties": {"id": 11, "source": "existing", "mapcode": "AT51", "vegtype": "Sundays Valley Thicket", "efg": "ValleyThicket", "efg_id": 2, "cls2022": 0, "cls2022_name": "intact", "cls2025": 0, "cls2025_name": "intact", "stratum": "AT51_intact", "lon": 24.848882978964763, "lat": -33.74975014013463}, "geometry": {"type": "Point", "coordinates": [24.848882978964763, -33.74975014013463]}}, {"type": "Feature", "properties": {"id": 12, "source": "existing", "mapcode": "AT32", "vegtype": "Fish Valley Thicket", "efg": "ValleyThicket", "efg_id": 2, "cls2022": 0, "cls2022_name": "intact", "cls2025": 1, "cls2025_name": "moderate", "stratum": "AT32_intact", "lon": 26.642638938294624, "lat": -32.66072252119653}, "geometry": {"type": "Point", "coordinates": [26.642638938294624, -32.66072252119653]}}, {"type": "Feature", "properties": {"id": 13, "source": "existing", "mapcode": "AT49", "vegtype": "Sundays Arid Thicket", "efg": "AridThicket", "efg_id": 1, "cls2022": 0, "cls2022_name": "intact", "cls2025": 0, "cls2025_name": "intact", "stratum": "AT49_intact", "lon": 24.772346516757782, "lat": -32.92644418223909}, "geometry": {"type": "Point", "coordinates": [24.772346516757782, -32.92644418223909]}}, {"type": "Feature", "properties": {"id": 14, "source": "existing", "mapcode": "AT17", "vegtype": "Albany Mesic Thicket", "efg": "MesicThicket", "efg_id": 3, "cls2022": 0, "cls2022_name": "intact", "cls2025": 0, "cls2025_name": "intact", "stratum": "AT17_intact", "lon": 26.941777927906426, "lat": -33.500467648791464}, "geometry": {"type": "Point", "coordinates": [26.941777927906426, -33.500467648791464]}}, {"type": "Feature", "properties": {"id": 15, "source": "existing", "mapcode": "AT18", "vegtype": "Albany Valley Thicket", "efg": "ValleyThicket", "efg_id": 2, "cls2022": 0, "cls2022_name": "intact", "cls2025": 0, "cls2025_name": "intact", "stratum": "AT18_intact", "lon": 25.839275579706538, "lat": -33.34604725145132}, "geometry": {"type": "Point", "coordinates": [25.839275579706538, -33.34604725145132]}}, {"type": "Feature", "properties": {"id": 16, "source": "existing", "mapcode": "AT18", "vegtype": "Albany Valley Thicket", "efg": "ValleyThicket", "efg_id": 2, "cls2022": 0, "cls2022_name": "intact", "cls2025": 0, "cls2025_name": "intact", "stratum": "AT18_intact", "lon": 26.77496077964543, "lat": -33.54924616871915}, "geometry": {"type": "Point", "coordinates": [26.77496077964543, -33.54924616871915]}}, {"type": "Feature", "properties": {"id": 17, "source": "existing", "mapcode": "AT32", "vegtype": "Fish Valley Thicket", "efg": "ValleyThicket", "efg_id": 2, "cls2022": 0, "cls2022_name": "intact", "cls2025": 0, "cls2025_name": "intact", "stratum": "AT32_intact", "lon": 26.746663848195666, "lat": -33.07978660123829}, "geometry": {"type": "Point", "coordinates": [26.746663848195666, -33.07978660123829]}}, {"type": "Feature", "properties": {"id": 18, "source": "existing", "mapcode": "AT51", "vegtype": "Sundays Valley Thicket", "efg": "ValleyThicket", "efg_id": 2, "cls2022": 0, "cls2022_name": "intact", "cls2025": 0, "cls2025_name": "intact", "stratum": "AT51_intact", "lon": 25.51642106659398, "lat": -33.78478443621529}, "geometry": {"type": "Point", "coordinates": [25.51642106659398, -33.78478443621529]}}, {"type": "Feature", "properties": {"id": 19, "source": "existing", "mapcode": "AT50", "vegtype": "Sundays Mesic Thicket", "efg": "MesicThicket", "efg_id": 3, "cls2022": 0, "cls2022_name": "intact", "cls2025": 0, "cls2025_name": "intact", "stratum": "AT50_intact", "lon": 25.62880030863733, "lat": -33.380812052946744}, "geometry": {"type": "Point", "coordinates": [25.62880030863733, -33.380812052946744]}}, {"type": "Feature", "properties": {"id": 20, "source": "existing", "mapcode": "AT21", "vegtype": "Buffels Mesic Thicket", "efg": "MesicThicket", "efg_id": 3, "cls2022": 0, "cls2022_name": "intact", "cls2025": 0, "cls2025_name": "intact", "stratum": "AT21_intact", "lon": 27.68558298315739, "lat": -32.99300934479235}, "geometry": {"type": "Point", "coordinates": [27.68558298315739, -32.99300934479235]}}, {"type": "Feature", "properties": {"id": 21, "source": "existing", "mapcode": "AT33", "vegtype": "Gamka Arid Thicket", "efg": "AridThicket", "efg_id": 1, "cls2022": 0, "cls2022_name": "intact", "cls2025": 0, "cls2025_name": "intact", "stratum": "AT33_intact", "lon": 21.742688389536283, "lat": -33.45600104222755}, "geometry": {"type": "Point", "coordinates": [21.742688389536283, -33.45600104222755]}}, {"type": "Feature", "properties": {"id": 22, "source": "existing", "mapcode": "AT34", "vegtype": "Gamka Valley Thicket", "efg": "ValleyThicket", "efg_id": 2, "cls2022": 0, "cls2022_name": "intact", "cls2025": 0, "cls2025_name": "intact", "stratum": "AT34_intact", "lon": 22.276018173718043, "lat": -33.513133894297546}, "geometry": {"type": "Point", "coordinates": [22.276018173718043, -33.513133894297546]}}, {"type": "Feature", "properties": {"id": 23, "source": "existing", "mapcode": "AT51", "vegtype": "Sundays Valley Thicket", "efg": "ValleyThicket", "efg_id": 2, "cls2022": 0, "cls2022_name": "intact", "cls2025": 0, "cls2025_name": "intact", "stratum": "AT51_intact", "lon": 25.46306113871728, "lat": -33.453575590960426}, "geometry": {"type": "Point", "coordinates": [25.46306113871728, -33.453575590960426]}}, {"type": "Feature", "properties": {"id": 24, "source": "existing", "mapcode": "AT17", "vegtype": "Albany Mesic Thicket", "efg": "MesicThicket", "efg_id": 3, "cls2022": 0, "cls2022_name": "intact", "cls2025": 0, "cls2025_name": "intact", "stratum": "AT17_intact", "lon": 26.78062016593538, "lat": -33.5578699954467}, "geometry": {"type": "Point", "coordinates": [26.78062016593538, -33.5578699954467]}}, {"type": "Feature", "properties": {"id": 25, "source": "existing", "mapcode": "AT32", "vegtype": "Fish Valley Thicket", "efg": "ValleyThicket", "efg_id": 2, "cls2022": 0, "cls2022_name": "intact", "cls2025": 0, "cls2025_name": "intact", "stratum": "AT32_intact", "lon": 26.563677024820517, "lat": -32.994356817718526}, "geometry": {"type": "Point", "coordinates": [26.563677024820517, -32.994356817718526]}}, {"type": "Feature", "properties": {"id": 26, "source": "existing", "mapcode": "AT33", "vegtype": "Gamka Arid Thicket", "efg": "AridThicket", "efg_id": 1, "cls2022": 0, "cls2022_name": "intact", "cls2025": 0, "cls2025_name": "intact", "stratum": "AT33_intact", "lon": 21.62195481535062, "lat": -33.45707902056849}, "geometry": {"type": "Point", "coordinates": [21.62195481535062, -33.45707902056849]}}, {"type": "Feature", "properties": {"id": 27, "source": "existing", "mapcode": "AT32", "vegtype": "Fish Valley Thicket", "efg": "ValleyThicket", "efg_id": 2, "cls2022": 0, "cls2022_name": "intact", "cls2025": 0, "cls2025_name": "intact", "stratum": "AT32_intact", "lon": 25.893982980509417, "lat": -32.51492595058394}, "geometry": {"type": "Point", "coordinates": [25.893982980509417, -32.51492595058394]}}, {"type": "Feature", "properties": {"id": 28, "source": "existing", "mapcode": "AT32", "vegtype": "Fish Valley Thicket", "efg": "ValleyThicket", "efg_id": 2, "cls2022": 0, "cls2022_name": "intact", "cls2025": 0, "cls2025_name": "intact", "stratum": "AT32_intact", "lon": 26.80217973275425, "lat": -33.04879472393617}, "geometry": {"type": "Point", "coordinates": [26.80217973275425, -33.04879472393617]}}, {"type": "Feature", "properties": {"id": 29, "source": "existing", "mapcode": "AT18", "vegtype": "Albany Valley Thicket", "efg": "ValleyThicket", "efg_id": 2, "cls2022": 0, "cls2022_name": "intact", "cls2025": 0, "cls2025_name": "intact", "stratum": "AT18_intact", "lon": 26.075891825543618, "lat": -33.28056006723901}, "geometry": {"type": "Point", "coordinates": [26.075891825543618, -33.28056006723901]}}, {"type": "Feature", "properties": {"id": 30, "source": "existing", "mapcode": "AT51", "vegtype": "Sundays Valley Thicket", "efg": "ValleyThicket", "efg_id": 2, "cls2022": 0, "cls2022_name": "intact", "cls2025": 0, "cls2025_name": "intact", "stratum": "AT51_intact", "lon": 25.45928821452398, "lat": -33.73816187296949}, "geometry": {"type": "Point", "coordinates": [25.45928821452398, -33.73816187296949]}}, {"type": "Feature", "properties": {"id": 31, "source": "existing", "mapcode": null, "vegtype": null, "efg": null, "efg_id": null, "cls2022": 0, "cls2022_name": "intact", "cls2025": 0, "cls2025_name": "intact", "stratum": null, "lon": 25.531782257952425, "lat": -33.339848875990896}, "geometry": {"type": "Point", "coordinates": [25.531782257952425, -33.339848875990896]}}, {"type": "Feature", "properties": {"id": 32, "source": "existing", "mapcode": "AT28", "vegtype": "Escarpment Mesic Thicket", "efg": "MesicThicket", "efg_id": 3, "cls2022": 0, "cls2022_name": "intact", "cls2025": 0, "cls2025_name": "intact", "stratum": "AT28_intact", "lon": 26.811881537822742, "lat": -32.531365120283326}, "geometry": {"type": "Point", "coordinates": [26.811881537822742, -32.531365120283326]}}, {"type": "Feature", "properties": {"id": 33, "source": "existing", "mapcode": "AT51", "vegtype": "Sundays Valley Thicket", "efg": "ValleyThicket", "efg_id": 2, "cls2022": 0, "cls2022_name": "intact", "cls2025": 0, "cls2025_name": "intact", "stratum": "AT51_intact", "lon": 25.47680536256431, "lat": -33.600180645328734}, "geometry": {"type": "Point", "coordinates": [25.47680536256431, -33.600180645328734]}}, {"type": "Feature", "properties": {"id": 34, "source": "existing", "mapcode": "AT18", "vegtype": "Albany Valley Thicket", "efg": "ValleyThicket", "efg_id": 2, "cls2022": 0, "cls2022_name": "intact", "cls2025": 0, "cls2025_name": "intact", "stratum": "AT18_intact", "lon": 25.83253821507564, "lat": -33.32152324419486}, "geometry": {"type": "Point", "coordinates": [25.83253821507564, -33.32152324419486]}}, {"type": "Feature", "properties": {"id": 35, "source": "existing", "mapcode": "AT17", "vegtype": "Albany Mesic Thicket", "efg": "MesicThicket", "efg_id": 3, "cls2022": 0, "cls2022_name": "intact", "cls2025": 0, "cls2025_name": "intact", "stratum": "AT17_intact", "lon": 26.910516556019065, "lat": -33.49157432747868}, "geometry": {"type": "Point", "coordinates": [26.910516556019065, -33.49157432747868]}}, {"type": "Feature", "properties": {"id": 36, "source": "existing", "mapcode": "AT19", "vegtype": "Baviaans Valley Thicket", "efg": "ValleyThicket", "efg_id": 2, "cls2022": 0, "cls2022_name": "intact", "cls2025": 0, "cls2025_name": "intact", "stratum": "AT19_intact", "lon": 24.68718622782325, "lat": -33.59128732401595}, "geometry": {"type": "Point", "coordinates": [24.68718622782325, -33.59128732401595]}}, {"type": "Feature", "properties": {"id": 37, "source": "existing", "mapcode": "AT51", "vegtype": "Sundays Valley Thicket", "efg": "ValleyThicket", "efg_id": 2, "cls2022": 0, "cls2022_name": "intact", "cls2025": 0, "cls2025_name": "intact", "stratum": "AT51_intact", "lon": 25.439076120631288, "lat": -33.4436042913067}, "geometry": {"type": "Point", "coordinates": [25.439076120631288, -33.4436042913067]}}, {"type": "Feature", "properties": {"id": 38, "source": "existing", "mapcode": "AT51", "vegtype": "Sundays Valley Thicket", "efg": "ValleyThicket", "efg_id": 2, "cls2022": 0, "cls2022_name": "intact", "cls2025": 0, "cls2025_name": "intact", "stratum": "AT51_intact", "lon": 25.563582619010255, "lat": -33.589400861919295}, "geometry": {"type": "Point", "coordinates": [25.563582619010255, -33.589400861919295]}}, {"type": "Feature", "properties": {"id": 39, "source": "existing", "mapcode": "AT32", "vegtype": "Fish Valley Thicket", "efg": "ValleyThicket", "efg_id": 2, "cls2022": 0, "cls2022_name": "intact", "cls2025": 0, "cls2025_name": "intact", "stratum": "AT32_intact", "lon": 26.38742756607627, "lat": -33.02993010296966}, "geometry": {"type": "Point", "coordinates": [26.38742756607627, -33.02993010296966]}}, {"type": "Feature", "properties": {"id": 40, "source": "existing", "mapcode": "AT21", "vegtype": "Buffels Mesic Thicket", "efg": "MesicThicket", "efg_id": 3, "cls2022": 0, "cls2022_name": "intact", "cls2025": 0, "cls2025_name": "intact", "stratum": "AT21_intact", "lon": 27.770473777506684, "lat": -32.87065880309527}, "geometry": {"type": "Point", "coordinates": [27.770473777506684, -32.87065880309527]}}, {"type": "Feature", "properties": {"id": 41, "source": "existing", "mapcode": "AT17", "vegtype": "Albany Mesic Thicket", "efg": "MesicThicket", "efg_id": 3, "cls2022": 0, "cls2022_name": "intact", "cls2025": 0, "cls2025_name": "intact", "stratum": "AT17_intact", "lon": 26.422192367571693, "lat": -33.536310428627836}, "geometry": {"type": "Point", "coordinates": [26.422192367571693, -33.536310428627836]}}, {"type": "Feature", "properties": {"id": 42, "source": "existing", "mapcode": "AT51", "vegtype": "Sundays Valley Thicket", "efg": "ValleyThicket", "efg_id": 2, "cls2022": 0, "cls2022_name": "intact", "cls2025": 0, "cls2025_name": "intact", "stratum": "AT51_intact", "lon": 25.899911861384606, "lat": -33.67105772124576}, "geometry": {"type": "Point", "coordinates": [25.899911861384606, -33.67105772124576]}}, {"type": "Feature", "properties": {"id": 43, "source": "existing", "mapcode": null, "vegtype": null, "efg": null, "efg_id": null, "cls2022": 0, "cls2022_name": "intact", "cls2025": 0, "cls2025_name": "intact", "stratum": null, "lon": 24.153047959885782, "lat": -33.552480103741985}, "geometry": {"type": "Point", "coordinates": [24.153047959885782, -33.552480103741985]}}, {"type": "Feature", "properties": {"id": 44, "source": "existing", "mapcode": "AT32", "vegtype": "Fish Valley Thicket", "efg": "ValleyThicket", "efg_id": 2, "cls2022": 0, "cls2022_name": "intact", "cls2025": 0, "cls2025_name": "intact", "stratum": "AT32_intact", "lon": 26.31304706055117, "lat": -33.01834183580452}, "geometry": {"type": "Point", "coordinates": [26.31304706055117, -33.01834183580452]}}, {"type": "Feature", "properties": {"id": 45, "source": "existing", "mapcode": "AT19", "vegtype": "Baviaans Valley Thicket", "efg": "ValleyThicket", "efg_id": 2, "cls2022": 0, "cls2022_name": "intact", "cls2025": 0, "cls2025_name": "intact", "stratum": "AT19_intact", "lon": 24.322829548584373, "lat": -33.75163660223128}, "geometry": {"type": "Point", "coordinates": [24.322829548584373, -33.75163660223128]}}, {"type": "Feature", "properties": {"id": 46, "source": "existing", "mapcode": "AT28", "vegtype": "Escarpment Mesic Thicket", "efg": "MesicThicket", "efg_id": 3, "cls2022": 0, "cls2022_name": "intact", "cls2025": 0, "cls2025_name": "intact", "stratum": "AT28_intact", "lon": 26.759060599116516, "lat": -32.50360717800403}, "geometry": {"type": "Point", "coordinates": [26.759060599116516, -32.50360717800403]}}, {"type": "Feature", "properties": {"id": 47, "source": "existing", "mapcode": "AT30", "vegtype": "Fish Arid Thicket", "efg": "AridThicket", "efg_id": 1, "cls2022": 0, "cls2022_name": "intact", "cls2025": 0, "cls2025_name": "intact", "stratum": "AT30_intact", "lon": 26.864432981943736, "lat": -33.18839291908834}, "geometry": {"type": "Point", "coordinates": [26.864432981943736, -33.18839291908834]}}, {"type": "Feature", "properties": {"id": 48, "source": "existing", "mapcode": "AT32", "vegtype": "Fish Valley Thicket", "efg": "ValleyThicket", "efg_id": 2, "cls2022": 0, "cls2022_name": "intact", "cls2025": 0, "cls2025_name": "intact", "stratum": "AT32_intact", "lon": 26.698154822853212, "lat": -32.6176033875588}, "geometry": {"type": "Point", "coordinates": [26.698154822853212, -32.6176033875588]}}, {"type": "Feature", "properties": {"id": 49, "source": "existing", "mapcode": "AT30", "vegtype": "Fish Arid Thicket", "efg": "AridThicket", "efg_id": 1, "cls2022": 0, "cls2022_name": "intact", "cls2025": 0, "cls2025_name": "intact", "stratum": "AT30_intact", "lon": 26.692764931148496, "lat": -33.22531367726565}, "geometry": {"type": "Point", "coordinates": [26.692764931148496, -33.22531367726565]}}, {"type": "Feature", "properties": {"id": 50, "source": "existing", "mapcode": "AT32", "vegtype": "Fish Valley Thicket", "efg": "ValleyThicket", "efg_id": 2, "cls2022": 0, "cls2022_name": "intact", "cls2025": 0, "cls2025_name": "intact", "stratum": "AT32_intact", "lon": 26.756096158678922, "lat": -32.9595920162231}, "geometry": {"type": "Point", "coordinates": [26.756096158678922, -32.9595920162231]}}, {"type": "Feature", "properties": {"id": 51, "source": "existing", "mapcode": "AT32", "vegtype": "Fish Valley Thicket", "efg": "ValleyThicket", "efg_id": 2, "cls2022": 0, "cls2022_name": "intact", "cls2025": 1, "cls2025_name": "moderate", "stratum": "AT32_intact", "lon": 25.908535688112153, "lat": -32.39311439805733}, "geometry": {"type": "Point", "coordinates": [25.908535688112153, -32.39311439805733]}}, {"type": "Feature", "properties": {"id": 52, "source": "existing", "mapcode": "AT32", "vegtype": "Fish Valley Thicket", "efg": "ValleyThicket", "efg_id": 2, "cls2022": 0, "cls2022_name": "intact", "cls2025": 0, "cls2025_name": "intact", "stratum": "AT32_intact", "lon": 26.532954642103633, "lat": -32.99381782854805}, "geometry": {"type": "Point", "coordinates": [26.532954642103633, -32.99381782854805]}}, {"type": "Feature", "properties": {"id": 53, "source": "existing", "mapcode": "AT51", "vegtype": "Sundays Valley Thicket", "efg": "ValleyThicket", "efg_id": 2, "cls2022": 0, "cls2022_name": "intact", "cls2025": 0, "cls2025_name": "intact", "stratum": "AT51_intact", "lon": 25.466564568325346, "lat": -33.84973263125713}, "geometry": {"type": "Point", "coordinates": [25.466564568325346, -33.84973263125713]}}, {"type": "Feature", "properties": {"id": 54, "source": "existing", "mapcode": "AT32", "vegtype": "Fish Valley Thicket", "efg": "ValleyThicket", "efg_id": 2, "cls2022": 0, "cls2022_name": "intact", "cls2025": 0, "cls2025_name": "intact", "stratum": "AT32_intact", "lon": 26.36452052633122, "lat": -33.05364562647041}, "geometry": {"type": "Point", "coordinates": [26.36452052633122, -33.05364562647041]}}, {"type": "Feature", "properties": {"id": 55, "source": "existing", "mapcode": "AT32", "vegtype": "Fish Valley Thicket", "efg": "ValleyThicket", "efg_id": 2, "cls2022": 0, "cls2022_name": "intact", "cls2025": 0, "cls2025_name": "intact", "stratum": "AT32_intact", "lon": 26.383924136468202, "lat": -32.68336006635635}, "geometry": {"type": "Point", "coordinates": [26.383924136468202, -32.68336006635635]}}, {"type": "Feature", "properties": {"id": 56, "source": "existing", "mapcode": "AT49", "vegtype": "Sundays Arid Thicket", "efg": "AridThicket", "efg_id": 1, "cls2022": 0, "cls2022_name": "intact", "cls2025": 0, "cls2025_name": "intact", "stratum": "AT49_intact", "lon": 25.141554098530904, "lat": -32.90461512083498}, "geometry": {"type": "Point", "coordinates": [25.141554098530904, -32.90461512083498]}}, {"type": "Feature", "properties": {"id": 57, "source": "existing", "mapcode": "AT51", "vegtype": "Sundays Valley Thicket", "efg": "ValleyThicket", "efg_id": 2, "cls2022": 0, "cls2022_name": "intact", "cls2025": 0, "cls2025_name": "intact", "stratum": "AT51_intact", "lon": 24.59421059591688, "lat": -33.661625410762504}, "geometry": {"type": "Point", "coordinates": [24.59421059591688, -33.661625410762504]}}, {"type": "Feature", "properties": {"id": 58, "source": "existing", "mapcode": "AT51", "vegtype": "Sundays Valley Thicket", "efg": "ValleyThicket", "efg_id": 2, "cls2022": 0, "cls2022_name": "intact", "cls2025": 0, "cls2025_name": "intact", "stratum": "AT51_intact", "lon": 25.771632438812336, "lat": -33.67833407504713}, "geometry": {"type": "Point", "coordinates": [25.771632438812336, -33.67833407504713]}}, {"type": "Feature", "properties": {"id": 59, "source": "existing", "mapcode": "AT51", "vegtype": "Sundays Valley Thicket", "efg": "ValleyThicket", "efg_id": 2, "cls2022": 0, "cls2022_name": "intact", "cls2025": 0, "cls2025_name": "intact", "stratum": "AT51_intact", "lon": 24.67748442275476, "lat": -33.78694039289718}, "geometry": {"type": "Point", "coordinates": [24.67748442275476, -33.78694039289718]}}, {"type": "Feature", "properties": {"id": 60, "source": "existing", "mapcode": "AT32", "vegtype": "Fish Valley Thicket", "efg": "ValleyThicket", "efg_id": 2, "cls2022": 0, "cls2022_name": "intact", "cls2025": 0, "cls2025_name": "intact", "stratum": "AT32_intact", "lon": 26.693303920318964, "lat": -33.02184526541258}, "geometry": {"type": "Point", "coordinates": [26.693303920318964, -33.02184526541258]}}, {"type": "Feature", "properties": {"id": 61, "source": "existing", "mapcode": "AT32", "vegtype": "Fish Valley Thicket", "efg": "ValleyThicket", "efg_id": 2, "cls2022": 0, "cls2022_name": "intact", "cls2025": 0, "cls2025_name": "intact", "stratum": "AT32_intact", "lon": 26.7679539204293, "lat": -33.02642667336159}, "geometry": {"type": "Point", "coordinates": [26.7679539204293, -33.02642667336159]}}, {"type": "Feature", "properties": {"id": 62, "source": "existing", "mapcode": "AT17", "vegtype": "Albany Mesic Thicket", "efg": "MesicThicket", "efg_id": 3, "cls2022": 0, "cls2022_name": "intact", "cls2025": 0, "cls2025_name": "intact", "stratum": "AT17_intact", "lon": 26.902970707632463, "lat": -33.4939997787458}, "geometry": {"type": "Point", "coordinates": [26.902970707632463, -33.4939997787458]}}, {"type": "Feature", "properties": {"id": 63, "source": "existing", "mapcode": "AT50", "vegtype": "Sundays Mesic Thicket", "efg": "MesicThicket", "efg_id": 3, "cls2022": 0, "cls2022_name": "intact", "cls2025": 0, "cls2025_name": "intact", "stratum": "AT50_intact", "lon": 25.54902991140752, "lat": -33.372188226219194}, "geometry": {"type": "Point", "coordinates": [25.54902991140752, -33.372188226219194]}}, {"type": "Feature", "properties": {"id": 64, "source": "existing", "mapcode": "AT50", "vegtype": "Sundays Mesic Thicket", "efg": "MesicThicket", "efg_id": 3, "cls2022": 0, "cls2022_name": "intact", "cls2025": 0, "cls2025_name": "intact", "stratum": "AT50_intact", "lon": 25.49513099436035, "lat": -33.38943587967429}, "geometry": {"type": "Point", "coordinates": [25.49513099436035, -33.38943587967429]}}, {"type": "Feature", "properties": {"id": 65, "source": "existing", "mapcode": "AT32", "vegtype": "Fish Valley Thicket", "efg": "ValleyThicket", "efg_id": 2, "cls2022": 0, "cls2022_name": "intact", "cls2025": 0, "cls2025_name": "intact", "stratum": "AT32_intact", "lon": 26.705700671239814, "lat": -32.63323407350248}, "geometry": {"type": "Point", "coordinates": [26.705700671239814, -32.63323407350248]}}, {"type": "Feature", "properties": {"id": 66, "source": "existing", "mapcode": "AT17", "vegtype": "Albany Mesic Thicket", "efg": "MesicThicket", "efg_id": 3, "cls2022": 0, "cls2022_name": "intact", "cls2025": 0, "cls2025_name": "intact", "stratum": "AT17_intact", "lon": 26.710282079188826, "lat": -33.60799598830057}, "geometry": {"type": "Point", "coordinates": [26.710282079188826, -33.60799598830057]}}, {"type": "Feature", "properties": {"id": 67, "source": "existing", "mapcode": "AT19", "vegtype": "Baviaans Valley Thicket", "efg": "ValleyThicket", "efg_id": 2, "cls2022": 0, "cls2022_name": "intact", "cls2025": 0, "cls2025_name": "intact", "stratum": "AT19_intact", "lon": 24.41284074005315, "lat": -33.64626421940406}, "geometry": {"type": "Point", "coordinates": [24.41284074005315, -33.64626421940406]}}, {"type": "Feature", "properties": {"id": 68, "source": "existing", "mapcode": "AT51", "vegtype": "Sundays Valley Thicket", "efg": "ValleyThicket", "efg_id": 2, "cls2022": 0, "cls2022_name": "intact", "cls2025": 1, "cls2025_name": "moderate", "stratum": "AT51_intact", "lon": 25.814482077864838, "lat": -33.48321999533637}, "geometry": {"type": "Point", "coordinates": [25.814482077864838, -33.48321999533637]}}, {"type": "Feature", "properties": {"id": 69, "source": "existing", "mapcode": "AT50", "vegtype": "Sundays Mesic Thicket", "efg": "MesicThicket", "efg_id": 3, "cls2022": 0, "cls2022_name": "intact", "cls2025": 0, "cls2025_name": "intact", "stratum": "AT50_intact", "lon": 25.80531926196682, "lat": -33.59748569947637}, "geometry": {"type": "Point", "coordinates": [25.80531926196682, -33.59748569947637]}}, {"type": "Feature", "properties": {"id": 70, "source": "existing", "mapcode": "AT33", "vegtype": "Gamka Arid Thicket", "efg": "AridThicket", "efg_id": 1, "cls2022": 0, "cls2022_name": "intact", "cls2025": 0, "cls2025_name": "intact", "stratum": "AT33_intact", "lon": 22.818510773797822, "lat": -33.3015806448874}, "geometry": {"type": "Point", "coordinates": [22.818510773797822, -33.3015806448874]}}, {"type": "Feature", "properties": {"id": 71, "source": "existing", "mapcode": "AT49", "vegtype": "Sundays Arid Thicket", "efg": "AridThicket", "efg_id": 1, "cls2022": 0, "cls2022_name": "intact", "cls2025": 0, "cls2025_name": "intact", "stratum": "AT49_intact", "lon": 23.63427088330676, "lat": -33.061999958612724}, "geometry": {"type": "Point", "coordinates": [23.63427088330676, -33.061999958612724]}}, {"type": "Feature", "properties": {"id": 72, "source": "existing", "mapcode": "AT50", "vegtype": "Sundays Mesic Thicket", "efg": "MesicThicket", "efg_id": 3, "cls2022": 0, "cls2022_name": "intact", "cls2025": 0, "cls2025_name": "intact", "stratum": "AT50_intact", "lon": 25.328852835269824, "lat": -33.34874219730368}, "geometry": {"type": "Point", "coordinates": [25.328852835269824, -33.34874219730368]}}, {"type": "Feature", "properties": {"id": 73, "source": "existing", "mapcode": "AT50", "vegtype": "Sundays Mesic Thicket", "efg": "MesicThicket", "efg_id": 3, "cls2022": 0, "cls2022_name": "intact", "cls2025": 0, "cls2025_name": "intact", "stratum": "AT50_intact", "lon": 25.639849586632003, "lat": -33.396981728060894}, "geometry": {"type": "Point", "coordinates": [25.639849586632003, -33.396981728060894]}}, {"type": "Feature", "properties": {"id": 74, "source": "existing", "mapcode": "AT51", "vegtype": "Sundays Valley Thicket", "efg": "ValleyThicket", "efg_id": 2, "cls2022": 0, "cls2022_name": "intact", "cls2025": 0, "cls2025_name": "intact", "stratum": "AT51_intact", "lon": 25.48003929758714, "lat": -33.63386746848321}, "geometry": {"type": "Point", "coordinates": [25.48003929758714, -33.63386746848321]}}, {"type": "Feature", "properties": {"id": 75, "source": "existing", "mapcode": "AT51", "vegtype": "Sundays Valley Thicket", "efg": "ValleyThicket", "efg_id": 2, "cls2022": 0, "cls2022_name": "intact", "cls2025": 0, "cls2025_name": "intact", "stratum": "AT51_intact", "lon": 24.61253622771292, "lat": -33.77777757699916}, "geometry": {"type": "Point", "coordinates": [24.61253622771292, -33.77777757699916]}}, {"type": "Feature", "properties": {"id": 76, "source": "existing", "mapcode": "AT29", "vegtype": "Escarpment Valley Thicket", "efg": "ValleyThicket", "efg_id": 2, "cls2022": 0, "cls2022_name": "intact", "cls2025": 0, "cls2025_name": "intact", "stratum": "AT29_intact", "lon": 24.980396336559863, "lat": -32.35215122110148}, "geometry": {"type": "Point", "coordinates": [24.980396336559863, -32.35215122110148]}}, {"type": "Feature", "properties": {"id": 77, "source": "existing", "mapcode": "AT51", "vegtype": "Sundays Valley Thicket", "efg": "ValleyThicket", "efg_id": 2, "cls2022": 0, "cls2022_name": "intact", "cls2025": 0, "cls2025_name": "intact", "stratum": "AT51_intact", "lon": 25.605893268892284, "lat": -33.43578894833486}, "geometry": {"type": "Point", "coordinates": [25.605893268892284, -33.43578894833486]}}, {"type": "Feature", "properties": {"id": 78, "source": "existing", "mapcode": "AT17", "vegtype": "Albany Mesic Thicket", "efg": "MesicThicket", "efg_id": 3, "cls2022": 0, "cls2022_name": "intact", "cls2025": 0, "cls2025_name": "intact", "stratum": "AT17_intact", "lon": 25.80451077821111, "lat": -33.30346710698405}, "geometry": {"type": "Point", "coordinates": [25.80451077821111, -33.30346710698405]}}, {"type": "Feature", "properties": {"id": 79, "source": "existing", "mapcode": "AT30", "vegtype": "Fish Arid Thicket", "efg": "AridThicket", "efg_id": 1, "cls2022": 0, "cls2022_name": "intact", "cls2025": 0, "cls2025_name": "intact", "stratum": "AT30_intact", "lon": 26.788166014321988, "lat": -33.14662125837678}, "geometry": {"type": "Point", "coordinates": [26.788166014321988, -33.14662125837678]}}, {"type": "Feature", "properties": {"id": 80, "source": "existing", "mapcode": "AT49", "vegtype": "Sundays Arid Thicket", "efg": "AridThicket", "efg_id": 1, "cls2022": 0, "cls2022_name": "intact", "cls2025": 0, "cls2025_name": "intact", "stratum": "AT49_intact", "lon": 25.123228466734865, "lat": -33.22504418268042}, "geometry": {"type": "Point", "coordinates": [25.123228466734865, -33.22504418268042]}}, {"type": "Feature", "properties": {"id": 81, "source": "existing", "mapcode": "AT49", "vegtype": "Sundays Arid Thicket", "efg": "AridThicket", "efg_id": 1, "cls2022": 0, "cls2022_name": "intact", "cls2025": 0, "cls2025_name": "intact", "stratum": "AT49_intact", "lon": 23.860376840319642, "lat": -33.211030464248154}, "geometry": {"type": "Point", "coordinates": [23.860376840319642, -33.211030464248154]}}, {"type": "Feature", "properties": {"id": 82, "source": "existing", "mapcode": "AT22", "vegtype": "Buffels Valley Thicket", "efg": "ValleyThicket", "efg_id": 2, "cls2022": 0, "cls2022_name": "intact", "cls2025": 0, "cls2025_name": "intact", "stratum": "AT22_intact", "lon": 27.116949408309733, "lat": -32.69791277395908}, "geometry": {"type": "Point", "coordinates": [27.116949408309733, -32.69791277395908]}}, {"type": "Feature", "properties": {"id": 83, "source": "existing", "mapcode": "AT22", "vegtype": "Buffels Valley Thicket", "efg": "ValleyThicket", "efg_id": 2, "cls2022": 0, "cls2022_name": "intact", "cls2025": -1, "cls2025_name": null, "stratum": "AT22_intact", "lon": 27.162224498629357, "lat": -32.65021223237234}, "geometry": {"type": "Point", "coordinates": [27.162224498629357, -32.65021223237234]}}, {"type": "Feature", "properties": {"id": 84, "source": "existing", "mapcode": "AT17", "vegtype": "Albany Mesic Thicket", "efg": "MesicThicket", "efg_id": 3, "cls2022": 0, "cls2022_name": "intact", "cls2025": 0, "cls2025_name": "intact", "stratum": "AT17_intact", "lon": 26.40548370328707, "lat": -33.597755194061605}, "geometry": {"type": "Point", "coordinates": [26.40548370328707, -33.597755194061605]}}, {"type": "Feature", "properties": {"id": 85, "source": "existing", "mapcode": "AT28", "vegtype": "Escarpment Mesic Thicket", "efg": "MesicThicket", "efg_id": 3, "cls2022": 0, "cls2022_name": "intact", "cls2025": 0, "cls2025_name": "intact", "stratum": "AT28_intact", "lon": 26.941238938735953, "lat": -32.76932883904659}, "geometry": {"type": "Point", "coordinates": [26.941238938735953, -32.76932883904659]}}, {"type": "Feature", "properties": {"id": 86, "source": "existing", "mapcode": null, "vegtype": null, "efg": null, "efg_id": null, "cls2022": 0, "cls2022_name": "intact", "cls2025": 0, "cls2025_name": "intact", "stratum": null, "lon": 24.520369079562254, "lat": -33.697198696013636}, "geometry": {"type": "Point", "coordinates": [24.520369079562254, -33.697198696013636]}}, {"type": "Feature", "properties": {"id": 87, "source": "existing", "mapcode": "AT32", "vegtype": "Fish Valley Thicket", "efg": "ValleyThicket", "efg_id": 2, "cls2022": 0, "cls2022_name": "intact", "cls2025": 0, "cls2025_name": "intact", "stratum": "AT32_intact", "lon": 26.9250692636218, "lat": -33.14850772047343}, "geometry": {"type": "Point", "coordinates": [26.9250692636218, -33.14850772047343]}}, {"type": "Feature", "properties": {"id": 88, "source": "existing", "mapcode": "AT50", "vegtype": "Sundays Mesic Thicket", "efg": "MesicThicket", "efg_id": 3, "cls2022": 0, "cls2022_name": "intact", "cls2025": 0, "cls2025_name": "intact", "stratum": "AT50_intact", "lon": 25.317803557275155, "lat": -33.71148190903114}, "geometry": {"type": "Point", "coordinates": [25.317803557275155, -33.71148190903114]}}, {"type": "Feature", "properties": {"id": 89, "source": "existing", "mapcode": "AT49", "vegtype": "Sundays Arid Thicket", "efg": "AridThicket", "efg_id": 1, "cls2022": 0, "cls2022_name": "intact", "cls2025": 1, "cls2025_name": "moderate", "stratum": "AT49_intact", "lon": 25.418594532153364, "lat": -33.049603207691874}, "geometry": {"type": "Point", "coordinates": [25.418594532153364, -33.049603207691874]}}, {"type": "Feature", "properties": {"id": 90, "source": "existing", "mapcode": "AT27", "vegtype": "Escarpment Arid Thicket", "efg": "AridThicket", "efg_id": 1, "cls2022": 0, "cls2022_name": "intact", "cls2025": 0, "cls2025_name": "intact", "stratum": "AT27_intact", "lon": 23.757968897930017, "lat": -32.969832810462066}, "geometry": {"type": "Point", "coordinates": [23.757968897930017, -32.969832810462066]}}, {"type": "Feature", "properties": {"id": 91, "source": "existing", "mapcode": "AT18", "vegtype": "Albany Valley Thicket", "efg": "ValleyThicket", "efg_id": 2, "cls2022": 0, "cls2022_name": "intact", "cls2025": 1, "cls2025_name": "moderate", "stratum": "AT18_intact", "lon": 26.11874146459612, "lat": -33.40425808186227}, "geometry": {"type": "Point", "coordinates": [26.11874146459612, -33.40425808186227]}}, {"type": "Feature", "properties": {"id": 92, "source": "existing", "mapcode": "AT32", "vegtype": "Fish Valley Thicket", "efg": "ValleyThicket", "efg_id": 2, "cls2022": 0, "cls2022_name": "intact", "cls2025": 0, "cls2025_name": "intact", "stratum": "AT32_intact", "lon": 26.822661321232175, "lat": -33.09218335215914}, "geometry": {"type": "Point", "coordinates": [26.822661321232175, -33.09218335215914]}}, {"type": "Feature", "properties": {"id": 93, "source": "existing", "mapcode": "AT51", "vegtype": "Sundays Valley Thicket", "efg": "ValleyThicket", "efg_id": 2, "cls2022": 0, "cls2022_name": "intact", "cls2025": 1, "cls2025_name": "moderate", "stratum": "AT51_intact", "lon": 25.477074857149546, "lat": -33.475943641535004}, "geometry": {"type": "Point", "coordinates": [25.477074857149546, -33.475943641535004]}}, {"type": "Feature", "properties": {"id": 94, "source": "existing", "mapcode": "AT49", "vegtype": "Sundays Arid Thicket", "efg": "AridThicket", "efg_id": 1, "cls2022": 0, "cls2022_name": "intact", "cls2025": 0, "cls2025_name": "intact", "stratum": "AT49_intact", "lon": 23.478503013040434, "lat": -33.11751584317131}, "geometry": {"type": "Point", "coordinates": [23.478503013040434, -33.11751584317131]}}, {"type": "Feature", "properties": {"id": 95, "source": "existing", "mapcode": "AT32", "vegtype": "Fish Valley Thicket", "efg": "ValleyThicket", "efg_id": 2, "cls2022": 0, "cls2022_name": "intact", "cls2025": 0, "cls2025_name": "intact", "stratum": "AT32_intact", "lon": 26.82104435372076, "lat": -33.11158696229612}, "geometry": {"type": "Point", "coordinates": [26.82104435372076, -33.11158696229612]}}, {"type": "Feature", "properties": {"id": 96, "source": "existing", "mapcode": "AT49", "vegtype": "Sundays Arid Thicket", "efg": "AridThicket", "efg_id": 1, "cls2022": 0, "cls2022_name": "intact", "cls2025": 0, "cls2025_name": "intact", "stratum": "AT49_intact", "lon": 24.96368767227524, "lat": -32.87739616772616}, "geometry": {"type": "Point", "coordinates": [24.96368767227524, -32.87739616772616]}}, {"type": "Feature", "properties": {"id": 97, "source": "existing", "mapcode": "AT29", "vegtype": "Escarpment Valley Thicket", "efg": "ValleyThicket", "efg_id": 2, "cls2022": 0, "cls2022_name": "intact", "cls2025": 0, "cls2025_name": "intact", "stratum": "AT29_intact", "lon": 25.014083159714342, "lat": -32.2756147588945}, "geometry": {"type": "Point", "coordinates": [25.014083159714342, -32.2756147588945]}}, {"type": "Feature", "properties": {"id": 98, "source": "existing", "mapcode": "AT17", "vegtype": "Albany Mesic Thicket", "efg": "MesicThicket", "efg_id": 3, "cls2022": 0, "cls2022_name": "intact", "cls2025": 0, "cls2025_name": "intact", "stratum": "AT17_intact", "lon": 26.991634426175057, "lat": -33.503162594643825}, "geometry": {"type": "Point", "coordinates": [26.991634426175057, -33.503162594643825]}}, {"type": "Feature", "properties": {"id": 99, "source": "existing", "mapcode": "AT18", "vegtype": "Albany Valley Thicket", "efg": "ValleyThicket", "efg_id": 2, "cls2022": 0, "cls2022_name": "intact", "cls2025": 0, "cls2025_name": "intact", "stratum": "AT18_intact", "lon": 26.83020716961878, "lat": -33.26007847876108}, "geometry": {"type": "Point", "coordinates": [26.83020716961878, -33.26007847876108]}}, {"type": "Feature", "properties": {"id": 100, "source": "existing", "mapcode": "AT32", "vegtype": "Fish Valley Thicket", "efg": "ValleyThicket", "efg_id": 2, "cls2022": 0, "cls2022_name": "intact", "cls2025": 0, "cls2025_name": "intact", "stratum": "AT32_intact", "lon": 25.92740030907866, "lat": -32.44108443422931}, "geometry": {"type": "Point", "coordinates": [25.92740030907866, -32.44108443422931]}}, {"type": "Feature", "properties": {"id": 101, "source": "existing", "mapcode": "AT37", "vegtype": "Gouritz Valley Thicket", "efg": "ValleyThicket", "efg_id": 2, "cls2022": 0, "cls2022_name": "intact", "cls2025": 0, "cls2025_name": "intact", "stratum": "AT37_intact", "lon": 21.764517450940385, "lat": -34.0456551947236}, "geometry": {"type": "Point", "coordinates": [21.764517450940385, -34.0456551947236]}}, {"type": "Feature", "properties": {"id": 102, "source": "existing", "mapcode": "AT32", "vegtype": "Fish Valley Thicket", "efg": "ValleyThicket", "efg_id": 2, "cls2022": 0, "cls2022_name": "intact", "cls2025": 0, "cls2025_name": "intact", "stratum": "AT32_intact", "lon": 26.699232801194153, "lat": -33.06523389363556}, "geometry": {"type": "Point", "coordinates": [26.699232801194153, -33.06523389363556]}}, {"type": "Feature", "properties": {"id": 103, "source": "existing", "mapcode": "AT33", "vegtype": "Gamka Arid Thicket", "efg": "AridThicket", "efg_id": 1, "cls2022": 0, "cls2022_name": "intact", "cls2025": 0, "cls2025_name": "intact", "stratum": "AT33_intact", "lon": 21.597430808094156, "lat": -33.45330609637519}, "geometry": {"type": "Point", "coordinates": [21.597430808094156, -33.45330609637519]}}, {"type": "Feature", "properties": {"id": 104, "source": "existing", "mapcode": "AT32", "vegtype": "Fish Valley Thicket", "efg": "ValleyThicket", "efg_id": 2, "cls2022": 0, "cls2022_name": "intact", "cls2025": 0, "cls2025_name": "intact", "stratum": "AT32_intact", "lon": 25.25689778101185, "lat": -32.841014398719324}, "geometry": {"type": "Point", "coordinates": [25.25689778101185, -32.841014398719324]}}, {"type": "Feature", "properties": {"id": 105, "source": "existing", "mapcode": "AT51", "vegtype": "Sundays Valley Thicket", "efg": "ValleyThicket", "efg_id": 2, "cls2022": 0, "cls2022_name": "intact", "cls2025": 0, "cls2025_name": "intact", "stratum": "AT51_intact", "lon": 24.897661498892454, "lat": -33.7645723423226}, "geometry": {"type": "Point", "coordinates": [24.897661498892454, -33.7645723423226]}}, {"type": "Feature", "properties": {"id": 106, "source": "existing", "mapcode": "AT51", "vegtype": "Sundays Valley Thicket", "efg": "ValleyThicket", "efg_id": 2, "cls2022": 0, "cls2022_name": "intact", "cls2025": 0, "cls2025_name": "intact", "stratum": "AT51_intact", "lon": 25.554958792282708, "lat": -33.74516873218562}, "geometry": {"type": "Point", "coordinates": [25.554958792282708, -33.74516873218562]}}, {"type": "Feature", "properties": {"id": 107, "source": "existing", "mapcode": "AT19", "vegtype": "Baviaans Valley Thicket", "efg": "ValleyThicket", "efg_id": 2, "cls2022": 0, "cls2022_name": "intact", "cls2025": 0, "cls2025_name": "intact", "stratum": "AT19_intact", "lon": 24.426045974729703, "lat": -33.65165411110878}, "geometry": {"type": "Point", "coordinates": [24.426045974729703, -33.65165411110878]}}, {"type": "Feature", "properties": {"id": 108, "source": "existing", "mapcode": "AT27", "vegtype": "Escarpment Arid Thicket", "efg": "AridThicket", "efg_id": 1, "cls2022": 0, "cls2022_name": "intact", "cls2025": 0, "cls2025_name": "intact", "stratum": "AT27_intact", "lon": 24.401252472888007, "lat": -32.53028714194238}, "geometry": {"type": "Point", "coordinates": [24.401252472888007, -32.53028714194238]}}, {"type": "Feature", "properties": {"id": 109, "source": "existing", "mapcode": "AT32", "vegtype": "Fish Valley Thicket", "efg": "ValleyThicket", "efg_id": 2, "cls2022": 0, "cls2022_name": "intact", "cls2025": 0, "cls2025_name": "intact", "stratum": "AT32_intact", "lon": 26.748819804877552, "lat": -33.03208605965155}, "geometry": {"type": "Point", "coordinates": [26.748819804877552, -33.03208605965155]}}, {"type": "Feature", "properties": {"id": 110, "source": "existing", "mapcode": "AT49", "vegtype": "Sundays Arid Thicket", "efg": "AridThicket", "efg_id": 1, "cls2022": 0, "cls2022_name": "intact", "cls2025": -1, "cls2025_name": null, "stratum": "AT49_intact", "lon": 25.20677178815798, "lat": -33.12128876736461}, "geometry": {"type": "Point", "coordinates": [25.20677178815798, -33.12128876736461]}}, {"type": "Feature", "properties": {"id": 111, "source": "existing", "mapcode": "AT31", "vegtype": "Fish Mesic Thicket", "efg": "MesicThicket", "efg_id": 3, "cls2022": 0, "cls2022_name": "intact", "cls2025": 0, "cls2025_name": "intact", "stratum": "AT31_intact", "lon": 26.999719263732135, "lat": -33.153628117592916}, "geometry": {"type": "Point", "coordinates": [26.999719263732135, -33.153628117592916]}}, {"type": "Feature", "properties": {"id": 112, "source": "existing", "mapcode": "AT32", "vegtype": "Fish Valley Thicket", "efg": "ValleyThicket", "efg_id": 2, "cls2022": 0, "cls2022_name": "intact", "cls2025": 0, "cls2025_name": "intact", "stratum": "AT32_intact", "lon": 26.802449227339487, "lat": -33.00702306322461}, "geometry": {"type": "Point", "coordinates": [26.802449227339487, -33.00702306322461]}}, {"type": "Feature", "properties": {"id": 113, "source": "existing", "mapcode": "AT51", "vegtype": "Sundays Valley Thicket", "efg": "ValleyThicket", "efg_id": 2, "cls2022": 0, "cls2022_name": "intact", "cls2025": 0, "cls2025_name": "intact", "stratum": "AT51_intact", "lon": 24.869095072857455, "lat": -33.76214689105548}, "geometry": {"type": "Point", "coordinates": [24.869095072857455, -33.76214689105548]}}, {"type": "Feature", "properties": {"id": 114, "source": "existing", "mapcode": "AT18", "vegtype": "Albany Valley Thicket", "efg": "ValleyThicket", "efg_id": 2, "cls2022": 0, "cls2022_name": "intact", "cls2025": 0, "cls2025_name": "intact", "stratum": "AT18_intact", "lon": 26.07131041759461, "lat": -33.382698515043394}, "geometry": {"type": "Point", "coordinates": [26.07131041759461, -33.382698515043394]}}, {"type": "Feature", "properties": {"id": 115, "source": "existing", "mapcode": "AT50", "vegtype": "Sundays Mesic Thicket", "efg": "MesicThicket", "efg_id": 3, "cls2022": 0, "cls2022_name": "intact", "cls2025": 0, "cls2025_name": "intact", "stratum": "AT50_intact", "lon": 25.313761138496616, "lat": -33.736544905458075}, "geometry": {"type": "Point", "coordinates": [25.313761138496616, -33.736544905458075]}}, {"type": "Feature", "properties": {"id": 116, "source": "existing", "mapcode": "AT49", "vegtype": "Sundays Arid Thicket", "efg": "AridThicket", "efg_id": 1, "cls2022": 0, "cls2022_name": "intact", "cls2025": 0, "cls2025_name": "intact", "stratum": "AT49_intact", "lon": 25.086846697728024, "lat": -32.89841674537456}, "geometry": {"type": "Point", "coordinates": [25.086846697728024, -32.89841674537456]}}, {"type": "Feature", "properties": {"id": 117, "source": "existing", "mapcode": "AT50", "vegtype": "Sundays Mesic Thicket", "efg": "MesicThicket", "efg_id": 3, "cls2022": 0, "cls2022_name": "intact", "cls2025": 0, "cls2025_name": "intact", "stratum": "AT50_intact", "lon": 25.410240200011053, "lat": -33.38000356919104}, "geometry": {"type": "Point", "coordinates": [25.410240200011053, -33.38000356919104]}}, {"type": "Feature", "properties": {"id": 118, "source": "existing", "mapcode": "AT19", "vegtype": "Baviaans Valley Thicket", "efg": "ValleyThicket", "efg_id": 2, "cls2022": 0, "cls2022_name": "intact", "cls2025": 0, "cls2025_name": "intact", "stratum": "AT19_intact", "lon": 24.320673591902484, "lat": -33.65731349739873}, "geometry": {"type": "Point", "coordinates": [24.320673591902484, -33.65731349739873]}}, {"type": "Feature", "properties": {"id": 119, "source": "existing", "mapcode": "AT19", "vegtype": "Baviaans Valley Thicket", "efg": "ValleyThicket", "efg_id": 2, "cls2022": 0, "cls2022_name": "intact", "cls2025": 0, "cls2025_name": "intact", "stratum": "AT19_intact", "lon": 24.230662400433708, "lat": -33.172223243974194}, "geometry": {"type": "Point", "coordinates": [24.230662400433708, -33.172223243974194]}}, {"type": "Feature", "properties": {"id": 120, "source": "existing", "mapcode": "AT32", "vegtype": "Fish Valley Thicket", "efg": "ValleyThicket", "efg_id": 2, "cls2022": 0, "cls2022_name": "intact", "cls2025": 0, "cls2025_name": "intact", "stratum": "AT32_intact", "lon": 26.768762404185004, "lat": -33.002980644446076}, "geometry": {"type": "Point", "coordinates": [26.768762404185004, -33.002980644446076]}}, {"type": "Feature", "properties": {"id": 121, "source": "existing", "mapcode": null, "vegtype": null, "efg": null, "efg_id": null, "cls2022": 0, "cls2022_name": "intact", "cls2025": 0, "cls2025_name": "intact", "stratum": null, "lon": 24.900625939330048, "lat": -33.753523064327936}, "geometry": {"type": "Point", "coordinates": [24.900625939330048, -33.753523064327936]}}, {"type": "Feature", "properties": {"id": 122, "source": "existing", "mapcode": "AT18", "vegtype": "Albany Valley Thicket", "efg": "ValleyThicket", "efg_id": 2, "cls2022": 0, "cls2022_name": "intact", "cls2025": 0, "cls2025_name": "intact", "stratum": "AT18_intact", "lon": 26.330564208591504, "lat": -33.51825429141703}, "geometry": {"type": "Point", "coordinates": [26.330564208591504, -33.51825429141703]}}, {"type": "Feature", "properties": {"id": 123, "source": "existing", "mapcode": "AT15", "vegtype": "Albany Arid Thicket", "efg": "AridThicket", "efg_id": 1, "cls2022": 0, "cls2022_name": "intact", "cls2025": 0, "cls2025_name": "intact", "stratum": "AT15_intact", "lon": 26.59412991295217, "lat": -33.211569453418626}, "geometry": {"type": "Point", "coordinates": [26.59412991295217, -33.211569453418626]}}, {"type": "Feature", "properties": {"id": 124, "source": "existing", "mapcode": "AT51", "vegtype": "Sundays Valley Thicket", "efg": "ValleyThicket", "efg_id": 2, "cls2022": 0, "cls2022_name": "intact", "cls2025": 0, "cls2025_name": "intact", "stratum": "AT51_intact", "lon": 25.53151276336719, "lat": -33.62416566341472}, "geometry": {"type": "Point", "coordinates": [25.53151276336719, -33.62416566341472]}}, {"type": "Feature", "properties": {"id": 125, "source": "existing", "mapcode": "AT51", "vegtype": "Sundays Valley Thicket", "efg": "ValleyThicket", "efg_id": 2, "cls2022": 0, "cls2022_name": "intact", "cls2025": 0, "cls2025_name": "intact", "stratum": "AT51_intact", "lon": 24.662931715152023, "lat": -33.778047071584396}, "geometry": {"type": "Point", "coordinates": [24.662931715152023, -33.778047071584396]}}, {"type": "Feature", "properties": {"id": 126, "source": "existing", "mapcode": "AT21", "vegtype": "Buffels Mesic Thicket", "efg": "MesicThicket", "efg_id": 3, "cls2022": 0, "cls2022_name": "intact", "cls2025": 0, "cls2025_name": "intact", "stratum": "AT21_intact", "lon": 28.000891647883343, "lat": -32.816220896877624}, "geometry": {"type": "Point", "coordinates": [28.000891647883343, -32.816220896877624]}}, {"type": "Feature", "properties": {"id": 127, "source": "existing", "mapcode": "AT51", "vegtype": "Sundays Valley Thicket", "efg": "ValleyThicket", "efg_id": 2, "cls2022": 0, "cls2022_name": "intact", "cls2025": 0, "cls2025_name": "intact", "stratum": "AT51_intact", "lon": 25.734442186049787, "lat": -33.58023804602128}, "geometry": {"type": "Point", "coordinates": [25.734442186049787, -33.58023804602128]}}, {"type": "Feature", "properties": {"id": 128, "source": "existing", "mapcode": "AT32", "vegtype": "Fish Valley Thicket", "efg": "ValleyThicket", "efg_id": 2, "cls2022": 0, "cls2022_name": "intact", "cls2025": 0, "cls2025_name": "intact", "stratum": "AT32_intact", "lon": 25.44689146360313, "lat": -32.65209869446899}, "geometry": {"type": "Point", "coordinates": [25.44689146360313, -32.65209869446899]}}, {"type": "Feature", "properties": {"id": 129, "source": "existing", "mapcode": "AT15", "vegtype": "Albany Arid Thicket", "efg": "AridThicket", "efg_id": 1, "cls2022": 0, "cls2022_name": "intact", "cls2025": 1, "cls2025_name": "moderate", "stratum": "AT15_intact", "lon": 26.898119805098215, "lat": -33.25953948959061}, "geometry": {"type": "Point", "coordinates": [26.898119805098215, -33.25953948959061]}}, {"type": "Feature", "properties": {"id": 130, "source": "existing", "mapcode": "AT18", "vegtype": "Albany Valley Thicket", "efg": "ValleyThicket", "efg_id": 2, "cls2022": 0, "cls2022_name": "intact", "cls2025": 0, "cls2025_name": "intact", "stratum": "AT18_intact", "lon": 26.956061140923925, "lat": -33.325565662973396}, "geometry": {"type": "Point", "coordinates": [26.956061140923925, -33.325565662973396]}}, {"type": "Feature", "properties": {"id": 131, "source": "existing", "mapcode": "AT18", "vegtype": "Albany Valley Thicket", "efg": "ValleyThicket", "efg_id": 2, "cls2022": 0, "cls2022_name": "intact", "cls2025": 0, "cls2025_name": "intact", "stratum": "AT18_intact", "lon": 26.114968540402817, "lat": -33.14958569881438}, "geometry": {"type": "Point", "coordinates": [26.114968540402817, -33.14958569881438]}}, {"type": "Feature", "properties": {"id": 132, "source": "existing", "mapcode": "AT19", "vegtype": "Baviaans Valley Thicket", "efg": "ValleyThicket", "efg_id": 2, "cls2022": 0, "cls2022_name": "intact", "cls2025": 0, "cls2025_name": "intact", "stratum": "AT19_intact", "lon": 23.874390558751905, "lat": -33.10431060849476}, "geometry": {"type": "Point", "coordinates": [23.874390558751905, -33.10431060849476]}}, {"type": "Feature", "properties": {"id": 133, "source": "existing", "mapcode": "AT32", "vegtype": "Fish Valley Thicket", "efg": "ValleyThicket", "efg_id": 2, "cls2022": 0, "cls2022_name": "intact", "cls2025": 0, "cls2025_name": "intact", "stratum": "AT32_intact", "lon": 26.985436050714632, "lat": -33.16737234143994}, "geometry": {"type": "Point", "coordinates": [26.985436050714632, -33.16737234143994]}}, {"type": "Feature", "properties": {"id": 134, "source": "existing", "mapcode": "AT18", "vegtype": "Albany Valley Thicket", "efg": "ValleyThicket", "efg_id": 2, "cls2022": 0, "cls2022_name": "intact", "cls2025": 0, "cls2025_name": "intact", "stratum": "AT18_intact", "lon": 26.31062160928405, "lat": -33.53657992321307}, "geometry": {"type": "Point", "coordinates": [26.31062160928405, -33.53657992321307]}}, {"type": "Feature", "properties": {"id": 135, "source": "existing", "mapcode": "AT17", "vegtype": "Albany Mesic Thicket", "efg": "MesicThicket", "efg_id": 3, "cls2022": 0, "cls2022_name": "intact", "cls2025": 0, "cls2025_name": "intact", "stratum": "AT17_intact", "lon": 25.86514705988918, "lat": -33.30508407449547}, "geometry": {"type": "Point", "coordinates": [25.86514705988918, -33.30508407449547]}}, {"type": "Feature", "properties": {"id": 136, "source": "existing", "mapcode": "AT51", "vegtype": "Sundays Valley Thicket", "efg": "ValleyThicket", "efg_id": 2, "cls2022": 0, "cls2022_name": "intact", "cls2025": 1, "cls2025_name": "moderate", "stratum": "AT51_intact", "lon": 25.238302654630576, "lat": -33.39455627679377}, "geometry": {"type": "Point", "coordinates": [25.238302654630576, -33.39455627679377]}}, {"type": "Feature", "properties": {"id": 137, "source": "existing", "mapcode": "AT29", "vegtype": "Escarpment Valley Thicket", "efg": "ValleyThicket", "efg_id": 2, "cls2022": 0, "cls2022_name": "intact", "cls2025": 0, "cls2025_name": "intact", "stratum": "AT29_intact", "lon": 25.187907167191472, "lat": -32.4537506797354}, "geometry": {"type": "Point", "coordinates": [25.187907167191472, -32.4537506797354]}}, {"type": "Feature", "properties": {"id": 138, "source": "existing", "mapcode": "AT51", "vegtype": "Sundays Valley Thicket", "efg": "ValleyThicket", "efg_id": 2, "cls2022": 0, "cls2022_name": "intact", "cls2025": 0, "cls2025_name": "intact", "stratum": "AT51_intact", "lon": 24.83352178760632, "lat": -33.72253118702581}, "geometry": {"type": "Point", "coordinates": [24.83352178760632, -33.72253118702581]}}, {"type": "Feature", "properties": {"id": 139, "source": "existing", "mapcode": "AT50", "vegtype": "Sundays Mesic Thicket", "efg": "MesicThicket", "efg_id": 3, "cls2022": 0, "cls2022_name": "intact", "cls2025": 0, "cls2025_name": "intact", "stratum": "AT50_intact", "lon": 25.470606987103885, "lat": -33.32314021170627}, "geometry": {"type": "Point", "coordinates": [25.470606987103885, -33.32314021170627]}}, {"type": "Feature", "properties": {"id": 140, "source": "existing", "mapcode": null, "vegtype": null, "efg": null, "efg_id": null, "cls2022": 0, "cls2022_name": "intact", "cls2025": 0, "cls2025_name": "intact", "stratum": null, "lon": 26.80487467860661, "lat": -33.54143082574731}, "geometry": {"type": "Point", "coordinates": [26.80487467860661, -33.54143082574731]}}, {"type": "Feature", "properties": {"id": 141, "source": "existing", "mapcode": "AT28", "vegtype": "Escarpment Mesic Thicket", "efg": "MesicThicket", "efg_id": 3, "cls2022": 0, "cls2022_name": "intact", "cls2025": 0, "cls2025_name": "intact", "stratum": "AT28_intact", "lon": 26.76391150165076, "lat": -32.529478658186676}, "geometry": {"type": "Point", "coordinates": [26.76391150165076, -32.529478658186676]}}, {"type": "Feature", "properties": {"id": 142, "source": "existing", "mapcode": "AT49", "vegtype": "Sundays Arid Thicket", "efg": "AridThicket", "efg_id": 1, "cls2022": 0, "cls2022_name": "intact", "cls2025": 0, "cls2025_name": "intact", "stratum": "AT49_intact", "lon": 23.209277922389813, "lat": -33.36868479661113}, "geometry": {"type": "Point", "coordinates": [23.209277922389813, -33.36868479661113]}}, {"type": "Feature", "properties": {"id": 143, "source": "existing", "mapcode": "AT21", "vegtype": "Buffels Mesic Thicket", "efg": "MesicThicket", "efg_id": 3, "cls2022": 0, "cls2022_name": "intact", "cls2025": 0, "cls2025_name": "intact", "stratum": "AT21_intact", "lon": 27.803352116905458, "lat": -32.72863515667597}, "geometry": {"type": "Point", "coordinates": [27.803352116905458, -32.72863515667597]}}, {"type": "Feature", "properties": {"id": 144, "source": "existing", "mapcode": "AT51", "vegtype": "Sundays Valley Thicket", "efg": "ValleyThicket", "efg_id": 2, "cls2022": 0, "cls2022_name": "intact", "cls2025": 0, "cls2025_name": "intact", "stratum": "AT51_intact", "lon": 25.336398683656427, "lat": -33.38593245006623}, "geometry": {"type": "Point", "coordinates": [25.336398683656427, -33.38593245006623]}}, {"type": "Feature", "properties": {"id": 145, "source": "existing", "mapcode": "AT30", "vegtype": "Fish Arid Thicket", "efg": "AridThicket", "efg_id": 1, "cls2022": 0, "cls2022_name": "intact", "cls2025": 0, "cls2025_name": "intact", "stratum": "AT30_intact", "lon": 26.546429371365424, "lat": -33.18569797323598}, "geometry": {"type": "Point", "coordinates": [26.546429371365424, -33.18569797323598]}}, {"type": "Feature", "properties": {"id": 146, "source": "existing", "mapcode": "AT30", "vegtype": "Fish Arid Thicket", "efg": "AridThicket", "efg_id": 1, "cls2022": 0, "cls2022_name": "intact", "cls2025": 1, "cls2025_name": "moderate", "stratum": "AT30_intact", "lon": 26.89084345129685, "lat": -33.20078967000919}, "geometry": {"type": "Point", "coordinates": [26.89084345129685, -33.20078967000919]}}, {"type": "Feature", "properties": {"id": 147, "source": "existing", "mapcode": "AT29", "vegtype": "Escarpment Valley Thicket", "efg": "ValleyThicket", "efg_id": 2, "cls2022": 0, "cls2022_name": "intact", "cls2025": 1, "cls2025_name": "moderate", "stratum": "AT29_intact", "lon": 24.908710776887123, "lat": -32.345413856470586}, "geometry": {"type": "Point", "coordinates": [24.908710776887123, -32.345413856470586]}}, {"type": "Feature", "properties": {"id": 148, "source": "existing", "mapcode": "AT18", "vegtype": "Albany Valley Thicket", "efg": "ValleyThicket", "efg_id": 2, "cls2022": 0, "cls2022_name": "intact", "cls2025": 0, "cls2025_name": "intact", "stratum": "AT18_intact", "lon": 26.632398144055664, "lat": -33.35440158359363}, "geometry": {"type": "Point", "coordinates": [26.632398144055664, -33.35440158359363]}}, {"type": "Feature", "properties": {"id": 149, "source": "existing", "mapcode": "AT17", "vegtype": "Albany Mesic Thicket", "efg": "MesicThicket", "efg_id": 3, "cls2022": 0, "cls2022_name": "intact", "cls2025": 0, "cls2025_name": "intact", "stratum": "AT17_intact", "lon": 26.31951493059683, "lat": -33.361947431980234}, "geometry": {"type": "Point", "coordinates": [26.31951493059683, -33.361947431980234]}}, {"type": "Feature", "properties": {"id": 150, "source": "existing", "mapcode": "AT19", "vegtype": "Baviaans Valley Thicket", "efg": "ValleyThicket", "efg_id": 2, "cls2022": 0, "cls2022_name": "intact", "cls2025": 0, "cls2025_name": "intact", "stratum": "AT19_intact", "lon": 23.82480355506851, "lat": -33.52606963438887}, "geometry": {"type": "Point", "coordinates": [23.82480355506851, -33.52606963438887]}}, {"type": "Feature", "properties": {"id": 151, "source": "existing", "mapcode": "AT32", "vegtype": "Fish Valley Thicket", "efg": "ValleyThicket", "efg_id": 2, "cls2022": 0, "cls2022_name": "intact", "cls2025": 0, "cls2025_name": "intact", "stratum": "AT32_intact", "lon": 26.784393090128685, "lat": -33.04717775642475}, "geometry": {"type": "Point", "coordinates": [26.784393090128685, -33.04717775642475]}}, {"type": "Feature", "properties": {"id": 152, "source": "existing", "mapcode": "AT28", "vegtype": "Escarpment Mesic Thicket", "efg": "MesicThicket", "efg_id": 3, "cls2022": 0, "cls2022_name": "intact", "cls2025": 0, "cls2025_name": "intact", "stratum": "AT28_intact", "lon": 25.28815915289921, "lat": -32.535407539061865}, "geometry": {"type": "Point", "coordinates": [25.28815915289921, -32.535407539061865]}}, {"type": "Feature", "properties": {"id": 153, "source": "existing", "mapcode": "AT18", "vegtype": "Albany Valley Thicket", "efg": "ValleyThicket", "efg_id": 2, "cls2022": 0, "cls2022_name": "intact", "cls2025": 0, "cls2025_name": "intact", "stratum": "AT18_intact", "lon": 26.11092612162428, "lat": -33.151202666325794}, "geometry": {"type": "Point", "coordinates": [26.11092612162428, -33.151202666325794]}}, {"type": "Feature", "properties": {"id": 154, "source": "existing", "mapcode": "AT30", "vegtype": "Fish Arid Thicket", "efg": "AridThicket", "efg_id": 1, "cls2022": 0, "cls2022_name": "intact", "cls2025": 0, "cls2025_name": "intact", "stratum": "AT30_intact", "lon": 26.819966375379817, "lat": -33.2369019444308}, "geometry": {"type": "Point", "coordinates": [26.819966375379817, -33.2369019444308]}}, {"type": "Feature", "properties": {"id": 155, "source": "existing", "mapcode": "AT32", "vegtype": "Fish Valley Thicket", "efg": "ValleyThicket", "efg_id": 2, "cls2022": 0, "cls2022_name": "intact", "cls2025": 1, "cls2025_name": "moderate", "stratum": "AT32_intact", "lon": 26.69033947988137, "lat": -32.586611510256674}, "geometry": {"type": "Point", "coordinates": [26.69033947988137, -32.586611510256674]}}, {"type": "Feature", "properties": {"id": 156, "source": "existing", "mapcode": "AT18", "vegtype": "Albany Valley Thicket", "efg": "ValleyThicket", "efg_id": 2, "cls2022": 0, "cls2022_name": "intact", "cls2025": 0, "cls2025_name": "intact", "stratum": "AT18_intact", "lon": 26.85823460648331, "lat": -33.434710969993915}, "geometry": {"type": "Point", "coordinates": [26.85823460648331, -33.434710969993915]}}, {"type": "Feature", "properties": {"id": 157, "source": "existing", "mapcode": "AT30", "vegtype": "Fish Arid Thicket", "efg": "AridThicket", "efg_id": 1, "cls2022": 0, "cls2022_name": "intact", "cls2025": 1, "cls2025_name": "moderate", "stratum": "AT30_intact", "lon": 26.74639435361043, "lat": -33.21830681804952}, "geometry": {"type": "Point", "coordinates": [26.74639435361043, -33.21830681804952]}}, {"type": "Feature", "properties": {"id": 158, "source": "existing", "mapcode": "AT32", "vegtype": "Fish Valley Thicket", "efg": "ValleyThicket", "efg_id": 2, "cls2022": 0, "cls2022_name": "intact", "cls2025": 0, "cls2025_name": "intact", "stratum": "AT32_intact", "lon": 26.529451212495566, "lat": -32.99327883937758}, "geometry": {"type": "Point", "coordinates": [26.529451212495566, -32.99327883937758]}}, {"type": "Feature", "properties": {"id": 159, "source": "existing", "mapcode": "AT17", "vegtype": "Albany Mesic Thicket", "efg": "MesicThicket", "efg_id": 3, "cls2022": 0, "cls2022_name": "intact", "cls2025": 0, "cls2025_name": "intact", "stratum": "AT17_intact", "lon": 26.82562576166977, "lat": -33.53065104233788}, "geometry": {"type": "Point", "coordinates": [26.82562576166977, -33.53065104233788]}}, {"type": "Feature", "properties": {"id": 160, "source": "existing", "mapcode": "AT51", "vegtype": "Sundays Valley Thicket", "efg": "ValleyThicket", "efg_id": 2, "cls2022": 0, "cls2022_name": "intact", "cls2025": 0, "cls2025_name": "intact", "stratum": "AT51_intact", "lon": 25.71665554342422, "lat": -33.470014760659815}, "geometry": {"type": "Point", "coordinates": [25.71665554342422, -33.470014760659815]}}, {"type": "Feature", "properties": {"id": 161, "source": "existing", "mapcode": "AT51", "vegtype": "Sundays Valley Thicket", "efg": "ValleyThicket", "efg_id": 2, "cls2022": 0, "cls2022_name": "intact", "cls2025": 0, "cls2025_name": "intact", "stratum": "AT51_intact", "lon": 25.556845254379358, "lat": -33.58131602436222}, "geometry": {"type": "Point", "coordinates": [25.556845254379358, -33.58131602436222]}}, {"type": "Feature", "properties": {"id": 162, "source": "existing", "mapcode": "AT28", "vegtype": "Escarpment Mesic Thicket", "efg": "MesicThicket", "efg_id": 3, "cls2022": 0, "cls2022_name": "intact", "cls2025": 0, "cls2025_name": "intact", "stratum": "AT28_intact", "lon": 26.966571429748125, "lat": -32.73887595091493}, "geometry": {"type": "Point", "coordinates": [26.966571429748125, -32.73887595091493]}}, {"type": "Feature", "properties": {"id": 163, "source": "existing", "mapcode": "AT32", "vegtype": "Fish Valley Thicket", "efg": "ValleyThicket", "efg_id": 2, "cls2022": 0, "cls2022_name": "intact", "cls2025": 0, "cls2025_name": "intact", "stratum": "AT32_intact", "lon": 26.569605905695706, "lat": -33.000555193178954}, "geometry": {"type": "Point", "coordinates": [26.569605905695706, -33.000555193178954]}}, {"type": "Feature", "properties": {"id": 164, "source": "existing", "mapcode": "AT30", "vegtype": "Fish Arid Thicket", "efg": "AridThicket", "efg_id": 1, "cls2022": 0, "cls2022_name": "intact", "cls2025": 0, "cls2025_name": "intact", "stratum": "AT30_intact", "lon": 26.849341285170528, "lat": -33.23582396608985}, "geometry": {"type": "Point", "coordinates": [26.849341285170528, -33.23582396608985]}}, {"type": "Feature", "properties": {"id": 165, "source": "existing", "mapcode": "AT32", "vegtype": "Fish Valley Thicket", "efg": "ValleyThicket", "efg_id": 2, "cls2022": 0, "cls2022_name": "intact", "cls2025": 0, "cls2025_name": "intact", "stratum": "AT32_intact", "lon": 25.086307708557552, "lat": -32.91889833385249}, "geometry": {"type": "Point", "coordinates": [25.086307708557552, -32.91889833385249]}}, {"type": "Feature", "properties": {"id": 166, "source": "existing", "mapcode": "AT17", "vegtype": "Albany Mesic Thicket", "efg": "MesicThicket", "efg_id": 3, "cls2022": 0, "cls2022_name": "intact", "cls2025": 0, "cls2025_name": "intact", "stratum": "AT17_intact", "lon": 26.707856627921704, "lat": -33.45654003139802}, "geometry": {"type": "Point", "coordinates": [26.707856627921704, -33.45654003139802]}}, {"type": "Feature", "properties": {"id": 167, "source": "existing", "mapcode": "AT49", "vegtype": "Sundays Arid Thicket", "efg": "AridThicket", "efg_id": 1, "cls2022": 0, "cls2022_name": "intact", "cls2025": 0, "cls2025_name": "intact", "stratum": "AT49_intact", "lon": 23.746919619935348, "lat": -33.05714905607848}, "geometry": {"type": "Point", "coordinates": [23.746919619935348, -33.05714905607848]}}, {"type": "Feature", "properties": {"id": 168, "source": "existing", "mapcode": "AT32", "vegtype": "Fish Valley Thicket", "efg": "ValleyThicket", "efg_id": 2, "cls2022": 0, "cls2022_name": "intact", "cls2025": 0, "cls2025_name": "intact", "stratum": "AT32_intact", "lon": 26.741273956490947, "lat": -32.620567827996396}, "geometry": {"type": "Point", "coordinates": [26.741273956490947, -32.620567827996396]}}, {"type": "Feature", "properties": {"id": 169, "source": "existing", "mapcode": "AT21", "vegtype": "Buffels Mesic Thicket", "efg": "MesicThicket", "efg_id": 3, "cls2022": 0, "cls2022_name": "intact", "cls2025": 0, "cls2025_name": "intact", "stratum": "AT21_intact", "lon": 27.969360781410746, "lat": -32.73025212418739}, "geometry": {"type": "Point", "coordinates": [27.969360781410746, -32.73025212418739]}}, {"type": "Feature", "properties": {"id": 170, "source": "existing", "mapcode": "AT28", "vegtype": "Escarpment Mesic Thicket", "efg": "MesicThicket", "efg_id": 3, "cls2022": 0, "cls2022_name": "intact", "cls2025": 0, "cls2025_name": "intact", "stratum": "AT28_intact", "lon": 26.318975941426363, "lat": -32.58041313479625}, "geometry": {"type": "Point", "coordinates": [26.318975941426363, -32.58041313479625]}}, {"type": "Feature", "properties": {"id": 171, "source": "existing", "mapcode": "AT30", "vegtype": "Fish Arid Thicket", "efg": "AridThicket", "efg_id": 1, "cls2022": 0, "cls2022_name": "intact", "cls2025": 0, "cls2025_name": "intact", "stratum": "AT30_intact", "lon": 26.703275219972692, "lat": -33.18381151113933}, "geometry": {"type": "Point", "coordinates": [26.703275219972692, -33.18381151113933]}}, {"type": "Feature", "properties": {"id": 172, "source": "existing", "mapcode": "AT33", "vegtype": "Gamka Arid Thicket", "efg": "AridThicket", "efg_id": 1, "cls2022": 0, "cls2022_name": "intact", "cls2025": 0, "cls2025_name": "intact", "stratum": "AT33_intact", "lon": 23.154301027001697, "lat": -33.27894309972759}, "geometry": {"type": "Point", "coordinates": [23.154301027001697, -33.27894309972759]}}, {"type": "Feature", "properties": {"id": 173, "source": "existing", "mapcode": "AT51", "vegtype": "Sundays Valley Thicket", "efg": "ValleyThicket", "efg_id": 2, "cls2022": 0, "cls2022_name": "intact", "cls2025": 0, "cls2025_name": "intact", "stratum": "AT51_intact", "lon": 25.635537673268228, "lat": -33.443065302136226}, "geometry": {"type": "Point", "coordinates": [25.635537673268228, -33.443065302136226]}}, {"type": "Feature", "properties": {"id": 174, "source": "existing", "mapcode": "AT27", "vegtype": "Escarpment Arid Thicket", "efg": "AridThicket", "efg_id": 1, "cls2022": 0, "cls2022_name": "intact", "cls2025": 0, "cls2025_name": "intact", "stratum": "AT27_intact", "lon": 24.392898140745693, "lat": -32.20770212341506}, "geometry": {"type": "Point", "coordinates": [24.392898140745693, -32.20770212341506]}}, {"type": "Feature", "properties": {"id": 175, "source": "existing", "mapcode": "AT49", "vegtype": "Sundays Arid Thicket", "efg": "AridThicket", "efg_id": 1, "cls2022": 0, "cls2022_name": "intact", "cls2025": 0, "cls2025_name": "intact", "stratum": "AT49_intact", "lon": 25.147213484820856, "lat": -33.54816819037821}, "geometry": {"type": "Point", "coordinates": [25.147213484820856, -33.54816819037821]}}, {"type": "Feature", "properties": {"id": 176, "source": "existing", "mapcode": "AT50", "vegtype": "Sundays Mesic Thicket", "efg": "MesicThicket", "efg_id": 3, "cls2022": 0, "cls2022_name": "intact", "cls2025": 0, "cls2025_name": "intact", "stratum": "AT50_intact", "lon": 25.46440861164346, "lat": -33.34685573520703}, "geometry": {"type": "Point", "coordinates": [25.46440861164346, -33.34685573520703]}}, {"type": "Feature", "properties": {"id": 177, "source": "existing", "mapcode": "AT32", "vegtype": "Fish Valley Thicket", "efg": "ValleyThicket", "efg_id": 2, "cls2022": 0, "cls2022_name": "intact", "cls2025": 0, "cls2025_name": "intact", "stratum": "AT32_intact", "lon": 26.712707530455948, "lat": -32.622454290093046}, "geometry": {"type": "Point", "coordinates": [26.712707530455948, -32.622454290093046]}}, {"type": "Feature", "properties": {"id": 178, "source": "existing", "mapcode": "AT18", "vegtype": "Albany Valley Thicket", "efg": "ValleyThicket", "efg_id": 2, "cls2022": 0, "cls2022_name": "intact", "cls2025": 0, "cls2025_name": "intact", "stratum": "AT18_intact", "lon": 26.824817277914065, "lat": -33.455731547642316}, "geometry": {"type": "Point", "coordinates": [26.824817277914065, -33.455731547642316]}}, {"type": "Feature", "properties": {"id": 179, "source": "existing", "mapcode": "AT17", "vegtype": "Albany Mesic Thicket", "efg": "MesicThicket", "efg_id": 3, "cls2022": 0, "cls2022_name": "intact", "cls2025": 0, "cls2025_name": "intact", "stratum": "AT17_intact", "lon": 26.429199226787826, "lat": -33.53253750443453}, "geometry": {"type": "Point", "coordinates": [26.429199226787826, -33.53253750443453]}}, {"type": "Feature", "properties": {"id": 180, "source": "existing", "mapcode": "AT51", "vegtype": "Sundays Valley Thicket", "efg": "ValleyThicket", "efg_id": 2, "cls2022": 0, "cls2022_name": "intact", "cls2025": 0, "cls2025_name": "intact", "stratum": "AT51_intact", "lon": 24.79444507274712, "lat": -33.72926855165671}, "geometry": {"type": "Point", "coordinates": [24.79444507274712, -33.72926855165671]}}, {"type": "Feature", "properties": {"id": 181, "source": "existing", "mapcode": "AT28", "vegtype": "Escarpment Mesic Thicket", "efg": "MesicThicket", "efg_id": 3, "cls2022": 0, "cls2022_name": "intact", "cls2025": 1, "cls2025_name": "moderate", "stratum": "AT28_intact", "lon": 25.61855951439837, "lat": -32.71812486785177}, "geometry": {"type": "Point", "coordinates": [25.61855951439837, -32.71812486785177]}}, {"type": "Feature", "properties": {"id": 182, "source": "existing", "mapcode": "AT51", "vegtype": "Sundays Valley Thicket", "efg": "ValleyThicket", "efg_id": 2, "cls2022": 0, "cls2022_name": "intact", "cls2025": 1, "cls2025_name": "moderate", "stratum": "AT51_intact", "lon": 25.62691384654068, "lat": -33.78451494163006}, "geometry": {"type": "Point", "coordinates": [25.62691384654068, -33.78451494163006]}}, {"type": "Feature", "properties": {"id": 183, "source": "existing", "mapcode": "AT21", "vegtype": "Buffels Mesic Thicket", "efg": "MesicThicket", "efg_id": 3, "cls2022": 0, "cls2022_name": "intact", "cls2025": 0, "cls2025_name": "intact", "stratum": "AT21_intact", "lon": 27.838386412986118, "lat": -32.93560699813711}, "geometry": {"type": "Point", "coordinates": [27.838386412986118, -32.93560699813711]}}, {"type": "Feature", "properties": {"id": 184, "source": "existing", "mapcode": "AT51", "vegtype": "Sundays Valley Thicket", "efg": "ValleyThicket", "efg_id": 2, "cls2022": 0, "cls2022_name": "intact", "cls2025": 0, "cls2025_name": "intact", "stratum": "AT51_intact", "lon": 25.207849766498924, "lat": -33.500467648791464}, "geometry": {"type": "Point", "coordinates": [25.207849766498924, -33.500467648791464]}}, {"type": "Feature", "properties": {"id": 185, "source": "existing", "mapcode": "AT51", "vegtype": "Sundays Valley Thicket", "efg": "ValleyThicket", "efg_id": 2, "cls2022": 0, "cls2022_name": "intact", "cls2025": 0, "cls2025_name": "intact", "stratum": "AT51_intact", "lon": 25.80963117533059, "lat": -33.68210699924043}, "geometry": {"type": "Point", "coordinates": [25.80963117533059, -33.68210699924043]}}, {"type": "Feature", "properties": {"id": 186, "source": "existing", "mapcode": "AT32", "vegtype": "Fish Valley Thicket", "efg": "ValleyThicket", "efg_id": 2, "cls2022": 0, "cls2022_name": "intact", "cls2025": 0, "cls2025_name": "intact", "stratum": "AT32_intact", "lon": 26.66770193472156, "lat": -33.13422450745593}, "geometry": {"type": "Point", "coordinates": [26.66770193472156, -33.13422450745593]}}, {"type": "Feature", "properties": {"id": 187, "source": "existing", "mapcode": "AT51", "vegtype": "Sundays Valley Thicket", "efg": "ValleyThicket", "efg_id": 2, "cls2022": 0, "cls2022_name": "intact", "cls2025": 0, "cls2025_name": "intact", "stratum": "AT51_intact", "lon": 25.780795254710355, "lat": -33.64437775730741}, "geometry": {"type": "Point", "coordinates": [25.780795254710355, -33.64437775730741]}}, {"type": "Feature", "properties": {"id": 188, "source": "existing", "mapcode": "AT51", "vegtype": "Sundays Valley Thicket", "efg": "ValleyThicket", "efg_id": 2, "cls2022": 0, "cls2022_name": "intact", "cls2025": 0, "cls2025_name": "intact", "stratum": "AT51_intact", "lon": 25.515612582838273, "lat": -33.67806458046189}, "geometry": {"type": "Point", "coordinates": [25.515612582838273, -33.67806458046189]}}, {"type": "Feature", "properties": {"id": 189, "source": "existing", "mapcode": "AT18", "vegtype": "Albany Valley Thicket", "efg": "ValleyThicket", "efg_id": 2, "cls2022": 0, "cls2022_name": "intact", "cls2025": 0, "cls2025_name": "intact", "stratum": "AT18_intact", "lon": 25.92820879283437, "lat": -33.380812052946744}, "geometry": {"type": "Point", "coordinates": [25.92820879283437, -33.380812052946744]}}, {"type": "Feature", "properties": {"id": 190, "source": "existing", "mapcode": "AT33", "vegtype": "Gamka Arid Thicket", "efg": "AridThicket", "efg_id": 1, "cls2022": 0, "cls2022_name": "intact", "cls2025": 0, "cls2025_name": "intact", "stratum": "AT33_intact", "lon": 21.75589362421284, "lat": -33.49723371376864}, "geometry": {"type": "Point", "coordinates": [21.75589362421284, -33.49723371376864]}}, {"type": "Feature", "properties": {"id": 191, "source": "existing", "mapcode": "AT32", "vegtype": "Fish Valley Thicket", "efg": "ValleyThicket", "efg_id": 2, "cls2022": 0, "cls2022_name": "intact", "cls2025": 1, "cls2025_name": "moderate", "stratum": "AT32_intact", "lon": 26.79301691685623, "lat": -32.566399416363986}, "geometry": {"type": "Point", "coordinates": [26.79301691685623, -32.566399416363986]}}, {"type": "Feature", "properties": {"id": 192, "source": "existing", "mapcode": "AT30", "vegtype": "Fish Arid Thicket", "efg": "AridThicket", "efg_id": 1, "cls2022": 0, "cls2022_name": "intact", "cls2025": 0, "cls2025_name": "intact", "stratum": "AT30_intact", "lon": 26.80433568943614, "lat": -33.20644905629914}, "geometry": {"type": "Point", "coordinates": [26.80433568943614, -33.20644905629914]}}, {"type": "Feature", "properties": {"id": 193, "source": "existing", "mapcode": "AT19", "vegtype": "Baviaans Valley Thicket", "efg": "ValleyThicket", "efg_id": 2, "cls2022": 0, "cls2022_name": "intact", "cls2025": 0, "cls2025_name": "intact", "stratum": "AT19_intact", "lon": 24.303695433032626, "lat": -33.79664219796567}, "geometry": {"type": "Point", "coordinates": [24.303695433032626, -33.79664219796567]}}, {"type": "Feature", "properties": {"id": 194, "source": "existing", "mapcode": "AT21", "vegtype": "Buffels Mesic Thicket", "efg": "MesicThicket", "efg_id": 3, "cls2022": 0, "cls2022_name": "intact", "cls2025": 0, "cls2025_name": "intact", "stratum": "AT21_intact", "lon": 27.903873597198434, "lat": -32.82888714238371}, "geometry": {"type": "Point", "coordinates": [27.903873597198434, -32.82888714238371]}}, {"type": "Feature", "properties": {"id": 195, "source": "existing", "mapcode": "AT32", "vegtype": "Fish Valley Thicket", "efg": "ValleyThicket", "efg_id": 2, "cls2022": 0, "cls2022_name": "intact", "cls2025": 1, "cls2025_name": "moderate", "stratum": "AT32_intact", "lon": 24.976892906951797, "lat": -32.89599129410744}, "geometry": {"type": "Point", "coordinates": [24.976892906951797, -32.89599129410744]}}, {"type": "Feature", "properties": {"id": 196, "source": "existing", "mapcode": "AT17", "vegtype": "Albany Mesic Thicket", "efg": "MesicThicket", "efg_id": 3, "cls2022": 0, "cls2022_name": "intact", "cls2025": 0, "cls2025_name": "intact", "stratum": "AT17_intact", "lon": 26.619731898549578, "lat": -33.66108642159203}, "geometry": {"type": "Point", "coordinates": [26.619731898549578, -33.66108642159203]}}, {"type": "Feature", "properties": {"id": 197, "source": "existing", "mapcode": "AT18", "vegtype": "Albany Valley Thicket", "efg": "ValleyThicket", "efg_id": 2, "cls2022": 0, "cls2022_name": "intact", "cls2025": 0, "cls2025_name": "intact", "stratum": "AT18_intact", "lon": 26.74558586985472, "lat": -33.2616954462725}, "geometry": {"type": "Point", "coordinates": [26.74558586985472, -33.2616954462725]}}, {"type": "Feature", "properties": {"id": 198, "source": "existing", "mapcode": "AT31", "vegtype": "Fish Mesic Thicket", "efg": "MesicThicket", "efg_id": 3, "cls2022": 0, "cls2022_name": "intact", "cls2025": 0, "cls2025_name": "intact", "stratum": "AT31_intact", "lon": 27.23417955288733, "lat": -33.23501548233415}, "geometry": {"type": "Point", "coordinates": [27.23417955288733, -33.23501548233415]}}, {"type": "Feature", "properties": {"id": 199, "source": "existing", "mapcode": "AT28", "vegtype": "Escarpment Mesic Thicket", "efg": "MesicThicket", "efg_id": 3, "cls2022": 0, "cls2022_name": "intact", "cls2025": 0, "cls2025_name": "intact", "stratum": "AT28_intact", "lon": 26.49468641100014, "lat": -32.735642015892104}, "geometry": {"type": "Point", "coordinates": [26.49468641100014, -32.735642015892104]}}, {"type": "Feature", "properties": {"id": 200, "source": "existing", "mapcode": "AT49", "vegtype": "Sundays Arid Thicket", "efg": "AridThicket", "efg_id": 1, "cls2022": 0, "cls2022_name": "intact", "cls2025": 0, "cls2025_name": "intact", "stratum": "AT49_intact", "lon": 25.34259705911685, "lat": -33.247412233255}, "geometry": {"type": "Point", "coordinates": [25.34259705911685, -33.247412233255]}}, {"type": "Feature", "properties": {"id": 201, "source": "existing", "mapcode": "AT21", "vegtype": "Buffels Mesic Thicket", "efg": "MesicThicket", "efg_id": 3, "cls2022": 0, "cls2022_name": "intact", "cls2025": 0, "cls2025_name": "intact", "stratum": "AT21_intact", "lon": 28.28143551111387, "lat": -32.603589669126535}, "geometry": {"type": "Point", "coordinates": [28.28143551111387, -32.603589669126535]}}, {"type": "Feature", "properties": {"id": 202, "source": "existing", "mapcode": "AT51", "vegtype": "Sundays Valley Thicket", "efg": "ValleyThicket", "efg_id": 2, "cls2022": 0, "cls2022_name": "intact", "cls2025": 0, "cls2025_name": "intact", "stratum": "AT51_intact", "lon": 25.814751572450074, "lat": -33.46300790144368}, "geometry": {"type": "Point", "coordinates": [25.814751572450074, -33.46300790144368]}}, {"type": "Feature", "properties": {"id": 203, "source": "existing", "mapcode": "AT50", "vegtype": "Sundays Mesic Thicket", "efg": "MesicThicket", "efg_id": 3, "cls2022": 0, "cls2022_name": "intact", "cls2025": 0, "cls2025_name": "intact", "stratum": "AT50_intact", "lon": 25.451742366137374, "lat": -33.33391999511571}, "geometry": {"type": "Point", "coordinates": [25.451742366137374, -33.33391999511571]}}, {"type": "Feature", "properties": {"id": 204, "source": "existing", "mapcode": null, "vegtype": null, "efg": null, "efg_id": null, "cls2022": 0, "cls2022_name": "intact", "cls2025": 0, "cls2025_name": "intact", "stratum": null, "lon": 25.53474669839002, "lat": -32.69926024688526}, "geometry": {"type": "Point", "coordinates": [25.53474669839002, -32.69926024688526]}}, {"type": "Feature", "properties": {"id": 205, "source": "existing", "mapcode": "AT19", "vegtype": "Baviaans Valley Thicket", "efg": "ValleyThicket", "efg_id": 2, "cls2022": 0, "cls2022_name": "intact", "cls2025": 0, "cls2025_name": "intact", "stratum": "AT19_intact", "lon": 25.264982618568926, "lat": -33.58805338899312}, "geometry": {"type": "Point", "coordinates": [25.264982618568926, -33.58805338899312]}}, {"type": "Feature", "properties": {"id": 206, "source": "existing", "mapcode": "AT17", "vegtype": "Albany Mesic Thicket", "efg": "MesicThicket", "efg_id": 3, "cls2022": 0, "cls2022_name": "intact", "cls2025": -1, "cls2025_name": null, "stratum": "AT17_intact", "lon": 26.45560969614094, "lat": -33.40021566308373}, "geometry": {"type": "Point", "coordinates": [26.45560969614094, -33.40021566308373]}}, {"type": "Feature", "properties": {"id": 207, "source": "existing", "mapcode": "AT51", "vegtype": "Sundays Valley Thicket", "efg": "ValleyThicket", "efg_id": 2, "cls2022": 0, "cls2022_name": "intact", "cls2025": 0, "cls2025_name": "intact", "stratum": "AT51_intact", "lon": 25.768398503789506, "lat": -33.46085194476179}, "geometry": {"type": "Point", "coordinates": [25.768398503789506, -33.46085194476179]}}, {"type": "Feature", "properties": {"id": 208, "source": "existing", "mapcode": "AT19", "vegtype": "Baviaans Valley Thicket", "efg": "ValleyThicket", "efg_id": 2, "cls2022": 0, "cls2022_name": "intact", "cls2025": 1, "cls2025_name": "moderate", "stratum": "AT19_intact", "lon": 25.265521607739398, "lat": -33.24579526574358}, "geometry": {"type": "Point", "coordinates": [25.265521607739398, -33.24579526574358]}}, {"type": "Feature", "properties": {"id": 209, "source": "existing", "mapcode": "AT49", "vegtype": "Sundays Arid Thicket", "efg": "AridThicket", "efg_id": 1, "cls2022": 0, "cls2022_name": "intact", "cls2025": 0, "cls2025_name": "intact", "stratum": "AT49_intact", "lon": 23.740451749889687, "lat": -33.05849652900466}, "geometry": {"type": "Point", "coordinates": [23.740451749889687, -33.05849652900466]}}, {"type": "Feature", "properties": {"id": 210, "source": "existing", "mapcode": "AT37", "vegtype": "Gouritz Valley Thicket", "efg": "ValleyThicket", "efg_id": 2, "cls2022": 0, "cls2022_name": "intact", "cls2025": 0, "cls2025_name": "intact", "stratum": "AT37_intact", "lon": 21.70172521258043, "lat": -34.09982360635601}, "geometry": {"type": "Point", "coordinates": [21.70172521258043, -34.09982360635601]}}, {"type": "Feature", "properties": {"id": 211, "source": "existing", "mapcode": "AT19", "vegtype": "Baviaans Valley Thicket", "efg": "ValleyThicket", "efg_id": 2, "cls2022": 0, "cls2022_name": "intact", "cls2025": 0, "cls2025_name": "intact", "stratum": "AT19_intact", "lon": 24.05225698500757, "lat": -33.792330284601896}, "geometry": {"type": "Point", "coordinates": [24.05225698500757, -33.792330284601896]}}, {"type": "Feature", "properties": {"id": 212, "source": "existing", "mapcode": "AT21", "vegtype": "Buffels Mesic Thicket", "efg": "MesicThicket", "efg_id": 3, "cls2022": 0, "cls2022_name": "intact", "cls2025": 0, "cls2025_name": "intact", "stratum": "AT21_intact", "lon": 27.93782991493815, "lat": -32.69413984976578}, "geometry": {"type": "Point", "coordinates": [27.93782991493815, -32.69413984976578]}}, {"type": "Feature", "properties": {"id": 213, "source": "existing", "mapcode": "AT31", "vegtype": "Fish Mesic Thicket", "efg": "MesicThicket", "efg_id": 3, "cls2022": 0, "cls2022_name": "intact", "cls2025": 0, "cls2025_name": "intact", "stratum": "AT31_intact", "lon": 27.07409976925723, "lat": -33.44549075340335}, "geometry": {"type": "Point", "coordinates": [27.07409976925723, -33.44549075340335]}}, {"type": "Feature", "properties": {"id": 214, "source": "existing", "mapcode": "AT17", "vegtype": "Albany Mesic Thicket", "efg": "MesicThicket", "efg_id": 3, "cls2022": 0, "cls2022_name": "intact", "cls2025": 0, "cls2025_name": "intact", "stratum": "AT17_intact", "lon": 26.494416916414902, "lat": -33.6217402121476}, "geometry": {"type": "Point", "coordinates": [26.494416916414902, -33.6217402121476]}}, {"type": "Feature", "properties": {"id": 215, "source": "existing", "mapcode": "AT29", "vegtype": "Escarpment Valley Thicket", "efg": "ValleyThicket", "efg_id": 2, "cls2022": 0, "cls2022_name": "intact", "cls2025": 0, "cls2025_name": "intact", "stratum": "AT29_intact", "lon": 25.058280271693025, "lat": -32.424106275359456}, "geometry": {"type": "Point", "coordinates": [25.058280271693025, -32.424106275359456]}}, {"type": "Feature", "properties": {"id": 216, "source": "existing", "mapcode": "AT32", "vegtype": "Fish Valley Thicket", "efg": "ValleyThicket", "efg_id": 2, "cls2022": 0, "cls2022_name": "intact", "cls2025": 0, "cls2025_name": "intact", "stratum": "AT32_intact", "lon": 26.76391150165076, "lat": -33.02534869502065}, "geometry": {"type": "Point", "coordinates": [26.76391150165076, -33.02534869502065]}}, {"type": "Feature", "properties": {"id": 217, "source": "existing", "mapcode": "AT32", "vegtype": "Fish Valley Thicket", "efg": "ValleyThicket", "efg_id": 2, "cls2022": 0, "cls2022_name": "intact", "cls2025": 0, "cls2025_name": "intact", "stratum": "AT32_intact", "lon": 26.647759335414104, "lat": -32.98465501265004}, "geometry": {"type": "Point", "coordinates": [26.647759335414104, -32.98465501265004]}}, {"type": "Feature", "properties": {"id": 218, "source": "existing", "mapcode": "AT18", "vegtype": "Albany Valley Thicket", "efg": "ValleyThicket", "efg_id": 2, "cls2022": 0, "cls2022_name": "intact", "cls2025": 0, "cls2025_name": "intact", "stratum": "AT18_intact", "lon": 25.965399045596918, "lat": -33.358174507786934}, "geometry": {"type": "Point", "coordinates": [25.965399045596918, -33.358174507786934]}}, {"type": "Feature", "properties": {"id": 219, "source": "existing", "mapcode": "AT32", "vegtype": "Fish Valley Thicket", "efg": "ValleyThicket", "efg_id": 2, "cls2022": 0, "cls2022_name": "intact", "cls2025": 0, "cls2025_name": "intact", "stratum": "AT32_intact", "lon": 25.752767817845825, "lat": -32.66611241290125}, "geometry": {"type": "Point", "coordinates": [25.752767817845825, -32.66611241290125]}}, {"type": "Feature", "properties": {"id": 220, "source": "existing", "mapcode": "AT28", "vegtype": "Escarpment Mesic Thicket", "efg": "MesicThicket", "efg_id": 3, "cls2022": 0, "cls2022_name": "intact", "cls2025": 1, "cls2025_name": "moderate", "stratum": "AT28_intact", "lon": 26.806761140703262, "lat": -32.574214759335824}, "geometry": {"type": "Point", "coordinates": [26.806761140703262, -32.574214759335824]}}, {"type": "Feature", "properties": {"id": 221, "source": "existing", "mapcode": "AT49", "vegtype": "Sundays Arid Thicket", "efg": "AridThicket", "efg_id": 1, "cls2022": 0, "cls2022_name": "intact", "cls2025": 1, "cls2025_name": "moderate", "stratum": "AT49_intact", "lon": 25.356071788378646, "lat": -33.02885212462871}, "geometry": {"type": "Point", "coordinates": [25.356071788378646, -33.02885212462871]}}, {"type": "Feature", "properties": {"id": 222, "source": "existing", "mapcode": null, "vegtype": null, "efg": null, "efg_id": null, "cls2022": 0, "cls2022_name": "intact", "cls2025": 0, "cls2025_name": "intact", "stratum": null, "lon": 26.04004904570725, "lat": -33.372727215389666}, "geometry": {"type": "Point", "coordinates": [26.04004904570725, -33.372727215389666]}}, {"type": "Feature", "properties": {"id": 223, "source": "existing", "mapcode": "AT51", "vegtype": "Sundays Valley Thicket", "efg": "ValleyThicket", "efg_id": 2, "cls2022": 0, "cls2022_name": "intact", "cls2025": 0, "cls2025_name": "intact", "stratum": "AT51_intact", "lon": 25.656558250916625, "lat": -33.54762920120774}, "geometry": {"type": "Point", "coordinates": [25.656558250916625, -33.54762920120774]}}, {"type": "Feature", "properties": {"id": 224, "source": "existing", "mapcode": "AT32", "vegtype": "Fish Valley Thicket", "efg": "ValleyThicket", "efg_id": 2, "cls2022": 0, "cls2022_name": "intact", "cls2025": 0, "cls2025_name": "intact", "stratum": "AT32_intact", "lon": 27.028824678937607, "lat": -33.25603605998254}, "geometry": {"type": "Point", "coordinates": [27.028824678937607, -33.25603605998254]}}, {"type": "Feature", "properties": {"id": 225, "source": "existing", "mapcode": "AT27", "vegtype": "Escarpment Arid Thicket", "efg": "AridThicket", "efg_id": 1, "cls2022": 0, "cls2022_name": "intact", "cls2025": 1, "cls2025_name": "moderate", "stratum": "AT27_intact", "lon": 25.77783081427276, "lat": -32.34837829690818}, "geometry": {"type": "Point", "coordinates": [25.77783081427276, -32.34837829690818]}}, {"type": "Feature", "properties": {"id": 226, "source": "existing", "mapcode": "AT19", "vegtype": "Baviaans Valley Thicket", "efg": "ValleyThicket", "efg_id": 2, "cls2022": 0, "cls2022_name": "intact", "cls2025": 0, "cls2025_name": "intact", "stratum": "AT19_intact", "lon": 24.63059236492372, "lat": -33.35655754027552}, "geometry": {"type": "Point", "coordinates": [24.63059236492372, -33.35655754027552]}}, {"type": "Feature", "properties": {"id": 227, "source": "existing", "mapcode": "AT18", "vegtype": "Albany Valley Thicket", "efg": "ValleyThicket", "efg_id": 2, "cls2022": 0, "cls2022_name": "intact", "cls2025": 0, "cls2025_name": "intact", "stratum": "AT18_intact", "lon": 26.234354641662303, "lat": -33.14662125837678}, "geometry": {"type": "Point", "coordinates": [26.234354641662303, -33.14662125837678]}}, {"type": "Feature", "properties": {"id": 228, "source": "existing", "mapcode": "AT28", "vegtype": "Escarpment Mesic Thicket", "efg": "MesicThicket", "efg_id": 3, "cls2022": 0, "cls2022_name": "intact", "cls2025": 0, "cls2025_name": "intact", "stratum": "AT28_intact", "lon": 25.255280813500434, "lat": -32.5394499578404}, "geometry": {"type": "Point", "coordinates": [25.255280813500434, -32.5394499578404]}}, {"type": "Feature", "properties": {"id": 229, "source": "existing", "mapcode": "AT32", "vegtype": "Fish Valley Thicket", "efg": "ValleyThicket", "efg_id": 2, "cls2022": 0, "cls2022_name": "intact", "cls2025": 0, "cls2025_name": "intact", "stratum": "AT32_intact", "lon": 26.39308695236622, "lat": -32.68982793640201}, "geometry": {"type": "Point", "coordinates": [26.39308695236622, -32.68982793640201]}}, {"type": "Feature", "properties": {"id": 230, "source": "existing", "mapcode": "AT27", "vegtype": "Escarpment Arid Thicket", "efg": "AridThicket", "efg_id": 1, "cls2022": 0, "cls2022_name": "intact", "cls2025": 0, "cls2025_name": "intact", "stratum": "AT27_intact", "lon": 25.658444713013278, "lat": -32.2688773942636}, "geometry": {"type": "Point", "coordinates": [25.658444713013278, -32.2688773942636]}}, {"type": "Feature", "properties": {"id": 231, "source": "existing", "mapcode": "AT50", "vegtype": "Sundays Mesic Thicket", "efg": "MesicThicket", "efg_id": 3, "cls2022": 0, "cls2022_name": "intact", "cls2025": 0, "cls2025_name": "intact", "stratum": "AT50_intact", "lon": 25.061514206715856, "lat": -33.90255356996336}, "geometry": {"type": "Point", "coordinates": [25.061514206715856, -33.90255356996336]}}, {"type": "Feature", "properties": {"id": 232, "source": "existing", "mapcode": "AT32", "vegtype": "Fish Valley Thicket", "efg": "ValleyThicket", "efg_id": 2, "cls2022": 1, "cls2022_name": "moderate", "cls2025": 1, "cls2025_name": "moderate", "stratum": "AT32_moderate", "lon": 25.32507991107652, "lat": -32.80921403766149}, "geometry": {"type": "Point", "coordinates": [25.32507991107652, -32.80921403766149]}}, {"type": "Feature", "properties": {"id": 233, "source": "existing", "mapcode": "AT33", "vegtype": "Gamka Arid Thicket", "efg": "AridThicket", "efg_id": 1, "cls2022": 1, "cls2022_name": "moderate", "cls2025": 1, "cls2025_name": "moderate", "stratum": "AT33_moderate", "lon": 21.76748189137798, "lat": -33.482142016995425}, "geometry": {"type": "Point", "coordinates": [21.76748189137798, -33.482142016995425]}}, {"type": "Feature", "properties": {"id": 234, "source": "existing", "mapcode": "AT32", "vegtype": "Fish Valley Thicket", "efg": "ValleyThicket", "efg_id": 2, "cls2022": 1, "cls2022_name": "moderate", "cls2025": 1, "cls2025_name": "moderate", "stratum": "AT32_moderate", "lon": 25.93871908165857, "lat": -32.43731151003601}, "geometry": {"type": "Point", "coordinates": [25.93871908165857, -32.43731151003601]}}, {"type": "Feature", "properties": {"id": 235, "source": "existing", "mapcode": "AT32", "vegtype": "Fish Valley Thicket", "efg": "ValleyThicket", "efg_id": 2, "cls2022": 1, "cls2022_name": "moderate", "cls2025": 1, "cls2025_name": "moderate", "stratum": "AT32_moderate", "lon": 25.93467666288003, "lat": -32.47477125738379}, "geometry": {"type": "Point", "coordinates": [25.93467666288003, -32.47477125738379]}}, {"type": "Feature", "properties": {"id": 236, "source": "existing", "mapcode": "AT18", "vegtype": "Albany Valley Thicket", "efg": "ValleyThicket", "efg_id": 2, "cls2022": 1, "cls2022_name": "moderate", "cls2025": 2, "cls2025_name": "severe", "stratum": "AT18_moderate", "lon": 26.72995518391104, "lat": -33.38889689050382}, "geometry": {"type": "Point", "coordinates": [26.72995518391104, -33.38889689050382]}}, {"type": "Feature", "properties": {"id": 237, "source": "existing", "mapcode": "AT27", "vegtype": "Escarpment Arid Thicket", "efg": "AridThicket", "efg_id": 1, "cls2022": 1, "cls2022_name": "moderate", "cls2025": 1, "cls2025_name": "moderate", "stratum": "AT27_moderate", "lon": 24.54354561389254, "lat": -32.10286872975831}, "geometry": {"type": "Point", "coordinates": [24.54354561389254, -32.10286872975831]}}, {"type": "Feature", "properties": {"id": 238, "source": "existing", "mapcode": "AT32", "vegtype": "Fish Valley Thicket", "efg": "ValleyThicket", "efg_id": 2, "cls2022": 1, "cls2022_name": "moderate", "cls2025": 1, "cls2025_name": "moderate", "stratum": "AT32_moderate", "lon": 26.674708793937693, "lat": -32.70572811693092}, "geometry": {"type": "Point", "coordinates": [26.674708793937693, -32.70572811693092]}}, {"type": "Feature", "properties": {"id": 239, "source": "existing", "mapcode": "AT49", "vegtype": "Sundays Arid Thicket", "efg": "AridThicket", "efg_id": 1, "cls2022": 1, "cls2022_name": "moderate", "cls2025": 1, "cls2025_name": "moderate", "stratum": "AT49_moderate", "lon": 24.14226817647635, "lat": -33.25334111413019}, "geometry": {"type": "Point", "coordinates": [24.14226817647635, -33.25334111413019]}}, {"type": "Feature", "properties": {"id": 240, "source": "existing", "mapcode": "AT28", "vegtype": "Escarpment Mesic Thicket", "efg": "MesicThicket", "efg_id": 3, "cls2022": 1, "cls2022_name": "moderate", "cls2025": 1, "cls2025_name": "moderate", "stratum": "AT28_moderate", "lon": 25.818524496643377, "lat": -32.69360086059531}, "geometry": {"type": "Point", "coordinates": [25.818524496643377, -32.69360086059531]}}, {"type": "Feature", "properties": {"id": 241, "source": "existing", "mapcode": "AT49", "vegtype": "Sundays Arid Thicket", "efg": "AridThicket", "efg_id": 1, "cls2022": 1, "cls2022_name": "moderate", "cls2025": 1, "cls2025_name": "moderate", "stratum": "AT49_moderate", "lon": 25.17631890002633, "lat": -33.54816819037821}, "geometry": {"type": "Point", "coordinates": [25.17631890002633, -33.54816819037821]}}, {"type": "Feature", "properties": {"id": 242, "source": "existing", "mapcode": "AT32", "vegtype": "Fish Valley Thicket", "efg": "ValleyThicket", "efg_id": 2, "cls2022": 1, "cls2022_name": "moderate", "cls2025": 1, "cls2025_name": "moderate", "stratum": "AT32_moderate", "lon": 25.848977384775026, "lat": -32.93587649272234}, "geometry": {"type": "Point", "coordinates": [25.848977384775026, -32.93587649272234]}}, {"type": "Feature", "properties": {"id": 243, "source": "existing", "mapcode": "AT49", "vegtype": "Sundays Arid Thicket", "efg": "AridThicket", "efg_id": 1, "cls2022": 1, "cls2022_name": "moderate", "cls2025": 1, "cls2025_name": "moderate", "stratum": "AT49_moderate", "lon": 25.31672557893421, "lat": -33.018880824974985}, "geometry": {"type": "Point", "coordinates": [25.31672557893421, -33.018880824974985]}}, {"type": "Feature", "properties": {"id": 244, "source": "existing", "mapcode": "AT32", "vegtype": "Fish Valley Thicket", "efg": "ValleyThicket", "efg_id": 2, "cls2022": 1, "cls2022_name": "moderate", "cls2025": 1, "cls2025_name": "moderate", "stratum": "AT32_moderate", "lon": 26.11954994835183, "lat": -32.412787502779544}, "geometry": {"type": "Point", "coordinates": [26.11954994835183, -32.412787502779544]}}, {"type": "Feature", "properties": {"id": 245, "source": "existing", "mapcode": "AT28", "vegtype": "Escarpment Mesic Thicket", "efg": "MesicThicket", "efg_id": 3, "cls2022": 1, "cls2022_name": "moderate", "cls2025": 2, "cls2025_name": "severe", "stratum": "AT28_moderate", "lon": 26.7860100576401, "lat": -32.52004634770342}, "geometry": {"type": "Point", "coordinates": [26.7860100576401, -32.52004634770342]}}, {"type": "Feature", "properties": {"id": 246, "source": "existing", "mapcode": "AT30", "vegtype": "Fish Arid Thicket", "efg": "AridThicket", "efg_id": 1, "cls2022": 1, "cls2022_name": "moderate", "cls2025": 1, "cls2025_name": "moderate", "stratum": "AT30_moderate", "lon": 26.640752476197974, "lat": -33.07412721494834}, "geometry": {"type": "Point", "coordinates": [26.640752476197974, -33.07412721494834]}}, {"type": "Feature", "properties": {"id": 247, "source": "existing", "mapcode": "AT32", "vegtype": "Fish Valley Thicket", "efg": "ValleyThicket", "efg_id": 2, "cls2022": 1, "cls2022_name": "moderate", "cls2025": 1, "cls2025_name": "moderate", "stratum": "AT32_moderate", "lon": 25.6075102364037, "lat": -32.40092974102917}, "geometry": {"type": "Point", "coordinates": [25.6075102364037, -32.40092974102917]}}, {"type": "Feature", "properties": {"id": 248, "source": "existing", "mapcode": "AT30", "vegtype": "Fish Arid Thicket", "efg": "AridThicket", "efg_id": 1, "cls2022": 1, "cls2022_name": "moderate", "cls2025": 1, "cls2025_name": "moderate", "stratum": "AT30_moderate", "lon": 26.38230716895679, "lat": -33.112125951466595}, "geometry": {"type": "Point", "coordinates": [26.38230716895679, -33.112125951466595]}}, {"type": "Feature", "properties": {"id": 249, "source": "existing", "mapcode": "AT27", "vegtype": "Escarpment Arid Thicket", "efg": "AridThicket", "efg_id": 1, "cls2022": 1, "cls2022_name": "moderate", "cls2025": 2, "cls2025_name": "severe", "stratum": "AT27_moderate", "lon": 24.580735866655086, "lat": -32.264834975485066}, "geometry": {"type": "Point", "coordinates": [24.580735866655086, -32.264834975485066]}}, {"type": "Feature", "properties": {"id": 250, "source": "existing", "mapcode": "AT32", "vegtype": "Fish Valley Thicket", "efg": "ValleyThicket", "efg_id": 2, "cls2022": 1, "cls2022_name": "moderate", "cls2025": 1, "cls2025_name": "moderate", "stratum": "AT32_moderate", "lon": 25.866764027400595, "lat": -32.41440447029096}, "geometry": {"type": "Point", "coordinates": [25.866764027400595, -32.41440447029096]}}, {"type": "Feature", "properties": {"id": 251, "source": "existing", "mapcode": "AT32", "vegtype": "Fish Valley Thicket", "efg": "ValleyThicket", "efg_id": 2, "cls2022": 1, "cls2022_name": "moderate", "cls2025": 1, "cls2025_name": "moderate", "stratum": "AT32_moderate", "lon": 26.507891645676697, "lat": -33.01187396575886}, "geometry": {"type": "Point", "coordinates": [26.507891645676697, -33.01187396575886]}}, {"type": "Feature", "properties": {"id": 252, "source": "existing", "mapcode": "AT28", "vegtype": "Escarpment Mesic Thicket", "efg": "MesicThicket", "efg_id": 3, "cls2022": 1, "cls2022_name": "moderate", "cls2025": -1, "cls2025_name": null, "stratum": "AT28_moderate", "lon": 26.24405644673079, "lat": -32.398773784347284}, "geometry": {"type": "Point", "coordinates": [26.24405644673079, -32.398773784347284]}}, {"type": "Feature", "properties": {"id": 253, "source": "existing", "mapcode": "AT28", "vegtype": "Escarpment Mesic Thicket", "efg": "MesicThicket", "efg_id": 3, "cls2022": 1, "cls2022_name": "moderate", "cls2025": 2, "cls2025_name": "severe", "stratum": "AT28_moderate", "lon": 26.223574858252867, "lat": -32.47504075196903}, "geometry": {"type": "Point", "coordinates": [26.223574858252867, -32.47504075196903]}}, {"type": "Feature", "properties": {"id": 254, "source": "existing", "mapcode": "AT32", "vegtype": "Fish Valley Thicket", "efg": "ValleyThicket", "efg_id": 2, "cls2022": 1, "cls2022_name": "moderate", "cls2025": 2, "cls2025_name": "severe", "stratum": "AT32_moderate", "lon": 26.112543089135695, "lat": -32.351342737345774}, "geometry": {"type": "Point", "coordinates": [26.112543089135695, -32.351342737345774]}}, {"type": "Feature", "properties": {"id": 255, "source": "existing", "mapcode": "AT17", "vegtype": "Albany Mesic Thicket", "efg": "MesicThicket", "efg_id": 3, "cls2022": 1, "cls2022_name": "moderate", "cls2025": 1, "cls2025_name": "moderate", "stratum": "AT17_moderate", "lon": 26.58254164578703, "lat": -33.62335717965902}, "geometry": {"type": "Point", "coordinates": [26.58254164578703, -33.62335717965902]}}, {"type": "Feature", "properties": {"id": 256, "source": "existing", "mapcode": "AT32", "vegtype": "Fish Valley Thicket", "efg": "ValleyThicket", "efg_id": 2, "cls2022": 1, "cls2022_name": "moderate", "cls2025": 1, "cls2025_name": "moderate", "stratum": "AT32_moderate", "lon": 25.738754099413562, "lat": -32.655063134906584}, "geometry": {"type": "Point", "coordinates": [25.738754099413562, -32.655063134906584]}}, {"type": "Feature", "properties": {"id": 257, "source": "existing", "mapcode": "AT32", "vegtype": "Fish Valley Thicket", "efg": "ValleyThicket", "efg_id": 2, "cls2022": 1, "cls2022_name": "moderate", "cls2025": 1, "cls2025_name": "moderate", "stratum": "AT32_moderate", "lon": 25.890210056316114, "lat": -32.44728280968974}, "geometry": {"type": "Point", "coordinates": [25.890210056316114, -32.44728280968974]}}, {"type": "Feature", "properties": {"id": 258, "source": "existing", "mapcode": "AT37", "vegtype": "Gouritz Valley Thicket", "efg": "ValleyThicket", "efg_id": 2, "cls2022": 1, "cls2022_name": "moderate", "cls2025": 1, "cls2025_name": "moderate", "stratum": "AT37_moderate", "lon": 21.712504995989867, "lat": -34.1591124151079}, "geometry": {"type": "Point", "coordinates": [21.712504995989867, -34.1591124151079]}}, {"type": "Feature", "properties": {"id": 259, "source": "existing", "mapcode": "AT32", "vegtype": "Fish Valley Thicket", "efg": "ValleyThicket", "efg_id": 2, "cls2022": 1, "cls2022_name": "moderate", "cls2025": 1, "cls2025_name": "moderate", "stratum": "AT32_moderate", "lon": 26.376378288081597, "lat": -32.63107811682059}, "geometry": {"type": "Point", "coordinates": [26.376378288081597, -32.63107811682059]}}, {"type": "Feature", "properties": {"id": 260, "source": "existing", "mapcode": "AT17", "vegtype": "Albany Mesic Thicket", "efg": "MesicThicket", "efg_id": 3, "cls2022": 1, "cls2022_name": "moderate", "cls2025": 2, "cls2025_name": "severe", "stratum": "AT17_moderate", "lon": 25.909074677282625, "lat": -33.322870717121035}, "geometry": {"type": "Point", "coordinates": [25.909074677282625, -33.322870717121035]}}, {"type": "Feature", "properties": {"id": 261, "source": "existing", "mapcode": "AT28", "vegtype": "Escarpment Mesic Thicket", "efg": "MesicThicket", "efg_id": 3, "cls2022": 1, "cls2022_name": "moderate", "cls2025": 1, "cls2025_name": "moderate", "stratum": "AT28_moderate", "lon": 25.742527023606865, "lat": -32.702763676493326}, "geometry": {"type": "Point", "coordinates": [25.742527023606865, -32.702763676493326]}}, {"type": "Feature", "properties": {"id": 262, "source": "existing", "mapcode": "AT50", "vegtype": "Sundays Mesic Thicket", "efg": "MesicThicket", "efg_id": 3, "cls2022": 1, "cls2022_name": "moderate", "cls2025": 0, "cls2025_name": "intact", "stratum": "AT50_moderate", "lon": 25.404041824550628, "lat": -33.701241114792175}, "geometry": {"type": "Point", "coordinates": [25.404041824550628, -33.701241114792175]}}, {"type": "Feature", "properties": {"id": 263, "source": "existing", "mapcode": "AT29", "vegtype": "Escarpment Valley Thicket", "efg": "ValleyThicket", "efg_id": 2, "cls2022": 1, "cls2022_name": "moderate", "cls2025": 1, "cls2025_name": "moderate", "stratum": "AT29_moderate", "lon": 24.71710012678443, "lat": -32.39527035473922}, "geometry": {"type": "Point", "coordinates": [24.71710012678443, -32.39527035473922]}}, {"type": "Feature", "properties": {"id": 264, "source": "existing", "mapcode": "AT27", "vegtype": "Escarpment Arid Thicket", "efg": "AridThicket", "efg_id": 1, "cls2022": 1, "cls2022_name": "moderate", "cls2025": 2, "cls2025_name": "severe", "stratum": "AT27_moderate", "lon": 25.92551384698201, "lat": -32.241658441154776}, "geometry": {"type": "Point", "coordinates": [25.92551384698201, -32.241658441154776]}}, {"type": "Feature", "properties": {"id": 265, "source": "existing", "mapcode": "AT32", "vegtype": "Fish Valley Thicket", "efg": "ValleyThicket", "efg_id": 2, "cls2022": 1, "cls2022_name": "moderate", "cls2025": 2, "cls2025_name": "severe", "stratum": "AT32_moderate", "lon": 26.685758071932362, "lat": -32.574484253921064}, "geometry": {"type": "Point", "coordinates": [26.685758071932362, -32.574484253921064]}}, {"type": "Feature", "properties": {"id": 266, "source": "existing", "mapcode": "AT27", "vegtype": "Escarpment Arid Thicket", "efg": "AridThicket", "efg_id": 1, "cls2022": 1, "cls2022_name": "moderate", "cls2025": 2, "cls2025_name": "severe", "stratum": "AT27_moderate", "lon": 24.672633520220515, "lat": -32.26726042675219}, "geometry": {"type": "Point", "coordinates": [24.672633520220515, -32.26726042675219]}}, {"type": "Feature", "properties": {"id": 267, "source": "existing", "mapcode": "AT32", "vegtype": "Fish Valley Thicket", "efg": "ValleyThicket", "efg_id": 2, "cls2022": 1, "cls2022_name": "moderate", "cls2025": 2, "cls2025_name": "severe", "stratum": "AT32_moderate", "lon": 25.300286409234822, "lat": -32.85745356841871}, "geometry": {"type": "Point", "coordinates": [25.300286409234822, -32.85745356841871]}}, {"type": "Feature", "properties": {"id": 268, "source": "existing", "mapcode": "AT32", "vegtype": "Fish Valley Thicket", "efg": "ValleyThicket", "efg_id": 2, "cls2022": 1, "cls2022_name": "moderate", "cls2025": 1, "cls2025_name": "moderate", "stratum": "AT32_moderate", "lon": 26.85877359565378, "lat": -33.01591638453739}, "geometry": {"type": "Point", "coordinates": [26.85877359565378, -33.01591638453739]}}, {"type": "Feature", "properties": {"id": 269, "source": "existing", "mapcode": "AT51", "vegtype": "Sundays Valley Thicket", "efg": "ValleyThicket", "efg_id": 2, "cls2022": 1, "cls2022_name": "moderate", "cls2025": 0, "cls2025_name": "intact", "stratum": "AT51_moderate", "lon": 25.415899586301006, "lat": -33.608265482885805}, "geometry": {"type": "Point", "coordinates": [25.415899586301006, -33.608265482885805]}}, {"type": "Feature", "properties": {"id": 270, "source": "existing", "mapcode": "AT32", "vegtype": "Fish Valley Thicket", "efg": "ValleyThicket", "efg_id": 2, "cls2022": 1, "cls2022_name": "moderate", "cls2025": -1, "cls2025_name": null, "stratum": "AT32_moderate", "lon": 26.097451392362487, "lat": -32.58122161855196}, "geometry": {"type": "Point", "coordinates": [26.097451392362487, -32.58122161855196]}}, {"type": "Feature", "properties": {"id": 271, "source": "existing", "mapcode": "AT33", "vegtype": "Gamka Arid Thicket", "efg": "AridThicket", "efg_id": 1, "cls2022": 1, "cls2022_name": "moderate", "cls2025": 2, "cls2025_name": "severe", "stratum": "AT33_moderate", "lon": 23.11387683921632, "lat": -33.28864490479608}, "geometry": {"type": "Point", "coordinates": [23.11387683921632, -33.28864490479608]}}, {"type": "Feature", "properties": {"id": 272, "source": "existing", "mapcode": "AT28", "vegtype": "Escarpment Mesic Thicket", "efg": "MesicThicket", "efg_id": 3, "cls2022": 1, "cls2022_name": "moderate", "cls2025": 2, "cls2025_name": "severe", "stratum": "AT28_moderate", "lon": 26.87521276535317, "lat": -32.69521782810673}, "geometry": {"type": "Point", "coordinates": [26.87521276535317, -32.69521782810673]}}, {"type": "Feature", "properties": {"id": 273, "source": "existing", "mapcode": "AT49", "vegtype": "Sundays Arid Thicket", "efg": "AridThicket", "efg_id": 1, "cls2022": 1, "cls2022_name": "moderate", "cls2025": 1, "cls2025_name": "moderate", "stratum": "AT49_moderate", "lon": 24.924880452001275, "lat": -33.24525627657311}, "geometry": {"type": "Point", "coordinates": [24.924880452001275, -33.24525627657311]}}, {"type": "Feature", "properties": {"id": 274, "source": "existing", "mapcode": "AT17", "vegtype": "Albany Mesic Thicket", "efg": "MesicThicket", "efg_id": 3, "cls2022": 1, "cls2022_name": "moderate", "cls2025": 1, "cls2025_name": "moderate", "stratum": "AT17_moderate", "lon": 26.629972692788538, "lat": -33.61931476088048}, "geometry": {"type": "Point", "coordinates": [26.629972692788538, -33.61931476088048]}}, {"type": "Feature", "properties": {"id": 275, "source": "existing", "mapcode": "AT32", "vegtype": "Fish Valley Thicket", "efg": "ValleyThicket", "efg_id": 2, "cls2022": 1, "cls2022_name": "moderate", "cls2025": 1, "cls2025_name": "moderate", "stratum": "AT32_moderate", "lon": 25.773518900908986, "lat": -32.93695447106329}, "geometry": {"type": "Point", "coordinates": [25.773518900908986, -32.93695447106329]}}, {"type": "Feature", "properties": {"id": 276, "source": "existing", "mapcode": "AT32", "vegtype": "Fish Valley Thicket", "efg": "ValleyThicket", "efg_id": 2, "cls2022": 1, "cls2022_name": "moderate", "cls2025": 1, "cls2025_name": "moderate", "stratum": "AT32_moderate", "lon": 25.340710597020202, "lat": -32.81702938063333}, "geometry": {"type": "Point", "coordinates": [25.340710597020202, -32.81702938063333]}}, {"type": "Feature", "properties": {"id": 277, "source": "existing", "mapcode": "AT19", "vegtype": "Baviaans Valley Thicket", "efg": "ValleyThicket", "efg_id": 2, "cls2022": 1, "cls2022_name": "moderate", "cls2025": 0, "cls2025_name": "intact", "stratum": "AT19_moderate", "lon": 23.966288212317334, "lat": -33.54116133116208}, "geometry": {"type": "Point", "coordinates": [23.966288212317334, -33.54116133116208]}}, {"type": "Feature", "properties": {"id": 278, "source": "existing", "mapcode": null, "vegtype": null, "efg": null, "efg_id": null, "cls2022": 1, "cls2022_name": "moderate", "cls2025": 2, "cls2025_name": "severe", "stratum": null, "lon": 26.5334936312741, "lat": -33.68803588011562}, "geometry": {"type": "Point", "coordinates": [26.5334936312741, -33.68803588011562]}}, {"type": "Feature", "properties": {"id": 279, "source": "existing", "mapcode": "AT51", "vegtype": "Sundays Valley Thicket", "efg": "ValleyThicket", "efg_id": 2, "cls2022": 1, "cls2022_name": "moderate", "cls2025": 0, "cls2025_name": "intact", "stratum": "AT51_moderate", "lon": 25.412665651278175, "lat": -33.55274959832722}, "geometry": {"type": "Point", "coordinates": [25.412665651278175, -33.55274959832722]}}, {"type": "Feature", "properties": {"id": 280, "source": "existing", "mapcode": null, "vegtype": null, "efg": null, "efg_id": null, "cls2022": 1, "cls2022_name": "moderate", "cls2025": 1, "cls2025_name": "moderate", "stratum": null, "lon": 24.79444507274712, "lat": -33.32448768463245}, "geometry": {"type": "Point", "coordinates": [24.79444507274712, -33.32448768463245]}}, {"type": "Feature", "properties": {"id": 281, "source": "existing", "mapcode": "AT50", "vegtype": "Sundays Mesic Thicket", "efg": "MesicThicket", "efg_id": 3, "cls2022": 1, "cls2022_name": "moderate", "cls2025": 1, "cls2025_name": "moderate", "stratum": "AT50_moderate", "lon": 25.280074315342134, "lat": -33.33230302760429}, "geometry": {"type": "Point", "coordinates": [25.280074315342134, -33.33230302760429]}}, {"type": "Feature", "properties": {"id": 282, "source": "existing", "mapcode": "AT32", "vegtype": "Fish Valley Thicket", "efg": "ValleyThicket", "efg_id": 2, "cls2022": 1, "cls2022_name": "moderate", "cls2025": 1, "cls2025_name": "moderate", "stratum": "AT32_moderate", "lon": 26.796789841049534, "lat": -32.92833064433574}, "geometry": {"type": "Point", "coordinates": [26.796789841049534, -32.92833064433574]}}, {"type": "Feature", "properties": {"id": 283, "source": "existing", "mapcode": "AT19", "vegtype": "Baviaans Valley Thicket", "efg": "ValleyThicket", "efg_id": 2, "cls2022": 1, "cls2022_name": "moderate", "cls2025": 1, "cls2025_name": "moderate", "stratum": "AT19_moderate", "lon": 25.216204098641235, "lat": -33.34308281101372}, "geometry": {"type": "Point", "coordinates": [25.216204098641235, -33.34308281101372]}}, {"type": "Feature", "properties": {"id": 284, "source": "existing", "mapcode": "AT49", "vegtype": "Sundays Arid Thicket", "efg": "AridThicket", "efg_id": 1, "cls2022": 1, "cls2022_name": "moderate", "cls2025": 1, "cls2025_name": "moderate", "stratum": "AT49_moderate", "lon": 24.86666962159033, "lat": -32.94584779237607}, "geometry": {"type": "Point", "coordinates": [24.86666962159033, -32.94584779237607]}}, {"type": "Feature", "properties": {"id": 285, "source": "existing", "mapcode": "AT32", "vegtype": "Fish Valley Thicket", "efg": "ValleyThicket", "efg_id": 2, "cls2022": 1, "cls2022_name": "moderate", "cls2025": 1, "cls2025_name": "moderate", "stratum": "AT32_moderate", "lon": 25.184403737583406, "lat": -32.92698317140956}, "geometry": {"type": "Point", "coordinates": [25.184403737583406, -32.92698317140956]}}, {"type": "Feature", "properties": {"id": 286, "source": "existing", "mapcode": "AT32", "vegtype": "Fish Valley Thicket", "efg": "ValleyThicket", "efg_id": 2, "cls2022": 1, "cls2022_name": "moderate", "cls2025": 1, "cls2025_name": "moderate", "stratum": "AT32_moderate", "lon": 26.781698144276326, "lat": -32.5965828099104}, "geometry": {"type": "Point", "coordinates": [26.781698144276326, -32.5965828099104]}}, {"type": "Feature", "properties": {"id": 287, "source": "existing", "mapcode": "AT28", "vegtype": "Escarpment Mesic Thicket", "efg": "MesicThicket", "efg_id": 3, "cls2022": 1, "cls2022_name": "moderate", "cls2025": 1, "cls2025_name": "moderate", "stratum": "AT28_moderate", "lon": 25.432338756000394, "lat": -32.851255192958284}, "geometry": {"type": "Point", "coordinates": [25.432338756000394, -32.851255192958284]}}, {"type": "Feature", "properties": {"id": 288, "source": "existing", "mapcode": "AT19", "vegtype": "Baviaans Valley Thicket", "efg": "ValleyThicket", "efg_id": 2, "cls2022": 1, "cls2022_name": "moderate", "cls2025": 1, "cls2025_name": "moderate", "stratum": "AT19_moderate", "lon": 23.820491641704734, "lat": -33.083290030846356}, "geometry": {"type": "Point", "coordinates": [23.820491641704734, -33.083290030846356]}}, {"type": "Feature", "properties": {"id": 289, "source": "existing", "mapcode": "AT19", "vegtype": "Baviaans Valley Thicket", "efg": "ValleyThicket", "efg_id": 2, "cls2022": 1, "cls2022_name": "moderate", "cls2025": 1, "cls2025_name": "moderate", "stratum": "AT19_moderate", "lon": 23.359925395536656, "lat": -33.20671855088438}, "geometry": {"type": "Point", "coordinates": [23.359925395536656, -33.20671855088438]}}, {"type": "Feature", "properties": {"id": 290, "source": "existing", "mapcode": "AT32", "vegtype": "Fish Valley Thicket", "efg": "ValleyThicket", "efg_id": 2, "cls2022": 1, "cls2022_name": "moderate", "cls2025": 1, "cls2025_name": "moderate", "stratum": "AT32_moderate", "lon": 26.715941465478778, "lat": -32.87577920021475}, "geometry": {"type": "Point", "coordinates": [26.715941465478778, -32.87577920021475]}}, {"type": "Feature", "properties": {"id": 291, "source": "existing", "mapcode": "AT19", "vegtype": "Baviaans Valley Thicket", "efg": "ValleyThicket", "efg_id": 2, "cls2022": 1, "cls2022_name": "moderate", "cls2025": 0, "cls2025_name": "intact", "stratum": "AT19_moderate", "lon": 23.72536005311648, "lat": -33.46058245017656}, "geometry": {"type": "Point", "coordinates": [23.72536005311648, -33.46058245017656]}}, {"type": "Feature", "properties": {"id": 292, "source": "existing", "mapcode": "AT32", "vegtype": "Fish Valley Thicket", "efg": "ValleyThicket", "efg_id": 2, "cls2022": 1, "cls2022_name": "moderate", "cls2025": 1, "cls2025_name": "moderate", "stratum": "AT32_moderate", "lon": 25.617751030642662, "lat": -32.40443317063723}, "geometry": {"type": "Point", "coordinates": [25.617751030642662, -32.40443317063723]}}, {"type": "Feature", "properties": {"id": 293, "source": "existing", "mapcode": "AT29", "vegtype": "Escarpment Valley Thicket", "efg": "ValleyThicket", "efg_id": 2, "cls2022": 1, "cls2022_name": "moderate", "cls2025": 1, "cls2025_name": "moderate", "stratum": "AT29_moderate", "lon": 24.713327202591127, "lat": -32.41440447029096}, "geometry": {"type": "Point", "coordinates": [24.713327202591127, -32.41440447029096]}}, {"type": "Feature", "properties": {"id": 294, "source": "existing", "mapcode": "AT18", "vegtype": "Albany Valley Thicket", "efg": "ValleyThicket", "efg_id": 2, "cls2022": 1, "cls2022_name": "moderate", "cls2025": 1, "cls2025_name": "moderate", "stratum": "AT18_moderate", "lon": 25.922549406544416, "lat": -33.11562938107466}, "geometry": {"type": "Point", "coordinates": [25.922549406544416, -33.11562938107466]}}, {"type": "Feature", "properties": {"id": 295, "source": "existing", "mapcode": "AT28", "vegtype": "Escarpment Mesic Thicket", "efg": "MesicThicket", "efg_id": 3, "cls2022": 1, "cls2022_name": "moderate", "cls2025": 1, "cls2025_name": "moderate", "stratum": "AT28_moderate", "lon": 25.745221969459223, "lat": -32.727557178335026}, "geometry": {"type": "Point", "coordinates": [25.745221969459223, -32.727557178335026]}}, {"type": "Feature", "properties": {"id": 296, "source": "existing", "mapcode": "AT32", "vegtype": "Fish Valley Thicket", "efg": "ValleyThicket", "efg_id": 2, "cls2022": 1, "cls2022_name": "moderate", "cls2025": 1, "cls2025_name": "moderate", "stratum": "AT32_moderate", "lon": 25.899372872214133, "lat": -32.493635878350304}, "geometry": {"type": "Point", "coordinates": [25.899372872214133, -32.493635878350304]}}, {"type": "Feature", "properties": {"id": 297, "source": "existing", "mapcode": "AT50", "vegtype": "Sundays Mesic Thicket", "efg": "MesicThicket", "efg_id": 3, "cls2022": 1, "cls2022_name": "moderate", "cls2025": 1, "cls2025_name": "moderate", "stratum": "AT50_moderate", "lon": 25.395687492408317, "lat": -33.37434418290108}, "geometry": {"type": "Point", "coordinates": [25.395687492408317, -33.37434418290108]}}, {"type": "Feature", "properties": {"id": 298, "source": "existing", "mapcode": "AT32", "vegtype": "Fish Valley Thicket", "efg": "ValleyThicket", "efg_id": 2, "cls2022": 1, "cls2022_name": "moderate", "cls2025": 1, "cls2025_name": "moderate", "stratum": "AT32_moderate", "lon": 26.597633342560236, "lat": -32.713543459902766}, "geometry": {"type": "Point", "coordinates": [26.597633342560236, -32.713543459902766]}}, {"type": "Feature", "properties": {"id": 299, "source": "existing", "mapcode": "AT18", "vegtype": "Albany Valley Thicket", "efg": "ValleyThicket", "efg_id": 2, "cls2022": 1, "cls2022_name": "moderate", "cls2025": 1, "cls2025_name": "moderate", "stratum": "AT18_moderate", "lon": 26.036545616099183, "lat": -33.15012468798485}, "geometry": {"type": "Point", "coordinates": [26.036545616099183, -33.15012468798485]}}, {"type": "Feature", "properties": {"id": 300, "source": "existing", "mapcode": "AT49", "vegtype": "Sundays Arid Thicket", "efg": "AridThicket", "efg_id": 1, "cls2022": 1, "cls2022_name": "moderate", "cls2025": 1, "cls2025_name": "moderate", "stratum": "AT49_moderate", "lon": 25.31807305186039, "lat": -33.22181024765759}, "geometry": {"type": "Point", "coordinates": [25.31807305186039, -33.22181024765759]}}, {"type": "Feature", "properties": {"id": 301, "source": "existing", "mapcode": "AT32", "vegtype": "Fish Valley Thicket", "efg": "ValleyThicket", "efg_id": 2, "cls2022": 1, "cls2022_name": "moderate", "cls2025": 1, "cls2025_name": "moderate", "stratum": "AT32_moderate", "lon": 26.68387160983571, "lat": -32.98088208845673}, "geometry": {"type": "Point", "coordinates": [26.68387160983571, -32.98088208845673]}}, {"type": "Feature", "properties": {"id": 302, "source": "existing", "mapcode": "AT49", "vegtype": "Sundays Arid Thicket", "efg": "AridThicket", "efg_id": 1, "cls2022": 1, "cls2022_name": "moderate", "cls2025": 1, "cls2025_name": "moderate", "stratum": "AT49_moderate", "lon": 23.178286045087688, "lat": -33.370301764122544}, "geometry": {"type": "Point", "coordinates": [23.178286045087688, -33.370301764122544]}}, {"type": "Feature", "properties": {"id": 303, "source": "existing", "mapcode": "AT32", "vegtype": "Fish Valley Thicket", "efg": "ValleyThicket", "efg_id": 2, "cls2022": 1, "cls2022_name": "moderate", "cls2025": 0, "cls2025_name": "intact", "stratum": "AT32_moderate", "lon": 26.717288938404955, "lat": -33.017263857463576}, "geometry": {"type": "Point", "coordinates": [26.717288938404955, -33.017263857463576]}}, {"type": "Feature", "properties": {"id": 304, "source": "existing", "mapcode": "AT22", "vegtype": "Buffels Valley Thicket", "efg": "ValleyThicket", "efg_id": 2, "cls2022": 1, "cls2022_name": "moderate", "cls2025": -1, "cls2025_name": null, "stratum": "AT22_moderate", "lon": 27.460824499070686, "lat": -32.87631818938522}, "geometry": {"type": "Point", "coordinates": [27.460824499070686, -32.87631818938522]}}, {"type": "Feature", "properties": {"id": 305, "source": "existing", "mapcode": "AT32", "vegtype": "Fish Valley Thicket", "efg": "ValleyThicket", "efg_id": 2, "cls2022": 1, "cls2022_name": "moderate", "cls2025": 1, "cls2025_name": "moderate", "stratum": "AT32_moderate", "lon": 25.31861204103086, "lat": -32.86742486807244}, "geometry": {"type": "Point", "coordinates": [25.31861204103086, -32.86742486807244]}}, {"type": "Feature", "properties": {"id": 306, "source": "existing", "mapcode": "AT49", "vegtype": "Sundays Arid Thicket", "efg": "AridThicket", "efg_id": 1, "cls2022": 1, "cls2022_name": "moderate", "cls2025": 2, "cls2025_name": "severe", "stratum": "AT49_moderate", "lon": 24.572920523683248, "lat": -33.052028658958996}, "geometry": {"type": "Point", "coordinates": [24.572920523683248, -33.052028658958996]}}, {"type": "Feature", "properties": {"id": 307, "source": "existing", "mapcode": "AT49", "vegtype": "Sundays Arid Thicket", "efg": "AridThicket", "efg_id": 1, "cls2022": 1, "cls2022_name": "moderate", "cls2025": 2, "cls2025_name": "severe", "stratum": "AT49_moderate", "lon": 23.923977562435304, "lat": -33.23474598774891}, "geometry": {"type": "Point", "coordinates": [23.923977562435304, -33.23474598774891]}}, {"type": "Feature", "properties": {"id": 308, "source": "existing", "mapcode": "AT32", "vegtype": "Fish Valley Thicket", "efg": "ValleyThicket", "efg_id": 2, "cls2022": 1, "cls2022_name": "moderate", "cls2025": 1, "cls2025_name": "moderate", "stratum": "AT32_moderate", "lon": 26.546159876780187, "lat": -32.96228696207546}, "geometry": {"type": "Point", "coordinates": [26.546159876780187, -32.96228696207546]}}, {"type": "Feature", "properties": {"id": 309, "source": "existing", "mapcode": "AT27", "vegtype": "Escarpment Arid Thicket", "efg": "AridThicket", "efg_id": 1, "cls2022": 1, "cls2022_name": "moderate", "cls2025": 1, "cls2025_name": "moderate", "stratum": "AT27_moderate", "lon": 24.344658609988475, "lat": -32.136555552912796}, "geometry": {"type": "Point", "coordinates": [24.344658609988475, -32.136555552912796]}}, {"type": "Feature", "properties": {"id": 310, "source": "existing", "mapcode": "AT32", "vegtype": "Fish Valley Thicket", "efg": "ValleyThicket", "efg_id": 2, "cls2022": 1, "cls2022_name": "moderate", "cls2025": 1, "cls2025_name": "moderate", "stratum": "AT32_moderate", "lon": 25.307293268450955, "lat": -32.85448912798112}, "geometry": {"type": "Point", "coordinates": [25.307293268450955, -32.85448912798112]}}, {"type": "Feature", "properties": {"id": 311, "source": "existing", "mapcode": "AT32", "vegtype": "Fish Valley Thicket", "efg": "ValleyThicket", "efg_id": 2, "cls2022": 1, "cls2022_name": "moderate", "cls2025": 1, "cls2025_name": "moderate", "stratum": "AT32_moderate", "lon": 25.9562362296989, "lat": -32.59873876659229}, "geometry": {"type": "Point", "coordinates": [25.9562362296989, -32.59873876659229]}}, {"type": "Feature", "properties": {"id": 312, "source": "existing", "mapcode": "AT21", "vegtype": "Buffels Mesic Thicket", "efg": "MesicThicket", "efg_id": 3, "cls2022": 1, "cls2022_name": "moderate", "cls2025": 1, "cls2025_name": "moderate", "stratum": "AT21_moderate", "lon": 27.986338940280604, "lat": -32.77795266577413}, "geometry": {"type": "Point", "coordinates": [27.986338940280604, -32.77795266577413]}}, {"type": "Feature", "properties": {"id": 313, "source": "existing", "mapcode": "AT28", "vegtype": "Escarpment Mesic Thicket", "efg": "MesicThicket", "efg_id": 3, "cls2022": 1, "cls2022_name": "moderate", "cls2025": 1, "cls2025_name": "moderate", "stratum": "AT28_moderate", "lon": 26.344847421609003, "lat": -32.69171439849866}, "geometry": {"type": "Point", "coordinates": [26.344847421609003, -32.69171439849866]}}, {"type": "Feature", "properties": {"id": 314, "source": "existing", "mapcode": "AT29", "vegtype": "Escarpment Valley Thicket", "efg": "ValleyThicket", "efg_id": 2, "cls2022": 1, "cls2022_name": "moderate", "cls2025": 1, "cls2025_name": "moderate", "stratum": "AT29_moderate", "lon": 25.144788033553734, "lat": -32.415751943217145}, "geometry": {"type": "Point", "coordinates": [25.144788033553734, -32.415751943217145]}}, {"type": "Feature", "properties": {"id": 315, "source": "existing", "mapcode": "AT49", "vegtype": "Sundays Arid Thicket", "efg": "AridThicket", "efg_id": 1, "cls2022": 1, "cls2022_name": "moderate", "cls2025": 1, "cls2025_name": "moderate", "stratum": "AT49_moderate", "lon": 24.14334615481729, "lat": -33.201328659179666}, "geometry": {"type": "Point", "coordinates": [24.14334615481729, -33.201328659179666]}}, {"type": "Feature", "properties": {"id": 316, "source": "existing", "mapcode": "AT17", "vegtype": "Albany Mesic Thicket", "efg": "MesicThicket", "efg_id": 3, "cls2022": 1, "cls2022_name": "moderate", "cls2025": 1, "cls2025_name": "moderate", "stratum": "AT17_moderate", "lon": 25.92308839571489, "lat": -33.54089183657684}, "geometry": {"type": "Point", "coordinates": [25.92308839571489, -33.54089183657684]}}, {"type": "Feature", "properties": {"id": 317, "source": "existing", "mapcode": "AT30", "vegtype": "Fish Arid Thicket", "efg": "AridThicket", "efg_id": 1, "cls2022": 1, "cls2022_name": "moderate", "cls2025": 0, "cls2025_name": "intact", "stratum": "AT30_moderate", "lon": 26.640213487027502, "lat": -33.15255013925197}, "geometry": {"type": "Point", "coordinates": [26.640213487027502, -33.15255013925197]}}, {"type": "Feature", "properties": {"id": 318, "source": "existing", "mapcode": "AT28", "vegtype": "Escarpment Mesic Thicket", "efg": "MesicThicket", "efg_id": 3, "cls2022": 1, "cls2022_name": "moderate", "cls2025": 1, "cls2025_name": "moderate", "stratum": "AT28_moderate", "lon": 26.308196158016926, "lat": -32.593348874887575}, "geometry": {"type": "Point", "coordinates": [26.308196158016926, -32.593348874887575]}}, {"type": "Feature", "properties": {"id": 319, "source": "existing", "mapcode": "AT27", "vegtype": "Escarpment Arid Thicket", "efg": "AridThicket", "efg_id": 1, "cls2022": 1, "cls2022_name": "moderate", "cls2025": 1, "cls2025_name": "moderate", "stratum": "AT27_moderate", "lon": 24.694732076209853, "lat": -32.42383678077422}, "geometry": {"type": "Point", "coordinates": [24.694732076209853, -32.42383678077422]}}, {"type": "Feature", "properties": {"id": 320, "source": "existing", "mapcode": "AT17", "vegtype": "Albany Mesic Thicket", "efg": "MesicThicket", "efg_id": 3, "cls2022": 1, "cls2022_name": "moderate", "cls2025": 1, "cls2025_name": "moderate", "stratum": "AT17_moderate", "lon": 26.522174858694196, "lat": -33.54897667413392}, "geometry": {"type": "Point", "coordinates": [26.522174858694196, -33.54897667413392]}}, {"type": "Feature", "properties": {"id": 321, "source": "existing", "mapcode": "AT32", "vegtype": "Fish Valley Thicket", "efg": "ValleyThicket", "efg_id": 2, "cls2022": 1, "cls2022_name": "moderate", "cls2025": 1, "cls2025_name": "moderate", "stratum": "AT32_moderate", "lon": 25.40134687869827, "lat": -32.63997143813337}, "geometry": {"type": "Point", "coordinates": [25.40134687869827, -32.63997143813337]}}, {"type": "Feature", "properties": {"id": 322, "source": "existing", "mapcode": "AT21", "vegtype": "Buffels Mesic Thicket", "efg": "MesicThicket", "efg_id": 3, "cls2022": 1, "cls2022_name": "moderate", "cls2025": 1, "cls2025_name": "moderate", "stratum": "AT21_moderate", "lon": 27.91061096182933, "lat": -32.67985663674828}, "geometry": {"type": "Point", "coordinates": [27.91061096182933, -32.67985663674828]}}, {"type": "Feature", "properties": {"id": 323, "source": "existing", "mapcode": "AT49", "vegtype": "Sundays Arid Thicket", "efg": "AridThicket", "efg_id": 1, "cls2022": 1, "cls2022_name": "moderate", "cls2025": 1, "cls2025_name": "moderate", "stratum": "AT49_moderate", "lon": 24.525219982096502, "lat": -32.94126638442706}, "geometry": {"type": "Point", "coordinates": [24.525219982096502, -32.94126638442706]}}, {"type": "Feature", "properties": {"id": 324, "source": "existing", "mapcode": "AT49", "vegtype": "Sundays Arid Thicket", "efg": "AridThicket", "efg_id": 1, "cls2022": 1, "cls2022_name": "moderate", "cls2025": 1, "cls2025_name": "moderate", "stratum": "AT49_moderate", "lon": 24.56106276193287, "lat": -33.51232541054184}, "geometry": {"type": "Point", "coordinates": [24.56106276193287, -33.51232541054184]}}, {"type": "Feature", "properties": {"id": 325, "source": "existing", "mapcode": "AT29", "vegtype": "Escarpment Valley Thicket", "efg": "ValleyThicket", "efg_id": 2, "cls2022": 1, "cls2022_name": "moderate", "cls2025": 2, "cls2025_name": "severe", "stratum": "AT29_moderate", "lon": 24.98255229324175, "lat": -32.29879129322478}, "geometry": {"type": "Point", "coordinates": [24.98255229324175, -32.29879129322478]}}, {"type": "Feature", "properties": {"id": 326, "source": "existing", "mapcode": "AT32", "vegtype": "Fish Valley Thicket", "efg": "ValleyThicket", "efg_id": 2, "cls2022": 1, "cls2022_name": "moderate", "cls2025": 1, "cls2025_name": "moderate", "stratum": "AT32_moderate", "lon": 26.741543451076183, "lat": -32.853141655054934}, "geometry": {"type": "Point", "coordinates": [26.741543451076183, -32.853141655054934]}}, {"type": "Feature", "properties": {"id": 327, "source": "existing", "mapcode": "AT32", "vegtype": "Fish Valley Thicket", "efg": "ValleyThicket", "efg_id": 2, "cls2022": 1, "cls2022_name": "moderate", "cls2025": 1, "cls2025_name": "moderate", "stratum": "AT32_moderate", "lon": 25.791305543534556, "lat": -32.669076853338844}, "geometry": {"type": "Point", "coordinates": [25.791305543534556, -32.669076853338844]}}, {"type": "Feature", "properties": {"id": 328, "source": "existing", "mapcode": "AT49", "vegtype": "Sundays Arid Thicket", "efg": "AridThicket", "efg_id": 1, "cls2022": 1, "cls2022_name": "moderate", "cls2025": 1, "cls2025_name": "moderate", "stratum": "AT49_moderate", "lon": 24.100766010350025, "lat": -33.019150319560225}, "geometry": {"type": "Point", "coordinates": [24.100766010350025, -33.019150319560225]}}, {"type": "Feature", "properties": {"id": 329, "source": "existing", "mapcode": "AT32", "vegtype": "Fish Valley Thicket", "efg": "ValleyThicket", "efg_id": 2, "cls2022": 1, "cls2022_name": "moderate", "cls2025": 2, "cls2025_name": "severe", "stratum": "AT32_moderate", "lon": 25.8209499479105, "lat": -32.55642811671026}, "geometry": {"type": "Point", "coordinates": [25.8209499479105, -32.55642811671026]}}, {"type": "Feature", "properties": {"id": 330, "source": "existing", "mapcode": null, "vegtype": null, "efg": null, "efg_id": null, "cls2022": 1, "cls2022_name": "moderate", "cls2025": 1, "cls2025_name": "moderate", "stratum": null, "lon": 25.13670319599666, "lat": -33.54035284740637}, "geometry": {"type": "Point", "coordinates": [25.13670319599666, -33.54035284740637]}}, {"type": "Feature", "properties": {"id": 331, "source": "existing", "mapcode": "AT30", "vegtype": "Fish Arid Thicket", "efg": "AridThicket", "efg_id": 1, "cls2022": 1, "cls2022_name": "moderate", "cls2025": 0, "cls2025_name": "intact", "stratum": "AT30_moderate", "lon": 26.80217973275425, "lat": -33.142578839598244}, "geometry": {"type": "Point", "coordinates": [26.80217973275425, -33.142578839598244]}}, {"type": "Feature", "properties": {"id": 332, "source": "existing", "mapcode": "AT28", "vegtype": "Escarpment Mesic Thicket", "efg": "MesicThicket", "efg_id": 3, "cls2022": 1, "cls2022_name": "moderate", "cls2025": 2, "cls2025_name": "severe", "stratum": "AT28_moderate", "lon": 26.982741104862274, "lat": -32.66287847787842}, "geometry": {"type": "Point", "coordinates": [26.982741104862274, -32.66287847787842]}}, {"type": "Feature", "properties": {"id": 333, "source": "existing", "mapcode": "AT28", "vegtype": "Escarpment Mesic Thicket", "efg": "MesicThicket", "efg_id": 3, "cls2022": 1, "cls2022_name": "moderate", "cls2025": 1, "cls2025_name": "moderate", "stratum": "AT28_moderate", "lon": 26.612455544748208, "lat": -32.74291836969347}, "geometry": {"type": "Point", "coordinates": [26.612455544748208, -32.74291836969347]}}, {"type": "Feature", "properties": {"id": 334, "source": "existing", "mapcode": "AT32", "vegtype": "Fish Valley Thicket", "efg": "ValleyThicket", "efg_id": 2, "cls2022": 1, "cls2022_name": "moderate", "cls2025": 1, "cls2025_name": "moderate", "stratum": "AT32_moderate", "lon": 26.65853911882354, "lat": -32.87173678143621}, "geometry": {"type": "Point", "coordinates": [26.65853911882354, -32.87173678143621]}}, {"type": "Feature", "properties": {"id": 335, "source": "existing", "mapcode": "AT32", "vegtype": "Fish Valley Thicket", "efg": "ValleyThicket", "efg_id": 2, "cls2022": 1, "cls2022_name": "moderate", "cls2025": 2, "cls2025_name": "severe", "stratum": "AT32_moderate", "lon": 25.85275030896833, "lat": -32.45428966890587}, "geometry": {"type": "Point", "coordinates": [25.85275030896833, -32.45428966890587]}}, {"type": "Feature", "properties": {"id": 336, "source": "existing", "mapcode": null, "vegtype": null, "efg": null, "efg_id": null, "cls2022": 1, "cls2022_name": "moderate", "cls2025": 1, "cls2025_name": "moderate", "stratum": null, "lon": 25.82930428005281, "lat": -33.000555193178954}, "geometry": {"type": "Point", "coordinates": [25.82930428005281, -33.000555193178954]}}, {"type": "Feature", "properties": {"id": 337, "source": "existing", "mapcode": "AT32", "vegtype": "Fish Valley Thicket", "efg": "ValleyThicket", "efg_id": 2, "cls2022": 1, "cls2022_name": "moderate", "cls2025": 2, "cls2025_name": "severe", "stratum": "AT32_moderate", "lon": 25.304867817183833, "lat": -32.94557829779084}, "geometry": {"type": "Point", "coordinates": [25.304867817183833, -32.94557829779084]}}, {"type": "Feature", "properties": {"id": 338, "source": "existing", "mapcode": "AT19", "vegtype": "Baviaans Valley Thicket", "efg": "ValleyThicket", "efg_id": 2, "cls2022": 1, "cls2022_name": "moderate", "cls2025": 1, "cls2025_name": "moderate", "stratum": "AT19_moderate", "lon": 24.10373045078762, "lat": -33.81820176478454}, "geometry": {"type": "Point", "coordinates": [24.10373045078762, -33.81820176478454]}}, {"type": "Feature", "properties": {"id": 339, "source": "existing", "mapcode": "AT34", "vegtype": "Gamka Valley Thicket", "efg": "ValleyThicket", "efg_id": 2, "cls2022": 1, "cls2022_name": "moderate", "cls2025": 1, "cls2025_name": "moderate", "stratum": "AT34_moderate", "lon": 22.18196456347073, "lat": -33.51609833473514}, "geometry": {"type": "Point", "coordinates": [22.18196456347073, -33.51609833473514]}}, {"type": "Feature", "properties": {"id": 340, "source": "existing", "mapcode": "AT29", "vegtype": "Escarpment Valley Thicket", "efg": "ValleyThicket", "efg_id": 2, "cls2022": 1, "cls2022_name": "moderate", "cls2025": 1, "cls2025_name": "moderate", "stratum": "AT29_moderate", "lon": 25.01489164347005, "lat": -32.34649183481152}, "geometry": {"type": "Point", "coordinates": [25.01489164347005, -32.34649183481152]}}, {"type": "Feature", "properties": {"id": 341, "source": "existing", "mapcode": "AT29", "vegtype": "Escarpment Valley Thicket", "efg": "ValleyThicket", "efg_id": 2, "cls2022": 1, "cls2022_name": "moderate", "cls2025": 1, "cls2025_name": "moderate", "stratum": "AT29_moderate", "lon": 24.89469705845486, "lat": -32.40443317063723}, "geometry": {"type": "Point", "coordinates": [24.89469705845486, -32.40443317063723]}}, {"type": "Feature", "properties": {"id": 342, "source": "existing", "mapcode": "AT18", "vegtype": "Albany Valley Thicket", "efg": "ValleyThicket", "efg_id": 2, "cls2022": 1, "cls2022_name": "moderate", "cls2025": 2, "cls2025_name": "severe", "stratum": "AT18_moderate", "lon": 26.626738757765708, "lat": -33.41476837068646}, "geometry": {"type": "Point", "coordinates": [26.626738757765708, -33.41476837068646]}}, {"type": "Feature", "properties": {"id": 343, "source": "existing", "mapcode": "AT49", "vegtype": "Sundays Arid Thicket", "efg": "AridThicket", "efg_id": 1, "cls2022": 1, "cls2022_name": "moderate", "cls2025": 2, "cls2025_name": "severe", "stratum": "AT49_moderate", "lon": 24.119630631316536, "lat": -33.06092198027178}, "geometry": {"type": "Point", "coordinates": [24.119630631316536, -33.06092198027178]}}, {"type": "Feature", "properties": {"id": 344, "source": "existing", "mapcode": "AT32", "vegtype": "Fish Valley Thicket", "efg": "ValleyThicket", "efg_id": 2, "cls2022": 1, "cls2022_name": "moderate", "cls2025": -1, "cls2025_name": null, "stratum": "AT32_moderate", "lon": 25.703450308747666, "lat": -32.94557829779084}, "geometry": {"type": "Point", "coordinates": [25.703450308747666, -32.94557829779084]}}, {"type": "Feature", "properties": {"id": 345, "source": "existing", "mapcode": "AT19", "vegtype": "Baviaans Valley Thicket", "efg": "ValleyThicket", "efg_id": 2, "cls2022": 1, "cls2022_name": "moderate", "cls2025": 2, "cls2025_name": "severe", "stratum": "AT19_moderate", "lon": 23.815910233755726, "lat": -33.517176313076085}, "geometry": {"type": "Point", "coordinates": [23.815910233755726, -33.517176313076085]}}, {"type": "Feature", "properties": {"id": 346, "source": "existing", "mapcode": "AT32", "vegtype": "Fish Valley Thicket", "efg": "ValleyThicket", "efg_id": 2, "cls2022": 1, "cls2022_name": "moderate", "cls2025": 2, "cls2025_name": "severe", "stratum": "AT32_moderate", "lon": 25.7961564460688, "lat": -32.58822847776809}, "geometry": {"type": "Point", "coordinates": [25.7961564460688, -32.58822847776809]}}, {"type": "Feature", "properties": {"id": 347, "source": "existing", "mapcode": "AT50", "vegtype": "Sundays Mesic Thicket", "efg": "MesicThicket", "efg_id": 3, "cls2022": 1, "cls2022_name": "moderate", "cls2025": 1, "cls2025_name": "moderate", "stratum": "AT50_moderate", "lon": 25.017317094737173, "lat": -33.88072450855926}, "geometry": {"type": "Point", "coordinates": [25.017317094737173, -33.88072450855926]}}, {"type": "Feature", "properties": {"id": 348, "source": "existing", "mapcode": "AT51", "vegtype": "Sundays Valley Thicket", "efg": "ValleyThicket", "efg_id": 2, "cls2022": 1, "cls2022_name": "moderate", "cls2025": 0, "cls2025_name": "intact", "stratum": "AT51_moderate", "lon": 24.641372148333154, "lat": -33.7360059162876}, "geometry": {"type": "Point", "coordinates": [24.641372148333154, -33.7360059162876]}}, {"type": "Feature", "properties": {"id": 349, "source": "existing", "mapcode": "AT27", "vegtype": "Escarpment Arid Thicket", "efg": "AridThicket", "efg_id": 1, "cls2022": 1, "cls2022_name": "moderate", "cls2025": 2, "cls2025_name": "severe", "stratum": "AT27_moderate", "lon": 24.52656745502268, "lat": -32.074032809138075}, "geometry": {"type": "Point", "coordinates": [24.52656745502268, -32.074032809138075]}}, {"type": "Feature", "properties": {"id": 350, "source": "existing", "mapcode": "AT19", "vegtype": "Baviaans Valley Thicket", "efg": "ValleyThicket", "efg_id": 2, "cls2022": 1, "cls2022_name": "moderate", "cls2025": 1, "cls2025_name": "moderate", "stratum": "AT19_moderate", "lon": 24.192394169330218, "lat": -33.659738948665854}, "geometry": {"type": "Point", "coordinates": [24.192394169330218, -33.659738948665854]}}, {"type": "Feature", "properties": {"id": 351, "source": "existing", "mapcode": "AT50", "vegtype": "Sundays Mesic Thicket", "efg": "MesicThicket", "efg_id": 3, "cls2022": 1, "cls2022_name": "moderate", "cls2025": 1, "cls2025_name": "moderate", "stratum": "AT50_moderate", "lon": 25.797773413580213, "lat": -33.57592613265751}, "geometry": {"type": "Point", "coordinates": [25.797773413580213, -33.57592613265751]}}, {"type": "Feature", "properties": {"id": 352, "source": "existing", "mapcode": "AT28", "vegtype": "Escarpment Mesic Thicket", "efg": "MesicThicket", "efg_id": 3, "cls2022": 1, "cls2022_name": "moderate", "cls2025": 1, "cls2025_name": "moderate", "stratum": "AT28_moderate", "lon": 25.703450308747666, "lat": -32.713273965317526}, "geometry": {"type": "Point", "coordinates": [25.703450308747666, -32.713273965317526]}}, {"type": "Feature", "properties": {"id": 353, "source": "existing", "mapcode": "AT32", "vegtype": "Fish Valley Thicket", "efg": "ValleyThicket", "efg_id": 2, "cls2022": 1, "cls2022_name": "moderate", "cls2025": 1, "cls2025_name": "moderate", "stratum": "AT32_moderate", "lon": 25.67434489354219, "lat": -32.578796167284835}, "geometry": {"type": "Point", "coordinates": [25.67434489354219, -32.578796167284835]}}, {"type": "Feature", "properties": {"id": 354, "source": "existing", "mapcode": "AT32", "vegtype": "Fish Valley Thicket", "efg": "ValleyThicket", "efg_id": 2, "cls2022": 1, "cls2022_name": "moderate", "cls2025": 1, "cls2025_name": "moderate", "stratum": "AT32_moderate", "lon": 26.783045617202507, "lat": -33.068737323243624}, "geometry": {"type": "Point", "coordinates": [26.783045617202507, -33.068737323243624]}}, {"type": "Feature", "properties": {"id": 355, "source": "existing", "mapcode": "AT49", "vegtype": "Sundays Arid Thicket", "efg": "AridThicket", "efg_id": 1, "cls2022": 1, "cls2022_name": "moderate", "cls2025": 1, "cls2025_name": "moderate", "stratum": "AT49_moderate", "lon": 24.411762761712204, "lat": -33.292148334404146}, "geometry": {"type": "Point", "coordinates": [24.411762761712204, -33.292148334404146]}}, {"type": "Feature", "properties": {"id": 356, "source": "existing", "mapcode": "AT28", "vegtype": "Escarpment Mesic Thicket", "efg": "MesicThicket", "efg_id": 3, "cls2022": 1, "cls2022_name": "moderate", "cls2025": 1, "cls2025_name": "moderate", "stratum": "AT28_moderate", "lon": 26.921835328598974, "lat": -32.771215301143236}, "geometry": {"type": "Point", "coordinates": [26.921835328598974, -32.771215301143236]}}, {"type": "Feature", "properties": {"id": 357, "source": "existing", "mapcode": "AT17", "vegtype": "Albany Mesic Thicket", "efg": "MesicThicket", "efg_id": 3, "cls2022": 1, "cls2022_name": "moderate", "cls2025": 1, "cls2025_name": "moderate", "stratum": "AT17_moderate", "lon": 26.620001393134814, "lat": -33.558678479202406}, "geometry": {"type": "Point", "coordinates": [26.620001393134814, -33.558678479202406]}}, {"type": "Feature", "properties": {"id": 358, "source": "existing", "mapcode": "AT32", "vegtype": "Fish Valley Thicket", "efg": "ValleyThicket", "efg_id": 2, "cls2022": 1, "cls2022_name": "moderate", "cls2025": 2, "cls2025_name": "severe", "stratum": "AT32_moderate", "lon": 26.243517457560323, "lat": -32.54834327915319}, "geometry": {"type": "Point", "coordinates": [26.243517457560323, -32.54834327915319]}}, {"type": "Feature", "properties": {"id": 359, "source": "existing", "mapcode": "AT19", "vegtype": "Baviaans Valley Thicket", "efg": "ValleyThicket", "efg_id": 2, "cls2022": 1, "cls2022_name": "moderate", "cls2025": 1, "cls2025_name": "moderate", "stratum": "AT19_moderate", "lon": 24.27485951241239, "lat": -33.203215121276315}, "geometry": {"type": "Point", "coordinates": [24.27485951241239, -33.203215121276315]}}, {"type": "Feature", "properties": {"id": 360, "source": "existing", "mapcode": "AT27", "vegtype": "Escarpment Arid Thicket", "efg": "AridThicket", "efg_id": 1, "cls2022": 1, "cls2022_name": "moderate", "cls2025": 1, "cls2025_name": "moderate", "stratum": "AT27_moderate", "lon": 25.461444171205866, "lat": -32.00612017365864}, "geometry": {"type": "Point", "coordinates": [25.461444171205866, -32.00612017365864]}}, {"type": "Feature", "properties": {"id": 361, "source": "existing", "mapcode": "AT51", "vegtype": "Sundays Valley Thicket", "efg": "ValleyThicket", "efg_id": 2, "cls2022": 1, "cls2022_name": "moderate", "cls2025": 1, "cls2025_name": "moderate", "stratum": "AT51_moderate", "lon": 25.645508972921956, "lat": -33.60799598830057}, "geometry": {"type": "Point", "coordinates": [25.645508972921956, -33.60799598830057]}}, {"type": "Feature", "properties": {"id": 362, "source": "existing", "mapcode": "AT32", "vegtype": "Fish Valley Thicket", "efg": "ValleyThicket", "efg_id": 2, "cls2022": 1, "cls2022_name": "moderate", "cls2025": 1, "cls2025_name": "moderate", "stratum": "AT32_moderate", "lon": 25.622062944006437, "lat": -32.44943876637162}, "geometry": {"type": "Point", "coordinates": [25.622062944006437, -32.44943876637162]}}, {"type": "Feature", "properties": {"id": 363, "source": "existing", "mapcode": "AT32", "vegtype": "Fish Valley Thicket", "efg": "ValleyThicket", "efg_id": 2, "cls2022": 1, "cls2022_name": "moderate", "cls2025": 2, "cls2025_name": "severe", "stratum": "AT32_moderate", "lon": 26.04463045365626, "lat": -32.500103748395965}, "geometry": {"type": "Point", "coordinates": [26.04463045365626, -32.500103748395965]}}, {"type": "Feature", "properties": {"id": 364, "source": "existing", "mapcode": "AT28", "vegtype": "Escarpment Mesic Thicket", "efg": "MesicThicket", "efg_id": 3, "cls2022": 1, "cls2022_name": "moderate", "cls2025": 1, "cls2025_name": "moderate", "stratum": "AT28_moderate", "lon": 25.357958250475296, "lat": -32.63889345979243}, "geometry": {"type": "Point", "coordinates": [25.357958250475296, -32.63889345979243]}}, {"type": "Feature", "properties": {"id": 365, "source": "existing", "mapcode": "AT49", "vegtype": "Sundays Arid Thicket", "efg": "AridThicket", "efg_id": 1, "cls2022": 1, "cls2022_name": "moderate", "cls2025": 1, "cls2025_name": "moderate", "stratum": "AT49_moderate", "lon": 24.496114566891027, "lat": -32.975761691337254}, "geometry": {"type": "Point", "coordinates": [24.496114566891027, -32.975761691337254]}}, {"type": "Feature", "properties": {"id": 366, "source": "existing", "mapcode": null, "vegtype": null, "efg": null, "efg_id": null, "cls2022": 1, "cls2022_name": "moderate", "cls2025": 1, "cls2025_name": "moderate", "stratum": null, "lon": 25.050195434135947, "lat": -33.89905014035529}, "geometry": {"type": "Point", "coordinates": [25.050195434135947, -33.89905014035529]}}, {"type": "Feature", "properties": {"id": 367, "source": "existing", "mapcode": "AT32", "vegtype": "Fish Valley Thicket", "efg": "ValleyThicket", "efg_id": 2, "cls2022": 1, "cls2022_name": "moderate", "cls2025": 1, "cls2025_name": "moderate", "stratum": "AT32_moderate", "lon": 25.78834110309696, "lat": -32.72081981370413}, "geometry": {"type": "Point", "coordinates": [25.78834110309696, -32.72081981370413]}}, {"type": "Feature", "properties": {"id": 368, "source": "existing", "mapcode": "AT19", "vegtype": "Baviaans Valley Thicket", "efg": "ValleyThicket", "efg_id": 2, "cls2022": 1, "cls2022_name": "moderate", "cls2025": 1, "cls2025_name": "moderate", "stratum": "AT19_moderate", "lon": 24.150353014033424, "lat": -33.19728624040113}, "geometry": {"type": "Point", "coordinates": [24.150353014033424, -33.19728624040113]}}, {"type": "Feature", "properties": {"id": 369, "source": "existing", "mapcode": "AT49", "vegtype": "Sundays Arid Thicket", "efg": "AridThicket", "efg_id": 1, "cls2022": 1, "cls2022_name": "moderate", "cls2025": 1, "cls2025_name": "moderate", "stratum": "AT49_moderate", "lon": 24.74378009072278, "lat": -33.060113496516074}, "geometry": {"type": "Point", "coordinates": [24.74378009072278, -33.060113496516074]}}, {"type": "Feature", "properties": {"id": 370, "source": "existing", "mapcode": "AT22", "vegtype": "Buffels Valley Thicket", "efg": "ValleyThicket", "efg_id": 2, "cls2022": 1, "cls2022_name": "moderate", "cls2025": 0, "cls2025_name": "intact", "stratum": "AT22_moderate", "lon": 27.170848325356904, "lat": -32.655063134906584}, "geometry": {"type": "Point", "coordinates": [27.170848325356904, -32.655063134906584]}}, {"type": "Feature", "properties": {"id": 371, "source": "existing", "mapcode": "AT29", "vegtype": "Escarpment Valley Thicket", "efg": "ValleyThicket", "efg_id": 2, "cls2022": 1, "cls2022_name": "moderate", "cls2025": 1, "cls2025_name": "moderate", "stratum": "AT29_moderate", "lon": 25.07795337641524, "lat": -32.392844903472096}, "geometry": {"type": "Point", "coordinates": [25.07795337641524, -32.392844903472096]}}, {"type": "Feature", "properties": {"id": 372, "source": "existing", "mapcode": "AT19", "vegtype": "Baviaans Valley Thicket", "efg": "ValleyThicket", "efg_id": 2, "cls2022": 1, "cls2022_name": "moderate", "cls2025": 1, "cls2025_name": "moderate", "stratum": "AT19_moderate", "lon": 23.950657526373654, "lat": -33.124522702387445}, "geometry": {"type": "Point", "coordinates": [23.950657526373654, -33.124522702387445]}}, {"type": "Feature", "properties": {"id": 373, "source": "existing", "mapcode": "AT34", "vegtype": "Gamka Valley Thicket", "efg": "ValleyThicket", "efg_id": 2, "cls2022": 1, "cls2022_name": "moderate", "cls2025": 1, "cls2025_name": "moderate", "stratum": "AT34_moderate", "lon": 22.114860411747, "lat": -33.525530645218396}, "geometry": {"type": "Point", "coordinates": [22.114860411747, -33.525530645218396]}}, {"type": "Feature", "properties": {"id": 374, "source": "existing", "mapcode": "AT32", "vegtype": "Fish Valley Thicket", "efg": "ValleyThicket", "efg_id": 2, "cls2022": 1, "cls2022_name": "moderate", "cls2025": 1, "cls2025_name": "moderate", "stratum": "AT32_moderate", "lon": 26.72025337884255, "lat": -32.64670880276427}, "geometry": {"type": "Point", "coordinates": [26.72025337884255, -32.64670880276427]}}, {"type": "Feature", "properties": {"id": 375, "source": "existing", "mapcode": "AT51", "vegtype": "Sundays Valley Thicket", "efg": "ValleyThicket", "efg_id": 2, "cls2022": 1, "cls2022_name": "moderate", "cls2025": 0, "cls2025_name": "intact", "stratum": "AT51_moderate", "lon": 25.513726120741623, "lat": -33.53873587989496}, "geometry": {"type": "Point", "coordinates": [25.513726120741623, -33.53873587989496]}}, {"type": "Feature", "properties": {"id": 376, "source": "existing", "mapcode": "AT27", "vegtype": "Escarpment Arid Thicket", "efg": "AridThicket", "efg_id": 1, "cls2022": 1, "cls2022_name": "moderate", "cls2025": 1, "cls2025_name": "moderate", "stratum": "AT27_moderate", "lon": 24.395593086598055, "lat": -32.549421257494124}, "geometry": {"type": "Point", "coordinates": [24.395593086598055, -32.549421257494124]}}, {"type": "Feature", "properties": {"id": 377, "source": "existing", "mapcode": "AT32", "vegtype": "Fish Valley Thicket", "efg": "ValleyThicket", "efg_id": 2, "cls2022": 1, "cls2022_name": "moderate", "cls2025": 1, "cls2025_name": "moderate", "stratum": "AT32_moderate", "lon": 26.707048144165995, "lat": -33.04663876725428}, "geometry": {"type": "Point", "coordinates": [26.707048144165995, -33.04663876725428]}}, {"type": "Feature", "properties": {"id": 378, "source": "existing", "mapcode": "AT32", "vegtype": "Fish Valley Thicket", "efg": "ValleyThicket", "efg_id": 2, "cls2022": 1, "cls2022_name": "moderate", "cls2025": 2, "cls2025_name": "severe", "stratum": "AT32_moderate", "lon": 24.894427563869623, "lat": -32.932642557699516}, "geometry": {"type": "Point", "coordinates": [24.894427563869623, -32.932642557699516]}}, {"type": "Feature", "properties": {"id": 379, "source": "existing", "mapcode": "AT49", "vegtype": "Sundays Arid Thicket", "efg": "AridThicket", "efg_id": 1, "cls2022": 1, "cls2022_name": "moderate", "cls2025": 0, "cls2025_name": "intact", "stratum": "AT49_moderate", "lon": 25.38975861153313, "lat": -33.19701674581589}, "geometry": {"type": "Point", "coordinates": [25.38975861153313, -33.19701674581589]}}, {"type": "Feature", "properties": {"id": 380, "source": "existing", "mapcode": "AT17", "vegtype": "Albany Mesic Thicket", "efg": "MesicThicket", "efg_id": 3, "cls2022": 1, "cls2022_name": "moderate", "cls2025": 1, "cls2025_name": "moderate", "stratum": "AT17_moderate", "lon": 26.13760608556263, "lat": -33.594251764453546}, "geometry": {"type": "Point", "coordinates": [26.13760608556263, -33.594251764453546]}}, {"type": "Feature", "properties": {"id": 381, "source": "existing", "mapcode": "AT28", "vegtype": "Escarpment Mesic Thicket", "efg": "MesicThicket", "efg_id": 3, "cls2022": 1, "cls2022_name": "moderate", "cls2025": 2, "cls2025_name": "severe", "stratum": "AT28_moderate", "lon": 25.61209164435271, "lat": -32.63296457891724}, "geometry": {"type": "Point", "coordinates": [25.61209164435271, -32.63296457891724]}}, {"type": "Feature", "properties": {"id": 382, "source": "existing", "mapcode": "AT49", "vegtype": "Sundays Arid Thicket", "efg": "AridThicket", "efg_id": 1, "cls2022": 1, "cls2022_name": "moderate", "cls2025": 1, "cls2025_name": "moderate", "stratum": "AT49_moderate", "lon": 25.20057341269756, "lat": -33.029391113799186}, "geometry": {"type": "Point", "coordinates": [25.20057341269756, -33.029391113799186]}}, {"type": "Feature", "properties": {"id": 383, "source": "existing", "mapcode": "AT19", "vegtype": "Baviaans Valley Thicket", "efg": "ValleyThicket", "efg_id": 2, "cls2022": 1, "cls2022_name": "moderate", "cls2025": 1, "cls2025_name": "moderate", "stratum": "AT19_moderate", "lon": 24.35031799627843, "lat": -33.64599472481883}, "geometry": {"type": "Point", "coordinates": [24.35031799627843, -33.64599472481883]}}, {"type": "Feature", "properties": {"id": 384, "source": "existing", "mapcode": "AT32", "vegtype": "Fish Valley Thicket", "efg": "ValleyThicket", "efg_id": 2, "cls2022": 1, "cls2022_name": "moderate", "cls2025": 1, "cls2025_name": "moderate", "stratum": "AT32_moderate", "lon": 26.743699407758072, "lat": -33.02211475999782}, "geometry": {"type": "Point", "coordinates": [26.743699407758072, -33.02211475999782]}}, {"type": "Feature", "properties": {"id": 385, "source": "existing", "mapcode": "AT31", "vegtype": "Fish Mesic Thicket", "efg": "MesicThicket", "efg_id": 3, "cls2022": 1, "cls2022_name": "moderate", "cls2025": 1, "cls2025_name": "moderate", "stratum": "AT31_moderate", "lon": 27.25088821717195, "lat": -33.2625039300282}, "geometry": {"type": "Point", "coordinates": [27.25088821717195, -33.2625039300282]}}, {"type": "Feature", "properties": {"id": 386, "source": "existing", "mapcode": "AT27", "vegtype": "Escarpment Arid Thicket", "efg": "AridThicket", "efg_id": 1, "cls2022": 1, "cls2022_name": "moderate", "cls2025": 1, "cls2025_name": "moderate", "stratum": "AT27_moderate", "lon": 24.640563664577446, "lat": -32.256211148757515}, "geometry": {"type": "Point", "coordinates": [24.640563664577446, -32.256211148757515]}}, {"type": "Feature", "properties": {"id": 387, "source": "existing", "mapcode": "AT28", "vegtype": "Escarpment Mesic Thicket", "efg": "MesicThicket", "efg_id": 3, "cls2022": 1, "cls2022_name": "moderate", "cls2025": 2, "cls2025_name": "severe", "stratum": "AT28_moderate", "lon": 26.119280453766592, "lat": -32.613830463365495}, "geometry": {"type": "Point", "coordinates": [26.119280453766592, -32.613830463365495]}}, {"type": "Feature", "properties": {"id": 388, "source": "existing", "mapcode": "AT32", "vegtype": "Fish Valley Thicket", "efg": "ValleyThicket", "efg_id": 2, "cls2022": 1, "cls2022_name": "moderate", "cls2025": 1, "cls2025_name": "moderate", "stratum": "AT32_moderate", "lon": 25.881855724173803, "lat": -32.43246060750177}, "geometry": {"type": "Point", "coordinates": [25.881855724173803, -32.43246060750177]}}, {"type": "Feature", "properties": {"id": 389, "source": "existing", "mapcode": "AT18", "vegtype": "Albany Valley Thicket", "efg": "ValleyThicket", "efg_id": 2, "cls2022": 1, "cls2022_name": "moderate", "cls2025": 1, "cls2025_name": "moderate", "stratum": "AT18_moderate", "lon": 26.8250867724993, "lat": -33.25819201666443}, "geometry": {"type": "Point", "coordinates": [26.8250867724993, -33.25819201666443]}}, {"type": "Feature", "properties": {"id": 390, "source": "existing", "mapcode": "AT32", "vegtype": "Fish Valley Thicket", "efg": "ValleyThicket", "efg_id": 2, "cls2022": 1, "cls2022_name": "moderate", "cls2025": 1, "cls2025_name": "moderate", "stratum": "AT32_moderate", "lon": 26.98112413735086, "lat": -33.25630555456778}, "geometry": {"type": "Point", "coordinates": [26.98112413735086, -33.25630555456778]}}, {"type": "Feature", "properties": {"id": 391, "source": "existing", "mapcode": "AT32", "vegtype": "Fish Valley Thicket", "efg": "ValleyThicket", "efg_id": 2, "cls2022": 1, "cls2022_name": "moderate", "cls2025": 1, "cls2025_name": "moderate", "stratum": "AT32_moderate", "lon": 25.79858189733592, "lat": -32.62110681716686}, "geometry": {"type": "Point", "coordinates": [25.79858189733592, -32.62110681716686]}}, {"type": "Feature", "properties": {"id": 392, "source": "existing", "mapcode": "AT49", "vegtype": "Sundays Arid Thicket", "efg": "AridThicket", "efg_id": 1, "cls2022": 1, "cls2022_name": "moderate", "cls2025": 2, "cls2025_name": "severe", "stratum": "AT49_moderate", "lon": 24.62169904361094, "lat": -32.934259525210926}, "geometry": {"type": "Point", "coordinates": [24.62169904361094, -32.934259525210926]}}, {"type": "Feature", "properties": {"id": 393, "source": "existing", "mapcode": "AT49", "vegtype": "Sundays Arid Thicket", "efg": "AridThicket", "efg_id": 1, "cls2022": 1, "cls2022_name": "moderate", "cls2025": 1, "cls2025_name": "moderate", "stratum": "AT49_moderate", "lon": 24.1764939888013, "lat": -33.13718894789353}, "geometry": {"type": "Point", "coordinates": [24.1764939888013, -33.13718894789353]}}, {"type": "Feature", "properties": {"id": 394, "source": "existing", "mapcode": "AT27", "vegtype": "Escarpment Arid Thicket", "efg": "AridThicket", "efg_id": 1, "cls2022": 1, "cls2022_name": "moderate", "cls2025": 1, "cls2025_name": "moderate", "stratum": "AT27_moderate", "lon": 24.71521366468778, "lat": -32.30445067951473}, "geometry": {"type": "Point", "coordinates": [24.71521366468778, -32.30445067951473]}}, {"type": "Feature", "properties": {"id": 395, "source": "existing", "mapcode": "AT30", "vegtype": "Fish Arid Thicket", "efg": "AridThicket", "efg_id": 1, "cls2022": 1, "cls2022_name": "moderate", "cls2025": 1, "cls2025_name": "moderate", "stratum": "AT30_moderate", "lon": 26.66635446179538, "lat": -33.16764183602518}, "geometry": {"type": "Point", "coordinates": [26.66635446179538, -33.16764183602518]}}, {"type": "Feature", "properties": {"id": 396, "source": "existing", "mapcode": "AT32", "vegtype": "Fish Valley Thicket", "efg": "ValleyThicket", "efg_id": 2, "cls2022": 1, "cls2022_name": "moderate", "cls2025": 1, "cls2025_name": "moderate", "stratum": "AT32_moderate", "lon": 25.75977467706196, "lat": -32.570441835142525}, "geometry": {"type": "Point", "coordinates": [25.75977467706196, -32.570441835142525]}}, {"type": "Feature", "properties": {"id": 397, "source": "existing", "mapcode": "AT32", "vegtype": "Fish Valley Thicket", "efg": "ValleyThicket", "efg_id": 2, "cls2022": 1, "cls2022_name": "moderate", "cls2025": 1, "cls2025_name": "moderate", "stratum": "AT32_moderate", "lon": 26.391469984854805, "lat": -33.038014940526736}, "geometry": {"type": "Point", "coordinates": [26.391469984854805, -33.038014940526736]}}, {"type": "Feature", "properties": {"id": 398, "source": "existing", "mapcode": "AT28", "vegtype": "Escarpment Mesic Thicket", "efg": "MesicThicket", "efg_id": 3, "cls2022": 1, "cls2022_name": "moderate", "cls2025": 2, "cls2025_name": "severe", "stratum": "AT28_moderate", "lon": 25.75061186116394, "lat": -32.70195519273762}, "geometry": {"type": "Point", "coordinates": [25.75061186116394, -32.70195519273762]}}, {"type": "Feature", "properties": {"id": 399, "source": "existing", "mapcode": "AT28", "vegtype": "Escarpment Mesic Thicket", "efg": "MesicThicket", "efg_id": 3, "cls2022": 1, "cls2022_name": "moderate", "cls2025": 0, "cls2025_name": "intact", "stratum": "AT28_moderate", "lon": 26.09718189777725, "lat": -32.663417467048895}, "geometry": {"type": "Point", "coordinates": [26.09718189777725, -32.663417467048895]}}, {"type": "Feature", "properties": {"id": 400, "source": "existing", "mapcode": "AT32", "vegtype": "Fish Valley Thicket", "efg": "ValleyThicket", "efg_id": 2, "cls2022": 1, "cls2022_name": "moderate", "cls2025": 1, "cls2025_name": "moderate", "stratum": "AT32_moderate", "lon": 25.772440922568045, "lat": -32.93614598730758}, "geometry": {"type": "Point", "coordinates": [25.772440922568045, -32.93614598730758]}}, {"type": "Feature", "properties": {"id": 401, "source": "existing", "mapcode": "AT19", "vegtype": "Baviaans Valley Thicket", "efg": "ValleyThicket", "efg_id": 2, "cls2022": 1, "cls2022_name": "moderate", "cls2025": 1, "cls2025_name": "moderate", "stratum": "AT19_moderate", "lon": 23.791386226499263, "lat": -33.53253750443453}, "geometry": {"type": "Point", "coordinates": [23.791386226499263, -33.53253750443453]}}, {"type": "Feature", "properties": {"id": 402, "source": "existing", "mapcode": "AT32", "vegtype": "Fish Valley Thicket", "efg": "ValleyThicket", "efg_id": 2, "cls2022": 1, "cls2022_name": "moderate", "cls2025": 1, "cls2025_name": "moderate", "stratum": "AT32_moderate", "lon": 25.327505362343643, "lat": -32.79627829757017}, "geometry": {"type": "Point", "coordinates": [25.327505362343643, -32.79627829757017]}}, {"type": "Feature", "properties": {"id": 403, "source": "existing", "mapcode": "AT49", "vegtype": "Sundays Arid Thicket", "efg": "AridThicket", "efg_id": 1, "cls2022": 1, "cls2022_name": "moderate", "cls2025": 1, "cls2025_name": "moderate", "stratum": "AT49_moderate", "lon": 24.740276661114713, "lat": -33.021306276242115}, "geometry": {"type": "Point", "coordinates": [24.740276661114713, -33.021306276242115]}}, {"type": "Feature", "properties": {"id": 404, "source": "existing", "mapcode": "AT19", "vegtype": "Baviaans Valley Thicket", "efg": "ValleyThicket", "efg_id": 2, "cls2022": 1, "cls2022_name": "moderate", "cls2025": 1, "cls2025_name": "moderate", "stratum": "AT19_moderate", "lon": 24.450569981986167, "lat": -33.68345447216661}, "geometry": {"type": "Point", "coordinates": [24.450569981986167, -33.68345447216661]}}, {"type": "Feature", "properties": {"id": 405, "source": "existing", "mapcode": "AT27", "vegtype": "Escarpment Arid Thicket", "efg": "AridThicket", "efg_id": 1, "cls2022": 1, "cls2022_name": "moderate", "cls2025": 2, "cls2025_name": "severe", "stratum": "AT27_moderate", "lon": 25.679465290661675, "lat": -32.27588425347973}, "geometry": {"type": "Point", "coordinates": [25.679465290661675, -32.27588425347973]}}, {"type": "Feature", "properties": {"id": 406, "source": "existing", "mapcode": "AT32", "vegtype": "Fish Valley Thicket", "efg": "ValleyThicket", "efg_id": 2, "cls2022": 1, "cls2022_name": "moderate", "cls2025": 1, "cls2025_name": "moderate", "stratum": "AT32_moderate", "lon": 26.377186771837305, "lat": -32.65155970529852}, "geometry": {"type": "Point", "coordinates": [26.377186771837305, -32.65155970529852]}}, {"type": "Feature", "properties": {"id": 407, "source": "existing", "mapcode": "AT32", "vegtype": "Fish Valley Thicket", "efg": "ValleyThicket", "efg_id": 2, "cls2022": 1, "cls2022_name": "moderate", "cls2025": 1, "cls2025_name": "moderate", "stratum": "AT32_moderate", "lon": 26.69572937158609, "lat": -32.93722396564853}, "geometry": {"type": "Point", "coordinates": [26.69572937158609, -32.93722396564853]}}, {"type": "Feature", "properties": {"id": 408, "source": "existing", "mapcode": "AT32", "vegtype": "Fish Valley Thicket", "efg": "ValleyThicket", "efg_id": 2, "cls2022": 1, "cls2022_name": "moderate", "cls2025": 1, "cls2025_name": "moderate", "stratum": "AT32_moderate", "lon": 26.684141104420945, "lat": -32.59631331532517}, "geometry": {"type": "Point", "coordinates": [26.684141104420945, -32.59631331532517]}}, {"type": "Feature", "properties": {"id": 409, "source": "existing", "mapcode": "AT30", "vegtype": "Fish Arid Thicket", "efg": "AridThicket", "efg_id": 1, "cls2022": 1, "cls2022_name": "moderate", "cls2025": 1, "cls2025_name": "moderate", "stratum": "AT30_moderate", "lon": 26.337032078637165, "lat": -33.097573243863856}, "geometry": {"type": "Point", "coordinates": [26.337032078637165, -33.097573243863856]}}, {"type": "Feature", "properties": {"id": 410, "source": "existing", "mapcode": "AT49", "vegtype": "Sundays Arid Thicket", "efg": "AridThicket", "efg_id": 1, "cls2022": 1, "cls2022_name": "moderate", "cls2025": 1, "cls2025_name": "moderate", "stratum": "AT49_moderate", "lon": 24.286178284992296, "lat": -33.28945338855179}, "geometry": {"type": "Point", "coordinates": [24.286178284992296, -33.28945338855179]}}, {"type": "Feature", "properties": {"id": 411, "source": "existing", "mapcode": "AT29", "vegtype": "Escarpment Valley Thicket", "efg": "ValleyThicket", "efg_id": 2, "cls2022": 1, "cls2022_name": "moderate", "cls2025": 1, "cls2025_name": "moderate", "stratum": "AT29_moderate", "lon": 24.966382618127597, "lat": -32.40173822478488}, "geometry": {"type": "Point", "coordinates": [24.966382618127597, -32.40173822478488]}}, {"type": "Feature", "properties": {"id": 412, "source": "existing", "mapcode": "AT49", "vegtype": "Sundays Arid Thicket", "efg": "AridThicket", "efg_id": 1, "cls2022": 1, "cls2022_name": "moderate", "cls2025": 2, "cls2025_name": "severe", "stratum": "AT49_moderate", "lon": 24.713596697176364, "lat": -32.89841674537456}, "geometry": {"type": "Point", "coordinates": [24.713596697176364, -32.89841674537456]}}, {"type": "Feature", "properties": {"id": 413, "source": "existing", "mapcode": "AT32", "vegtype": "Fish Valley Thicket", "efg": "ValleyThicket", "efg_id": 2, "cls2022": 1, "cls2022_name": "moderate", "cls2025": 2, "cls2025_name": "severe", "stratum": "AT32_moderate", "lon": 25.207849766498924, "lat": -32.537294001158514}, "geometry": {"type": "Point", "coordinates": [25.207849766498924, -32.537294001158514]}}, {"type": "Feature", "properties": {"id": 414, "source": "existing", "mapcode": "AT33", "vegtype": "Gamka Arid Thicket", "efg": "AridThicket", "efg_id": 1, "cls2022": 1, "cls2022_name": "moderate", "cls2025": 2, "cls2025_name": "severe", "stratum": "AT33_moderate", "lon": 22.186545971419736, "lat": -33.15713154720098}, "geometry": {"type": "Point", "coordinates": [22.186545971419736, -33.15713154720098]}}, {"type": "Feature", "properties": {"id": 415, "source": "existing", "mapcode": "AT49", "vegtype": "Sundays Arid Thicket", "efg": "AridThicket", "efg_id": 1, "cls2022": 1, "cls2022_name": "moderate", "cls2025": 1, "cls2025_name": "moderate", "stratum": "AT49_moderate", "lon": 24.59798352011018, "lat": -32.8814385865047}, "geometry": {"type": "Point", "coordinates": [24.59798352011018, -32.8814385865047]}}, {"type": "Feature", "properties": {"id": 416, "source": "existing", "mapcode": "AT32", "vegtype": "Fish Valley Thicket", "efg": "ValleyThicket", "efg_id": 2, "cls2022": 1, "cls2022_name": "moderate", "cls2025": 1, "cls2025_name": "moderate", "stratum": "AT32_moderate", "lon": 25.702641824991957, "lat": -32.48016114908851}, "geometry": {"type": "Point", "coordinates": [25.702641824991957, -32.48016114908851]}}, {"type": "Feature", "properties": {"id": 417, "source": "existing", "mapcode": "AT19", "vegtype": "Baviaans Valley Thicket", "efg": "ValleyThicket", "efg_id": 2, "cls2022": 1, "cls2022_name": "moderate", "cls2025": 1, "cls2025_name": "moderate", "stratum": "AT19_moderate", "lon": 23.808094890783885, "lat": -33.448994183011415}, "geometry": {"type": "Point", "coordinates": [23.808094890783885, -33.448994183011415]}}, {"type": "Feature", "properties": {"id": 418, "source": "existing", "mapcode": "AT49", "vegtype": "Sundays Arid Thicket", "efg": "AridThicket", "efg_id": 1, "cls2022": 1, "cls2022_name": "moderate", "cls2025": 2, "cls2025_name": "severe", "stratum": "AT49_moderate", "lon": 24.038512761160543, "lat": -33.01402992244074}, "geometry": {"type": "Point", "coordinates": [24.038512761160543, -33.01402992244074]}}, {"type": "Feature", "properties": {"id": 419, "source": "existing", "mapcode": "AT28", "vegtype": "Escarpment Mesic Thicket", "efg": "MesicThicket", "efg_id": 3, "cls2022": 1, "cls2022_name": "moderate", "cls2025": 2, "cls2025_name": "severe", "stratum": "AT28_moderate", "lon": 26.769301393355477, "lat": -32.605476131223185}, "geometry": {"type": "Point", "coordinates": [26.769301393355477, -32.605476131223185]}}, {"type": "Feature", "properties": {"id": 420, "source": "existing", "mapcode": "AT37", "vegtype": "Gouritz Valley Thicket", "efg": "ValleyThicket", "efg_id": 2, "cls2022": 1, "cls2022_name": "moderate", "cls2025": 2, "cls2025_name": "severe", "stratum": "AT37_moderate", "lon": 21.730830627785906, "lat": -34.02625158458662}, "geometry": {"type": "Point", "coordinates": [21.730830627785906, -34.02625158458662]}}, {"type": "Feature", "properties": {"id": 421, "source": "existing", "mapcode": "AT51", "vegtype": "Sundays Valley Thicket", "efg": "ValleyThicket", "efg_id": 2, "cls2022": 1, "cls2022_name": "moderate", "cls2025": 1, "cls2025_name": "moderate", "stratum": "AT51_moderate", "lon": 25.39811294367544, "lat": -33.5788905730951}, "geometry": {"type": "Point", "coordinates": [25.39811294367544, -33.5788905730951]}}, {"type": "Feature", "properties": {"id": 422, "source": "existing", "mapcode": "AT17", "vegtype": "Albany Mesic Thicket", "efg": "MesicThicket", "efg_id": 3, "cls2022": 1, "cls2022_name": "moderate", "cls2025": -1, "cls2025_name": null, "stratum": "AT17_moderate", "lon": 26.6650069888692, "lat": -33.5721532084642}, "geometry": {"type": "Point", "coordinates": [26.6650069888692, -33.5721532084642]}}, {"type": "Feature", "properties": {"id": 423, "source": "existing", "mapcode": "AT51", "vegtype": "Sundays Valley Thicket", "efg": "ValleyThicket", "efg_id": 2, "cls2022": 1, "cls2022_name": "moderate", "cls2025": 1, "cls2025_name": "moderate", "stratum": "AT51_moderate", "lon": 24.587473231285983, "lat": -33.781819995777695}, "geometry": {"type": "Point", "coordinates": [24.587473231285983, -33.781819995777695]}}, {"type": "Feature", "properties": {"id": 424, "source": "existing", "mapcode": "AT28", "vegtype": "Escarpment Mesic Thicket", "efg": "MesicThicket", "efg_id": 3, "cls2022": 1, "cls2022_name": "moderate", "cls2025": 1, "cls2025_name": "moderate", "stratum": "AT28_moderate", "lon": 26.60383171802066, "lat": -32.56586042719351}, "geometry": {"type": "Point", "coordinates": [26.60383171802066, -32.56586042719351]}}, {"type": "Feature", "properties": {"id": 425, "source": "existing", "mapcode": "AT28", "vegtype": "Escarpment Mesic Thicket", "efg": "MesicThicket", "efg_id": 3, "cls2022": 1, "cls2022_name": "moderate", "cls2025": 1, "cls2025_name": "moderate", "stratum": "AT28_moderate", "lon": 26.536458071711696, "lat": -32.667459885827434}, "geometry": {"type": "Point", "coordinates": [26.536458071711696, -32.667459885827434]}}, {"type": "Feature", "properties": {"id": 426, "source": "existing", "mapcode": "AT32", "vegtype": "Fish Valley Thicket", "efg": "ValleyThicket", "efg_id": 2, "cls2022": 1, "cls2022_name": "moderate", "cls2025": 1, "cls2025_name": "moderate", "stratum": "AT32_moderate", "lon": 26.641560959953683, "lat": -32.68982793640201}, "geometry": {"type": "Point", "coordinates": [26.641560959953683, -32.68982793640201]}}, {"type": "Feature", "properties": {"id": 427, "source": "existing", "mapcode": "AT32", "vegtype": "Fish Valley Thicket", "efg": "ValleyThicket", "efg_id": 2, "cls2022": 1, "cls2022_name": "moderate", "cls2025": 1, "cls2025_name": "moderate", "stratum": "AT32_moderate", "lon": 25.22051601200501, "lat": -32.971719272558715}, "geometry": {"type": "Point", "coordinates": [25.22051601200501, -32.971719272558715]}}, {"type": "Feature", "properties": {"id": 428, "source": "existing", "mapcode": "AT49", "vegtype": "Sundays Arid Thicket", "efg": "AridThicket", "efg_id": 1, "cls2022": 1, "cls2022_name": "moderate", "cls2025": 1, "cls2025_name": "moderate", "stratum": "AT49_moderate", "lon": 24.77611944095108, "lat": -32.77444923616607}, "geometry": {"type": "Point", "coordinates": [24.77611944095108, -32.77444923616607]}}, {"type": "Feature", "properties": {"id": 429, "source": "existing", "mapcode": "AT49", "vegtype": "Sundays Arid Thicket", "efg": "AridThicket", "efg_id": 1, "cls2022": 1, "cls2022_name": "moderate", "cls2025": 2, "cls2025_name": "severe", "stratum": "AT49_moderate", "lon": 23.218171243702596, "lat": -33.36383389407688}, "geometry": {"type": "Point", "coordinates": [23.218171243702596, -33.36383389407688]}}, {"type": "Feature", "properties": {"id": 430, "source": "existing", "mapcode": "AT32", "vegtype": "Fish Valley Thicket", "efg": "ValleyThicket", "efg_id": 2, "cls2022": 1, "cls2022_name": "moderate", "cls2025": 1, "cls2025_name": "moderate", "stratum": "AT32_moderate", "lon": 25.64254453248436, "lat": -32.53837197949946}, "geometry": {"type": "Point", "coordinates": [25.64254453248436, -32.53837197949946]}}, {"type": "Feature", "properties": {"id": 431, "source": "existing", "mapcode": "AT51", "vegtype": "Sundays Valley Thicket", "efg": "ValleyThicket", "efg_id": 2, "cls2022": 1, "cls2022_name": "moderate", "cls2025": 0, "cls2025_name": "intact", "stratum": "AT51_moderate", "lon": 24.657002834276835, "lat": -33.76996223402732}, "geometry": {"type": "Point", "coordinates": [24.657002834276835, -33.76996223402732]}}, {"type": "Feature", "properties": {"id": 432, "source": "existing", "mapcode": "AT28", "vegtype": "Escarpment Mesic Thicket", "efg": "MesicThicket", "efg_id": 3, "cls2022": 1, "cls2022_name": "moderate", "cls2025": 2, "cls2025_name": "severe", "stratum": "AT28_moderate", "lon": 26.722139840939203, "lat": -32.762860969000926}, "geometry": {"type": "Point", "coordinates": [26.722139840939203, -32.762860969000926]}}, {"type": "Feature", "properties": {"id": 433, "source": "existing", "mapcode": "AT18", "vegtype": "Albany Valley Thicket", "efg": "ValleyThicket", "efg_id": 2, "cls2022": 1, "cls2022_name": "moderate", "cls2025": 1, "cls2025_name": "moderate", "stratum": "AT18_moderate", "lon": 26.26507702437919, "lat": -33.275439670119525}, "geometry": {"type": "Point", "coordinates": [26.26507702437919, -33.275439670119525]}}, {"type": "Feature", "properties": {"id": 434, "source": "existing", "mapcode": "AT18", "vegtype": "Albany Valley Thicket", "efg": "ValleyThicket", "efg_id": 2, "cls2022": 1, "cls2022_name": "moderate", "cls2025": 1, "cls2025_name": "moderate", "stratum": "AT18_moderate", "lon": 25.642275037899125, "lat": -33.2406748686241}, "geometry": {"type": "Point", "coordinates": [25.642275037899125, -33.2406748686241]}}, {"type": "Feature", "properties": {"id": 435, "source": "existing", "mapcode": "AT34", "vegtype": "Gamka Valley Thicket", "efg": "ValleyThicket", "efg_id": 2, "cls2022": 1, "cls2022_name": "moderate", "cls2025": 0, "cls2025_name": "intact", "stratum": "AT34_moderate", "lon": 22.054763119239404, "lat": -33.51421187263849}, "geometry": {"type": "Point", "coordinates": [22.054763119239404, -33.51421187263849]}}, {"type": "Feature", "properties": {"id": 436, "source": "existing", "mapcode": "AT18", "vegtype": "Albany Valley Thicket", "efg": "ValleyThicket", "efg_id": 2, "cls2022": 1, "cls2022_name": "moderate", "cls2025": 1, "cls2025_name": "moderate", "stratum": "AT18_moderate", "lon": 26.34188298117141, "lat": -33.50720501342236}, "geometry": {"type": "Point", "coordinates": [26.34188298117141, -33.50720501342236]}}, {"type": "Feature", "properties": {"id": 437, "source": "existing", "mapcode": "AT28", "vegtype": "Escarpment Mesic Thicket", "efg": "MesicThicket", "efg_id": 3, "cls2022": 1, "cls2022_name": "moderate", "cls2025": 2, "cls2025_name": "severe", "stratum": "AT28_moderate", "lon": 25.646856445848133, "lat": -32.690097430987244}, "geometry": {"type": "Point", "coordinates": [25.646856445848133, -32.690097430987244]}}, {"type": "Feature", "properties": {"id": 438, "source": "existing", "mapcode": "AT49", "vegtype": "Sundays Arid Thicket", "efg": "AridThicket", "efg_id": 1, "cls2022": 1, "cls2022_name": "moderate", "cls2025": 1, "cls2025_name": "moderate", "stratum": "AT49_moderate", "lon": 24.596366552598766, "lat": -33.504779562155235}, "geometry": {"type": "Point", "coordinates": [24.596366552598766, -33.504779562155235]}}, {"type": "Feature", "properties": {"id": 439, "source": "existing", "mapcode": "AT19", "vegtype": "Baviaans Valley Thicket", "efg": "ValleyThicket", "efg_id": 2, "cls2022": 1, "cls2022_name": "moderate", "cls2025": 1, "cls2025_name": "moderate", "stratum": "AT19_moderate", "lon": 24.978779369048446, "lat": -33.24983768452212}, "geometry": {"type": "Point", "coordinates": [24.978779369048446, -33.24983768452212]}}, {"type": "Feature", "properties": {"id": 440, "source": "existing", "mapcode": "AT21", "vegtype": "Buffels Mesic Thicket", "efg": "MesicThicket", "efg_id": 3, "cls2022": 1, "cls2022_name": "moderate", "cls2025": -1, "cls2025_name": null, "stratum": "AT21_moderate", "lon": 27.965587857217443, "lat": -32.88521151069801}, "geometry": {"type": "Point", "coordinates": [27.965587857217443, -32.88521151069801]}}, {"type": "Feature", "properties": {"id": 441, "source": "existing", "mapcode": "AT28", "vegtype": "Escarpment Mesic Thicket", "efg": "MesicThicket", "efg_id": 3, "cls2022": 1, "cls2022_name": "moderate", "cls2025": 1, "cls2025_name": "moderate", "stratum": "AT28_moderate", "lon": 26.58254164578703, "lat": -32.61032703375743}, "geometry": {"type": "Point", "coordinates": [26.58254164578703, -32.61032703375743]}}, {"type": "Feature", "properties": {"id": 442, "source": "existing", "mapcode": "AT19", "vegtype": "Baviaans Valley Thicket", "efg": "ValleyThicket", "efg_id": 2, "cls2022": 1, "cls2022_name": "moderate", "cls2025": 0, "cls2025_name": "intact", "stratum": "AT19_moderate", "lon": 25.347717456236335, "lat": -33.60799598830057}, "geometry": {"type": "Point", "coordinates": [25.347717456236335, -33.60799598830057]}}, {"type": "Feature", "properties": {"id": 443, "source": "existing", "mapcode": "AT51", "vegtype": "Sundays Valley Thicket", "efg": "ValleyThicket", "efg_id": 2, "cls2022": 1, "cls2022_name": "moderate", "cls2025": 0, "cls2025_name": "intact", "stratum": "AT51_moderate", "lon": 24.850230451890944, "lat": -33.731963497509064}, "geometry": {"type": "Point", "coordinates": [24.850230451890944, -33.731963497509064]}}, {"type": "Feature", "properties": {"id": 444, "source": "existing", "mapcode": "AT32", "vegtype": "Fish Valley Thicket", "efg": "ValleyThicket", "efg_id": 2, "cls2022": 1, "cls2022_name": "moderate", "cls2025": 1, "cls2025_name": "moderate", "stratum": "AT32_moderate", "lon": 25.838197601365593, "lat": -32.96363443500164}, "geometry": {"type": "Point", "coordinates": [25.838197601365593, -32.96363443500164]}}, {"type": "Feature", "properties": {"id": 445, "source": "existing", "mapcode": "AT27", "vegtype": "Escarpment Arid Thicket", "efg": "AridThicket", "efg_id": 1, "cls2022": 1, "cls2022_name": "moderate", "cls2025": 2, "cls2025_name": "severe", "stratum": "AT27_moderate", "lon": 23.78761330230596, "lat": -32.98115158304197}, "geometry": {"type": "Point", "coordinates": [23.78761330230596, -32.98115158304197]}}, {"type": "Feature", "properties": {"id": 446, "source": "existing", "mapcode": "AT49", "vegtype": "Sundays Arid Thicket", "efg": "AridThicket", "efg_id": 1, "cls2022": 1, "cls2022_name": "moderate", "cls2025": 1, "cls2025_name": "moderate", "stratum": "AT49_moderate", "lon": 25.02405445936807, "lat": -32.86850284641338}, "geometry": {"type": "Point", "coordinates": [25.02405445936807, -32.86850284641338]}}, {"type": "Feature", "properties": {"id": 447, "source": "existing", "mapcode": "AT32", "vegtype": "Fish Valley Thicket", "efg": "ValleyThicket", "efg_id": 2, "cls2022": 1, "cls2022_name": "moderate", "cls2025": 2, "cls2025_name": "severe", "stratum": "AT32_moderate", "lon": 25.29678297962676, "lat": -32.884403026942294}, "geometry": {"type": "Point", "coordinates": [25.29678297962676, -32.884403026942294]}}, {"type": "Feature", "properties": {"id": 448, "source": "existing", "mapcode": "AT49", "vegtype": "Sundays Arid Thicket", "efg": "AridThicket", "efg_id": 1, "cls2022": 1, "cls2022_name": "moderate", "cls2025": 1, "cls2025_name": "moderate", "stratum": "AT49_moderate", "lon": 24.907902293131418, "lat": -32.843439849986446}, "geometry": {"type": "Point", "coordinates": [24.907902293131418, -32.843439849986446]}}, {"type": "Feature", "properties": {"id": 449, "source": "existing", "mapcode": "AT32", "vegtype": "Fish Valley Thicket", "efg": "ValleyThicket", "efg_id": 2, "cls2022": 1, "cls2022_name": "moderate", "cls2025": 1, "cls2025_name": "moderate", "stratum": "AT32_moderate", "lon": 26.043821969900552, "lat": -32.417638405313795}, "geometry": {"type": "Point", "coordinates": [26.043821969900552, -32.417638405313795]}}, {"type": "Feature", "properties": {"id": 450, "source": "existing", "mapcode": "AT32", "vegtype": "Fish Valley Thicket", "efg": "ValleyThicket", "efg_id": 2, "cls2022": 1, "cls2022_name": "moderate", "cls2025": 1, "cls2025_name": "moderate", "stratum": "AT32_moderate", "lon": 26.235971609173717, "lat": -32.591192918205685}, "geometry": {"type": "Point", "coordinates": [26.235971609173717, -32.591192918205685]}}, {"type": "Feature", "properties": {"id": 451, "source": "existing", "mapcode": "AT33", "vegtype": "Gamka Arid Thicket", "efg": "AridThicket", "efg_id": 1, "cls2022": 1, "cls2022_name": "moderate", "cls2025": 1, "cls2025_name": "moderate", "stratum": "AT33_moderate", "lon": 21.761822505088027, "lat": -33.488340392455854}, "geometry": {"type": "Point", "coordinates": [21.761822505088027, -33.488340392455854]}}, {"type": "Feature", "properties": {"id": 452, "source": "existing", "mapcode": "AT32", "vegtype": "Fish Valley Thicket", "efg": "ValleyThicket", "efg_id": 2, "cls2022": 1, "cls2022_name": "moderate", "cls2025": 2, "cls2025_name": "severe", "stratum": "AT32_moderate", "lon": 24.96368767227524, "lat": -32.9167423771706}, "geometry": {"type": "Point", "coordinates": [24.96368767227524, -32.9167423771706]}}, {"type": "Feature", "properties": {"id": 453, "source": "existing", "mapcode": "AT17", "vegtype": "Albany Mesic Thicket", "efg": "MesicThicket", "efg_id": 3, "cls2022": 1, "cls2022_name": "moderate", "cls2025": -1, "cls2025_name": null, "stratum": "AT17_moderate", "lon": 26.60140626675354, "lat": -33.32125374960962}, "geometry": {"type": "Point", "coordinates": [26.60140626675354, -33.32125374960962]}}, {"type": "Feature", "properties": {"id": 454, "source": "existing", "mapcode": "AT27", "vegtype": "Escarpment Arid Thicket", "efg": "AridThicket", "efg_id": 1, "cls2022": 1, "cls2022_name": "moderate", "cls2025": 1, "cls2025_name": "moderate", "stratum": "AT27_moderate", "lon": 25.641466554143417, "lat": -32.297174325713364}, "geometry": {"type": "Point", "coordinates": [25.641466554143417, -32.297174325713364]}}, {"type": "Feature", "properties": {"id": 455, "source": "existing", "mapcode": "AT30", "vegtype": "Fish Arid Thicket", "efg": "AridThicket", "efg_id": 1, "cls2022": 1, "cls2022_name": "moderate", "cls2025": 1, "cls2025_name": "moderate", "stratum": "AT30_moderate", "lon": 26.536727566296932, "lat": -33.18300302738363}, "geometry": {"type": "Point", "coordinates": [26.536727566296932, -33.18300302738363]}}, {"type": "Feature", "properties": {"id": 456, "source": "existing", "mapcode": "AT30", "vegtype": "Fish Arid Thicket", "efg": "AridThicket", "efg_id": 1, "cls2022": 1, "cls2022_name": "moderate", "cls2025": 1, "cls2025_name": "moderate", "stratum": "AT30_moderate", "lon": 26.514359515722358, "lat": -33.17869111401985}, "geometry": {"type": "Point", "coordinates": [26.514359515722358, -33.17869111401985]}}, {"type": "Feature", "properties": {"id": 457, "source": "existing", "mapcode": "AT28", "vegtype": "Escarpment Mesic Thicket", "efg": "MesicThicket", "efg_id": 3, "cls2022": 1, "cls2022_name": "moderate", "cls2025": 1, "cls2025_name": "moderate", "stratum": "AT28_moderate", "lon": 26.338110056978106, "lat": -32.69521782810673}, "geometry": {"type": "Point", "coordinates": [26.338110056978106, -32.69521782810673]}}, {"type": "Feature", "properties": {"id": 458, "source": "existing", "mapcode": "AT32", "vegtype": "Fish Valley Thicket", "efg": "ValleyThicket", "efg_id": 2, "cls2022": 1, "cls2022_name": "moderate", "cls2025": 1, "cls2025_name": "moderate", "stratum": "AT32_moderate", "lon": 26.258878648918763, "lat": -33.002441655275604}, "geometry": {"type": "Point", "coordinates": [26.258878648918763, -33.002441655275604]}}, {"type": "Feature", "properties": {"id": 459, "source": "existing", "mapcode": "AT31", "vegtype": "Fish Mesic Thicket", "efg": "MesicThicket", "efg_id": 3, "cls2022": 1, "cls2022_name": "moderate", "cls2025": 1, "cls2025_name": "moderate", "stratum": "AT31_moderate", "lon": 27.222860780307425, "lat": -33.234476493163676}, "geometry": {"type": "Point", "coordinates": [27.222860780307425, -33.234476493163676]}}, {"type": "Feature", "properties": {"id": 460, "source": "existing", "mapcode": "AT32", "vegtype": "Fish Valley Thicket", "efg": "ValleyThicket", "efg_id": 2, "cls2022": 1, "cls2022_name": "moderate", "cls2025": 1, "cls2025_name": "moderate", "stratum": "AT32_moderate", "lon": 25.753576301601534, "lat": -32.53594652823234}, "geometry": {"type": "Point", "coordinates": [25.753576301601534, -32.53594652823234]}}, {"type": "Feature", "properties": {"id": 461, "source": "existing", "mapcode": "AT32", "vegtype": "Fish Valley Thicket", "efg": "ValleyThicket", "efg_id": 2, "cls2022": 1, "cls2022_name": "moderate", "cls2025": 1, "cls2025_name": "moderate", "stratum": "AT32_moderate", "lon": 25.181169802560575, "lat": -32.51492595058394}, "geometry": {"type": "Point", "coordinates": [25.181169802560575, -32.51492595058394]}}, {"type": "Feature", "properties": {"id": 462, "source": "existing", "mapcode": "AT19", "vegtype": "Baviaans Valley Thicket", "efg": "ValleyThicket", "efg_id": 2, "cls2022": 1, "cls2022_name": "moderate", "cls2025": 1, "cls2025_name": "moderate", "stratum": "AT19_moderate", "lon": 23.46907070255718, "lat": -33.23555447150462}, "geometry": {"type": "Point", "coordinates": [23.46907070255718, -33.23555447150462]}}, {"type": "Feature", "properties": {"id": 463, "source": "existing", "mapcode": "AT32", "vegtype": "Fish Valley Thicket", "efg": "ValleyThicket", "efg_id": 2, "cls2022": 1, "cls2022_name": "moderate", "cls2025": 1, "cls2025_name": "moderate", "stratum": "AT32_moderate", "lon": 26.50250175397198, "lat": -32.971449777973476}, "geometry": {"type": "Point", "coordinates": [26.50250175397198, -32.971449777973476]}}, {"type": "Feature", "properties": {"id": 464, "source": "existing", "mapcode": "AT32", "vegtype": "Fish Valley Thicket", "efg": "ValleyThicket", "efg_id": 2, "cls2022": 1, "cls2022_name": "moderate", "cls2025": 1, "cls2025_name": "moderate", "stratum": "AT32_moderate", "lon": 26.712168541285475, "lat": -33.099729200545745}, "geometry": {"type": "Point", "coordinates": [26.712168541285475, -33.099729200545745]}}, {"type": "Feature", "properties": {"id": 465, "source": "existing", "mapcode": "AT32", "vegtype": "Fish Valley Thicket", "efg": "ValleyThicket", "efg_id": 2, "cls2022": 1, "cls2022_name": "moderate", "cls2025": 1, "cls2025_name": "moderate", "stratum": "AT32_moderate", "lon": 25.916081536498755, "lat": -32.3793701742103}, "geometry": {"type": "Point", "coordinates": [25.916081536498755, -32.3793701742103]}}, {"type": "Feature", "properties": {"id": 466, "source": "existing", "mapcode": "AT29", "vegtype": "Escarpment Valley Thicket", "efg": "ValleyThicket", "efg_id": 2, "cls2022": 1, "cls2022_name": "moderate", "cls2025": 1, "cls2025_name": "moderate", "stratum": "AT29_moderate", "lon": 24.523603014585085, "lat": -32.26240952421794}, "geometry": {"type": "Point", "coordinates": [24.523603014585085, -32.26240952421794]}}, {"type": "Feature", "properties": {"id": 467, "source": "existing", "mapcode": "AT27", "vegtype": "Escarpment Arid Thicket", "efg": "AridThicket", "efg_id": 1, "cls2022": 1, "cls2022_name": "moderate", "cls2025": 1, "cls2025_name": "moderate", "stratum": "AT27_moderate", "lon": 25.456862763256858, "lat": -32.06055807987628}, "geometry": {"type": "Point", "coordinates": [25.456862763256858, -32.06055807987628]}}, {"type": "Feature", "properties": {"id": 468, "source": "existing", "mapcode": "AT27", "vegtype": "Escarpment Arid Thicket", "efg": "AridThicket", "efg_id": 1, "cls2022": 1, "cls2022_name": "moderate", "cls2025": 1, "cls2025_name": "moderate", "stratum": "AT27_moderate", "lon": 23.754195973736714, "lat": -32.92563569848338}, "geometry": {"type": "Point", "coordinates": [23.754195973736714, -32.92563569848338]}}, {"type": "Feature", "properties": {"id": 469, "source": "existing", "mapcode": "AT28", "vegtype": "Escarpment Mesic Thicket", "efg": "MesicThicket", "efg_id": 3, "cls2022": 1, "cls2022_name": "moderate", "cls2025": -1, "cls2025_name": null, "stratum": "AT28_moderate", "lon": 26.938005003713123, "lat": -32.73133010252833}, "geometry": {"type": "Point", "coordinates": [26.938005003713123, -32.73133010252833]}}, {"type": "Feature", "properties": {"id": 470, "source": "existing", "mapcode": "AT22", "vegtype": "Buffels Valley Thicket", "efg": "ValleyThicket", "efg_id": 2, "cls2022": 1, "cls2022_name": "moderate", "cls2025": 2, "cls2025_name": "severe", "stratum": "AT22_moderate", "lon": 27.368387856334785, "lat": -32.876048694799984}, "geometry": {"type": "Point", "coordinates": [27.368387856334785, -32.876048694799984]}}, {"type": "Feature", "properties": {"id": 471, "source": "existing", "mapcode": "AT27", "vegtype": "Escarpment Arid Thicket", "efg": "AridThicket", "efg_id": 1, "cls2022": 1, "cls2022_name": "moderate", "cls2025": 1, "cls2025_name": "moderate", "stratum": "AT27_moderate", "lon": 24.643797599600276, "lat": -32.14005898252086}, "geometry": {"type": "Point", "coordinates": [24.643797599600276, -32.14005898252086]}}, {"type": "Feature", "properties": {"id": 472, "source": "existing", "mapcode": "AT49", "vegtype": "Sundays Arid Thicket", "efg": "AridThicket", "efg_id": 1, "cls2022": 1, "cls2022_name": "moderate", "cls2025": 2, "cls2025_name": "severe", "stratum": "AT49_moderate", "lon": 25.265252113154162, "lat": -32.90192017498263}, "geometry": {"type": "Point", "coordinates": [25.265252113154162, -32.90192017498263]}}, {"type": "Feature", "properties": {"id": 473, "source": "existing", "mapcode": "AT32", "vegtype": "Fish Valley Thicket", "efg": "ValleyThicket", "efg_id": 2, "cls2022": 1, "cls2022_name": "moderate", "cls2025": 1, "cls2025_name": "moderate", "stratum": "AT32_moderate", "lon": 26.494416916414902, "lat": -33.0843680091873}, "geometry": {"type": "Point", "coordinates": [26.494416916414902, -33.0843680091873]}}, {"type": "Feature", "properties": {"id": 474, "source": "existing", "mapcode": "AT19", "vegtype": "Baviaans Valley Thicket", "efg": "ValleyThicket", "efg_id": 2, "cls2022": 1, "cls2022_name": "moderate", "cls2025": 1, "cls2025_name": "moderate", "stratum": "AT19_moderate", "lon": 23.609207886879823, "lat": -33.71202089820161}, "geometry": {"type": "Point", "coordinates": [23.609207886879823, -33.71202089820161]}}, {"type": "Feature", "properties": {"id": 475, "source": "existing", "mapcode": "AT51", "vegtype": "Sundays Valley Thicket", "efg": "ValleyThicket", "efg_id": 2, "cls2022": 1, "cls2022_name": "moderate", "cls2025": 1, "cls2025_name": "moderate", "stratum": "AT51_moderate", "lon": 25.713152113816157, "lat": -33.660547432421566}, "geometry": {"type": "Point", "coordinates": [25.713152113816157, -33.660547432421566]}}, {"type": "Feature", "properties": {"id": 476, "source": "existing", "mapcode": "AT27", "vegtype": "Escarpment Arid Thicket", "efg": "AridThicket", "efg_id": 1, "cls2022": 1, "cls2022_name": "moderate", "cls2025": 1, "cls2025_name": "moderate", "stratum": "AT27_moderate", "lon": 25.666260055985116, "lat": -32.3402934593511}, "geometry": {"type": "Point", "coordinates": [25.666260055985116, -32.3402934593511]}}, {"type": "Feature", "properties": {"id": 477, "source": "existing", "mapcode": "AT49", "vegtype": "Sundays Arid Thicket", "efg": "AridThicket", "efg_id": 1, "cls2022": 1, "cls2022_name": "moderate", "cls2025": 1, "cls2025_name": "moderate", "stratum": "AT49_moderate", "lon": 25.299747420064353, "lat": -33.48375898450684}, "geometry": {"type": "Point", "coordinates": [25.299747420064353, -33.48375898450684]}}, {"type": "Feature", "properties": {"id": 478, "source": "existing", "mapcode": "AT33", "vegtype": "Gamka Arid Thicket", "efg": "AridThicket", "efg_id": 1, "cls2022": 1, "cls2022_name": "moderate", "cls2025": 1, "cls2025_name": "moderate", "stratum": "AT33_moderate", "lon": 21.609288569844534, "lat": -33.4797165657283}, "geometry": {"type": "Point", "coordinates": [21.609288569844534, -33.4797165657283]}}, {"type": "Feature", "properties": {"id": 479, "source": "existing", "mapcode": "AT28", "vegtype": "Escarpment Mesic Thicket", "efg": "MesicThicket", "efg_id": 3, "cls2022": 1, "cls2022_name": "moderate", "cls2025": 1, "cls2025_name": "moderate", "stratum": "AT28_moderate", "lon": 26.38149868520108, "lat": -32.61302197960979}, "geometry": {"type": "Point", "coordinates": [26.38149868520108, -32.61302197960979]}}, {"type": "Feature", "properties": {"id": 480, "source": "existing", "mapcode": "AT19", "vegtype": "Baviaans Valley Thicket", "efg": "ValleyThicket", "efg_id": 2, "cls2022": 1, "cls2022_name": "moderate", "cls2025": 1, "cls2025_name": "moderate", "stratum": "AT19_moderate", "lon": 25.050464928721183, "lat": -33.320984255024385}, "geometry": {"type": "Point", "coordinates": [25.050464928721183, -33.320984255024385]}}, {"type": "Feature", "properties": {"id": 481, "source": "existing", "mapcode": "AT32", "vegtype": "Fish Valley Thicket", "efg": "ValleyThicket", "efg_id": 2, "cls2022": 1, "cls2022_name": "moderate", "cls2025": 2, "cls2025_name": "severe", "stratum": "AT32_moderate", "lon": 25.789419081437902, "lat": -33.0054060957132}, "geometry": {"type": "Point", "coordinates": [25.789419081437902, -33.0054060957132]}}, {"type": "Feature", "properties": {"id": 482, "source": "existing", "mapcode": "AT22", "vegtype": "Buffels Valley Thicket", "efg": "ValleyThicket", "efg_id": 2, "cls2022": 1, "cls2022_name": "moderate", "cls2025": -1, "cls2025_name": null, "stratum": "AT22_moderate", "lon": 27.159529552777, "lat": -32.65209869446899}, "geometry": {"type": "Point", "coordinates": [27.159529552777, -32.65209869446899]}}, {"type": "Feature", "properties": {"id": 483, "source": "existing", "mapcode": "AT49", "vegtype": "Sundays Arid Thicket", "efg": "AridThicket", "efg_id": 1, "cls2022": 1, "cls2022_name": "moderate", "cls2025": 2, "cls2025_name": "severe", "stratum": "AT49_moderate", "lon": 24.773424495098723, "lat": -32.85017721461734}, "geometry": {"type": "Point", "coordinates": [24.773424495098723, -32.85017721461734]}}, {"type": "Feature", "properties": {"id": 484, "source": "existing", "mapcode": "AT32", "vegtype": "Fish Valley Thicket", "efg": "ValleyThicket", "efg_id": 2, "cls2022": 1, "cls2022_name": "moderate", "cls2025": 1, "cls2025_name": "moderate", "stratum": "AT32_moderate", "lon": 25.311874676399967, "lat": -32.81136999434338}, "geometry": {"type": "Point", "coordinates": [25.311874676399967, -32.81136999434338]}}, {"type": "Feature", "properties": {"id": 485, "source": "existing", "mapcode": "AT34", "vegtype": "Gamka Valley Thicket", "efg": "ValleyThicket", "efg_id": 2, "cls2022": 1, "cls2022_name": "moderate", "cls2025": 1, "cls2025_name": "moderate", "stratum": "AT34_moderate", "lon": 22.18519849849356, "lat": -33.53119003150835}, "geometry": {"type": "Point", "coordinates": [22.18519849849356, -33.53119003150835]}}, {"type": "Feature", "properties": {"id": 486, "source": "existing", "mapcode": "AT32", "vegtype": "Fish Valley Thicket", "efg": "ValleyThicket", "efg_id": 2, "cls2022": 1, "cls2022_name": "moderate", "cls2025": 0, "cls2025_name": "intact", "stratum": "AT32_moderate", "lon": 26.07508334178791, "lat": -32.394731365568745}, "geometry": {"type": "Point", "coordinates": [26.07508334178791, -32.394731365568745]}}, {"type": "Feature", "properties": {"id": 487, "source": "existing", "mapcode": "AT19", "vegtype": "Baviaans Valley Thicket", "efg": "ValleyThicket", "efg_id": 2, "cls2022": 1, "cls2022_name": "moderate", "cls2025": 1, "cls2025_name": "moderate", "stratum": "AT19_moderate", "lon": 24.121247598827953, "lat": -33.59667721572067}, "geometry": {"type": "Point", "coordinates": [24.121247598827953, -33.59667721572067]}}, {"type": "Feature", "properties": {"id": 488, "source": "existing", "mapcode": "AT49", "vegtype": "Sundays Arid Thicket", "efg": "AridThicket", "efg_id": 1, "cls2022": 1, "cls2022_name": "moderate", "cls2025": 2, "cls2025_name": "severe", "stratum": "AT49_moderate", "lon": 25.177935867537744, "lat": -32.98869743142857}, "geometry": {"type": "Point", "coordinates": [25.177935867537744, -32.98869743142857]}}, {"type": "Feature", "properties": {"id": 489, "source": "existing", "mapcode": "AT17", "vegtype": "Albany Mesic Thicket", "efg": "MesicThicket", "efg_id": 3, "cls2022": 1, "cls2022_name": "moderate", "cls2025": 2, "cls2025_name": "severe", "stratum": "AT17_moderate", "lon": 26.60140626675354, "lat": -33.6217402121476}, "geometry": {"type": "Point", "coordinates": [26.60140626675354, -33.6217402121476]}}, {"type": "Feature", "properties": {"id": 490, "source": "existing", "mapcode": "AT49", "vegtype": "Sundays Arid Thicket", "efg": "AridThicket", "efg_id": 1, "cls2022": 1, "cls2022_name": "moderate", "cls2025": 2, "cls2025_name": "severe", "stratum": "AT49_moderate", "lon": 23.973295071533467, "lat": -33.244717287402636}, "geometry": {"type": "Point", "coordinates": [23.973295071533467, -33.244717287402636]}}, {"type": "Feature", "properties": {"id": 491, "source": "existing", "mapcode": "AT28", "vegtype": "Escarpment Mesic Thicket", "efg": "MesicThicket", "efg_id": 3, "cls2022": 1, "cls2022_name": "moderate", "cls2025": -1, "cls2025_name": null, "stratum": "AT28_moderate", "lon": 26.929920166156048, "lat": -32.760435517733804}, "geometry": {"type": "Point", "coordinates": [26.929920166156048, -32.760435517733804]}}, {"type": "Feature", "properties": {"id": 492, "source": "existing", "mapcode": "AT28", "vegtype": "Escarpment Mesic Thicket", "efg": "MesicThicket", "efg_id": 3, "cls2022": 1, "cls2022_name": "moderate", "cls2025": 1, "cls2025_name": "moderate", "stratum": "AT28_moderate", "lon": 26.56421601399099, "lat": -32.58768948859762}, "geometry": {"type": "Point", "coordinates": [26.56421601399099, -32.58768948859762]}}, {"type": "Feature", "properties": {"id": 493, "source": "existing", "mapcode": "AT50", "vegtype": "Sundays Mesic Thicket", "efg": "MesicThicket", "efg_id": 3, "cls2022": 1, "cls2022_name": "moderate", "cls2025": 1, "cls2025_name": "moderate", "stratum": "AT50_moderate", "lon": 25.522080452883934, "lat": -33.385123966310516}, "geometry": {"type": "Point", "coordinates": [25.522080452883934, -33.385123966310516]}}, {"type": "Feature", "properties": {"id": 494, "source": "existing", "mapcode": "AT17", "vegtype": "Albany Mesic Thicket", "efg": "MesicThicket", "efg_id": 3, "cls2022": 1, "cls2022_name": "moderate", "cls2025": 1, "cls2025_name": "moderate", "stratum": "AT17_moderate", "lon": 26.719444895086845, "lat": -33.34523876769561}, "geometry": {"type": "Point", "coordinates": [26.719444895086845, -33.34523876769561]}}, {"type": "Feature", "properties": {"id": 495, "source": "existing", "mapcode": "AT51", "vegtype": "Sundays Valley Thicket", "efg": "ValleyThicket", "efg_id": 2, "cls2022": 1, "cls2022_name": "moderate", "cls2025": 1, "cls2025_name": "moderate", "stratum": "AT51_moderate", "lon": 24.90628532562, "lat": -33.39428678220854}, "geometry": {"type": "Point", "coordinates": [24.90628532562, -33.39428678220854]}}, {"type": "Feature", "properties": {"id": 496, "source": "existing", "mapcode": "AT30", "vegtype": "Fish Arid Thicket", "efg": "AridThicket", "efg_id": 1, "cls2022": 1, "cls2022_name": "moderate", "cls2025": 1, "cls2025_name": "moderate", "stratum": "AT30_moderate", "lon": 26.3410744974157, "lat": -33.080864579579234}, "geometry": {"type": "Point", "coordinates": [26.3410744974157, -33.080864579579234]}}, {"type": "Feature", "properties": {"id": 497, "source": "existing", "mapcode": "AT34", "vegtype": "Gamka Valley Thicket", "efg": "ValleyThicket", "efg_id": 2, "cls2022": 1, "cls2022_name": "moderate", "cls2025": 1, "cls2025_name": "moderate", "stratum": "AT34_moderate", "lon": 22.03239506866483, "lat": -33.50127613254717}, "geometry": {"type": "Point", "coordinates": [22.03239506866483, -33.50127613254717]}}, {"type": "Feature", "properties": {"id": 498, "source": "existing", "mapcode": "AT27", "vegtype": "Escarpment Arid Thicket", "efg": "AridThicket", "efg_id": 1, "cls2022": 1, "cls2022_name": "moderate", "cls2025": 2, "cls2025_name": "severe", "stratum": "AT27_moderate", "lon": 24.228236949166586, "lat": -32.32412378423695}, "geometry": {"type": "Point", "coordinates": [24.228236949166586, -32.32412378423695]}}, {"type": "Feature", "properties": {"id": 499, "source": "existing", "mapcode": "AT32", "vegtype": "Fish Valley Thicket", "efg": "ValleyThicket", "efg_id": 2, "cls2022": 1, "cls2022_name": "moderate", "cls2025": 1, "cls2025_name": "moderate", "stratum": "AT32_moderate", "lon": 25.932520706198144, "lat": -32.814064940195735}, "geometry": {"type": "Point", "coordinates": [25.932520706198144, -32.814064940195735]}}, {"type": "Feature", "properties": {"id": 500, "source": "existing", "mapcode": "AT49", "vegtype": "Sundays Arid Thicket", "efg": "AridThicket", "efg_id": 1, "cls2022": 1, "cls2022_name": "moderate", "cls2025": 1, "cls2025_name": "moderate", "stratum": "AT49_moderate", "lon": 24.60445139015584, "lat": -32.87308425436239}, "geometry": {"type": "Point", "coordinates": [24.60445139015584, -32.87308425436239]}}, {"type": "Feature", "properties": {"id": 501, "source": "existing", "mapcode": "AT51", "vegtype": "Sundays Valley Thicket", "efg": "ValleyThicket", "efg_id": 2, "cls2022": 1, "cls2022_name": "moderate", "cls2025": 0, "cls2025_name": "intact", "stratum": "AT51_moderate", "lon": 25.41616908088624, "lat": -33.556522522520524}, "geometry": {"type": "Point", "coordinates": [25.41616908088624, -33.556522522520524]}}, {"type": "Feature", "properties": {"id": 502, "source": "existing", "mapcode": "AT49", "vegtype": "Sundays Arid Thicket", "efg": "AridThicket", "efg_id": 1, "cls2022": 1, "cls2022_name": "moderate", "cls2025": 1, "cls2025_name": "moderate", "stratum": "AT49_moderate", "lon": 24.01857016185309, "lat": -33.06415591529461}, "geometry": {"type": "Point", "coordinates": [24.01857016185309, -33.06415591529461]}}, {"type": "Feature", "properties": {"id": 503, "source": "existing", "mapcode": "AT49", "vegtype": "Sundays Arid Thicket", "efg": "AridThicket", "efg_id": 1, "cls2022": 1, "cls2022_name": "moderate", "cls2025": 1, "cls2025_name": "moderate", "stratum": "AT49_moderate", "lon": 24.945901029649672, "lat": -33.20213714293537}, "geometry": {"type": "Point", "coordinates": [24.945901029649672, -33.20213714293537]}}, {"type": "Feature", "properties": {"id": 504, "source": "existing", "mapcode": "AT17", "vegtype": "Albany Mesic Thicket", "efg": "MesicThicket", "efg_id": 3, "cls2022": 1, "cls2022_name": "moderate", "cls2025": 0, "cls2025_name": "intact", "stratum": "AT17_moderate", "lon": 26.411951573332733, "lat": -33.5683802842709}, "geometry": {"type": "Point", "coordinates": [26.411951573332733, -33.5683802842709]}}, {"type": "Feature", "properties": {"id": 505, "source": "existing", "mapcode": "AT51", "vegtype": "Sundays Valley Thicket", "efg": "ValleyThicket", "efg_id": 2, "cls2022": 1, "cls2022_name": "moderate", "cls2025": 1, "cls2025_name": "moderate", "stratum": "AT51_moderate", "lon": 25.331278286536946, "lat": -33.56406837090713}, "geometry": {"type": "Point", "coordinates": [25.331278286536946, -33.56406837090713]}}, {"type": "Feature", "properties": {"id": 506, "source": "existing", "mapcode": "AT49", "vegtype": "Sundays Arid Thicket", "efg": "AridThicket", "efg_id": 1, "cls2022": 1, "cls2022_name": "moderate", "cls2025": 1, "cls2025_name": "moderate", "stratum": "AT49_moderate", "lon": 24.55890680525098, "lat": -32.89221836991413}, "geometry": {"type": "Point", "coordinates": [24.55890680525098, -32.89221836991413]}}, {"type": "Feature", "properties": {"id": 507, "source": "existing", "mapcode": "AT34", "vegtype": "Gamka Valley Thicket", "efg": "ValleyThicket", "efg_id": 2, "cls2022": 2, "cls2022_name": "severe", "cls2025": 2, "cls2025_name": "severe", "stratum": "AT34_severe", "lon": 22.276826657473748, "lat": -33.52445266687746}, "geometry": {"type": "Point", "coordinates": [22.276826657473748, -33.52445266687746]}}, {"type": "Feature", "properties": {"id": 508, "source": "existing", "mapcode": "AT49", "vegtype": "Sundays Arid Thicket", "efg": "AridThicket", "efg_id": 1, "cls2022": 2, "cls2022_name": "severe", "cls2025": 2, "cls2025_name": "severe", "stratum": "AT49_severe", "lon": 23.63427088330676, "lat": -33.12560068072839}, "geometry": {"type": "Point", "coordinates": [23.63427088330676, -33.12560068072839]}}, {"type": "Feature", "properties": {"id": 509, "source": "existing", "mapcode": "AT49", "vegtype": "Sundays Arid Thicket", "efg": "AridThicket", "efg_id": 1, "cls2022": 2, "cls2022_name": "severe", "cls2025": 2, "cls2025_name": "severe", "stratum": "AT49_severe", "lon": 23.479042002210907, "lat": -33.11104797312565}, "geometry": {"type": "Point", "coordinates": [23.479042002210907, -33.11104797312565]}}, {"type": "Feature", "properties": {"id": 510, "source": "existing", "mapcode": null, "vegtype": null, "efg": null, "efg_id": null, "cls2022": 2, "cls2022_name": "severe", "cls2025": 2, "cls2025_name": "severe", "stratum": null, "lon": 25.71611655425375, "lat": -33.23474598774891}, "geometry": {"type": "Point", "coordinates": [25.71611655425375, -33.23474598774891]}}, {"type": "Feature", "properties": {"id": 511, "source": "existing", "mapcode": null, "vegtype": null, "efg": null, "efg_id": null, "cls2022": 2, "cls2022_name": "severe", "cls2025": 2, "cls2025_name": "severe", "stratum": null, "lon": 24.28402232831041, "lat": -33.15901800929763}, "geometry": {"type": "Point", "coordinates": [24.28402232831041, -33.15901800929763]}}, {"type": "Feature", "properties": {"id": 512, "source": "existing", "mapcode": "AT37", "vegtype": "Gouritz Valley Thicket", "efg": "ValleyThicket", "efg_id": 2, "cls2022": 2, "cls2022_name": "severe", "cls2025": 2, "cls2025_name": "severe", "stratum": "AT37_severe", "lon": 21.783651566492132, "lat": -34.038378840922235}, "geometry": {"type": "Point", "coordinates": [21.783651566492132, -34.038378840922235]}}, {"type": "Feature", "properties": {"id": 513, "source": "existing", "mapcode": "AT49", "vegtype": "Sundays Arid Thicket", "efg": "AridThicket", "efg_id": 1, "cls2022": 2, "cls2022_name": "severe", "cls2025": 2, "cls2025_name": "severe", "stratum": "AT49_severe", "lon": 24.872867997050754, "lat": -33.02615717877636}, "geometry": {"type": "Point", "coordinates": [24.872867997050754, -33.02615717877636]}}, {"type": "Feature", "properties": {"id": 514, "source": "existing", "mapcode": "AT49", "vegtype": "Sundays Arid Thicket", "efg": "AridThicket", "efg_id": 1, "cls2022": 2, "cls2022_name": "severe", "cls2025": 2, "cls2025_name": "severe", "stratum": "AT49_severe", "lon": 24.866939116175566, "lat": -33.20348461586155}, "geometry": {"type": "Point", "coordinates": [24.866939116175566, -33.20348461586155]}}, {"type": "Feature", "properties": {"id": 515, "source": "existing", "mapcode": "AT49", "vegtype": "Sundays Arid Thicket", "efg": "AridThicket", "efg_id": 1, "cls2022": 2, "cls2022_name": "severe", "cls2025": 2, "cls2025_name": "severe", "stratum": "AT49_severe", "lon": 24.701738935425986, "lat": -33.095147792596734}, "geometry": {"type": "Point", "coordinates": [24.701738935425986, -33.095147792596734]}}, {"type": "Feature", "properties": {"id": 516, "source": "existing", "mapcode": "AT49", "vegtype": "Sundays Arid Thicket", "efg": "AridThicket", "efg_id": 1, "cls2022": 2, "cls2022_name": "severe", "cls2025": 2, "cls2025_name": "severe", "stratum": "AT49_severe", "lon": 24.98309128241222, "lat": -33.11374291897801}, "geometry": {"type": "Point", "coordinates": [24.98309128241222, -33.11374291897801]}}, {"type": "Feature", "properties": {"id": 517, "source": "existing", "mapcode": "AT49", "vegtype": "Sundays Arid Thicket", "efg": "AridThicket", "efg_id": 1, "cls2022": 2, "cls2022_name": "severe", "cls2025": 2, "cls2025_name": "severe", "stratum": "AT49_severe", "lon": 24.482909332214472, "lat": -32.87901313523758}, "geometry": {"type": "Point", "coordinates": [24.482909332214472, -32.87901313523758]}}, {"type": "Feature", "properties": {"id": 518, "source": "existing", "mapcode": "AT33", "vegtype": "Gamka Arid Thicket", "efg": "AridThicket", "efg_id": 1, "cls2022": 2, "cls2022_name": "severe", "cls2025": 2, "cls2025_name": "severe", "stratum": "AT33_severe", "lon": 22.135072505639688, "lat": -33.215342377611925}, "geometry": {"type": "Point", "coordinates": [22.135072505639688, -33.215342377611925]}}, {"type": "Feature", "properties": {"id": 519, "source": "existing", "mapcode": "AT49", "vegtype": "Sundays Arid Thicket", "efg": "AridThicket", "efg_id": 1, "cls2022": 2, "cls2022_name": "severe", "cls2025": 2, "cls2025_name": "severe", "stratum": "AT49_severe", "lon": 24.932426300387878, "lat": -33.198903207912544}, "geometry": {"type": "Point", "coordinates": [24.932426300387878, -33.198903207912544]}}, {"type": "Feature", "properties": {"id": 520, "source": "existing", "mapcode": "AT27", "vegtype": "Escarpment Arid Thicket", "efg": "AridThicket", "efg_id": 1, "cls2022": 2, "cls2022_name": "severe", "cls2025": 2, "cls2025_name": "severe", "stratum": "AT27_severe", "lon": 24.653499404668768, "lat": -32.113918007752986}, "geometry": {"type": "Point", "coordinates": [24.653499404668768, -32.113918007752986]}}, {"type": "Feature", "properties": {"id": 521, "source": "existing", "mapcode": "AT49", "vegtype": "Sundays Arid Thicket", "efg": "AridThicket", "efg_id": 1, "cls2022": 2, "cls2022_name": "severe", "cls2025": 2, "cls2025_name": "severe", "stratum": "AT49_severe", "lon": 24.36217575802881, "lat": -33.45842649349467}, "geometry": {"type": "Point", "coordinates": [24.36217575802881, -33.45842649349467]}}, {"type": "Feature", "properties": {"id": 522, "source": "existing", "mapcode": "AT49", "vegtype": "Sundays Arid Thicket", "efg": "AridThicket", "efg_id": 1, "cls2022": 2, "cls2022_name": "severe", "cls2025": 1, "cls2025_name": "moderate", "stratum": "AT49_severe", "lon": 25.401077384113034, "lat": -33.03046909214013}, "geometry": {"type": "Point", "coordinates": [25.401077384113034, -33.03046909214013]}}, {"type": "Feature", "properties": {"id": 523, "source": "existing", "mapcode": "AT49", "vegtype": "Sundays Arid Thicket", "efg": "AridThicket", "efg_id": 1, "cls2022": 2, "cls2022_name": "severe", "cls2025": 2, "cls2025_name": "severe", "stratum": "AT49_severe", "lon": 24.89065463967632, "lat": -33.52526115063316}, "geometry": {"type": "Point", "coordinates": [24.89065463967632, -33.52526115063316]}}, {"type": "Feature", "properties": {"id": 524, "source": "existing", "mapcode": "AT32", "vegtype": "Fish Valley Thicket", "efg": "ValleyThicket", "efg_id": 2, "cls2022": 2, "cls2022_name": "severe", "cls2025": 2, "cls2025_name": "severe", "stratum": "AT32_severe", "lon": 25.24126709506817, "lat": -32.554002665443136}, "geometry": {"type": "Point", "coordinates": [25.24126709506817, -32.554002665443136]}}, {"type": "Feature", "properties": {"id": 525, "source": "existing", "mapcode": "AT49", "vegtype": "Sundays Arid Thicket", "efg": "AridThicket", "efg_id": 1, "cls2022": 2, "cls2022_name": "severe", "cls2025": 2, "cls2025_name": "severe", "stratum": "AT49_severe", "lon": 23.736409331111147, "lat": -33.05095068061806}, "geometry": {"type": "Point", "coordinates": [23.736409331111147, -33.05095068061806]}}, {"type": "Feature", "properties": {"id": 526, "source": "existing", "mapcode": "AT19", "vegtype": "Baviaans Valley Thicket", "efg": "ValleyThicket", "efg_id": 2, "cls2022": 2, "cls2022_name": "severe", "cls2025": 1, "cls2025_name": "moderate", "stratum": "AT19_severe", "lon": 25.134277744729538, "lat": -33.573231186805145}, "geometry": {"type": "Point", "coordinates": [25.134277744729538, -33.573231186805145]}}, {"type": "Feature", "properties": {"id": 527, "source": "existing", "mapcode": "AT32", "vegtype": "Fish Valley Thicket", "efg": "ValleyThicket", "efg_id": 2, "cls2022": 2, "cls2022_name": "severe", "cls2025": 2, "cls2025_name": "severe", "stratum": "AT32_severe", "lon": 25.286542185387795, "lat": -32.957436059541216}, "geometry": {"type": "Point", "coordinates": [25.286542185387795, -32.957436059541216]}}, {"type": "Feature", "properties": {"id": 528, "source": "existing", "mapcode": "AT18", "vegtype": "Albany Valley Thicket", "efg": "ValleyThicket", "efg_id": 2, "cls2022": 2, "cls2022_name": "severe", "cls2025": 2, "cls2025_name": "severe", "stratum": "AT18_severe", "lon": 26.05972215042947, "lat": -33.37434418290108}, "geometry": {"type": "Point", "coordinates": [26.05972215042947, -33.37434418290108]}}, {"type": "Feature", "properties": {"id": 529, "source": "existing", "mapcode": "AT49", "vegtype": "Sundays Arid Thicket", "efg": "AridThicket", "efg_id": 1, "cls2022": 2, "cls2022_name": "severe", "cls2025": 2, "cls2025_name": "severe", "stratum": "AT49_severe", "lon": 24.41203225629744, "lat": -33.04340483223145}, "geometry": {"type": "Point", "coordinates": [24.41203225629744, -33.04340483223145]}}, {"type": "Feature", "properties": {"id": 530, "source": "existing", "mapcode": "AT49", "vegtype": "Sundays Arid Thicket", "efg": "AridThicket", "efg_id": 1, "cls2022": 2, "cls2022_name": "severe", "cls2025": 1, "cls2025_name": "moderate", "stratum": "AT49_severe", "lon": 25.106519802450244, "lat": -33.56730230592996}, "geometry": {"type": "Point", "coordinates": [25.106519802450244, -33.56730230592996]}}, {"type": "Feature", "properties": {"id": 531, "source": "existing", "mapcode": "AT49", "vegtype": "Sundays Arid Thicket", "efg": "AridThicket", "efg_id": 1, "cls2022": 2, "cls2022_name": "severe", "cls2025": 2, "cls2025_name": "severe", "stratum": "AT49_severe", "lon": 24.67937088485141, "lat": -33.508821980933774}, "geometry": {"type": "Point", "coordinates": [24.67937088485141, -33.508821980933774]}}, {"type": "Feature", "properties": {"id": 532, "source": "existing", "mapcode": "AT51", "vegtype": "Sundays Valley Thicket", "efg": "ValleyThicket", "efg_id": 2, "cls2022": 2, "cls2022_name": "severe", "cls2025": 2, "cls2025_name": "severe", "stratum": "AT51_severe", "lon": 25.31672557893421, "lat": -33.58131602436222}, "geometry": {"type": "Point", "coordinates": [25.31672557893421, -33.58131602436222]}}, {"type": "Feature", "properties": {"id": 533, "source": "existing", "mapcode": "AT18", "vegtype": "Albany Valley Thicket", "efg": "ValleyThicket", "efg_id": 2, "cls2022": 2, "cls2022_name": "severe", "cls2025": 1, "cls2025_name": "moderate", "stratum": "AT18_severe", "lon": 26.178299767933243, "lat": -33.15524508510433}, "geometry": {"type": "Point", "coordinates": [26.178299767933243, -33.15524508510433]}}, {"type": "Feature", "properties": {"id": 534, "source": "existing", "mapcode": "AT49", "vegtype": "Sundays Arid Thicket", "efg": "AridThicket", "efg_id": 1, "cls2022": 2, "cls2022_name": "severe", "cls2025": 2, "cls2025_name": "severe", "stratum": "AT49_severe", "lon": 25.377631355197515, "lat": -32.98761945308763}, "geometry": {"type": "Point", "coordinates": [25.377631355197515, -32.98761945308763]}}, {"type": "Feature", "properties": {"id": 535, "source": "existing", "mapcode": "AT32", "vegtype": "Fish Valley Thicket", "efg": "ValleyThicket", "efg_id": 2, "cls2022": 2, "cls2022_name": "severe", "cls2025": 2, "cls2025_name": "severe", "stratum": "AT32_severe", "lon": 26.568527927354765, "lat": -32.98761945308763}, "geometry": {"type": "Point", "coordinates": [26.568527927354765, -32.98761945308763]}}, {"type": "Feature", "properties": {"id": 536, "source": "existing", "mapcode": "AT49", "vegtype": "Sundays Arid Thicket", "efg": "AridThicket", "efg_id": 1, "cls2022": 2, "cls2022_name": "severe", "cls2025": 2, "cls2025_name": "severe", "stratum": "AT49_severe", "lon": 24.793636588991415, "lat": -32.75127270183578}, "geometry": {"type": "Point", "coordinates": [24.793636588991415, -32.75127270183578]}}, {"type": "Feature", "properties": {"id": 537, "source": "existing", "mapcode": "AT49", "vegtype": "Sundays Arid Thicket", "efg": "AridThicket", "efg_id": 1, "cls2022": 2, "cls2022_name": "severe", "cls2025": 2, "cls2025_name": "severe", "stratum": "AT49_severe", "lon": 25.127001390928168, "lat": -33.008909525321265}, "geometry": {"type": "Point", "coordinates": [25.127001390928168, -33.008909525321265]}}, {"type": "Feature", "properties": {"id": 538, "source": "existing", "mapcode": "AT32", "vegtype": "Fish Valley Thicket", "efg": "ValleyThicket", "efg_id": 2, "cls2022": 2, "cls2022_name": "severe", "cls2025": 2, "cls2025_name": "severe", "stratum": "AT32_severe", "lon": 25.93198171702767, "lat": -32.5852640373305}, "geometry": {"type": "Point", "coordinates": [25.93198171702767, -32.5852640373305]}}, {"type": "Feature", "properties": {"id": 539, "source": "existing", "mapcode": "AT51", "vegtype": "Sundays Valley Thicket", "efg": "ValleyThicket", "efg_id": 2, "cls2022": 2, "cls2022_name": "severe", "cls2025": 1, "cls2025_name": "moderate", "stratum": "AT51_severe", "lon": 24.536808249261643, "lat": -33.67968154797331}, "geometry": {"type": "Point", "coordinates": [24.536808249261643, -33.67968154797331]}}, {"type": "Feature", "properties": {"id": 540, "source": "existing", "mapcode": "AT30", "vegtype": "Fish Arid Thicket", "efg": "AridThicket", "efg_id": 1, "cls2022": 2, "cls2022_name": "severe", "cls2025": 2, "cls2025_name": "severe", "stratum": "AT30_severe", "lon": 26.36910193428023, "lat": -33.126409164484095}, "geometry": {"type": "Point", "coordinates": [26.36910193428023, -33.126409164484095]}}, {"type": "Feature", "properties": {"id": 541, "source": "existing", "mapcode": "AT49", "vegtype": "Sundays Arid Thicket", "efg": "AridThicket", "efg_id": 1, "cls2022": 2, "cls2022_name": "severe", "cls2025": 2, "cls2025_name": "severe", "stratum": "AT49_severe", "lon": 25.10274687825694, "lat": -33.02157577082735}, "geometry": {"type": "Point", "coordinates": [25.10274687825694, -33.02157577082735]}}, {"type": "Feature", "properties": {"id": 542, "source": "existing", "mapcode": "AT29", "vegtype": "Escarpment Valley Thicket", "efg": "ValleyThicket", "efg_id": 2, "cls2022": 2, "cls2022_name": "severe", "cls2025": 2, "cls2025_name": "severe", "stratum": "AT29_severe", "lon": 25.10139940533076, "lat": -32.49040194332748}, "geometry": {"type": "Point", "coordinates": [25.10139940533076, -32.49040194332748]}}, {"type": "Feature", "properties": {"id": 543, "source": "existing", "mapcode": "AT49", "vegtype": "Sundays Arid Thicket", "efg": "AridThicket", "efg_id": 1, "cls2022": 2, "cls2022_name": "severe", "cls2025": 2, "cls2025_name": "severe", "stratum": "AT49_severe", "lon": 25.195992004748547, "lat": -32.824575229019935}, "geometry": {"type": "Point", "coordinates": [25.195992004748547, -32.824575229019935]}}, {"type": "Feature", "properties": {"id": 544, "source": "existing", "mapcode": "AT32", "vegtype": "Fish Valley Thicket", "efg": "ValleyThicket", "efg_id": 2, "cls2022": 2, "cls2022_name": "severe", "cls2025": 2, "cls2025_name": "severe", "stratum": "AT32_severe", "lon": 25.342058069946383, "lat": -32.91620338800013}, "geometry": {"type": "Point", "coordinates": [25.342058069946383, -32.91620338800013]}}, {"type": "Feature", "properties": {"id": 545, "source": "existing", "mapcode": "AT27", "vegtype": "Escarpment Arid Thicket", "efg": "AridThicket", "efg_id": 1, "cls2022": 2, "cls2022_name": "severe", "cls2025": 2, "cls2025_name": "severe", "stratum": "AT27_severe", "lon": 24.362984241784513, "lat": -32.5461873224713}, "geometry": {"type": "Point", "coordinates": [24.362984241784513, -32.5461873224713]}}, {"type": "Feature", "properties": {"id": 546, "source": "existing", "mapcode": "AT49", "vegtype": "Sundays Arid Thicket", "efg": "AridThicket", "efg_id": 1, "cls2022": 2, "cls2022_name": "severe", "cls2025": 2, "cls2025_name": "severe", "stratum": "AT49_severe", "lon": 24.977162401537033, "lat": -32.85556710632206}, "geometry": {"type": "Point", "coordinates": [24.977162401537033, -32.85556710632206]}}, {"type": "Feature", "properties": {"id": 547, "source": "existing", "mapcode": "AT49", "vegtype": "Sundays Arid Thicket", "efg": "AridThicket", "efg_id": 1, "cls2022": 2, "cls2022_name": "severe", "cls2025": 2, "cls2025_name": "severe", "stratum": "AT49_severe", "lon": 24.18457882635838, "lat": -33.14608226920631}, "geometry": {"type": "Point", "coordinates": [24.18457882635838, -33.14608226920631]}}, {"type": "Feature", "properties": {"id": 548, "source": "existing", "mapcode": "AT49", "vegtype": "Sundays Arid Thicket", "efg": "AridThicket", "efg_id": 1, "cls2022": 2, "cls2022_name": "severe", "cls2025": 2, "cls2025_name": "severe", "stratum": "AT49_severe", "lon": 25.070677022613875, "lat": -33.484028479092075}, "geometry": {"type": "Point", "coordinates": [25.070677022613875, -33.484028479092075]}}, {"type": "Feature", "properties": {"id": 549, "source": "existing", "mapcode": "AT49", "vegtype": "Sundays Arid Thicket", "efg": "AridThicket", "efg_id": 1, "cls2022": 2, "cls2022_name": "severe", "cls2025": 2, "cls2025_name": "severe", "stratum": "AT49_severe", "lon": 25.190063123873358, "lat": -33.215342377611925}, "geometry": {"type": "Point", "coordinates": [25.190063123873358, -33.215342377611925]}}, {"type": "Feature", "properties": {"id": 550, "source": "existing", "mapcode": "AT49", "vegtype": "Sundays Arid Thicket", "efg": "AridThicket", "efg_id": 1, "cls2022": 2, "cls2022_name": "severe", "cls2025": 2, "cls2025_name": "severe", "stratum": "AT49_severe", "lon": 25.10732828620595, "lat": -33.17545717899702}, "geometry": {"type": "Point", "coordinates": [25.10732828620595, -33.17545717899702]}}, {"type": "Feature", "properties": {"id": 551, "source": "existing", "mapcode": "AT32", "vegtype": "Fish Valley Thicket", "efg": "ValleyThicket", "efg_id": 2, "cls2022": 2, "cls2022_name": "severe", "cls2025": 2, "cls2025_name": "severe", "stratum": "AT32_severe", "lon": 25.886167637537575, "lat": -32.52786169067526}, "geometry": {"type": "Point", "coordinates": [25.886167637537575, -32.52786169067526]}}, {"type": "Feature", "properties": {"id": 552, "source": "existing", "mapcode": "AT49", "vegtype": "Sundays Arid Thicket", "efg": "AridThicket", "efg_id": 1, "cls2022": 2, "cls2022_name": "severe", "cls2025": 2, "cls2025_name": "severe", "stratum": "AT49_severe", "lon": 24.599869982206833, "lat": -33.479986060313536}, "geometry": {"type": "Point", "coordinates": [24.599869982206833, -33.479986060313536]}}, {"type": "Feature", "properties": {"id": 553, "source": "existing", "mapcode": "AT49", "vegtype": "Sundays Arid Thicket", "efg": "AridThicket", "efg_id": 1, "cls2022": 2, "cls2022_name": "severe", "cls2025": 2, "cls2025_name": "severe", "stratum": "AT49_severe", "lon": 25.27198947778506, "lat": -33.135032991211645}, "geometry": {"type": "Point", "coordinates": [25.27198947778506, -33.135032991211645]}}, {"type": "Feature", "properties": {"id": 554, "source": "existing", "mapcode": "AT18", "vegtype": "Albany Valley Thicket", "efg": "ValleyThicket", "efg_id": 2, "cls2022": 2, "cls2022_name": "severe", "cls2025": 1, "cls2025_name": "moderate", "stratum": "AT18_severe", "lon": 25.683777204025446, "lat": -33.2406748686241}, "geometry": {"type": "Point", "coordinates": [25.683777204025446, -33.2406748686241]}}, {"type": "Feature", "properties": {"id": 555, "source": "existing", "mapcode": "AT49", "vegtype": "Sundays Arid Thicket", "efg": "AridThicket", "efg_id": 1, "cls2022": 2, "cls2022_name": "severe", "cls2025": 2, "cls2025_name": "severe", "stratum": "AT49_severe", "lon": 24.195897598938284, "lat": -33.080864579579234}, "geometry": {"type": "Point", "coordinates": [24.195897598938284, -33.080864579579234]}}, {"type": "Feature", "properties": {"id": 556, "source": "existing", "mapcode": "AT28", "vegtype": "Escarpment Mesic Thicket", "efg": "MesicThicket", "efg_id": 3, "cls2022": 2, "cls2022_name": "severe", "cls2025": 2, "cls2025_name": "severe", "stratum": "AT28_severe", "lon": 26.640482981612738, "lat": -32.7175858786813}, "geometry": {"type": "Point", "coordinates": [26.640482981612738, -32.7175858786813]}}, {"type": "Feature", "properties": {"id": 557, "source": "existing", "mapcode": "AT49", "vegtype": "Sundays Arid Thicket", "efg": "AridThicket", "efg_id": 1, "cls2022": 2, "cls2022_name": "severe", "cls2025": 2, "cls2025_name": "severe", "stratum": "AT49_severe", "lon": 25.16904254622496, "lat": -33.004867106542726}, "geometry": {"type": "Point", "coordinates": [25.16904254622496, -33.004867106542726]}}, {"type": "Feature", "properties": {"id": 558, "source": "existing", "mapcode": "AT49", "vegtype": "Sundays Arid Thicket", "efg": "AridThicket", "efg_id": 1, "cls2022": 2, "cls2022_name": "severe", "cls2025": 2, "cls2025_name": "severe", "stratum": "AT49_severe", "lon": 23.97302557694823, "lat": -33.18596746782122}, "geometry": {"type": "Point", "coordinates": [23.97302557694823, -33.18596746782122]}}, {"type": "Feature", "properties": {"id": 559, "source": "existing", "mapcode": "AT49", "vegtype": "Sundays Arid Thicket", "efg": "AridThicket", "efg_id": 1, "cls2022": 2, "cls2022_name": "severe", "cls2025": 2, "cls2025_name": "severe", "stratum": "AT49_severe", "lon": 24.18134489133555, "lat": -32.80059021093395}, "geometry": {"type": "Point", "coordinates": [24.18134489133555, -32.80059021093395]}}, {"type": "Feature", "properties": {"id": 560, "source": "existing", "mapcode": "AT49", "vegtype": "Sundays Arid Thicket", "efg": "AridThicket", "efg_id": 1, "cls2022": 2, "cls2022_name": "severe", "cls2025": 2, "cls2025_name": "severe", "stratum": "AT49_severe", "lon": 24.56106276193287, "lat": -33.03693696218579}, "geometry": {"type": "Point", "coordinates": [24.56106276193287, -33.03693696218579]}}, {"type": "Feature", "properties": {"id": 561, "source": "existing", "mapcode": "AT32", "vegtype": "Fish Valley Thicket", "efg": "ValleyThicket", "efg_id": 2, "cls2022": 2, "cls2022_name": "severe", "cls2025": 2, "cls2025_name": "severe", "stratum": "AT32_severe", "lon": 25.232373773755388, "lat": -32.57529273767677}, "geometry": {"type": "Point", "coordinates": [25.232373773755388, -32.57529273767677]}}, {"type": "Feature", "properties": {"id": 562, "source": "existing", "mapcode": "AT49", "vegtype": "Sundays Arid Thicket", "efg": "AridThicket", "efg_id": 1, "cls2022": 2, "cls2022_name": "severe", "cls2025": 2, "cls2025_name": "severe", "stratum": "AT49_severe", "lon": 24.312049765174937, "lat": -33.215342377611925}, "geometry": {"type": "Point", "coordinates": [24.312049765174937, -33.215342377611925]}}, {"type": "Feature", "properties": {"id": 563, "source": "existing", "mapcode": "AT49", "vegtype": "Sundays Arid Thicket", "efg": "AridThicket", "efg_id": 1, "cls2022": 2, "cls2022_name": "severe", "cls2025": 2, "cls2025_name": "severe", "stratum": "AT49_severe", "lon": 24.1050779237138, "lat": -32.83535501242937}, "geometry": {"type": "Point", "coordinates": [24.1050779237138, -32.83535501242937]}}, {"type": "Feature", "properties": {"id": 564, "source": "existing", "mapcode": "AT29", "vegtype": "Escarpment Valley Thicket", "efg": "ValleyThicket", "efg_id": 2, "cls2022": 2, "cls2022_name": "severe", "cls2025": 2, "cls2025_name": "severe", "stratum": "AT29_severe", "lon": 24.706320343374998, "lat": -32.45725410934347}, "geometry": {"type": "Point", "coordinates": [24.706320343374998, -32.45725410934347]}}, {"type": "Feature", "properties": {"id": 565, "source": "existing", "mapcode": "AT33", "vegtype": "Gamka Arid Thicket", "efg": "AridThicket", "efg_id": 1, "cls2022": 2, "cls2022_name": "severe", "cls2025": 2, "cls2025_name": "severe", "stratum": "AT33_severe", "lon": 21.605785140236467, "lat": -33.25819201666443}, "geometry": {"type": "Point", "coordinates": [21.605785140236467, -33.25819201666443]}}, {"type": "Feature", "properties": {"id": 566, "source": "existing", "mapcode": "AT32", "vegtype": "Fish Valley Thicket", "efg": "ValleyThicket", "efg_id": 2, "cls2022": 2, "cls2022_name": "severe", "cls2025": 2, "cls2025_name": "severe", "stratum": "AT32_severe", "lon": 26.77738623091255, "lat": -32.55912306256262}, "geometry": {"type": "Point", "coordinates": [26.77738623091255, -32.55912306256262]}}, {"type": "Feature", "properties": {"id": 567, "source": "existing", "mapcode": "AT49", "vegtype": "Sundays Arid Thicket", "efg": "AridThicket", "efg_id": 1, "cls2022": 2, "cls2022_name": "severe", "cls2025": 2, "cls2025_name": "severe", "stratum": "AT49_severe", "lon": 24.817621607077406, "lat": -32.98249905596815}, "geometry": {"type": "Point", "coordinates": [24.817621607077406, -32.98249905596815]}}, {"type": "Feature", "properties": {"id": 568, "source": "existing", "mapcode": "AT32", "vegtype": "Fish Valley Thicket", "efg": "ValleyThicket", "efg_id": 2, "cls2022": 2, "cls2022_name": "severe", "cls2025": 2, "cls2025_name": "severe", "stratum": "AT32_severe", "lon": 25.64200554331389, "lat": -32.98088208845673}, "geometry": {"type": "Point", "coordinates": [25.64200554331389, -32.98088208845673]}}, {"type": "Feature", "properties": {"id": 569, "source": "existing", "mapcode": "AT49", "vegtype": "Sundays Arid Thicket", "efg": "AridThicket", "efg_id": 1, "cls2022": 2, "cls2022_name": "severe", "cls2025": 2, "cls2025_name": "severe", "stratum": "AT49_severe", "lon": 24.661314747640606, "lat": -32.985732990990975}, "geometry": {"type": "Point", "coordinates": [24.661314747640606, -32.985732990990975]}}, {"type": "Feature", "properties": {"id": 570, "source": "existing", "mapcode": "AT32", "vegtype": "Fish Valley Thicket", "efg": "ValleyThicket", "efg_id": 2, "cls2022": 2, "cls2022_name": "severe", "cls2025": 2, "cls2025_name": "severe", "stratum": "AT32_severe", "lon": 25.83765861219512, "lat": -32.69521782810673}, "geometry": {"type": "Point", "coordinates": [25.83765861219512, -32.69521782810673]}}, {"type": "Feature", "properties": {"id": 571, "source": "existing", "mapcode": "AT49", "vegtype": "Sundays Arid Thicket", "efg": "AridThicket", "efg_id": 1, "cls2022": 2, "cls2022_name": "severe", "cls2025": 2, "cls2025_name": "severe", "stratum": "AT49_severe", "lon": 25.163113665349773, "lat": -33.515559345564675}, "geometry": {"type": "Point", "coordinates": [25.163113665349773, -33.515559345564675]}}, {"type": "Feature", "properties": {"id": 572, "source": "existing", "mapcode": "AT49", "vegtype": "Sundays Arid Thicket", "efg": "AridThicket", "efg_id": 1, "cls2022": 2, "cls2022_name": "severe", "cls2025": 2, "cls2025_name": "severe", "stratum": "AT49_severe", "lon": 25.07040752802864, "lat": -33.486184435773964}, "geometry": {"type": "Point", "coordinates": [25.07040752802864, -33.486184435773964]}}, {"type": "Feature", "properties": {"id": 573, "source": "existing", "mapcode": "AT49", "vegtype": "Sundays Arid Thicket", "efg": "AridThicket", "efg_id": 1, "cls2022": 2, "cls2022_name": "severe", "cls2025": 2, "cls2025_name": "severe", "stratum": "AT49_severe", "lon": 24.216648682001445, "lat": -33.22019328014618}, "geometry": {"type": "Point", "coordinates": [24.216648682001445, -33.22019328014618]}}, {"type": "Feature", "properties": {"id": 574, "source": "existing", "mapcode": "AT29", "vegtype": "Escarpment Valley Thicket", "efg": "ValleyThicket", "efg_id": 2, "cls2022": 2, "cls2022_name": "severe", "cls2025": 2, "cls2025_name": "severe", "stratum": "AT29_severe", "lon": 25.129965831365762, "lat": -32.41386548112049}, "geometry": {"type": "Point", "coordinates": [25.129965831365762, -32.41386548112049]}}, {"type": "Feature", "properties": {"id": 575, "source": "existing", "mapcode": "AT49", "vegtype": "Sundays Arid Thicket", "efg": "AridThicket", "efg_id": 1, "cls2022": 2, "cls2022_name": "severe", "cls2025": 2, "cls2025_name": "severe", "stratum": "AT49_severe", "lon": 25.045344531601703, "lat": -33.01187396575886}, "geometry": {"type": "Point", "coordinates": [25.045344531601703, -33.01187396575886]}}, {"type": "Feature", "properties": {"id": 576, "source": "existing", "mapcode": "AT49", "vegtype": "Sundays Arid Thicket", "efg": "AridThicket", "efg_id": 1, "cls2022": 2, "cls2022_name": "severe", "cls2025": 2, "cls2025_name": "severe", "stratum": "AT49_severe", "lon": 23.908077381906388, "lat": -33.08221205250541}, "geometry": {"type": "Point", "coordinates": [23.908077381906388, -33.08221205250541]}}, {"type": "Feature", "properties": {"id": 577, "source": "existing", "mapcode": "AT49", "vegtype": "Sundays Arid Thicket", "efg": "AridThicket", "efg_id": 1, "cls2022": 2, "cls2022_name": "severe", "cls2025": 2, "cls2025_name": "severe", "stratum": "AT49_severe", "lon": 24.60984128186056, "lat": -33.46112143934703}, "geometry": {"type": "Point", "coordinates": [24.60984128186056, -33.46112143934703]}}, {"type": "Feature", "properties": {"id": 578, "source": "existing", "mapcode": null, "vegtype": null, "efg": null, "efg_id": null, "cls2022": 2, "cls2022_name": "severe", "cls2025": 2, "cls2025_name": "severe", "stratum": null, "lon": 24.0660012088546, "lat": -33.3007721611317}, "geometry": {"type": "Point", "coordinates": [24.0660012088546, -33.3007721611317]}}, {"type": "Feature", "properties": {"id": 579, "source": "existing", "mapcode": "AT49", "vegtype": "Sundays Arid Thicket", "efg": "AridThicket", "efg_id": 1, "cls2022": 2, "cls2022_name": "severe", "cls2025": 2, "cls2025_name": "severe", "stratum": "AT49_severe", "lon": 23.72347359101983, "lat": -33.18111656528698}, "geometry": {"type": "Point", "coordinates": [23.72347359101983, -33.18111656528698]}}, {"type": "Feature", "properties": {"id": 580, "source": "existing", "mapcode": "AT49", "vegtype": "Sundays Arid Thicket", "efg": "AridThicket", "efg_id": 1, "cls2022": 2, "cls2022_name": "severe", "cls2025": 2, "cls2025_name": "severe", "stratum": "AT49_severe", "lon": 24.954255361791983, "lat": -33.06334743153891}, "geometry": {"type": "Point", "coordinates": [24.954255361791983, -33.06334743153891]}}, {"type": "Feature", "properties": {"id": 581, "source": "existing", "mapcode": "AT49", "vegtype": "Sundays Arid Thicket", "efg": "AridThicket", "efg_id": 1, "cls2022": 2, "cls2022_name": "severe", "cls2025": 2, "cls2025_name": "severe", "stratum": "AT49_severe", "lon": 24.994410054992127, "lat": -32.97037179963254}, "geometry": {"type": "Point", "coordinates": [24.994410054992127, -32.97037179963254]}}, {"type": "Feature", "properties": {"id": 582, "source": "existing", "mapcode": "AT49", "vegtype": "Sundays Arid Thicket", "efg": "AridThicket", "efg_id": 1, "cls2022": 2, "cls2022_name": "severe", "cls2025": 2, "cls2025_name": "severe", "stratum": "AT49_severe", "lon": 24.910058249813304, "lat": -33.16467739558759}, "geometry": {"type": "Point", "coordinates": [24.910058249813304, -33.16467739558759]}}, {"type": "Feature", "properties": {"id": 583, "source": "existing", "mapcode": "AT49", "vegtype": "Sundays Arid Thicket", "efg": "AridThicket", "efg_id": 1, "cls2022": 2, "cls2022_name": "severe", "cls2025": 2, "cls2025_name": "severe", "stratum": "AT49_severe", "lon": 24.9949490441626, "lat": -33.21642035595287}, "geometry": {"type": "Point", "coordinates": [24.9949490441626, -33.21642035595287]}}, {"type": "Feature", "properties": {"id": 584, "source": "existing", "mapcode": "AT49", "vegtype": "Sundays Arid Thicket", "efg": "AridThicket", "efg_id": 1, "cls2022": 2, "cls2022_name": "severe", "cls2025": 2, "cls2025_name": "severe", "stratum": "AT49_severe", "lon": 24.73542575858047, "lat": -33.50451006757}, "geometry": {"type": "Point", "coordinates": [24.73542575858047, -33.50451006757]}}, {"type": "Feature", "properties": {"id": 585, "source": "existing", "mapcode": "AT49", "vegtype": "Sundays Arid Thicket", "efg": "AridThicket", "efg_id": 1, "cls2022": 2, "cls2022_name": "severe", "cls2025": 2, "cls2025_name": "severe", "stratum": "AT49_severe", "lon": 24.561332256518106, "lat": -33.56784129510043}, "geometry": {"type": "Point", "coordinates": [24.561332256518106, -33.56784129510043]}}, {"type": "Feature", "properties": {"id": 586, "source": "existing", "mapcode": "AT51", "vegtype": "Sundays Valley Thicket", "efg": "ValleyThicket", "efg_id": 2, "cls2022": 2, "cls2022_name": "severe", "cls2025": 1, "cls2025_name": "moderate", "stratum": "AT51_severe", "lon": 24.87125102953934, "lat": -33.453036601789954}, "geometry": {"type": "Point", "coordinates": [24.87125102953934, -33.453036601789954]}}, {"type": "Feature", "properties": {"id": 587, "source": "existing", "mapcode": "AT49", "vegtype": "Sundays Arid Thicket", "efg": "AridThicket", "efg_id": 1, "cls2022": 2, "cls2022_name": "severe", "cls2025": 2, "cls2025_name": "severe", "stratum": "AT49_severe", "lon": 24.49341962103867, "lat": -33.450880645108064}, "geometry": {"type": "Point", "coordinates": [24.49341962103867, -33.450880645108064]}}, {"type": "Feature", "properties": {"id": 588, "source": "existing", "mapcode": "AT27", "vegtype": "Escarpment Arid Thicket", "efg": "AridThicket", "efg_id": 1, "cls2022": 2, "cls2022_name": "severe", "cls2025": 2, "cls2025_name": "severe", "stratum": "AT27_severe", "lon": 24.390742184063807, "lat": -32.52166331521483}, "geometry": {"type": "Point", "coordinates": [24.390742184063807, -32.52166331521483]}}, {"type": "Feature", "properties": {"id": 589, "source": "existing", "mapcode": "AT49", "vegtype": "Sundays Arid Thicket", "efg": "AridThicket", "efg_id": 1, "cls2022": 2, "cls2022_name": "severe", "cls2025": 2, "cls2025_name": "severe", "stratum": "AT49_severe", "lon": 23.810789836636246, "lat": -33.054184615640885}, "geometry": {"type": "Point", "coordinates": [23.810789836636246, -33.054184615640885]}}, {"type": "Feature", "properties": {"id": 590, "source": "existing", "mapcode": "AT49", "vegtype": "Sundays Arid Thicket", "efg": "AridThicket", "efg_id": 1, "cls2022": 2, "cls2022_name": "severe", "cls2025": 2, "cls2025_name": "severe", "stratum": "AT49_severe", "lon": 23.760124854611902, "lat": -33.18300302738363}, "geometry": {"type": "Point", "coordinates": [23.760124854611902, -33.18300302738363]}}, {"type": "Feature", "properties": {"id": 591, "source": "existing", "mapcode": "AT49", "vegtype": "Sundays Arid Thicket", "efg": "AridThicket", "efg_id": 1, "cls2022": 2, "cls2022_name": "severe", "cls2025": 2, "cls2025_name": "severe", "stratum": "AT49_severe", "lon": 24.952907888865806, "lat": -33.114012413563245}, "geometry": {"type": "Point", "coordinates": [24.952907888865806, -33.114012413563245]}}, {"type": "Feature", "properties": {"id": 592, "source": "existing", "mapcode": "AT33", "vegtype": "Gamka Arid Thicket", "efg": "AridThicket", "efg_id": 1, "cls2022": 2, "cls2022_name": "severe", "cls2025": 2, "cls2025_name": "severe", "stratum": "AT33_severe", "lon": 21.647556800948024, "lat": -33.54493425535538}, "geometry": {"type": "Point", "coordinates": [21.647556800948024, -33.54493425535538]}}, {"type": "Feature", "properties": {"id": 593, "source": "existing", "mapcode": null, "vegtype": null, "efg": null, "efg_id": null, "cls2022": 2, "cls2022_name": "severe", "cls2025": 2, "cls2025_name": "severe", "stratum": null, "lon": 25.105172329524063, "lat": -32.46857288192337}, "geometry": {"type": "Point", "coordinates": [25.105172329524063, -32.46857288192337]}}, {"type": "Feature", "properties": {"id": 594, "source": "existing", "mapcode": "AT30", "vegtype": "Fish Arid Thicket", "efg": "AridThicket", "efg_id": 1, "cls2022": 2, "cls2022_name": "severe", "cls2025": 2, "cls2025_name": "severe", "stratum": "AT30_severe", "lon": 26.5440039200983, "lat": -33.130451583262634}, "geometry": {"type": "Point", "coordinates": [26.5440039200983, -33.130451583262634]}}, {"type": "Feature", "properties": {"id": 595, "source": "existing", "mapcode": "AT21", "vegtype": "Buffels Mesic Thicket", "efg": "MesicThicket", "efg_id": 3, "cls2022": 2, "cls2022_name": "severe", "cls2025": 1, "cls2025_name": "moderate", "stratum": "AT21_severe", "lon": 27.747027748591165, "lat": -33.002980644446076}, "geometry": {"type": "Point", "coordinates": [27.747027748591165, -33.002980644446076]}}, {"type": "Feature", "properties": {"id": 596, "source": "existing", "mapcode": "AT32", "vegtype": "Fish Valley Thicket", "efg": "ValleyThicket", "efg_id": 2, "cls2022": 2, "cls2022_name": "severe", "cls2025": 2, "cls2025_name": "severe", "stratum": "AT32_severe", "lon": 25.954349767602245, "lat": -32.67204129377644}, "geometry": {"type": "Point", "coordinates": [25.954349767602245, -32.67204129377644]}}, {"type": "Feature", "properties": {"id": 597, "source": "existing", "mapcode": "AT49", "vegtype": "Sundays Arid Thicket", "efg": "AridThicket", "efg_id": 1, "cls2022": 2, "cls2022_name": "severe", "cls2025": 2, "cls2025_name": "severe", "stratum": "AT49_severe", "lon": 24.636790740384146, "lat": -32.946925770717016}, "geometry": {"type": "Point", "coordinates": [24.636790740384146, -32.946925770717016]}}, {"type": "Feature", "properties": {"id": 598, "source": "existing", "mapcode": "AT17", "vegtype": "Albany Mesic Thicket", "efg": "MesicThicket", "efg_id": 3, "cls2022": 2, "cls2022_name": "severe", "cls2025": 1, "cls2025_name": "moderate", "stratum": "AT17_severe", "lon": 25.85921817901399, "lat": -33.54331728784396}, "geometry": {"type": "Point", "coordinates": [25.85921817901399, -33.54331728784396]}}, {"type": "Feature", "properties": {"id": 599, "source": "existing", "mapcode": "AT33", "vegtype": "Gamka Arid Thicket", "efg": "AridThicket", "efg_id": 1, "cls2022": 2, "cls2022_name": "severe", "cls2025": 2, "cls2025_name": "severe", "stratum": "AT33_severe", "lon": 22.606149040631966, "lat": -33.28675844269943}, "geometry": {"type": "Point", "coordinates": [22.606149040631966, -33.28675844269943]}}, {"type": "Feature", "properties": {"id": 600, "source": "existing", "mapcode": "AT27", "vegtype": "Escarpment Arid Thicket", "efg": "AridThicket", "efg_id": 1, "cls2022": 2, "cls2022_name": "severe", "cls2025": 2, "cls2025_name": "severe", "stratum": "AT27_severe", "lon": 25.47545788963813, "lat": -32.001808260294865}, "geometry": {"type": "Point", "coordinates": [25.47545788963813, -32.001808260294865]}}, {"type": "Feature", "properties": {"id": 601, "source": "existing", "mapcode": "AT51", "vegtype": "Sundays Valley Thicket", "efg": "ValleyThicket", "efg_id": 2, "cls2022": 2, "cls2022_name": "severe", "cls2025": 0, "cls2025_name": "intact", "stratum": "AT51_severe", "lon": 24.748092004086555, "lat": -33.752984075157464}, "geometry": {"type": "Point", "coordinates": [24.748092004086555, -33.752984075157464]}}, {"type": "Feature", "properties": {"id": 602, "source": "existing", "mapcode": "AT49", "vegtype": "Sundays Arid Thicket", "efg": "AridThicket", "efg_id": 1, "cls2022": 2, "cls2022_name": "severe", "cls2025": 2, "cls2025_name": "severe", "stratum": "AT49_severe", "lon": 24.706320343374998, "lat": -33.04124887554956}, "geometry": {"type": "Point", "coordinates": [24.706320343374998, -33.04124887554956]}}, {"type": "Feature", "properties": {"id": 603, "source": "existing", "mapcode": "AT49", "vegtype": "Sundays Arid Thicket", "efg": "AridThicket", "efg_id": 1, "cls2022": 2, "cls2022_name": "severe", "cls2025": 2, "cls2025_name": "severe", "stratum": "AT49_severe", "lon": 24.793097599820943, "lat": -33.182194543627915}, "geometry": {"type": "Point", "coordinates": [24.793097599820943, -33.182194543627915]}}, {"type": "Feature", "properties": {"id": 604, "source": "existing", "mapcode": null, "vegtype": null, "efg": null, "efg_id": null, "cls2022": 2, "cls2022_name": "severe", "cls2025": 2, "cls2025_name": "severe", "stratum": null, "lon": 25.140206625604726, "lat": -33.38215952587292}, "geometry": {"type": "Point", "coordinates": [25.140206625604726, -33.38215952587292]}}, {"type": "Feature", "properties": {"id": 605, "source": "existing", "mapcode": "AT49", "vegtype": "Sundays Arid Thicket", "efg": "AridThicket", "efg_id": 1, "cls2022": 2, "cls2022_name": "severe", "cls2025": 2, "cls2025_name": "severe", "stratum": "AT49_severe", "lon": 24.582083339581267, "lat": -33.48187252241019}, "geometry": {"type": "Point", "coordinates": [24.582083339581267, -33.48187252241019]}}, {"type": "Feature", "properties": {"id": 606, "source": "existing", "mapcode": "AT33", "vegtype": "Gamka Arid Thicket", "efg": "AridThicket", "efg_id": 1, "cls2022": 2, "cls2022_name": "severe", "cls2025": 2, "cls2025_name": "severe", "stratum": "AT33_severe", "lon": 22.652232614707298, "lat": -33.294304291086036}, "geometry": {"type": "Point", "coordinates": [22.652232614707298, -33.294304291086036]}}, {"type": "Feature", "properties": {"id": 607, "source": "existing", "mapcode": "AT49", "vegtype": "Sundays Arid Thicket", "efg": "AridThicket", "efg_id": 1, "cls2022": 2, "cls2022_name": "severe", "cls2025": 2, "cls2025_name": "severe", "stratum": "AT49_severe", "lon": 25.188715650947177, "lat": -33.16952829812183}, "geometry": {"type": "Point", "coordinates": [25.188715650947177, -33.16952829812183]}}, {"type": "Feature", "properties": {"id": 608, "source": "existing", "mapcode": "AT49", "vegtype": "Sundays Arid Thicket", "efg": "AridThicket", "efg_id": 1, "cls2022": 2, "cls2022_name": "severe", "cls2025": 1, "cls2025_name": "moderate", "stratum": "AT49_severe", "lon": 24.440329187747206, "lat": -33.44980266676712}, "geometry": {"type": "Point", "coordinates": [24.440329187747206, -33.44980266676712]}}, {"type": "Feature", "properties": {"id": 609, "source": "existing", "mapcode": "AT49", "vegtype": "Sundays Arid Thicket", "efg": "AridThicket", "efg_id": 1, "cls2022": 2, "cls2022_name": "severe", "cls2025": 2, "cls2025_name": "severe", "stratum": "AT49_severe", "lon": 24.039051750331016, "lat": -33.05768804524895}, "geometry": {"type": "Point", "coordinates": [24.039051750331016, -33.05768804524895]}}, {"type": "Feature", "properties": {"id": 610, "source": "existing", "mapcode": "AT49", "vegtype": "Sundays Arid Thicket", "efg": "AridThicket", "efg_id": 1, "cls2022": 2, "cls2022_name": "severe", "cls2025": 2, "cls2025_name": "severe", "stratum": "AT49_severe", "lon": 25.151794892769868, "lat": -33.508821980933774}, "geometry": {"type": "Point", "coordinates": [25.151794892769868, -33.508821980933774]}}, {"type": "Feature", "properties": {"id": 611, "source": "existing", "mapcode": "AT29", "vegtype": "Escarpment Valley Thicket", "efg": "ValleyThicket", "efg_id": 2, "cls2022": 2, "cls2022_name": "severe", "cls2025": 2, "cls2025_name": "severe", "stratum": "AT29_severe", "lon": 24.74836149867179, "lat": -32.48070013825898}, "geometry": {"type": "Point", "coordinates": [24.74836149867179, -32.48070013825898]}}, {"type": "Feature", "properties": {"id": 612, "source": "existing", "mapcode": "AT32", "vegtype": "Fish Valley Thicket", "efg": "ValleyThicket", "efg_id": 2, "cls2022": 2, "cls2022_name": "severe", "cls2025": 2, "cls2025_name": "severe", "stratum": "AT32_severe", "lon": 25.174701932514914, "lat": -32.91701187175583}, "geometry": {"type": "Point", "coordinates": [25.174701932514914, -32.91701187175583]}}, {"type": "Feature", "properties": {"id": 613, "source": "existing", "mapcode": "AT49", "vegtype": "Sundays Arid Thicket", "efg": "AridThicket", "efg_id": 1, "cls2022": 2, "cls2022_name": "severe", "cls2025": 2, "cls2025_name": "severe", "stratum": "AT49_severe", "lon": 25.03510373736274, "lat": -33.07574418245976}, "geometry": {"type": "Point", "coordinates": [25.03510373736274, -33.07574418245976]}}, {"type": "Feature", "properties": {"id": 614, "source": "existing", "mapcode": "AT51", "vegtype": "Sundays Valley Thicket", "efg": "ValleyThicket", "efg_id": 2, "cls2022": 2, "cls2022_name": "severe", "cls2025": 2, "cls2025_name": "severe", "stratum": "AT51_severe", "lon": 24.926227924927456, "lat": -33.46731981480745}, "geometry": {"type": "Point", "coordinates": [24.926227924927456, -33.46731981480745]}}, {"type": "Feature", "properties": {"id": 615, "source": "existing", "mapcode": "AT49", "vegtype": "Sundays Arid Thicket", "efg": "AridThicket", "efg_id": 1, "cls2022": 2, "cls2022_name": "severe", "cls2025": 2, "cls2025_name": "severe", "stratum": "AT49_severe", "lon": 25.14586601189468, "lat": -33.43336349706774}, "geometry": {"type": "Point", "coordinates": [25.14586601189468, -33.43336349706774]}}, {"type": "Feature", "properties": {"id": 616, "source": "existing", "mapcode": "AT32", "vegtype": "Fish Valley Thicket", "efg": "ValleyThicket", "efg_id": 2, "cls2022": 2, "cls2022_name": "severe", "cls2025": 2, "cls2025_name": "severe", "stratum": "AT32_severe", "lon": 25.942222511266635, "lat": -32.5364855174028}, "geometry": {"type": "Point", "coordinates": [25.942222511266635, -32.5364855174028]}}, {"type": "Feature", "properties": {"id": 617, "source": "existing", "mapcode": "AT51", "vegtype": "Sundays Valley Thicket", "efg": "ValleyThicket", "efg_id": 2, "cls2022": 2, "cls2022_name": "severe", "cls2025": 2, "cls2025_name": "severe", "stratum": "AT51_severe", "lon": 25.60939669850035, "lat": -33.600180645328734}, "geometry": {"type": "Point", "coordinates": [25.60939669850035, -33.600180645328734]}}, {"type": "Feature", "properties": {"id": 618, "source": "existing", "mapcode": "AT49", "vegtype": "Sundays Arid Thicket", "efg": "AridThicket", "efg_id": 1, "cls2022": 2, "cls2022_name": "severe", "cls2025": 2, "cls2025_name": "severe", "stratum": "AT49_severe", "lon": 25.349603918332985, "lat": -33.457618009738965}, "geometry": {"type": "Point", "coordinates": [25.349603918332985, -33.457618009738965]}}, {"type": "Feature", "properties": {"id": 619, "source": "existing", "mapcode": "AT34", "vegtype": "Gamka Valley Thicket", "efg": "ValleyThicket", "efg_id": 2, "cls2022": 2, "cls2022_name": "severe", "cls2025": 2, "cls2025_name": "severe", "stratum": "AT34_severe", "lon": 22.350129184657902, "lat": -33.55301909291246}, "geometry": {"type": "Point", "coordinates": [22.350129184657902, -33.55301909291246]}}, {"type": "Feature", "properties": {"id": 620, "source": "existing", "mapcode": "AT19", "vegtype": "Baviaans Valley Thicket", "efg": "ValleyThicket", "efg_id": 2, "cls2022": 2, "cls2022_name": "severe", "cls2025": 1, "cls2025_name": "moderate", "stratum": "AT19_severe", "lon": 25.252046878477604, "lat": -33.252532630374475}, "geometry": {"type": "Point", "coordinates": [25.252046878477604, -33.252532630374475]}}, {"type": "Feature", "properties": {"id": 621, "source": "existing", "mapcode": "AT49", "vegtype": "Sundays Arid Thicket", "efg": "AridThicket", "efg_id": 1, "cls2022": 2, "cls2022_name": "severe", "cls2025": 2, "cls2025_name": "severe", "stratum": "AT49_severe", "lon": 24.48102287011782, "lat": -33.440639850869104}, "geometry": {"type": "Point", "coordinates": [24.48102287011782, -33.440639850869104]}}, {"type": "Feature", "properties": {"id": 622, "source": "existing", "mapcode": "AT32", "vegtype": "Fish Valley Thicket", "efg": "ValleyThicket", "efg_id": 2, "cls2022": 2, "cls2022_name": "severe", "cls2025": 2, "cls2025_name": "severe", "stratum": "AT32_severe", "lon": 25.331547781122183, "lat": -32.84397883915692}, "geometry": {"type": "Point", "coordinates": [25.331547781122183, -32.84397883915692]}}, {"type": "Feature", "properties": {"id": 623, "source": "existing", "mapcode": "AT49", "vegtype": "Sundays Arid Thicket", "efg": "AridThicket", "efg_id": 1, "cls2022": 2, "cls2022_name": "severe", "cls2025": 2, "cls2025_name": "severe", "stratum": "AT49_severe", "lon": 24.284291822895646, "lat": -33.287566926455135}, "geometry": {"type": "Point", "coordinates": [24.284291822895646, -33.287566926455135]}}, {"type": "Feature", "properties": {"id": 624, "source": "existing", "mapcode": "AT32", "vegtype": "Fish Valley Thicket", "efg": "ValleyThicket", "efg_id": 2, "cls2022": 2, "cls2022_name": "severe", "cls2025": 2, "cls2025_name": "severe", "stratum": "AT32_severe", "lon": 26.837214028834914, "lat": -33.09838172761957}, "geometry": {"type": "Point", "coordinates": [26.837214028834914, -33.09838172761957]}}, {"type": "Feature", "properties": {"id": 625, "source": "existing", "mapcode": "AT49", "vegtype": "Sundays Arid Thicket", "efg": "AridThicket", "efg_id": 1, "cls2022": 2, "cls2022_name": "severe", "cls2025": 1, "cls2025_name": "moderate", "stratum": "AT49_severe", "lon": 24.461349765395603, "lat": -33.20348461586155}, "geometry": {"type": "Point", "coordinates": [24.461349765395603, -33.20348461586155]}}, {"type": "Feature", "properties": {"id": 626, "source": "existing", "mapcode": "AT49", "vegtype": "Sundays Arid Thicket", "efg": "AridThicket", "efg_id": 1, "cls2022": 2, "cls2022_name": "severe", "cls2025": 0, "cls2025_name": "intact", "stratum": "AT49_severe", "lon": 23.18610138805953, "lat": -33.37542216124203}, "geometry": {"type": "Point", "coordinates": [23.18610138805953, -33.37542216124203]}}, {"type": "Feature", "properties": {"id": 627, "source": "existing", "mapcode": "AT49", "vegtype": "Sundays Arid Thicket", "efg": "AridThicket", "efg_id": 1, "cls2022": 2, "cls2022_name": "severe", "cls2025": 2, "cls2025_name": "severe", "stratum": "AT49_severe", "lon": 24.72545445892674, "lat": -33.0301995975549}, "geometry": {"type": "Point", "coordinates": [24.72545445892674, -33.0301995975549]}}, {"type": "Feature", "properties": {"id": 628, "source": "existing", "mapcode": "AT49", "vegtype": "Sundays Arid Thicket", "efg": "AridThicket", "efg_id": 1, "cls2022": 2, "cls2022_name": "severe", "cls2025": 2, "cls2025_name": "severe", "stratum": "AT49_severe", "lon": 24.632209332435135, "lat": -32.87146728685097}, "geometry": {"type": "Point", "coordinates": [24.632209332435135, -32.87146728685097]}}, {"type": "Feature", "properties": {"id": 629, "source": "existing", "mapcode": "AT49", "vegtype": "Sundays Arid Thicket", "efg": "AridThicket", "efg_id": 1, "cls2022": 2, "cls2022_name": "severe", "cls2025": 2, "cls2025_name": "severe", "stratum": "AT49_severe", "lon": 24.676945433584287, "lat": -33.21668985053811}, "geometry": {"type": "Point", "coordinates": [24.676945433584287, -33.21668985053811]}}, {"type": "Feature", "properties": {"id": 630, "source": "existing", "mapcode": "AT29", "vegtype": "Escarpment Valley Thicket", "efg": "ValleyThicket", "efg_id": 2, "cls2022": 2, "cls2022_name": "severe", "cls2025": 2, "cls2025_name": "severe", "stratum": "AT29_severe", "lon": 24.99171510913977, "lat": -32.4222198132628}, "geometry": {"type": "Point", "coordinates": [24.99171510913977, -32.4222198132628]}}, {"type": "Feature", "properties": {"id": 631, "source": "existing", "mapcode": "AT49", "vegtype": "Sundays Arid Thicket", "efg": "AridThicket", "efg_id": 1, "cls2022": 2, "cls2022_name": "severe", "cls2025": 2, "cls2025_name": "severe", "stratum": "AT49_severe", "lon": 24.2794409203614, "lat": -33.16225194432047}, "geometry": {"type": "Point", "coordinates": [24.2794409203614, -33.16225194432047]}}, {"type": "Feature", "properties": {"id": 632, "source": "existing", "mapcode": "AT33", "vegtype": "Gamka Arid Thicket", "efg": "AridThicket", "efg_id": 1, "cls2022": 2, "cls2022_name": "severe", "cls2025": 2, "cls2025_name": "severe", "stratum": "AT33_severe", "lon": 21.587190013855192, "lat": -33.43228551872679}, "geometry": {"type": "Point", "coordinates": [21.587190013855192, -33.43228551872679]}}, {"type": "Feature", "properties": {"id": 633, "source": "existing", "mapcode": "AT32", "vegtype": "Fish Valley Thicket", "efg": "ValleyThicket", "efg_id": 2, "cls2022": 2, "cls2022_name": "severe", "cls2025": 2, "cls2025_name": "severe", "stratum": "AT32_severe", "lon": 25.05477684208496, "lat": -32.91539490424442}, "geometry": {"type": "Point", "coordinates": [25.05477684208496, -32.91539490424442]}}, {"type": "Feature", "properties": {"id": 634, "source": "existing", "mapcode": "AT49", "vegtype": "Sundays Arid Thicket", "efg": "AridThicket", "efg_id": 1, "cls2022": 2, "cls2022_name": "severe", "cls2025": 2, "cls2025_name": "severe", "stratum": "AT49_severe", "lon": 25.02405445936807, "lat": -32.84882974169116}, "geometry": {"type": "Point", "coordinates": [25.02405445936807, -32.84882974169116]}}, {"type": "Feature", "properties": {"id": 635, "source": "existing", "mapcode": "AT49", "vegtype": "Sundays Arid Thicket", "efg": "AridThicket", "efg_id": 1, "cls2022": 2, "cls2022_name": "severe", "cls2025": 2, "cls2025_name": "severe", "stratum": "AT49_severe", "lon": 25.069868538858167, "lat": -33.45600104222755}, "geometry": {"type": "Point", "coordinates": [25.069868538858167, -33.45600104222755]}}, {"type": "Feature", "properties": {"id": 636, "source": "existing", "mapcode": null, "vegtype": null, "efg": null, "efg_id": null, "cls2022": 2, "cls2022_name": "severe", "cls2025": 2, "cls2025_name": "severe", "stratum": null, "lon": 23.800549042397282, "lat": -33.143117828768716}, "geometry": {"type": "Point", "coordinates": [23.800549042397282, -33.143117828768716]}}, {"type": "Feature", "properties": {"id": 637, "source": "existing", "mapcode": "AT51", "vegtype": "Sundays Valley Thicket", "efg": "ValleyThicket", "efg_id": 2, "cls2022": 2, "cls2022_name": "severe", "cls2025": 2, "cls2025_name": "severe", "stratum": "AT51_severe", "lon": 25.2587842431085, "lat": -33.5293035694117}, "geometry": {"type": "Point", "coordinates": [25.2587842431085, -33.5293035694117]}}, {"type": "Feature", "properties": {"id": 638, "source": "existing", "mapcode": "AT32", "vegtype": "Fish Valley Thicket", "efg": "ValleyThicket", "efg_id": 2, "cls2022": 2, "cls2022_name": "severe", "cls2025": 2, "cls2025_name": "severe", "stratum": "AT32_severe", "lon": 25.69267052533823, "lat": -32.46614743065625}, "geometry": {"type": "Point", "coordinates": [25.69267052533823, -32.46614743065625]}}, {"type": "Feature", "properties": {"id": 639, "source": "existing", "mapcode": "AT32", "vegtype": "Fish Valley Thicket", "efg": "ValleyThicket", "efg_id": 2, "cls2022": 2, "cls2022_name": "severe", "cls2025": 2, "cls2025_name": "severe", "stratum": "AT32_severe", "lon": 25.38248225773176, "lat": -32.63134761140583}, "geometry": {"type": "Point", "coordinates": [25.38248225773176, -32.63134761140583]}}, {"type": "Feature", "properties": {"id": 640, "source": "existing", "mapcode": "AT51", "vegtype": "Sundays Valley Thicket", "efg": "ValleyThicket", "efg_id": 2, "cls2022": 2, "cls2022_name": "severe", "cls2025": 2, "cls2025_name": "severe", "stratum": "AT51_severe", "lon": 24.905476841864292, "lat": -33.37434418290108}, "geometry": {"type": "Point", "coordinates": [24.905476841864292, -33.37434418290108]}}, {"type": "Feature", "properties": {"id": 641, "source": "existing", "mapcode": null, "vegtype": null, "efg": null, "efg_id": null, "cls2022": 2, "cls2022_name": "severe", "cls2025": 1, "cls2025_name": "moderate", "stratum": null, "lon": 25.466025579154874, "lat": -33.63629291975034}, "geometry": {"type": "Point", "coordinates": [25.466025579154874, -33.63629291975034]}}, {"type": "Feature", "properties": {"id": 642, "source": "existing", "mapcode": "AT49", "vegtype": "Sundays Arid Thicket", "efg": "AridThicket", "efg_id": 1, "cls2022": 2, "cls2022_name": "severe", "cls2025": 2, "cls2025_name": "severe", "stratum": "AT49_severe", "lon": 24.707128827130703, "lat": -32.89006241323225}, "geometry": {"type": "Point", "coordinates": [24.707128827130703, -32.89006241323225]}}, {"type": "Feature", "properties": {"id": 643, "source": "existing", "mapcode": "AT49", "vegtype": "Sundays Arid Thicket", "efg": "AridThicket", "efg_id": 1, "cls2022": 2, "cls2022_name": "severe", "cls2025": 2, "cls2025_name": "severe", "stratum": "AT49_severe", "lon": 24.579927382899378, "lat": -32.98330753972385}, "geometry": {"type": "Point", "coordinates": [24.579927382899378, -32.98330753972385]}}, {"type": "Feature", "properties": {"id": 644, "source": "existing", "mapcode": "AT49", "vegtype": "Sundays Arid Thicket", "efg": "AridThicket", "efg_id": 1, "cls2022": 2, "cls2022_name": "severe", "cls2025": 2, "cls2025_name": "severe", "stratum": "AT49_severe", "lon": 25.05801077710779, "lat": -33.09676476010815}, "geometry": {"type": "Point", "coordinates": [25.05801077710779, -33.09676476010815]}}, {"type": "Feature", "properties": {"id": 645, "source": "existing", "mapcode": "AT49", "vegtype": "Sundays Arid Thicket", "efg": "AridThicket", "efg_id": 1, "cls2022": 2, "cls2022_name": "severe", "cls2025": 2, "cls2025_name": "severe", "stratum": "AT49_severe", "lon": 24.39532359201282, "lat": -33.23932739569792}, "geometry": {"type": "Point", "coordinates": [24.39532359201282, -33.23932739569792]}}, {"type": "Feature", "properties": {"id": 646, "source": "existing", "mapcode": "AT30", "vegtype": "Fish Arid Thicket", "efg": "AridThicket", "efg_id": 1, "cls2022": 2, "cls2022_name": "severe", "cls2025": 2, "cls2025_name": "severe", "stratum": "AT30_severe", "lon": 26.531337674592216, "lat": -33.15794003095669}, "geometry": {"type": "Point", "coordinates": [26.531337674592216, -33.15794003095669]}}, {"type": "Feature", "properties": {"id": 647, "source": "existing", "mapcode": "AT49", "vegtype": "Sundays Arid Thicket", "efg": "AridThicket", "efg_id": 1, "cls2022": 2, "cls2022_name": "severe", "cls2025": 2, "cls2025_name": "severe", "stratum": "AT49_severe", "lon": 25.1197250371268, "lat": -33.052298153544236}, "geometry": {"type": "Point", "coordinates": [25.1197250371268, -33.052298153544236]}}, {"type": "Feature", "properties": {"id": 648, "source": "existing", "mapcode": "AT49", "vegtype": "Sundays Arid Thicket", "efg": "AridThicket", "efg_id": 1, "cls2022": 2, "cls2022_name": "severe", "cls2025": 2, "cls2025_name": "severe", "stratum": "AT49_severe", "lon": 25.210275217766046, "lat": -33.01187396575886}, "geometry": {"type": "Point", "coordinates": [25.210275217766046, -33.01187396575886]}}, {"type": "Feature", "properties": {"id": 649, "source": "existing", "mapcode": "AT18", "vegtype": "Albany Valley Thicket", "efg": "ValleyThicket", "efg_id": 2, "cls2022": 2, "cls2022_name": "severe", "cls2025": 2, "cls2025_name": "severe", "stratum": "AT18_severe", "lon": 25.605893268892284, "lat": -33.223427215169}, "geometry": {"type": "Point", "coordinates": [25.605893268892284, -33.223427215169]}}, {"type": "Feature", "properties": {"id": 650, "source": "existing", "mapcode": "AT27", "vegtype": "Escarpment Arid Thicket", "efg": "AridThicket", "efg_id": 1, "cls2022": 2, "cls2022_name": "severe", "cls2025": 2, "cls2025_name": "severe", "stratum": "AT27_severe", "lon": 24.28267485538423, "lat": -32.363739488266624}, "geometry": {"type": "Point", "coordinates": [24.28267485538423, -32.363739488266624]}}, {"type": "Feature", "properties": {"id": 651, "source": "existing", "mapcode": "AT49", "vegtype": "Sundays Arid Thicket", "efg": "AridThicket", "efg_id": 1, "cls2022": 2, "cls2022_name": "severe", "cls2025": 2, "cls2025_name": "severe", "stratum": "AT49_severe", "lon": 24.419578104684046, "lat": -32.800051221763475}, "geometry": {"type": "Point", "coordinates": [24.419578104684046, -32.800051221763475]}}, {"type": "Feature", "properties": {"id": 652, "source": "existing", "mapcode": "AT51", "vegtype": "Sundays Valley Thicket", "efg": "ValleyThicket", "efg_id": 2, "cls2022": 2, "cls2022_name": "severe", "cls2025": 2, "cls2025_name": "severe", "stratum": "AT51_severe", "lon": 25.00141691420826, "lat": -33.37434418290108}, "geometry": {"type": "Point", "coordinates": [25.00141691420826, -33.37434418290108]}}, {"type": "Feature", "properties": {"id": 653, "source": "existing", "mapcode": "AT17", "vegtype": "Albany Mesic Thicket", "efg": "MesicThicket", "efg_id": 3, "cls2022": 2, "cls2022_name": "severe", "cls2025": -1, "cls2025_name": null, "stratum": "AT17_severe", "lon": 26.10041583280008, "lat": -33.643299778966465}, "geometry": {"type": "Point", "coordinates": [26.10041583280008, -33.643299778966465]}}, {"type": "Feature", "properties": {"id": 654, "source": "existing", "mapcode": "AT49", "vegtype": "Sundays Arid Thicket", "efg": "AridThicket", "efg_id": 1, "cls2022": 2, "cls2022_name": "severe", "cls2025": 2, "cls2025_name": "severe", "stratum": "AT49_severe", "lon": 24.56887810490471, "lat": -33.077091655385935}, "geometry": {"type": "Point", "coordinates": [24.56887810490471, -33.077091655385935]}}, {"type": "Feature", "properties": {"id": 655, "source": "existing", "mapcode": "AT49", "vegtype": "Sundays Arid Thicket", "efg": "AridThicket", "efg_id": 1, "cls2022": 2, "cls2022_name": "severe", "cls2025": 2, "cls2025_name": "severe", "stratum": "AT49_severe", "lon": 24.129601930970264, "lat": -32.8243057344347}, "geometry": {"type": "Point", "coordinates": [24.129601930970264, -32.8243057344347]}}, {"type": "Feature", "properties": {"id": 656, "source": "existing", "mapcode": "AT29", "vegtype": "Escarpment Valley Thicket", "efg": "ValleyThicket", "efg_id": 2, "cls2022": 2, "cls2022_name": "severe", "cls2025": 2, "cls2025_name": "severe", "stratum": "AT29_severe", "lon": 24.801990921133726, "lat": -32.436233531695066}, "geometry": {"type": "Point", "coordinates": [24.801990921133726, -32.436233531695066]}}, {"type": "Feature", "properties": {"id": 657, "source": "existing", "mapcode": "AT32", "vegtype": "Fish Valley Thicket", "efg": "ValleyThicket", "efg_id": 2, "cls2022": 2, "cls2022_name": "severe", "cls2025": 2, "cls2025_name": "severe", "stratum": "AT32_severe", "lon": 25.854367276479746, "lat": -32.89167938074367}, "geometry": {"type": "Point", "coordinates": [25.854367276479746, -32.89167938074367]}}, {"type": "Feature", "properties": {"id": 658, "source": "existing", "mapcode": "AT51", "vegtype": "Sundays Valley Thicket", "efg": "ValleyThicket", "efg_id": 2, "cls2022": 2, "cls2022_name": "severe", "cls2025": 2, "cls2025_name": "severe", "stratum": "AT51_severe", "lon": 25.65251583213809, "lat": -33.558947973787646}, "geometry": {"type": "Point", "coordinates": [25.65251583213809, -33.558947973787646]}}, {"type": "Feature", "properties": {"id": 659, "source": "existing", "mapcode": "AT49", "vegtype": "Sundays Arid Thicket", "efg": "AridThicket", "efg_id": 1, "cls2022": 2, "cls2022_name": "severe", "cls2025": 2, "cls2025_name": "severe", "stratum": "AT49_severe", "lon": 24.776388935536318, "lat": -32.839666925793146}, "geometry": {"type": "Point", "coordinates": [24.776388935536318, -32.839666925793146]}}, {"type": "Feature", "properties": {"id": 660, "source": "existing", "mapcode": "AT32", "vegtype": "Fish Valley Thicket", "efg": "ValleyThicket", "efg_id": 2, "cls2022": 2, "cls2022_name": "severe", "cls2025": 2, "cls2025_name": "severe", "stratum": "AT32_severe", "lon": 25.294357528359633, "lat": -32.66233948870795}, "geometry": {"type": "Point", "coordinates": [25.294357528359633, -32.66233948870795]}}, {"type": "Feature", "properties": {"id": 661, "source": "existing", "mapcode": "AT49", "vegtype": "Sundays Arid Thicket", "efg": "AridThicket", "efg_id": 1, "cls2022": 2, "cls2022_name": "severe", "cls2025": 2, "cls2025_name": "severe", "stratum": "AT49_severe", "lon": 24.375919981875835, "lat": -33.22962559062943}, "geometry": {"type": "Point", "coordinates": [24.375919981875835, -33.22962559062943]}}, {"type": "Feature", "properties": {"id": 662, "source": "existing", "mapcode": "AT49", "vegtype": "Sundays Arid Thicket", "efg": "AridThicket", "efg_id": 1, "cls2022": 2, "cls2022_name": "severe", "cls2025": 2, "cls2025_name": "severe", "stratum": "AT49_severe", "lon": 24.600408971377306, "lat": -33.13584147496735}, "geometry": {"type": "Point", "coordinates": [24.600408971377306, -33.13584147496735]}}, {"type": "Feature", "properties": {"id": 663, "source": "existing", "mapcode": "AT49", "vegtype": "Sundays Arid Thicket", "efg": "AridThicket", "efg_id": 1, "cls2022": 2, "cls2022_name": "severe", "cls2025": 2, "cls2025_name": "severe", "stratum": "AT49_severe", "lon": 25.203268358549916, "lat": -33.073049236607396}, "geometry": {"type": "Point", "coordinates": [25.203268358549916, -33.073049236607396]}}, {"type": "Feature", "properties": {"id": 664, "source": "existing", "mapcode": "AT32", "vegtype": "Fish Valley Thicket", "efg": "ValleyThicket", "efg_id": 2, "cls2022": 2, "cls2022_name": "severe", "cls2025": 2, "cls2025_name": "severe", "stratum": "AT32_severe", "lon": 25.65170734838238, "lat": -32.9205153013639}, "geometry": {"type": "Point", "coordinates": [25.65170734838238, -32.9205153013639]}}, {"type": "Feature", "properties": {"id": 665, "source": "existing", "mapcode": "AT30", "vegtype": "Fish Arid Thicket", "efg": "AridThicket", "efg_id": 1, "cls2022": 2, "cls2022_name": "severe", "cls2025": 1, "cls2025_name": "moderate", "stratum": "AT30_severe", "lon": 26.35805265628556, "lat": -33.15713154720098}, "geometry": {"type": "Point", "coordinates": [26.35805265628556, -33.15713154720098]}}, {"type": "Feature", "properties": {"id": 666, "source": "existing", "mapcode": "AT32", "vegtype": "Fish Valley Thicket", "efg": "ValleyThicket", "efg_id": 2, "cls2022": 2, "cls2022_name": "severe", "cls2025": 1, "cls2025_name": "moderate", "stratum": "AT32_severe", "lon": 26.51759345074519, "lat": -33.08625447128395}, "geometry": {"type": "Point", "coordinates": [26.51759345074519, -33.08625447128395]}}, {"type": "Feature", "properties": {"id": 667, "source": "existing", "mapcode": "AT51", "vegtype": "Sundays Valley Thicket", "efg": "ValleyThicket", "efg_id": 2, "cls2022": 2, "cls2022_name": "severe", "cls2025": -1, "cls2025_name": null, "stratum": "AT51_severe", "lon": 25.68674164446304, "lat": -33.59667721572067}, "geometry": {"type": "Point", "coordinates": [25.68674164446304, -33.59667721572067]}}, {"type": "Feature", "properties": {"id": 668, "source": "existing", "mapcode": "AT29", "vegtype": "Escarpment Valley Thicket", "efg": "ValleyThicket", "efg_id": 2, "cls2022": 2, "cls2022_name": "severe", "cls2025": 2, "cls2025_name": "severe", "stratum": "AT29_severe", "lon": 25.094931535285102, "lat": -32.38287360381837}, "geometry": {"type": "Point", "coordinates": [25.094931535285102, -32.38287360381837]}}, {"type": "Feature", "properties": {"id": 669, "source": "existing", "mapcode": "AT49", "vegtype": "Sundays Arid Thicket", "efg": "AridThicket", "efg_id": 1, "cls2022": 2, "cls2022_name": "severe", "cls2025": 2, "cls2025_name": "severe", "stratum": "AT49_severe", "lon": 25.177935867537744, "lat": -32.80921403766149}, "geometry": {"type": "Point", "coordinates": [25.177935867537744, -32.80921403766149]}}, {"type": "Feature", "properties": {"id": 670, "source": "existing", "mapcode": "AT32", "vegtype": "Fish Valley Thicket", "efg": "ValleyThicket", "efg_id": 2, "cls2022": 2, "cls2022_name": "severe", "cls2025": 2, "cls2025_name": "severe", "stratum": "AT32_severe", "lon": 25.243423051750057, "lat": -32.64778678110522}, "geometry": {"type": "Point", "coordinates": [25.243423051750057, -32.64778678110522]}}, {"type": "Feature", "properties": {"id": 671, "source": "existing", "mapcode": "AT49", "vegtype": "Sundays Arid Thicket", "efg": "AridThicket", "efg_id": 1, "cls2022": 2, "cls2022_name": "severe", "cls2025": 2, "cls2025_name": "severe", "stratum": "AT49_severe", "lon": 25.210275217766046, "lat": -33.085445987528246}, "geometry": {"type": "Point", "coordinates": [25.210275217766046, -33.085445987528246]}}, {"type": "Feature", "properties": {"id": 672, "source": "existing", "mapcode": "AT49", "vegtype": "Sundays Arid Thicket", "efg": "AridThicket", "efg_id": 1, "cls2022": 2, "cls2022_name": "severe", "cls2025": 2, "cls2025_name": "severe", "stratum": "AT49_severe", "lon": 25.35768875589006, "lat": -33.43821439960198}, "geometry": {"type": "Point", "coordinates": [25.35768875589006, -33.43821439960198]}}, {"type": "Feature", "properties": {"id": 673, "source": "existing", "mapcode": "AT29", "vegtype": "Escarpment Valley Thicket", "efg": "ValleyThicket", "efg_id": 2, "cls2022": 2, "cls2022_name": "severe", "cls2025": 2, "cls2025_name": "severe", "stratum": "AT29_severe", "lon": 24.97204200441755, "lat": -32.405241654392945}, "geometry": {"type": "Point", "coordinates": [24.97204200441755, -32.405241654392945]}}, {"type": "Feature", "properties": {"id": 674, "source": "existing", "mapcode": "AT49", "vegtype": "Sundays Arid Thicket", "efg": "AridThicket", "efg_id": 1, "cls2022": 2, "cls2022_name": "severe", "cls2025": 2, "cls2025_name": "severe", "stratum": "AT49_severe", "lon": 24.805494350741792, "lat": -33.17060627646278}, "geometry": {"type": "Point", "coordinates": [24.805494350741792, -33.17060627646278]}}, {"type": "Feature", "properties": {"id": 675, "source": "existing", "mapcode": "AT51", "vegtype": "Sundays Valley Thicket", "efg": "ValleyThicket", "efg_id": 2, "cls2022": 2, "cls2022_name": "severe", "cls2025": 2, "cls2025_name": "severe", "stratum": "AT51_severe", "lon": 25.330739297366474, "lat": -33.40937847898174}, "geometry": {"type": "Point", "coordinates": [25.330739297366474, -33.40937847898174]}}, {"type": "Feature", "properties": {"id": 676, "source": "existing", "mapcode": "AT32", "vegtype": "Fish Valley Thicket", "efg": "ValleyThicket", "efg_id": 2, "cls2022": 2, "cls2022_name": "severe", "cls2025": 2, "cls2025_name": "severe", "stratum": "AT32_severe", "lon": 25.765164568766675, "lat": -32.926174687653855}, "geometry": {"type": "Point", "coordinates": [25.765164568766675, -32.926174687653855]}}, {"type": "Feature", "properties": {"id": 677, "source": "existing", "mapcode": "AT32", "vegtype": "Fish Valley Thicket", "efg": "ValleyThicket", "efg_id": 2, "cls2022": 2, "cls2022_name": "severe", "cls2025": 2, "cls2025_name": "severe", "stratum": "AT32_severe", "lon": 25.797234424409744, "lat": -32.67904815299257}, "geometry": {"type": "Point", "coordinates": [25.797234424409744, -32.67904815299257]}}, {"type": "Feature", "properties": {"id": 678, "source": "existing", "mapcode": "AT49", "vegtype": "Sundays Arid Thicket", "efg": "AridThicket", "efg_id": 1, "cls2022": 2, "cls2022_name": "severe", "cls2025": 2, "cls2025_name": "severe", "stratum": "AT49_severe", "lon": 24.259767815639183, "lat": -33.23905790111268}, "geometry": {"type": "Point", "coordinates": [24.259767815639183, -33.23905790111268]}}, {"type": "Feature", "properties": {"id": 679, "source": "existing", "mapcode": "AT49", "vegtype": "Sundays Arid Thicket", "efg": "AridThicket", "efg_id": 1, "cls2022": 2, "cls2022_name": "severe", "cls2025": 2, "cls2025_name": "severe", "stratum": "AT49_severe", "lon": 24.820316552929764, "lat": -33.05687956149325}, "geometry": {"type": "Point", "coordinates": [24.820316552929764, -33.05687956149325]}}, {"type": "Feature", "properties": {"id": 680, "source": "existing", "mapcode": "AT49", "vegtype": "Sundays Arid Thicket", "efg": "AridThicket", "efg_id": 1, "cls2022": 2, "cls2022_name": "severe", "cls2025": 2, "cls2025_name": "severe", "stratum": "AT49_severe", "lon": 24.141998681891113, "lat": -33.207257540054854}, "geometry": {"type": "Point", "coordinates": [24.141998681891113, -33.207257540054854]}}, {"type": "Feature", "properties": {"id": 681, "source": "existing", "mapcode": "AT49", "vegtype": "Sundays Arid Thicket", "efg": "AridThicket", "efg_id": 1, "cls2022": 2, "cls2022_name": "severe", "cls2025": 2, "cls2025_name": "severe", "stratum": "AT49_severe", "lon": 25.19464453182237, "lat": -32.76744237694994}, "geometry": {"type": "Point", "coordinates": [25.19464453182237, -32.76744237694994]}}, {"type": "Feature", "properties": {"id": 682, "source": "existing", "mapcode": "AT32", "vegtype": "Fish Valley Thicket", "efg": "ValleyThicket", "efg_id": 2, "cls2022": 2, "cls2022_name": "severe", "cls2025": 2, "cls2025_name": "severe", "stratum": "AT32_severe", "lon": 25.721506445958468, "lat": -32.86958082475432}, "geometry": {"type": "Point", "coordinates": [25.721506445958468, -32.86958082475432]}}, {"type": "Feature", "properties": {"id": 683, "source": "existing", "mapcode": "AT49", "vegtype": "Sundays Arid Thicket", "efg": "AridThicket", "efg_id": 1, "cls2022": 2, "cls2022_name": "severe", "cls2025": 2, "cls2025_name": "severe", "stratum": "AT49_severe", "lon": 25.060705722960147, "lat": -33.174109706070844}, "geometry": {"type": "Point", "coordinates": [25.060705722960147, -33.174109706070844]}}, {"type": "Feature", "properties": {"id": 684, "source": "existing", "mapcode": "AT49", "vegtype": "Sundays Arid Thicket", "efg": "AridThicket", "efg_id": 1, "cls2022": 2, "cls2022_name": "severe", "cls2025": 2, "cls2025_name": "severe", "stratum": "AT49_severe", "lon": 25.170659513736375, "lat": -33.09892071679004}, "geometry": {"type": "Point", "coordinates": [25.170659513736375, -33.09892071679004]}}, {"type": "Feature", "properties": {"id": 685, "source": "existing", "mapcode": "AT49", "vegtype": "Sundays Arid Thicket", "efg": "AridThicket", "efg_id": 1, "cls2022": 2, "cls2022_name": "severe", "cls2025": 2, "cls2025_name": "severe", "stratum": "AT49_severe", "lon": 24.396671064938996, "lat": -33.5788905730951}, "geometry": {"type": "Point", "coordinates": [24.396671064938996, -33.5788905730951]}}, {"type": "Feature", "properties": {"id": 686, "source": "existing", "mapcode": "AT49", "vegtype": "Sundays Arid Thicket", "efg": "AridThicket", "efg_id": 1, "cls2022": 2, "cls2022_name": "severe", "cls2025": 2, "cls2025_name": "severe", "stratum": "AT49_severe", "lon": 24.641102653747918, "lat": -32.91701187175583}, "geometry": {"type": "Point", "coordinates": [24.641102653747918, -32.91701187175583]}}, {"type": "Feature", "properties": {"id": 687, "source": "existing", "mapcode": "AT37", "vegtype": "Gouritz Valley Thicket", "efg": "ValleyThicket", "efg_id": 2, "cls2022": 2, "cls2022_name": "severe", "cls2025": -1, "cls2025_name": null, "stratum": "AT37_severe", "lon": 21.75778008630949, "lat": -34.23510988814441}, "geometry": {"type": "Point", "coordinates": [21.75778008630949, -34.23510988814441]}}, {"type": "Feature", "properties": {"id": 688, "source": "existing", "mapcode": "AT49", "vegtype": "Sundays Arid Thicket", "efg": "AridThicket", "efg_id": 1, "cls2022": 2, "cls2022_name": "severe", "cls2025": 2, "cls2025_name": "severe", "stratum": "AT49_severe", "lon": 25.229139838732557, "lat": -32.91081349629541}, "geometry": {"type": "Point", "coordinates": [25.229139838732557, -32.91081349629541]}}, {"type": "Feature", "properties": {"id": 689, "source": "existing", "mapcode": "AT27", "vegtype": "Escarpment Arid Thicket", "efg": "AridThicket", "efg_id": 1, "cls2022": 2, "cls2022_name": "severe", "cls2025": 2, "cls2025_name": "severe", "stratum": "AT27_severe", "lon": 24.323368537754845, "lat": -32.48743750288988}, "geometry": {"type": "Point", "coordinates": [24.323368537754845, -32.48743750288988]}}, {"type": "Feature", "properties": {"id": 690, "source": "existing", "mapcode": "AT49", "vegtype": "Sundays Arid Thicket", "efg": "AridThicket", "efg_id": 1, "cls2022": 2, "cls2022_name": "severe", "cls2025": 2, "cls2025_name": "severe", "stratum": "AT49_severe", "lon": 24.881222329193065, "lat": -33.07816963372688}, "geometry": {"type": "Point", "coordinates": [24.881222329193065, -33.07816963372688]}}, {"type": "Feature", "properties": {"id": 691, "source": "existing", "mapcode": "AT32", "vegtype": "Fish Valley Thicket", "efg": "ValleyThicket", "efg_id": 2, "cls2022": 2, "cls2022_name": "severe", "cls2025": 2, "cls2025_name": "severe", "stratum": "AT32_severe", "lon": 25.196261499333783, "lat": -32.91620338800013}, "geometry": {"type": "Point", "coordinates": [25.196261499333783, -32.91620338800013]}}, {"type": "Feature", "properties": {"id": 692, "source": "existing", "mapcode": "AT18", "vegtype": "Albany Valley Thicket", "efg": "ValleyThicket", "efg_id": 2, "cls2022": 2, "cls2022_name": "severe", "cls2025": 2, "cls2025_name": "severe", "stratum": "AT18_severe", "lon": 25.858140200673045, "lat": -33.11482089731896}, "geometry": {"type": "Point", "coordinates": [25.858140200673045, -33.11482089731896]}}, {"type": "Feature", "properties": {"id": 693, "source": "existing", "mapcode": "AT49", "vegtype": "Sundays Arid Thicket", "efg": "AridThicket", "efg_id": 1, "cls2022": 2, "cls2022_name": "severe", "cls2025": 2, "cls2025_name": "severe", "stratum": "AT49_severe", "lon": 24.593402112161172, "lat": -33.573231186805145}, "geometry": {"type": "Point", "coordinates": [24.593402112161172, -33.573231186805145]}}, {"type": "Feature", "properties": {"id": 694, "source": "existing", "mapcode": "AT34", "vegtype": "Gamka Valley Thicket", "efg": "ValleyThicket", "efg_id": 2, "cls2022": 2, "cls2022_name": "severe", "cls2025": 2, "cls2025_name": "severe", "stratum": "AT34_severe", "lon": 22.252841639387757, "lat": -33.53119003150835}, "geometry": {"type": "Point", "coordinates": [22.252841639387757, -33.53119003150835]}}, {"type": "Feature", "properties": {"id": 695, "source": "existing", "mapcode": "AT51", "vegtype": "Sundays Valley Thicket", "efg": "ValleyThicket", "efg_id": 2, "cls2022": 2, "cls2022_name": "severe", "cls2025": 0, "cls2025_name": "intact", "stratum": "AT51_severe", "lon": 25.486237673047565, "lat": -33.777508082413924}, "geometry": {"type": "Point", "coordinates": [25.486237673047565, -33.777508082413924]}}, {"type": "Feature", "properties": {"id": 696, "source": "existing", "mapcode": "AT33", "vegtype": "Gamka Arid Thicket", "efg": "AridThicket", "efg_id": 1, "cls2022": 2, "cls2022_name": "severe", "cls2025": 2, "cls2025_name": "severe", "stratum": "AT33_severe", "lon": 22.059883516358884, "lat": -33.15497559051909}, "geometry": {"type": "Point", "coordinates": [22.059883516358884, -33.15497559051909]}}, {"type": "Feature", "properties": {"id": 697, "source": "existing", "mapcode": "AT49", "vegtype": "Sundays Arid Thicket", "efg": "AridThicket", "efg_id": 1, "cls2022": 2, "cls2022_name": "severe", "cls2025": 2, "cls2025_name": "severe", "stratum": "AT49_severe", "lon": 24.801990921133726, "lat": -33.509091475519014}, "geometry": {"type": "Point", "coordinates": [24.801990921133726, -33.509091475519014]}}, {"type": "Feature", "properties": {"id": 698, "source": "existing", "mapcode": "AT27", "vegtype": "Escarpment Arid Thicket", "efg": "AridThicket", "efg_id": 1, "cls2022": 2, "cls2022_name": "severe", "cls2025": 2, "cls2025_name": "severe", "stratum": "AT27_severe", "lon": 24.50770283405617, "lat": -32.29474887444624}, "geometry": {"type": "Point", "coordinates": [24.50770283405617, -32.29474887444624]}}, {"type": "Feature", "properties": {"id": 699, "source": "existing", "mapcode": "AT29", "vegtype": "Escarpment Valley Thicket", "efg": "ValleyThicket", "efg_id": 2, "cls2022": 2, "cls2022_name": "severe", "cls2025": 2, "cls2025_name": "severe", "stratum": "AT29_severe", "lon": 24.712788213420655, "lat": -32.435964037109834}, "geometry": {"type": "Point", "coordinates": [24.712788213420655, -32.435964037109834]}}, {"type": "Feature", "properties": {"id": 700, "source": "existing", "mapcode": "AT49", "vegtype": "Sundays Arid Thicket", "efg": "AridThicket", "efg_id": 1, "cls2022": 2, "cls2022_name": "severe", "cls2025": 2, "cls2025_name": "severe", "stratum": "AT49_severe", "lon": 24.18889073972215, "lat": -33.128565121165984}, "geometry": {"type": "Point", "coordinates": [24.18889073972215, -33.128565121165984]}}, {"type": "Feature", "properties": {"id": 701, "source": "existing", "mapcode": "AT29", "vegtype": "Escarpment Valley Thicket", "efg": "ValleyThicket", "efg_id": 2, "cls2022": 2, "cls2022_name": "severe", "cls2025": 2, "cls2025_name": "severe", "stratum": "AT29_severe", "lon": 25.10463334035359, "lat": -32.432730102087}, "geometry": {"type": "Point", "coordinates": [25.10463334035359, -32.432730102087]}}, {"type": "Feature", "properties": {"id": 702, "source": "existing", "mapcode": "AT49", "vegtype": "Sundays Arid Thicket", "efg": "AridThicket", "efg_id": 1, "cls2022": 2, "cls2022_name": "severe", "cls2025": 2, "cls2025_name": "severe", "stratum": "AT49_severe", "lon": 24.3937066245014, "lat": -33.24363930906169}, "geometry": {"type": "Point", "coordinates": [24.3937066245014, -33.24363930906169]}}, {"type": "Feature", "properties": {"id": 703, "source": "existing", "mapcode": "AT32", "vegtype": "Fish Valley Thicket", "efg": "ValleyThicket", "efg_id": 2, "cls2022": 2, "cls2022_name": "severe", "cls2025": 1, "cls2025_name": "moderate", "stratum": "AT32_severe", "lon": 25.213509152788877, "lat": -32.936684976478055}, "geometry": {"type": "Point", "coordinates": [25.213509152788877, -32.936684976478055]}}, {"type": "Feature", "properties": {"id": 704, "source": "existing", "mapcode": "AT49", "vegtype": "Sundays Arid Thicket", "efg": "AridThicket", "efg_id": 1, "cls2022": 2, "cls2022_name": "severe", "cls2025": 2, "cls2025_name": "severe", "stratum": "AT49_severe", "lon": 24.75941077666646, "lat": -32.96686837002447}, "geometry": {"type": "Point", "coordinates": [24.75941077666646, -32.96686837002447]}}, {"type": "Feature", "properties": {"id": 705, "source": "existing", "mapcode": "AT32", "vegtype": "Fish Valley Thicket", "efg": "ValleyThicket", "efg_id": 2, "cls2022": 2, "cls2022_name": "severe", "cls2025": 2, "cls2025_name": "severe", "stratum": "AT32_severe", "lon": 25.682699225684505, "lat": -32.93911042774518}, "geometry": {"type": "Point", "coordinates": [25.682699225684505, -32.93911042774518]}}, {"type": "Feature", "properties": {"id": 706, "source": "existing", "mapcode": "AT33", "vegtype": "Gamka Arid Thicket", "efg": "AridThicket", "efg_id": 1, "cls2022": 2, "cls2022_name": "severe", "cls2025": 2, "cls2025_name": "severe", "stratum": "AT33_severe", "lon": 21.747808786655764, "lat": -33.25792252207919}, "geometry": {"type": "Point", "coordinates": [21.747808786655764, -33.25792252207919]}}, {"type": "Feature", "properties": {"id": 707, "source": "existing", "mapcode": "AT49", "vegtype": "Sundays Arid Thicket", "efg": "AridThicket", "efg_id": 1, "cls2022": 2, "cls2022_name": "severe", "cls2025": 2, "cls2025_name": "severe", "stratum": "AT49_severe", "lon": 24.987133701190757, "lat": -33.16764183602518}, "geometry": {"type": "Point", "coordinates": [24.987133701190757, -33.16764183602518]}}, {"type": "Feature", "properties": {"id": 708, "source": "existing", "mapcode": "AT51", "vegtype": "Sundays Valley Thicket", "efg": "ValleyThicket", "efg_id": 2, "cls2022": 2, "cls2022_name": "severe", "cls2025": 2, "cls2025_name": "severe", "stratum": "AT51_severe", "lon": 25.110831715814015, "lat": -33.392939309282355}, "geometry": {"type": "Point", "coordinates": [25.110831715814015, -33.392939309282355]}}, {"type": "Feature", "properties": {"id": 709, "source": "existing", "mapcode": "AT49", "vegtype": "Sundays Arid Thicket", "efg": "AridThicket", "efg_id": 1, "cls2022": 2, "cls2022_name": "severe", "cls2025": 2, "cls2025_name": "severe", "stratum": "AT49_severe", "lon": 24.72222052390391, "lat": -33.09919021137527}, "geometry": {"type": "Point", "coordinates": [24.72222052390391, -33.09919021137527]}}, {"type": "Feature", "properties": {"id": 710, "source": "existing", "mapcode": "AT32", "vegtype": "Fish Valley Thicket", "efg": "ValleyThicket", "efg_id": 2, "cls2022": 2, "cls2022_name": "severe", "cls2025": 2, "cls2025_name": "severe", "stratum": "AT32_severe", "lon": 25.907457709771208, "lat": -32.396617827665395}, "geometry": {"type": "Point", "coordinates": [25.907457709771208, -32.396617827665395]}}, {"type": "Feature", "properties": {"id": 711, "source": "existing", "mapcode": "AT27", "vegtype": "Escarpment Arid Thicket", "efg": "AridThicket", "efg_id": 1, "cls2022": 2, "cls2022_name": "severe", "cls2025": 2, "cls2025_name": "severe", "stratum": "AT27_severe", "lon": 24.4042169133256, "lat": -32.50738010219733}, "geometry": {"type": "Point", "coordinates": [24.4042169133256, -32.50738010219733]}}, {"type": "Feature", "properties": {"id": 712, "source": "existing", "mapcode": "AT27", "vegtype": "Escarpment Arid Thicket", "efg": "AridThicket", "efg_id": 1, "cls2022": 2, "cls2022_name": "severe", "cls2025": 2, "cls2025_name": "severe", "stratum": "AT27_severe", "lon": 24.499348501913857, "lat": -32.28908948815629}, "geometry": {"type": "Point", "coordinates": [24.499348501913857, -32.28908948815629]}}, {"type": "Feature", "properties": {"id": 713, "source": "existing", "mapcode": "AT49", "vegtype": "Sundays Arid Thicket", "efg": "AridThicket", "efg_id": 1, "cls2022": 2, "cls2022_name": "severe", "cls2025": 2, "cls2025_name": "severe", "stratum": "AT49_severe", "lon": 23.078034059379952, "lat": -33.37542216124203}, "geometry": {"type": "Point", "coordinates": [23.078034059379952, -33.37542216124203]}}, {"type": "Feature", "properties": {"id": 714, "source": "existing", "mapcode": "AT49", "vegtype": "Sundays Arid Thicket", "efg": "AridThicket", "efg_id": 1, "cls2022": 2, "cls2022_name": "severe", "cls2025": 2, "cls2025_name": "severe", "stratum": "AT49_severe", "lon": 24.660775758470137, "lat": -33.01861133038975}, "geometry": {"type": "Point", "coordinates": [24.660775758470137, -33.01861133038975]}}, {"type": "Feature", "properties": {"id": 715, "source": "existing", "mapcode": "AT49", "vegtype": "Sundays Arid Thicket", "efg": "AridThicket", "efg_id": 1, "cls2022": 2, "cls2022_name": "severe", "cls2025": 2, "cls2025_name": "severe", "stratum": "AT49_severe", "lon": 24.476980451339283, "lat": -33.20806602381056}, "geometry": {"type": "Point", "coordinates": [24.476980451339283, -33.20806602381056]}}, {"type": "Feature", "properties": {"id": 716, "source": "existing", "mapcode": "AT49", "vegtype": "Sundays Arid Thicket", "efg": "AridThicket", "efg_id": 1, "cls2022": 2, "cls2022_name": "severe", "cls2025": 2, "cls2025_name": "severe", "stratum": "AT49_severe", "lon": 24.381040378995316, "lat": -33.57161421929373}, "geometry": {"type": "Point", "coordinates": [24.381040378995316, -33.57161421929373]}}, {"type": "Feature", "properties": {"id": 717, "source": "existing", "mapcode": "AT49", "vegtype": "Sundays Arid Thicket", "efg": "AridThicket", "efg_id": 1, "cls2022": 2, "cls2022_name": "severe", "cls2025": 2, "cls2025_name": "severe", "stratum": "AT49_severe", "lon": 24.51147575824947, "lat": -32.92347974180149}, "geometry": {"type": "Point", "coordinates": [24.51147575824947, -32.92347974180149]}}, {"type": "Feature", "properties": {"id": 718, "source": "existing", "mapcode": "AT49", "vegtype": "Sundays Arid Thicket", "efg": "AridThicket", "efg_id": 1, "cls2022": 2, "cls2022_name": "severe", "cls2025": 2, "cls2025_name": "severe", "stratum": "AT49_severe", "lon": 24.692576119527967, "lat": -33.28918389396655}, "geometry": {"type": "Point", "coordinates": [24.692576119527967, -33.28918389396655]}}, {"type": "Feature", "properties": {"id": 719, "source": "existing", "mapcode": "AT19", "vegtype": "Baviaans Valley Thicket", "efg": "ValleyThicket", "efg_id": 2, "cls2022": 2, "cls2022_name": "severe", "cls2025": 2, "cls2025_name": "severe", "stratum": "AT19_severe", "lon": 23.857412399882048, "lat": -33.44629923715906}, "geometry": {"type": "Point", "coordinates": [23.857412399882048, -33.44629923715906]}}, {"type": "Feature", "properties": {"id": 720, "source": "existing", "mapcode": "AT51", "vegtype": "Sundays Valley Thicket", "efg": "ValleyThicket", "efg_id": 2, "cls2022": 2, "cls2022_name": "severe", "cls2025": 2, "cls2025_name": "severe", "stratum": "AT51_severe", "lon": 25.17173749207732, "lat": -33.39240032011189}, "geometry": {"type": "Point", "coordinates": [25.17173749207732, -33.39240032011189]}}, {"type": "Feature", "properties": {"id": 721, "source": "existing", "mapcode": "AT49", "vegtype": "Sundays Arid Thicket", "efg": "AridThicket", "efg_id": 1, "cls2022": 2, "cls2022_name": "severe", "cls2025": 2, "cls2025_name": "severe", "stratum": "AT49_severe", "lon": 24.83352178760632, "lat": -32.8175683698038}, "geometry": {"type": "Point", "coordinates": [24.83352178760632, -32.8175683698038]}}, {"type": "Feature", "properties": {"id": 722, "source": "existing", "mapcode": "AT49", "vegtype": "Sundays Arid Thicket", "efg": "AridThicket", "efg_id": 1, "cls2022": 2, "cls2022_name": "severe", "cls2025": 2, "cls2025_name": "severe", "stratum": "AT49_severe", "lon": 24.398288032450413, "lat": -33.19027938118499}, "geometry": {"type": "Point", "coordinates": [24.398288032450413, -33.19027938118499]}}, {"type": "Feature", "properties": {"id": 723, "source": "existing", "mapcode": "AT32", "vegtype": "Fish Valley Thicket", "efg": "ValleyThicket", "efg_id": 2, "cls2022": 2, "cls2022_name": "severe", "cls2025": 2, "cls2025_name": "severe", "stratum": "AT32_severe", "lon": 25.31349164391138, "lat": -32.68389905552682}, "geometry": {"type": "Point", "coordinates": [25.31349164391138, -32.68389905552682]}}, {"type": "Feature", "properties": {"id": 724, "source": "existing", "mapcode": "AT18", "vegtype": "Albany Valley Thicket", "efg": "ValleyThicket", "efg_id": 2, "cls2022": 2, "cls2022_name": "severe", "cls2025": 0, "cls2025_name": "intact", "stratum": "AT18_severe", "lon": 26.18692359466079, "lat": -33.299963677375985}, "geometry": {"type": "Point", "coordinates": [26.18692359466079, -33.299963677375985]}}, {"type": "Feature", "properties": {"id": 725, "source": "existing", "mapcode": "AT49", "vegtype": "Sundays Arid Thicket", "efg": "AridThicket", "efg_id": 1, "cls2022": 2, "cls2022_name": "severe", "cls2025": 2, "cls2025_name": "severe", "stratum": "AT49_severe", "lon": 25.204615831476094, "lat": -33.161443460564755}, "geometry": {"type": "Point", "coordinates": [25.204615831476094, -33.161443460564755]}}, {"type": "Feature", "properties": {"id": 726, "source": "existing", "mapcode": "AT49", "vegtype": "Sundays Arid Thicket", "efg": "AridThicket", "efg_id": 1, "cls2022": 2, "cls2022_name": "severe", "cls2025": 2, "cls2025_name": "severe", "stratum": "AT49_severe", "lon": 24.58181384499603, "lat": -32.919437323022954}, "geometry": {"type": "Point", "coordinates": [24.58181384499603, -32.919437323022954]}}, {"type": "Feature", "properties": {"id": 727, "source": "existing", "mapcode": "AT49", "vegtype": "Sundays Arid Thicket", "efg": "AridThicket", "efg_id": 1, "cls2022": 2, "cls2022_name": "severe", "cls2025": 2, "cls2025_name": "severe", "stratum": "AT49_severe", "lon": 25.298938936308645, "lat": -33.02265374916829}, "geometry": {"type": "Point", "coordinates": [25.298938936308645, -33.02265374916829]}}, {"type": "Feature", "properties": {"id": 728, "source": "existing", "mapcode": "AT32", "vegtype": "Fish Valley Thicket", "efg": "ValleyThicket", "efg_id": 2, "cls2022": 2, "cls2022_name": "severe", "cls2025": 2, "cls2025_name": "severe", "stratum": "AT32_severe", "lon": 25.022976481027126, "lat": -32.91728136634107}, "geometry": {"type": "Point", "coordinates": [25.022976481027126, -32.91728136634107]}}, {"type": "Feature", "properties": {"id": 729, "source": "existing", "mapcode": "AT49", "vegtype": "Sundays Arid Thicket", "efg": "AridThicket", "efg_id": 1, "cls2022": 2, "cls2022_name": "severe", "cls2025": 2, "cls2025_name": "severe", "stratum": "AT49_severe", "lon": 24.20074850147253, "lat": -33.33365050053047}, "geometry": {"type": "Point", "coordinates": [24.20074850147253, -33.33365050053047]}}, {"type": "Feature", "properties": {"id": 730, "source": "existing", "mapcode": "AT32", "vegtype": "Fish Valley Thicket", "efg": "ValleyThicket", "efg_id": 2, "cls2022": 2, "cls2022_name": "severe", "cls2025": 2, "cls2025_name": "severe", "stratum": "AT32_severe", "lon": 25.303250849672416, "lat": -32.617872882144034}, "geometry": {"type": "Point", "coordinates": [25.303250849672416, -32.617872882144034]}}, {"type": "Feature", "properties": {"id": 731, "source": "existing", "mapcode": "AT29", "vegtype": "Escarpment Valley Thicket", "efg": "ValleyThicket", "efg_id": 2, "cls2022": 2, "cls2022_name": "severe", "cls2025": 2, "cls2025_name": "severe", "stratum": "AT29_severe", "lon": 24.67425048773193, "lat": -32.45590663641728}, "geometry": {"type": "Point", "coordinates": [24.67425048773193, -32.45590663641728]}}, {"type": "Feature", "properties": {"id": 732, "source": "existing", "mapcode": "AT29", "vegtype": "Escarpment Valley Thicket", "efg": "ValleyThicket", "efg_id": 2, "cls2022": 2, "cls2022_name": "severe", "cls2025": 2, "cls2025_name": "severe", "stratum": "AT29_severe", "lon": 25.015161138055287, "lat": -32.398504289762045}, "geometry": {"type": "Point", "coordinates": [25.015161138055287, -32.398504289762045]}}, {"type": "Feature", "properties": {"id": 733, "source": "existing", "mapcode": "AT49", "vegtype": "Sundays Arid Thicket", "efg": "AridThicket", "efg_id": 1, "cls2022": 2, "cls2022_name": "severe", "cls2025": 2, "cls2025_name": "severe", "stratum": "AT49_severe", "lon": 24.443832617355273, "lat": -33.44629923715906}, "geometry": {"type": "Point", "coordinates": [24.443832617355273, -33.44629923715906]}}, {"type": "Feature", "properties": {"id": 734, "source": "existing", "mapcode": "AT51", "vegtype": "Sundays Valley Thicket", "efg": "ValleyThicket", "efg_id": 2, "cls2022": 2, "cls2022_name": "severe", "cls2025": 2, "cls2025_name": "severe", "stratum": "AT51_severe", "lon": 24.94266709462684, "lat": -33.41476837068646}, "geometry": {"type": "Point", "coordinates": [24.94266709462684, -33.41476837068646]}}, {"type": "Feature", "properties": {"id": 735, "source": "existing", "mapcode": "AT49", "vegtype": "Sundays Arid Thicket", "efg": "AridThicket", "efg_id": 1, "cls2022": 2, "cls2022_name": "severe", "cls2025": 2, "cls2025_name": "severe", "stratum": "AT49_severe", "lon": 24.560793267347634, "lat": -33.157670536371455}, "geometry": {"type": "Point", "coordinates": [24.560793267347634, -33.157670536371455]}}, {"type": "Feature", "properties": {"id": 736, "source": "existing", "mapcode": "AT29", "vegtype": "Escarpment Valley Thicket", "efg": "ValleyThicket", "efg_id": 2, "cls2022": 2, "cls2022_name": "severe", "cls2025": 2, "cls2025_name": "severe", "stratum": "AT29_severe", "lon": 25.24396204092053, "lat": -32.62973064389441}, "geometry": {"type": "Point", "coordinates": [25.24396204092053, -32.62973064389441]}}, {"type": "Feature", "properties": {"id": 737, "source": "existing", "mapcode": "AT49", "vegtype": "Sundays Arid Thicket", "efg": "AridThicket", "efg_id": 1, "cls2022": 2, "cls2022_name": "severe", "cls2025": 2, "cls2025_name": "severe", "stratum": "AT49_severe", "lon": 25.224288936198313, "lat": -32.90596259376117}, "geometry": {"type": "Point", "coordinates": [25.224288936198313, -32.90596259376117]}}, {"type": "Feature", "properties": {"id": 738, "source": "existing", "mapcode": "AT18", "vegtype": "Albany Valley Thicket", "efg": "ValleyThicket", "efg_id": 2, "cls2022": 2, "cls2022_name": "severe", "cls2025": 2, "cls2025_name": "severe", "stratum": "AT18_severe", "lon": 26.089097060220176, "lat": -33.44387378589193}, "geometry": {"type": "Point", "coordinates": [26.089097060220176, -33.44387378589193]}}, {"type": "Feature", "properties": {"id": 739, "source": "existing", "mapcode": "AT18", "vegtype": "Albany Valley Thicket", "efg": "ValleyThicket", "efg_id": 2, "cls2022": 2, "cls2022_name": "severe", "cls2025": 2, "cls2025_name": "severe", "stratum": "AT18_severe", "lon": 26.141109515170697, "lat": -33.46435537436986}, "geometry": {"type": "Point", "coordinates": [26.141109515170697, -33.46435537436986]}}, {"type": "Feature", "properties": {"id": 740, "source": "existing", "mapcode": "AT29", "vegtype": "Escarpment Valley Thicket", "efg": "ValleyThicket", "efg_id": 2, "cls2022": 2, "cls2022_name": "severe", "cls2025": 2, "cls2025_name": "severe", "stratum": "AT29_severe", "lon": 24.806302834497497, "lat": -32.48851548123082}, "geometry": {"type": "Point", "coordinates": [24.806302834497497, -32.48851548123082]}}, {"type": "Feature", "properties": {"id": 741, "source": "existing", "mapcode": "AT29", "vegtype": "Escarpment Valley Thicket", "efg": "ValleyThicket", "efg_id": 2, "cls2022": 2, "cls2022_name": "severe", "cls2025": 2, "cls2025_name": "severe", "stratum": "AT29_severe", "lon": 25.110292726643543, "lat": -32.48016114908851}, "geometry": {"type": "Point", "coordinates": [25.110292726643543, -32.48016114908851]}}, {"type": "Feature", "properties": {"id": 742, "source": "existing", "mapcode": "AT27", "vegtype": "Escarpment Arid Thicket", "efg": "AridThicket", "efg_id": 1, "cls2022": 2, "cls2022_name": "severe", "cls2025": 2, "cls2025_name": "severe", "stratum": "AT27_severe", "lon": 24.323368537754845, "lat": -32.51411746682823}, "geometry": {"type": "Point", "coordinates": [24.323368537754845, -32.51411746682823]}}, {"type": "Feature", "properties": {"id": 743, "source": "existing", "mapcode": "AT49", "vegtype": "Sundays Arid Thicket", "efg": "AridThicket", "efg_id": 1, "cls2022": 2, "cls2022_name": "severe", "cls2025": 2, "cls2025_name": "severe", "stratum": "AT49_severe", "lon": 24.430627382678715, "lat": -33.27058876758528}, "geometry": {"type": "Point", "coordinates": [24.430627382678715, -33.27058876758528]}}, {"type": "Feature", "properties": {"id": 744, "source": "existing", "mapcode": "AT27", "vegtype": "Escarpment Arid Thicket", "efg": "AridThicket", "efg_id": 1, "cls2022": 2, "cls2022_name": "severe", "cls2025": 2, "cls2025_name": "severe", "stratum": "AT27_severe", "lon": 25.538250127998086, "lat": -32.17078136523775}, "geometry": {"type": "Point", "coordinates": [25.538250127998086, -32.17078136523775]}}, {"type": "Feature", "properties": {"id": 745, "source": "existing", "mapcode": "AT49", "vegtype": "Sundays Arid Thicket", "efg": "AridThicket", "efg_id": 1, "cls2022": 2, "cls2022_name": "severe", "cls2025": 2, "cls2025_name": "severe", "stratum": "AT49_severe", "lon": 24.77504146261014, "lat": -32.98249905596815}, "geometry": {"type": "Point", "coordinates": [24.77504146261014, -32.98249905596815]}}, {"type": "Feature", "properties": {"id": 746, "source": "existing", "mapcode": "AT49", "vegtype": "Sundays Arid Thicket", "efg": "AridThicket", "efg_id": 1, "cls2022": 2, "cls2022_name": "severe", "cls2025": 2, "cls2025_name": "severe", "stratum": "AT49_severe", "lon": 24.13822575769781, "lat": -33.022923243753525}, "geometry": {"type": "Point", "coordinates": [24.13822575769781, -33.022923243753525]}}, {"type": "Feature", "properties": {"id": 747, "source": "existing", "mapcode": "AT49", "vegtype": "Sundays Arid Thicket", "efg": "AridThicket", "efg_id": 1, "cls2022": 2, "cls2022_name": "severe", "cls2025": 2, "cls2025_name": "severe", "stratum": "AT49_severe", "lon": 24.489107707674897, "lat": -33.23501548233415}, "geometry": {"type": "Point", "coordinates": [24.489107707674897, -33.23501548233415]}}, {"type": "Feature", "properties": {"id": 748, "source": "existing", "mapcode": "AT29", "vegtype": "Escarpment Valley Thicket", "efg": "ValleyThicket", "efg_id": 2, "cls2022": 2, "cls2022_name": "severe", "cls2025": 2, "cls2025_name": "severe", "stratum": "AT29_severe", "lon": 24.718178105125375, "lat": -32.47450176279856}, "geometry": {"type": "Point", "coordinates": [24.718178105125375, -32.47450176279856]}}, {"type": "Feature", "properties": {"id": 749, "source": "existing", "mapcode": "AT27", "vegtype": "Escarpment Arid Thicket", "efg": "AridThicket", "efg_id": 1, "cls2022": 2, "cls2022_name": "severe", "cls2025": 2, "cls2025_name": "severe", "stratum": "AT27_severe", "lon": 25.287889658313976, "lat": -32.8024766730306}, "geometry": {"type": "Point", "coordinates": [25.287889658313976, -32.8024766730306]}}, {"type": "Feature", "properties": {"id": 750, "source": "existing", "mapcode": "AT27", "vegtype": "Escarpment Arid Thicket", "efg": "AridThicket", "efg_id": 1, "cls2022": 2, "cls2022_name": "severe", "cls2025": 2, "cls2025_name": "severe", "stratum": "AT27_severe", "lon": 24.362714747199277, "lat": -32.55022974124984}, "geometry": {"type": "Point", "coordinates": [24.362714747199277, -32.55022974124984]}}, {"type": "Feature", "properties": {"id": 751, "source": "existing", "mapcode": "AT49", "vegtype": "Sundays Arid Thicket", "efg": "AridThicket", "efg_id": 1, "cls2022": 2, "cls2022_name": "severe", "cls2025": 2, "cls2025_name": "severe", "stratum": "AT49_severe", "lon": 24.651073953401646, "lat": -33.02534869502065}, "geometry": {"type": "Point", "coordinates": [24.651073953401646, -33.02534869502065]}}, {"type": "Feature", "properties": {"id": 752, "source": "existing", "mapcode": "AT49", "vegtype": "Sundays Arid Thicket", "efg": "AridThicket", "efg_id": 1, "cls2022": 2, "cls2022_name": "severe", "cls2025": 2, "cls2025_name": "severe", "stratum": "AT49_severe", "lon": 25.022706986441893, "lat": -33.17249273855943}, "geometry": {"type": "Point", "coordinates": [25.022706986441893, -33.17249273855943]}}, {"type": "Feature", "properties": {"id": 753, "source": "existing", "mapcode": "AT51", "vegtype": "Sundays Valley Thicket", "efg": "ValleyThicket", "efg_id": 2, "cls2022": 2, "cls2022_name": "severe", "cls2025": 2, "cls2025_name": "severe", "stratum": "AT51_severe", "lon": 24.76453117378594, "lat": -33.335267468041884}, "geometry": {"type": "Point", "coordinates": [24.76453117378594, -33.335267468041884]}}, {"type": "Feature", "properties": {"id": 754, "source": "existing", "mapcode": "AT29", "vegtype": "Escarpment Valley Thicket", "efg": "ValleyThicket", "efg_id": 2, "cls2022": 2, "cls2022_name": "severe", "cls2025": 2, "cls2025_name": "severe", "stratum": "AT29_severe", "lon": 25.04615301535741, "lat": -32.494174867520776}, "geometry": {"type": "Point", "coordinates": [25.04615301535741, -32.494174867520776]}}, {"type": "Feature", "properties": {"id": 755, "source": "existing", "mapcode": "AT32", "vegtype": "Fish Valley Thicket", "efg": "ValleyThicket", "efg_id": 2, "cls2022": 2, "cls2022_name": "severe", "cls2025": 2, "cls2025_name": "severe", "stratum": "AT32_severe", "lon": 25.872423413690548, "lat": -32.564243459682096}, "geometry": {"type": "Point", "coordinates": [25.872423413690548, -32.564243459682096]}}, {"type": "Feature", "properties": {"id": 756, "source": "existing", "mapcode": "AT49", "vegtype": "Sundays Arid Thicket", "efg": "AridThicket", "efg_id": 1, "cls2022": 2, "cls2022_name": "severe", "cls2025": 2, "cls2025_name": "severe", "stratum": "AT49_severe", "lon": 25.155567816963167, "lat": -33.478099598216886}, "geometry": {"type": "Point", "coordinates": [25.155567816963167, -33.478099598216886]}}, {"type": "Feature", "properties": {"id": 757, "source": "existing", "mapcode": "AT49", "vegtype": "Sundays Arid Thicket", "efg": "AridThicket", "efg_id": 1, "cls2022": 2, "cls2022_name": "severe", "cls2025": 2, "cls2025_name": "severe", "stratum": "AT49_severe", "lon": 24.455420884520414, "lat": -33.52714761272981}, "geometry": {"type": "Point", "coordinates": [24.455420884520414, -33.52714761272981]}}, {"type": "Feature", "properties": {"id": 758, "source": "existing", "mapcode": "AT29", "vegtype": "Escarpment Valley Thicket", "efg": "ValleyThicket", "efg_id": 2, "cls2022": 2, "cls2022_name": "severe", "cls2025": 2, "cls2025_name": "severe", "stratum": "AT29_severe", "lon": 24.89712250972198, "lat": -32.456445625587754}, "geometry": {"type": "Point", "coordinates": [24.89712250972198, -32.456445625587754]}}, {"type": "Feature", "properties": {"id": 759, "source": "existing", "mapcode": "AT29", "vegtype": "Escarpment Valley Thicket", "efg": "ValleyThicket", "efg_id": 2, "cls2022": 2, "cls2022_name": "severe", "cls2025": 2, "cls2025_name": "severe", "stratum": "AT29_severe", "lon": 25.06232269047156, "lat": -32.48689851371941}, "geometry": {"type": "Point", "coordinates": [25.06232269047156, -32.48689851371941]}}, {"type": "Feature", "properties": {"id": 760, "source": "existing", "mapcode": "AT19", "vegtype": "Baviaans Valley Thicket", "efg": "ValleyThicket", "efg_id": 2, "cls2022": 2, "cls2022_name": "severe", "cls2025": 1, "cls2025_name": "moderate", "stratum": "AT19_severe", "lon": 25.486237673047565, "lat": -33.242291836135514}, "geometry": {"type": "Point", "coordinates": [25.486237673047565, -33.242291836135514]}}, {"type": "Feature", "properties": {"id": 761, "source": "existing", "mapcode": "AT19", "vegtype": "Baviaans Valley Thicket", "efg": "ValleyThicket", "efg_id": 2, "cls2022": 2, "cls2022_name": "severe", "cls2025": 1, "cls2025_name": "moderate", "stratum": "AT19_severe", "lon": 23.45209254368732, "lat": -33.22073226931664}, "geometry": {"type": "Point", "coordinates": [23.45209254368732, -33.22073226931664]}}, {"type": "Feature", "properties": {"id": 762, "source": "existing", "mapcode": "AT49", "vegtype": "Sundays Arid Thicket", "efg": "AridThicket", "efg_id": 1, "cls2022": 2, "cls2022_name": "severe", "cls2025": 1, "cls2025_name": "moderate", "stratum": "AT49_severe", "lon": 24.258959331883474, "lat": -33.215611872197165}, "geometry": {"type": "Point", "coordinates": [24.258959331883474, -33.215611872197165]}}, {"type": "Feature", "properties": {"id": 763, "source": "existing", "mapcode": "AT29", "vegtype": "Escarpment Valley Thicket", "efg": "ValleyThicket", "efg_id": 2, "cls2022": 2, "cls2022_name": "severe", "cls2025": 2, "cls2025_name": "severe", "stratum": "AT29_severe", "lon": 24.798217996940423, "lat": -32.33409508389068}, "geometry": {"type": "Point", "coordinates": [24.798217996940423, -32.33409508389068]}}, {"type": "Feature", "properties": {"id": 764, "source": "existing", "mapcode": "AT18", "vegtype": "Albany Valley Thicket", "efg": "ValleyThicket", "efg_id": 2, "cls2022": 2, "cls2022_name": "severe", "cls2025": 1, "cls2025_name": "moderate", "stratum": "AT18_severe", "lon": 25.773249406323753, "lat": -33.22477468809518}, "geometry": {"type": "Point", "coordinates": [25.773249406323753, -33.22477468809518]}}, {"type": "Feature", "properties": {"id": 765, "source": "existing", "mapcode": "AT49", "vegtype": "Sundays Arid Thicket", "efg": "AridThicket", "efg_id": 1, "cls2022": 2, "cls2022_name": "severe", "cls2025": 2, "cls2025_name": "severe", "stratum": "AT49_severe", "lon": 24.997643990014957, "lat": -32.87524021104428}, "geometry": {"type": "Point", "coordinates": [24.997643990014957, -32.87524021104428]}}, {"type": "Feature", "properties": {"id": 766, "source": "existing", "mapcode": "AT49", "vegtype": "Sundays Arid Thicket", "efg": "AridThicket", "efg_id": 1, "cls2022": 2, "cls2022_name": "severe", "cls2025": 1, "cls2025_name": "moderate", "stratum": "AT49_severe", "lon": 25.12161149922345, "lat": -33.54466476077015}, "geometry": {"type": "Point", "coordinates": [25.12161149922345, -33.54466476077015]}}, {"type": "Feature", "properties": {"id": 767, "source": "existing", "mapcode": "AT18", "vegtype": "Albany Valley Thicket", "efg": "ValleyThicket", "efg_id": 2, "cls2022": 2, "cls2022_name": "severe", "cls2025": 2, "cls2025_name": "severe", "stratum": "AT18_severe", "lon": 25.71881150010611, "lat": -33.13260753994452}, "geometry": {"type": "Point", "coordinates": [25.71881150010611, -33.13260753994452]}}, {"type": "Feature", "properties": {"id": 768, "source": "existing", "mapcode": "AT51", "vegtype": "Sundays Valley Thicket", "efg": "ValleyThicket", "efg_id": 2, "cls2022": 2, "cls2022_name": "severe", "cls2025": 2, "cls2025_name": "severe", "stratum": "AT51_severe", "lon": 24.890385145091084, "lat": -33.36356439949165}, "geometry": {"type": "Point", "coordinates": [24.890385145091084, -33.36356439949165]}}, {"type": "Feature", "properties": {"id": 769, "source": "existing", "mapcode": "AT49", "vegtype": "Sundays Arid Thicket", "efg": "AridThicket", "efg_id": 1, "cls2022": 2, "cls2022_name": "severe", "cls2025": 2, "cls2025_name": "severe", "stratum": "AT49_severe", "lon": 24.86478315949368, "lat": -33.50639652966665}, "geometry": {"type": "Point", "coordinates": [24.86478315949368, -33.50639652966665]}}, {"type": "Feature", "properties": {"id": 770, "source": "existing", "mapcode": null, "vegtype": null, "efg": null, "efg_id": null, "cls2022": 2, "cls2022_name": "severe", "cls2025": 2, "cls2025_name": "severe", "stratum": null, "lon": 25.0987044594784, "lat": -32.52408876648196}, "geometry": {"type": "Point", "coordinates": [25.0987044594784, -32.52408876648196]}}, {"type": "Feature", "properties": {"id": 771, "source": "existing", "mapcode": "AT27", "vegtype": "Escarpment Arid Thicket", "efg": "AridThicket", "efg_id": 1, "cls2022": 2, "cls2022_name": "severe", "cls2025": 1, "cls2025_name": "moderate", "stratum": "AT27_severe", "lon": 25.672727926030777, "lat": -32.32924418135643}, "geometry": {"type": "Point", "coordinates": [25.672727926030777, -32.32924418135643]}}, {"type": "Feature", "properties": {"id": 772, "source": "existing", "mapcode": "AT19", "vegtype": "Baviaans Valley Thicket", "efg": "ValleyThicket", "efg_id": 2, "cls2022": 2, "cls2022_name": "severe", "cls2025": 2, "cls2025_name": "severe", "stratum": "AT19_severe", "lon": 23.739373771548742, "lat": -33.44845519384094}, "geometry": {"type": "Point", "coordinates": [23.739373771548742, -33.44845519384094]}}, {"type": "Feature", "properties": {"id": 773, "source": "existing", "mapcode": "AT32", "vegtype": "Fish Valley Thicket", "efg": "ValleyThicket", "efg_id": 2, "cls2022": 2, "cls2022_name": "severe", "cls2025": 2, "cls2025_name": "severe", "stratum": "AT32_severe", "lon": 25.765164568766675, "lat": -32.98708046391716}, "geometry": {"type": "Point", "coordinates": [25.765164568766675, -32.98708046391716]}}, {"type": "Feature", "properties": {"id": 774, "source": "existing", "mapcode": "AT32", "vegtype": "Fish Valley Thicket", "efg": "ValleyThicket", "efg_id": 2, "cls2022": 2, "cls2022_name": "severe", "cls2025": 2, "cls2025_name": "severe", "stratum": "AT32_severe", "lon": 25.55738424354983, "lat": -32.92240176346055}, "geometry": {"type": "Point", "coordinates": [25.55738424354983, -32.92240176346055]}}, {"type": "Feature", "properties": {"id": 775, "source": "existing", "mapcode": "AT49", "vegtype": "Sundays Arid Thicket", "efg": "AridThicket", "efg_id": 1, "cls2022": 2, "cls2022_name": "severe", "cls2025": 2, "cls2025_name": "severe", "stratum": "AT49_severe", "lon": 24.465661678759375, "lat": -33.25846151124966}, "geometry": {"type": "Point", "coordinates": [24.465661678759375, -33.25846151124966]}}, {"type": "Feature", "properties": {"id": 776, "source": "existing", "mapcode": "AT32", "vegtype": "Fish Valley Thicket", "efg": "ValleyThicket", "efg_id": 2, "cls2022": 2, "cls2022_name": "severe", "cls2025": 2, "cls2025_name": "severe", "stratum": "AT32_severe", "lon": 26.35347124833655, "lat": -33.06119147485702}, "geometry": {"type": "Point", "coordinates": [26.35347124833655, -33.06119147485702]}}, {"type": "Feature", "properties": {"id": 777, "source": "existing", "mapcode": "AT49", "vegtype": "Sundays Arid Thicket", "efg": "AridThicket", "efg_id": 1, "cls2022": 2, "cls2022_name": "severe", "cls2025": 1, "cls2025_name": "moderate", "stratum": "AT49_severe", "lon": 24.448144530719045, "lat": -33.20213714293537}, "geometry": {"type": "Point", "coordinates": [24.448144530719045, -33.20213714293537]}}, {"type": "Feature", "properties": {"id": 778, "source": "existing", "mapcode": "AT34", "vegtype": "Gamka Valley Thicket", "efg": "ValleyThicket", "efg_id": 2, "cls2022": 2, "cls2022_name": "severe", "cls2025": 2, "cls2025_name": "severe", "stratum": "AT34_severe", "lon": 22.243678823489738, "lat": -33.48699291952967}, "geometry": {"type": "Point", "coordinates": [22.243678823489738, -33.48699291952967]}}, {"type": "Feature", "properties": {"id": 779, "source": "existing", "mapcode": "AT19", "vegtype": "Baviaans Valley Thicket", "efg": "ValleyThicket", "efg_id": 2, "cls2022": 2, "cls2022_name": "severe", "cls2025": 1, "cls2025_name": "moderate", "stratum": "AT19_severe", "lon": 24.594749585087353, "lat": -33.39186133094142}, "geometry": {"type": "Point", "coordinates": [24.594749585087353, -33.39186133094142]}}, {"type": "Feature", "properties": {"id": 780, "source": "existing", "mapcode": "AT50", "vegtype": "Sundays Mesic Thicket", "efg": "MesicThicket", "efg_id": 3, "cls2022": 2, "cls2022_name": "severe", "cls2025": 2, "cls2025_name": "severe", "stratum": "AT50_severe", "lon": 24.88472575880113, "lat": -34.10332703596408}, "geometry": {"type": "Point", "coordinates": [24.88472575880113, -34.10332703596408]}}, {"type": "Feature", "properties": {"id": 781, "source": "existing", "mapcode": "AT49", "vegtype": "Sundays Arid Thicket", "efg": "AridThicket", "efg_id": 1, "cls2022": 2, "cls2022_name": "severe", "cls2025": 2, "cls2025_name": "severe", "stratum": "AT49_severe", "lon": 24.309085324737342, "lat": -33.18758443533263}, "geometry": {"type": "Point", "coordinates": [24.309085324737342, -33.18758443533263]}}, {"type": "Feature", "properties": {"id": 782, "source": "existing", "mapcode": "AT29", "vegtype": "Escarpment Valley Thicket", "efg": "ValleyThicket", "efg_id": 2, "cls2022": 2, "cls2022_name": "severe", "cls2025": 2, "cls2025_name": "severe", "stratum": "AT29_severe", "lon": 24.919221065711323, "lat": -32.45698461475823}, "geometry": {"type": "Point", "coordinates": [24.919221065711323, -32.45698461475823]}}, {"type": "Feature", "properties": {"id": 783, "source": "existing", "mapcode": "AT49", "vegtype": "Sundays Arid Thicket", "efg": "AridThicket", "efg_id": 1, "cls2022": 2, "cls2022_name": "severe", "cls2025": 2, "cls2025_name": "severe", "stratum": "AT49_severe", "lon": 25.238302654630576, "lat": -33.5435867824292}, "geometry": {"type": "Point", "coordinates": [25.238302654630576, -33.5435867824292]}}, {"type": "Feature", "properties": {"id": 784, "source": "existing", "mapcode": "AT49", "vegtype": "Sundays Arid Thicket", "efg": "AridThicket", "efg_id": 1, "cls2022": 2, "cls2022_name": "severe", "cls2025": 2, "cls2025_name": "severe", "stratum": "AT49_severe", "lon": 23.422987128481846, "lat": -33.1234447240465}, "geometry": {"type": "Point", "coordinates": [23.422987128481846, -33.1234447240465]}}, {"type": "Feature", "properties": {"id": 785, "source": "existing", "mapcode": "AT32", "vegtype": "Fish Valley Thicket", "efg": "ValleyThicket", "efg_id": 2, "cls2022": 2, "cls2022_name": "severe", "cls2025": 2, "cls2025_name": "severe", "stratum": "AT32_severe", "lon": 25.75788821496531, "lat": -32.93533750355187}, "geometry": {"type": "Point", "coordinates": [25.75788821496531, -32.93533750355187]}}, {"type": "Feature", "properties": {"id": 786, "source": "existing", "mapcode": "AT49", "vegtype": "Sundays Arid Thicket", "efg": "AridThicket", "efg_id": 1, "cls2022": 2, "cls2022_name": "severe", "cls2025": 2, "cls2025_name": "severe", "stratum": "AT49_severe", "lon": 24.76129723876311, "lat": -33.015377395366926}, "geometry": {"type": "Point", "coordinates": [24.76129723876311, -33.015377395366926]}}, {"type": "Feature", "properties": {"id": 787, "source": "existing", "mapcode": "AT33", "vegtype": "Gamka Arid Thicket", "efg": "AridThicket", "efg_id": 1, "cls2022": 2, "cls2022_name": "severe", "cls2025": 2, "cls2025_name": "severe", "stratum": "AT33_severe", "lon": 21.653216187237977, "lat": -33.54520374994062}, "geometry": {"type": "Point", "coordinates": [21.653216187237977, -33.54520374994062]}}, {"type": "Feature", "properties": {"id": 788, "source": "existing", "mapcode": "AT32", "vegtype": "Fish Valley Thicket", "efg": "ValleyThicket", "efg_id": 2, "cls2022": 2, "cls2022_name": "severe", "cls2025": 2, "cls2025_name": "severe", "stratum": "AT32_severe", "lon": 25.005459332986796, "lat": -32.93048660101763}, "geometry": {"type": "Point", "coordinates": [25.005459332986796, -32.93048660101763]}}, {"type": "Feature", "properties": {"id": 789, "source": "existing", "mapcode": "AT49", "vegtype": "Sundays Arid Thicket", "efg": "AridThicket", "efg_id": 1, "cls2022": 2, "cls2022_name": "severe", "cls2025": 2, "cls2025_name": "severe", "stratum": "AT49_severe", "lon": 24.452995433253292, "lat": -33.260886962516786}, "geometry": {"type": "Point", "coordinates": [24.452995433253292, -33.260886962516786]}}, {"type": "Feature", "properties": {"id": 790, "source": "existing", "mapcode": "AT49", "vegtype": "Sundays Arid Thicket", "efg": "AridThicket", "efg_id": 1, "cls2022": 2, "cls2022_name": "severe", "cls2025": 2, "cls2025_name": "severe", "stratum": "AT49_severe", "lon": 25.416708070056714, "lat": -33.0204977924864}, "geometry": {"type": "Point", "coordinates": [25.416708070056714, -33.0204977924864]}}, {"type": "Feature", "properties": {"id": 791, "source": "existing", "mapcode": "AT29", "vegtype": "Escarpment Valley Thicket", "efg": "ValleyThicket", "efg_id": 2, "cls2022": 2, "cls2022_name": "severe", "cls2025": 2, "cls2025_name": "severe", "stratum": "AT29_severe", "lon": 25.175510416270622, "lat": -32.57125031889823}, "geometry": {"type": "Point", "coordinates": [25.175510416270622, -32.57125031889823]}}, {"type": "Feature", "properties": {"id": 792, "source": "existing", "mapcode": "AT32", "vegtype": "Fish Valley Thicket", "efg": "ValleyThicket", "efg_id": 2, "cls2022": 2, "cls2022_name": "severe", "cls2025": 1, "cls2025_name": "moderate", "stratum": "AT32_severe", "lon": 26.714055003382125, "lat": -32.84694327959451}, "geometry": {"type": "Point", "coordinates": [26.714055003382125, -32.84694327959451]}}, {"type": "Feature", "properties": {"id": 793, "source": "existing", "mapcode": "AT27", "vegtype": "Escarpment Arid Thicket", "efg": "AridThicket", "efg_id": 1, "cls2022": 2, "cls2022_name": "severe", "cls2025": 2, "cls2025_name": "severe", "stratum": "AT27_severe", "lon": 25.862991103207293, "lat": -32.237346527791004}, "geometry": {"type": "Point", "coordinates": [25.862991103207293, -32.237346527791004]}}, {"type": "Feature", "properties": {"id": 794, "source": "existing", "mapcode": "AT49", "vegtype": "Sundays Arid Thicket", "efg": "AridThicket", "efg_id": 1, "cls2022": 2, "cls2022_name": "severe", "cls2025": 2, "cls2025_name": "severe", "stratum": "AT49_severe", "lon": 25.092506084017977, "lat": -33.05310663729994}, "geometry": {"type": "Point", "coordinates": [25.092506084017977, -33.05310663729994]}}, {"type": "Feature", "properties": {"id": 795, "source": "existing", "mapcode": "AT51", "vegtype": "Sundays Valley Thicket", "efg": "ValleyThicket", "efg_id": 2, "cls2022": 2, "cls2022_name": "severe", "cls2025": -1, "cls2025_name": null, "stratum": "AT51_severe", "lon": 25.706145254600024, "lat": -33.517445807661325}, "geometry": {"type": "Point", "coordinates": [25.706145254600024, -33.517445807661325]}}, {"type": "Feature", "properties": {"id": 796, "source": "existing", "mapcode": "AT49", "vegtype": "Sundays Arid Thicket", "efg": "AridThicket", "efg_id": 1, "cls2022": 2, "cls2022_name": "severe", "cls2025": 2, "cls2025_name": "severe", "stratum": "AT49_severe", "lon": 24.634095794531785, "lat": -33.14177035584254}, "geometry": {"type": "Point", "coordinates": [24.634095794531785, -33.14177035584254]}}, {"type": "Feature", "properties": {"id": 797, "source": "existing", "mapcode": "AT51", "vegtype": "Sundays Valley Thicket", "efg": "ValleyThicket", "efg_id": 2, "cls2022": 2, "cls2022_name": "severe", "cls2025": -1, "cls2025_name": null, "stratum": "AT51_severe", "lon": 25.45201186072261, "lat": -33.53280699901977}, "geometry": {"type": "Point", "coordinates": [25.45201186072261, -33.53280699901977]}}, {"type": "Feature", "properties": {"id": 798, "source": "existing", "mapcode": "AT32", "vegtype": "Fish Valley Thicket", "efg": "ValleyThicket", "efg_id": 2, "cls2022": 2, "cls2022_name": "severe", "cls2025": 2, "cls2025_name": "severe", "stratum": "AT32_severe", "lon": 26.020375940985033, "lat": -32.51303948848729}, "geometry": {"type": "Point", "coordinates": [26.020375940985033, -32.51303948848729]}}, {"type": "Feature", "properties": {"id": 799, "source": "existing", "mapcode": "AT49", "vegtype": "Sundays Arid Thicket", "efg": "AridThicket", "efg_id": 1, "cls2022": 2, "cls2022_name": "severe", "cls2025": 2, "cls2025_name": "severe", "stratum": "AT49_severe", "lon": 25.014622148884815, "lat": -33.12694815365457}, "geometry": {"type": "Point", "coordinates": [25.014622148884815, -33.12694815365457]}}, {"type": "Feature", "properties": {"id": 800, "source": "existing", "mapcode": "AT49", "vegtype": "Sundays Arid Thicket", "efg": "AridThicket", "efg_id": 1, "cls2022": 2, "cls2022_name": "severe", "cls2025": 2, "cls2025_name": "severe", "stratum": "AT49_severe", "lon": 24.091872689037242, "lat": -33.259000500420136}, "geometry": {"type": "Point", "coordinates": [24.091872689037242, -33.259000500420136]}}, {"type": "Feature", "properties": {"id": 801, "source": "existing", "mapcode": "AT32", "vegtype": "Fish Valley Thicket", "efg": "ValleyThicket", "efg_id": 2, "cls2022": 2, "cls2022_name": "severe", "cls2025": 2, "cls2025_name": "severe", "stratum": "AT32_severe", "lon": 26.632128649470427, "lat": -33.037745445941496}, "geometry": {"type": "Point", "coordinates": [26.632128649470427, -33.037745445941496]}}, {"type": "Feature", "properties": {"id": 802, "source": "existing", "mapcode": "AT49", "vegtype": "Sundays Arid Thicket", "efg": "AridThicket", "efg_id": 1, "cls2022": 2, "cls2022_name": "severe", "cls2025": 2, "cls2025_name": "severe", "stratum": "AT49_severe", "lon": 24.9205685386375, "lat": -33.178421619434616}, "geometry": {"type": "Point", "coordinates": [24.9205685386375, -33.178421619434616]}}, {"type": "Feature", "properties": {"id": 803, "source": "existing", "mapcode": "AT27", "vegtype": "Escarpment Arid Thicket", "efg": "AridThicket", "efg_id": 1, "cls2022": 2, "cls2022_name": "severe", "cls2025": 2, "cls2025_name": "severe", "stratum": "AT27_severe", "lon": 24.647301029208343, "lat": -32.13493858540138}, "geometry": {"type": "Point", "coordinates": [24.647301029208343, -32.13493858540138]}}, {"type": "Feature", "properties": {"id": 804, "source": "existing", "mapcode": "AT49", "vegtype": "Sundays Arid Thicket", "efg": "AridThicket", "efg_id": 1, "cls2022": 2, "cls2022_name": "severe", "cls2025": 2, "cls2025_name": "severe", "stratum": "AT49_severe", "lon": 25.207310777328452, "lat": -33.1835420165541}, "geometry": {"type": "Point", "coordinates": [25.207310777328452, -33.1835420165541]}}, {"type": "Feature", "properties": {"id": 805, "source": "existing", "mapcode": "AT33", "vegtype": "Gamka Arid Thicket", "efg": "AridThicket", "efg_id": 1, "cls2022": 2, "cls2022_name": "severe", "cls2025": 2, "cls2025_name": "severe", "stratum": "AT33_severe", "lon": 21.772602288497463, "lat": -33.25522757622684}, "geometry": {"type": "Point", "coordinates": [21.772602288497463, -33.25522757622684]}}, {"type": "Feature", "properties": {"id": 806, "source": "existing", "mapcode": "AT49", "vegtype": "Sundays Arid Thicket", "efg": "AridThicket", "efg_id": 1, "cls2022": 2, "cls2022_name": "severe", "cls2025": 2, "cls2025_name": "severe", "stratum": "AT49_severe", "lon": 24.395593086598055, "lat": -33.038014940526736}, "geometry": {"type": "Point", "coordinates": [24.395593086598055, -33.038014940526736]}}, {"type": "Feature", "properties": {"id": 807, "source": "existing", "mapcode": "AT49", "vegtype": "Sundays Arid Thicket", "efg": "AridThicket", "efg_id": 1, "cls2022": 2, "cls2022_name": "severe", "cls2025": 2, "cls2025_name": "severe", "stratum": "AT49_severe", "lon": 23.977876479482475, "lat": -33.10107667347192}, "geometry": {"type": "Point", "coordinates": [23.977876479482475, -33.10107667347192]}}, {"type": "Feature", "properties": {"id": 808, "source": "existing", "mapcode": "AT49", "vegtype": "Sundays Arid Thicket", "efg": "AridThicket", "efg_id": 1, "cls2022": 2, "cls2022_name": "severe", "cls2025": 2, "cls2025_name": "severe", "stratum": "AT49_severe", "lon": 25.175240921685386, "lat": -32.839127936622674}, "geometry": {"type": "Point", "coordinates": [25.175240921685386, -32.839127936622674]}}, {"type": "Feature", "properties": {"id": 809, "source": "existing", "mapcode": "AT49", "vegtype": "Sundays Arid Thicket", "efg": "AridThicket", "efg_id": 1, "cls2022": 2, "cls2022_name": "severe", "cls2025": 2, "cls2025_name": "severe", "stratum": "AT49_severe", "lon": 24.3899337003081, "lat": -33.2129169263448}, "geometry": {"type": "Point", "coordinates": [24.3899337003081, -33.2129169263448]}}, {"type": "Feature", "properties": {"id": 810, "source": "existing", "mapcode": "AT49", "vegtype": "Sundays Arid Thicket", "efg": "AridThicket", "efg_id": 1, "cls2022": 2, "cls2022_name": "severe", "cls2025": 2, "cls2025_name": "severe", "stratum": "AT49_severe", "lon": 24.072469078900262, "lat": -33.58131602436222}, "geometry": {"type": "Point", "coordinates": [24.072469078900262, -33.58131602436222]}}, {"type": "Feature", "properties": {"id": 811, "source": "existing", "mapcode": "AT19", "vegtype": "Baviaans Valley Thicket", "efg": "ValleyThicket", "efg_id": 2, "cls2022": 2, "cls2022_name": "severe", "cls2025": 2, "cls2025_name": "severe", "stratum": "AT19_severe", "lon": 23.53347990842855, "lat": -33.169797792707065}, "geometry": {"type": "Point", "coordinates": [23.53347990842855, -33.169797792707065]}}, {"type": "Feature", "properties": {"id": 812, "source": "existing", "mapcode": "AT49", "vegtype": "Sundays Arid Thicket", "efg": "AridThicket", "efg_id": 1, "cls2022": 2, "cls2022_name": "severe", "cls2025": 2, "cls2025_name": "severe", "stratum": "AT49_severe", "lon": 24.476980451339283, "lat": -33.01941981414546}, "geometry": {"type": "Point", "coordinates": [24.476980451339283, -33.01941981414546]}}, {"type": "Feature", "properties": {"id": 813, "source": "existing", "mapcode": "AT51", "vegtype": "Sundays Valley Thicket", "efg": "ValleyThicket", "efg_id": 2, "cls2022": 2, "cls2022_name": "severe", "cls2025": 2, "cls2025_name": "severe", "stratum": "AT51_severe", "lon": 25.26713857525081, "lat": -33.52094923726939}, "geometry": {"type": "Point", "coordinates": [25.26713857525081, -33.52094923726939]}}, {"type": "Feature", "properties": {"id": 814, "source": "existing", "mapcode": null, "vegtype": null, "efg": null, "efg_id": null, "cls2022": 2, "cls2022_name": "severe", "cls2025": 2, "cls2025_name": "severe", "stratum": null, "lon": 21.71897286603553, "lat": -33.25630555456778}, "geometry": {"type": "Point", "coordinates": [21.71897286603553, -33.25630555456778]}}, {"type": "Feature", "properties": {"id": 815, "source": "existing", "mapcode": "AT32", "vegtype": "Fish Valley Thicket", "efg": "ValleyThicket", "efg_id": 2, "cls2022": 2, "cls2022_name": "severe", "cls2025": 2, "cls2025_name": "severe", "stratum": "AT32_severe", "lon": 26.981663126521333, "lat": -33.18273353279839}, "geometry": {"type": "Point", "coordinates": [26.981663126521333, -33.18273353279839]}}, {"type": "Feature", "properties": {"id": 816, "source": "existing", "mapcode": "AT37", "vegtype": "Gouritz Valley Thicket", "efg": "ValleyThicket", "efg_id": 2, "cls2022": 2, "cls2022_name": "severe", "cls2025": 1, "cls2025_name": "moderate", "stratum": "AT37_severe", "lon": 21.690675934585762, "lat": -33.99040880475025}, "geometry": {"type": "Point", "coordinates": [21.690675934585762, -33.99040880475025]}}, {"type": "Feature", "properties": {"id": 817, "source": "existing", "mapcode": "AT49", "vegtype": "Sundays Arid Thicket", "efg": "AridThicket", "efg_id": 1, "cls2022": 2, "cls2022_name": "severe", "cls2025": 2, "cls2025_name": "severe", "stratum": "AT49_severe", "lon": 24.737581715262355, "lat": -33.17976909236079}, "geometry": {"type": "Point", "coordinates": [24.737581715262355, -33.17976909236079]}}, {"type": "Feature", "properties": {"id": 818, "source": "existing", "mapcode": "AT49", "vegtype": "Sundays Arid Thicket", "efg": "AridThicket", "efg_id": 1, "cls2022": 2, "cls2022_name": "severe", "cls2025": 2, "cls2025_name": "severe", "stratum": "AT49_severe", "lon": 25.22563640912449, "lat": -33.54062234199161}, "geometry": {"type": "Point", "coordinates": [25.22563640912449, -33.54062234199161]}}, {"type": "Feature", "properties": {"id": 819, "source": "existing", "mapcode": "AT49", "vegtype": "Sundays Arid Thicket", "efg": "AridThicket", "efg_id": 1, "cls2022": 2, "cls2022_name": "severe", "cls2025": 2, "cls2025_name": "severe", "stratum": "AT49_severe", "lon": 24.41284074005315, "lat": -33.2129169263448}, "geometry": {"type": "Point", "coordinates": [24.41284074005315, -33.2129169263448]}}, {"type": "Feature", "properties": {"id": 820, "source": "existing", "mapcode": "AT49", "vegtype": "Sundays Arid Thicket", "efg": "AridThicket", "efg_id": 1, "cls2022": 2, "cls2022_name": "severe", "cls2025": 2, "cls2025_name": "severe", "stratum": "AT49_severe", "lon": 24.807919802008914, "lat": -32.94342234110895}, "geometry": {"type": "Point", "coordinates": [24.807919802008914, -32.94342234110895]}}, {"type": "Feature", "properties": {"id": 821, "source": "existing", "mapcode": "AT27", "vegtype": "Escarpment Arid Thicket", "efg": "AridThicket", "efg_id": 1, "cls2022": 2, "cls2022_name": "severe", "cls2025": 2, "cls2025_name": "severe", "stratum": "AT27_severe", "lon": 24.620351570684758, "lat": -32.15326421719742}, "geometry": {"type": "Point", "coordinates": [24.620351570684758, -32.15326421719742]}}, {"type": "Feature", "properties": {"id": 822, "source": "existing", "mapcode": "AT49", "vegtype": "Sundays Arid Thicket", "efg": "AridThicket", "efg_id": 1, "cls2022": 2, "cls2022_name": "severe", "cls2025": 2, "cls2025_name": "severe", "stratum": "AT49_severe", "lon": 24.198592544790642, "lat": -33.21668985053811}, "geometry": {"type": "Point", "coordinates": [24.198592544790642, -33.21668985053811]}}, {"type": "Feature", "properties": {"id": 823, "source": "existing", "mapcode": "AT27", "vegtype": "Escarpment Arid Thicket", "efg": "AridThicket", "efg_id": 1, "cls2022": 2, "cls2022_name": "severe", "cls2025": 1, "cls2025_name": "moderate", "stratum": "AT27_severe", "lon": 24.356516371738856, "lat": -32.514386961413464}, "geometry": {"type": "Point", "coordinates": [24.356516371738856, -32.514386961413464]}}, {"type": "Feature", "properties": {"id": 824, "source": "existing", "mapcode": "AT51", "vegtype": "Sundays Valley Thicket", "efg": "ValleyThicket", "efg_id": 2, "cls2022": 2, "cls2022_name": "severe", "cls2025": 2, "cls2025_name": "severe", "stratum": "AT51_severe", "lon": 25.89883388304366, "lat": -33.43929237794293}, "geometry": {"type": "Point", "coordinates": [25.89883388304366, -33.43929237794293]}}, {"type": "Feature", "properties": {"id": 825, "source": "existing", "mapcode": "AT49", "vegtype": "Sundays Arid Thicket", "efg": "AridThicket", "efg_id": 1, "cls2022": 2, "cls2022_name": "severe", "cls2025": 2, "cls2025_name": "severe", "stratum": "AT49_severe", "lon": 25.2197075282493, "lat": -32.890870896987956}, "geometry": {"type": "Point", "coordinates": [25.2197075282493, -32.890870896987956]}}, {"type": "Feature", "properties": {"id": 826, "source": "existing", "mapcode": "AT22", "vegtype": "Buffels Valley Thicket", "efg": "ValleyThicket", "efg_id": 2, "cls2022": 2, "cls2022_name": "severe", "cls2025": 2, "cls2025_name": "severe", "stratum": "AT22_severe", "lon": 27.433336051376628, "lat": -32.90892703419876}, "geometry": {"type": "Point", "coordinates": [27.433336051376628, -32.90892703419876]}}, {"type": "Feature", "properties": {"id": 827, "source": "existing", "mapcode": "AT27", "vegtype": "Escarpment Arid Thicket", "efg": "AridThicket", "efg_id": 1, "cls2022": 2, "cls2022_name": "severe", "cls2025": 2, "cls2025_name": "severe", "stratum": "AT27_severe", "lon": 24.384274314018146, "lat": -32.51357847765776}, "geometry": {"type": "Point", "coordinates": [24.384274314018146, -32.51357847765776]}}, {"type": "Feature", "properties": {"id": 828, "source": "existing", "mapcode": "AT19", "vegtype": "Baviaans Valley Thicket", "efg": "ValleyThicket", "efg_id": 2, "cls2022": 2, "cls2022_name": "severe", "cls2025": 2, "cls2025_name": "severe", "stratum": "AT19_severe", "lon": 24.690150668260845, "lat": -33.37137974246349}, "geometry": {"type": "Point", "coordinates": [24.690150668260845, -33.37137974246349]}}, {"type": "Feature", "properties": {"id": 829, "source": "existing", "mapcode": "AT19", "vegtype": "Baviaans Valley Thicket", "efg": "ValleyThicket", "efg_id": 2, "cls2022": 2, "cls2022_name": "severe", "cls2025": 1, "cls2025_name": "moderate", "stratum": "AT19_severe", "lon": 23.45478748953968, "lat": -33.223427215169}, "geometry": {"type": "Point", "coordinates": [23.45478748953968, -33.223427215169]}}, {"type": "Feature", "properties": {"id": 830, "source": "existing", "mapcode": "AT49", "vegtype": "Sundays Arid Thicket", "efg": "AridThicket", "efg_id": 1, "cls2022": 2, "cls2022_name": "severe", "cls2025": 2, "cls2025_name": "severe", "stratum": "AT49_severe", "lon": 24.731922328972402, "lat": -33.11509039190419}, "geometry": {"type": "Point", "coordinates": [24.731922328972402, -33.11509039190419]}}, {"type": "Feature", "properties": {"id": 831, "source": "existing", "mapcode": "AT32", "vegtype": "Fish Valley Thicket", "efg": "ValleyThicket", "efg_id": 2, "cls2022": 2, "cls2022_name": "severe", "cls2025": 2, "cls2025_name": "severe", "stratum": "AT32_severe", "lon": 25.340441102434966, "lat": -32.84586530125357}, "geometry": {"type": "Point", "coordinates": [25.340441102434966, -32.84586530125357]}}, {"type": "Feature", "properties": {"id": 832, "source": "existing", "mapcode": "AT27", "vegtype": "Escarpment Arid Thicket", "efg": "AridThicket", "efg_id": 1, "cls2022": 2, "cls2022_name": "severe", "cls2025": 2, "cls2025_name": "severe", "stratum": "AT27_severe", "lon": 24.05629940378611, "lat": -32.2440838924219}, "geometry": {"type": "Point", "coordinates": [24.05629940378611, -32.2440838924219]}}, {"type": "Feature", "properties": {"id": 833, "source": "existing", "mapcode": "AT19", "vegtype": "Baviaans Valley Thicket", "efg": "ValleyThicket", "efg_id": 2, "cls2022": 2, "cls2022_name": "severe", "cls2025": 2, "cls2025_name": "severe", "stratum": "AT19_severe", "lon": 24.15385644364149, "lat": -33.201328659179666}, "geometry": {"type": "Point", "coordinates": [24.15385644364149, -33.201328659179666]}}, {"type": "Feature", "properties": {"id": 834, "source": "existing", "mapcode": "AT49", "vegtype": "Sundays Arid Thicket", "efg": "AridThicket", "efg_id": 1, "cls2022": 2, "cls2022_name": "severe", "cls2025": 2, "cls2025_name": "severe", "stratum": "AT49_severe", "lon": 25.08388225729043, "lat": -32.890870896987956}, "geometry": {"type": "Point", "coordinates": [25.08388225729043, -32.890870896987956]}}, {"type": "Feature", "properties": {"id": 835, "source": "existing", "mapcode": "AT49", "vegtype": "Sundays Arid Thicket", "efg": "AridThicket", "efg_id": 1, "cls2022": 2, "cls2022_name": "severe", "cls2025": -1, "cls2025_name": null, "stratum": "AT49_severe", "lon": 25.150716914428923, "lat": -33.120480283608906}, "geometry": {"type": "Point", "coordinates": [25.150716914428923, -33.120480283608906]}}, {"type": "Feature", "properties": {"id": 836, "source": "existing", "mapcode": "AT18", "vegtype": "Albany Valley Thicket", "efg": "ValleyThicket", "efg_id": 2, "cls2022": 2, "cls2022_name": "severe", "cls2025": 2, "cls2025_name": "severe", "stratum": "AT18_severe", "lon": 26.154045255262016, "lat": -33.13934490457542}, "geometry": {"type": "Point", "coordinates": [26.154045255262016, -33.13934490457542]}}, {"type": "Feature", "properties": {"id": 837, "source": "existing", "mapcode": "AT49", "vegtype": "Sundays Arid Thicket", "efg": "AridThicket", "efg_id": 1, "cls2022": 2, "cls2022_name": "severe", "cls2025": 2, "cls2025_name": "severe", "stratum": "AT49_severe", "lon": 24.910866733569012, "lat": -33.521218731854624}, "geometry": {"type": "Point", "coordinates": [24.910866733569012, -33.521218731854624]}}, {"type": "Feature", "properties": {"id": 838, "source": "existing", "mapcode": "AT27", "vegtype": "Escarpment Arid Thicket", "efg": "AridThicket", "efg_id": 1, "cls2022": 2, "cls2022_name": "severe", "cls2025": 2, "cls2025_name": "severe", "stratum": "AT27_severe", "lon": 24.56294922402952, "lat": -32.121733350724824}, "geometry": {"type": "Point", "coordinates": [24.56294922402952, -32.121733350724824]}}, {"type": "Feature", "properties": {"id": 839, "source": "existing", "mapcode": "AT49", "vegtype": "Sundays Arid Thicket", "efg": "AridThicket", "efg_id": 1, "cls2022": 2, "cls2022_name": "severe", "cls2025": 2, "cls2025_name": "severe", "stratum": "AT49_severe", "lon": 24.424159512633054, "lat": -33.04475230515763}, "geometry": {"type": "Point", "coordinates": [24.424159512633054, -33.04475230515763]}}, {"type": "Feature", "properties": {"id": 840, "source": "existing", "mapcode": "AT18", "vegtype": "Albany Valley Thicket", "efg": "ValleyThicket", "efg_id": 2, "cls2022": 2, "cls2022_name": "severe", "cls2025": 1, "cls2025_name": "moderate", "stratum": "AT18_severe", "lon": 26.197164388899754, "lat": -33.13206855077405}, "geometry": {"type": "Point", "coordinates": [26.197164388899754, -33.13206855077405]}}, {"type": "Feature", "properties": {"id": 841, "source": "existing", "mapcode": "AT49", "vegtype": "Sundays Arid Thicket", "efg": "AridThicket", "efg_id": 1, "cls2022": 2, "cls2022_name": "severe", "cls2025": 2, "cls2025_name": "severe", "stratum": "AT49_severe", "lon": 24.05522142544517, "lat": -33.07224075285169}, "geometry": {"type": "Point", "coordinates": [24.05522142544517, -33.07224075285169]}}, {"type": "Feature", "properties": {"id": 842, "source": "existing", "mapcode": "AT49", "vegtype": "Sundays Arid Thicket", "efg": "AridThicket", "efg_id": 1, "cls2022": 2, "cls2022_name": "severe", "cls2025": 1, "cls2025_name": "moderate", "stratum": "AT49_severe", "lon": 24.53492178716499, "lat": -33.04556078891334}, "geometry": {"type": "Point", "coordinates": [24.53492178716499, -33.04556078891334]}}, {"type": "Feature", "properties": {"id": 843, "source": "existing", "mapcode": "AT49", "vegtype": "Sundays Arid Thicket", "efg": "AridThicket", "efg_id": 1, "cls2022": 2, "cls2022_name": "severe", "cls2025": 2, "cls2025_name": "severe", "stratum": "AT49_severe", "lon": 25.022976481027126, "lat": -33.15228064466674}, "geometry": {"type": "Point", "coordinates": [25.022976481027126, -33.15228064466674]}}, {"type": "Feature", "properties": {"id": 844, "source": "existing", "mapcode": "AT27", "vegtype": "Escarpment Arid Thicket", "efg": "AridThicket", "efg_id": 1, "cls2022": 2, "cls2022_name": "severe", "cls2025": 2, "cls2025_name": "severe", "stratum": "AT27_severe", "lon": 25.886167637537575, "lat": -32.23492107652388}, "geometry": {"type": "Point", "coordinates": [25.886167637537575, -32.23492107652388]}}, {"type": "Feature", "properties": {"id": 845, "source": "existing", "mapcode": "AT49", "vegtype": "Sundays Arid Thicket", "efg": "AridThicket", "efg_id": 1, "cls2022": 2, "cls2022_name": "severe", "cls2025": 2, "cls2025_name": "severe", "stratum": "AT49_severe", "lon": 25.24638749218765, "lat": -33.457348515153726}, "geometry": {"type": "Point", "coordinates": [25.24638749218765, -33.457348515153726]}}, {"type": "Feature", "properties": {"id": 846, "source": "new", "mapcode": "AT15", "vegtype": "Albany Arid Thicket", "efg": "AridThicket", "efg_id": 1, "cls2022": 0, "cls2022_name": "intact", "cls2025": 0, "cls2025_name": "intact", "stratum": "AT15_intact", "lon": 26.643418314409463, "lat": -33.223995141314404}, "geometry": {"type": "Point", "coordinates": [26.643418314409463, -33.223995141314404]}}, {"type": "Feature", "properties": {"id": 847, "source": "new", "mapcode": "AT15", "vegtype": "Albany Arid Thicket", "efg": "AridThicket", "efg_id": 1, "cls2022": 0, "cls2022_name": "intact", "cls2025": 0, "cls2025_name": "intact", "stratum": "AT15_intact", "lon": 26.67078131416238, "lat": -33.229688785176435}, "geometry": {"type": "Point", "coordinates": [26.67078131416238, -33.229688785176435]}}, {"type": "Feature", "properties": {"id": 848, "source": "new", "mapcode": "AT15", "vegtype": "Albany Arid Thicket", "efg": "AridThicket", "efg_id": 1, "cls2022": 0, "cls2022_name": "intact", "cls2025": 0, "cls2025_name": "intact", "stratum": "AT15_intact", "lon": 26.837511015777476, "lat": -33.25183608365947}, "geometry": {"type": "Point", "coordinates": [26.837511015777476, -33.25183608365947]}}, {"type": "Feature", "properties": {"id": 849, "source": "new", "mapcode": "AT15", "vegtype": "Albany Arid Thicket", "efg": "AridThicket", "efg_id": 1, "cls2022": 0, "cls2022_name": "intact", "cls2025": 0, "cls2025_name": "intact", "stratum": "AT15_intact", "lon": 26.558268533243663, "lat": -33.206343661580334}, "geometry": {"type": "Point", "coordinates": [26.558268533243663, -33.206343661580334]}}, {"type": "Feature", "properties": {"id": 850, "source": "new", "mapcode": "AT15", "vegtype": "Albany Arid Thicket", "efg": "AridThicket", "efg_id": 1, "cls2022": 0, "cls2022_name": "intact", "cls2025": 0, "cls2025_name": "intact", "stratum": "AT15_intact", "lon": 26.67397859154342, "lat": -33.23073391033974}, "geometry": {"type": "Point", "coordinates": [26.67397859154342, -33.23073391033974]}}, {"type": "Feature", "properties": {"id": 851, "source": "new", "mapcode": "AT15", "vegtype": "Albany Arid Thicket", "efg": "AridThicket", "efg_id": 1, "cls2022": 0, "cls2022_name": "intact", "cls2025": 0, "cls2025_name": "intact", "stratum": "AT15_intact", "lon": 26.780093975145707, "lat": -33.24842792352217}, "geometry": {"type": "Point", "coordinates": [26.780093975145707, -33.24842792352217]}}, {"type": "Feature", "properties": {"id": 852, "source": "new", "mapcode": "AT15", "vegtype": "Albany Arid Thicket", "efg": "AridThicket", "efg_id": 1, "cls2022": 0, "cls2022_name": "intact", "cls2025": 0, "cls2025_name": "intact", "stratum": "AT15_intact", "lon": 26.607993131318143, "lat": -33.215677371340774}, "geometry": {"type": "Point", "coordinates": [26.607993131318143, -33.215677371340774]}}, {"type": "Feature", "properties": {"id": 853, "source": "new", "mapcode": "AT15", "vegtype": "Albany Arid Thicket", "efg": "AridThicket", "efg_id": 1, "cls2022": 0, "cls2022_name": "intact", "cls2025": 0, "cls2025_name": "intact", "stratum": "AT15_intact", "lon": 26.821256918193495, "lat": -33.24901947791641}, "geometry": {"type": "Point", "coordinates": [26.821256918193495, -33.24901947791641]}}, {"type": "Feature", "properties": {"id": 854, "source": "new", "mapcode": "AT15", "vegtype": "Albany Arid Thicket", "efg": "AridThicket", "efg_id": 1, "cls2022": 0, "cls2022_name": "intact", "cls2025": 0, "cls2025_name": "intact", "stratum": "AT15_intact", "lon": 26.651058089614274, "lat": -33.2247718284387}, "geometry": {"type": "Point", "coordinates": [26.651058089614274, -33.2247718284387]}}, {"type": "Feature", "properties": {"id": 855, "source": "new", "mapcode": "AT15", "vegtype": "Albany Arid Thicket", "efg": "AridThicket", "efg_id": 1, "cls2022": 0, "cls2022_name": "intact", "cls2025": 0, "cls2025_name": "intact", "stratum": "AT15_intact", "lon": 26.742442953392956, "lat": -33.24474155131266}, "geometry": {"type": "Point", "coordinates": [26.742442953392956, -33.24474155131266]}}, {"type": "Feature", "properties": {"id": 856, "source": "new", "mapcode": "AT15", "vegtype": "Albany Arid Thicket", "efg": "AridThicket", "efg_id": 1, "cls2022": 0, "cls2022_name": "intact", "cls2025": 0, "cls2025_name": "intact", "stratum": "AT15_intact", "lon": 26.779244495006942, "lat": -33.25062837417137}, "geometry": {"type": "Point", "coordinates": [26.779244495006942, -33.25062837417137]}}, {"type": "Feature", "properties": {"id": 857, "source": "new", "mapcode": "AT15", "vegtype": "Albany Arid Thicket", "efg": "AridThicket", "efg_id": 1, "cls2022": 0, "cls2022_name": "intact", "cls2025": 1, "cls2025_name": "moderate", "stratum": "AT15_intact", "lon": 26.858048916927, "lat": -33.253213868083904}, "geometry": {"type": "Point", "coordinates": [26.858048916927, -33.253213868083904]}}, {"type": "Feature", "properties": {"id": 858, "source": "new", "mapcode": "AT15", "vegtype": "Albany Arid Thicket", "efg": "AridThicket", "efg_id": 1, "cls2022": 0, "cls2022_name": "intact", "cls2025": 0, "cls2025_name": "intact", "stratum": "AT15_intact", "lon": 26.697550511478415, "lat": -33.23905220551378}, "geometry": {"type": "Point", "coordinates": [26.697550511478415, -33.23905220551378]}}, {"type": "Feature", "properties": {"id": 859, "source": "new", "mapcode": "AT15", "vegtype": "Albany Arid Thicket", "efg": "AridThicket", "efg_id": 1, "cls2022": 0, "cls2022_name": "intact", "cls2025": 0, "cls2025_name": "intact", "stratum": "AT15_intact", "lon": 26.588222174111284, "lat": -33.21375885129972}, "geometry": {"type": "Point", "coordinates": [26.588222174111284, -33.21375885129972]}}, {"type": "Feature", "properties": {"id": 860, "source": "new", "mapcode": "AT15", "vegtype": "Albany Arid Thicket", "efg": "AridThicket", "efg_id": 1, "cls2022": 0, "cls2022_name": "intact", "cls2025": 0, "cls2025_name": "intact", "stratum": "AT15_intact", "lon": 26.706450541196983, "lat": -33.24004948330057}, "geometry": {"type": "Point", "coordinates": [26.706450541196983, -33.24004948330057]}}, {"type": "Feature", "properties": {"id": 861, "source": "new", "mapcode": "AT15", "vegtype": "Albany Arid Thicket", "efg": "AridThicket", "efg_id": 1, "cls2022": 0, "cls2022_name": "intact", "cls2025": 0, "cls2025_name": "intact", "stratum": "AT15_intact", "lon": 26.667813140580183, "lat": -33.22896177937012}, "geometry": {"type": "Point", "coordinates": [26.667813140580183, -33.22896177937012]}}, {"type": "Feature", "properties": {"id": 862, "source": "new", "mapcode": "AT15", "vegtype": "Albany Arid Thicket", "efg": "AridThicket", "efg_id": 1, "cls2022": 0, "cls2022_name": "intact", "cls2025": 0, "cls2025_name": "intact", "stratum": "AT15_intact", "lon": 26.61332628782829, "lat": -33.21430605026399}, "geometry": {"type": "Point", "coordinates": [26.61332628782829, -33.21430605026399]}}, {"type": "Feature", "properties": {"id": 863, "source": "new", "mapcode": "AT15", "vegtype": "Albany Arid Thicket", "efg": "AridThicket", "efg_id": 1, "cls2022": 0, "cls2022_name": "intact", "cls2025": 0, "cls2025_name": "intact", "stratum": "AT15_intact", "lon": 26.566608784138268, "lat": -33.2110580645455}, "geometry": {"type": "Point", "coordinates": [26.566608784138268, -33.2110580645455]}}, {"type": "Feature", "properties": {"id": 864, "source": "new", "mapcode": "AT15", "vegtype": "Albany Arid Thicket", "efg": "AridThicket", "efg_id": 1, "cls2022": 0, "cls2022_name": "intact", "cls2025": 0, "cls2025_name": "intact", "stratum": "AT15_intact", "lon": 26.754217842252647, "lat": -33.246842363871934}, "geometry": {"type": "Point", "coordinates": [26.754217842252647, -33.246842363871934]}}, {"type": "Feature", "properties": {"id": 865, "source": "new", "mapcode": "AT15", "vegtype": "Albany Arid Thicket", "efg": "AridThicket", "efg_id": 1, "cls2022": 0, "cls2022_name": "intact", "cls2025": 0, "cls2025_name": "intact", "stratum": "AT15_intact", "lon": 26.629168193434197, "lat": -33.21965322041009}, "geometry": {"type": "Point", "coordinates": [26.629168193434197, -33.21965322041009]}}, {"type": "Feature", "properties": {"id": 866, "source": "new", "mapcode": "AT15", "vegtype": "Albany Arid Thicket", "efg": "AridThicket", "efg_id": 1, "cls2022": 0, "cls2022_name": "intact", "cls2025": 0, "cls2025_name": "intact", "stratum": "AT15_intact", "lon": 26.916984430125154, "lat": -33.263502284899836}, "geometry": {"type": "Point", "coordinates": [26.916984430125154, -33.263502284899836]}}, {"type": "Feature", "properties": {"id": 867, "source": "new", "mapcode": "AT15", "vegtype": "Albany Arid Thicket", "efg": "AridThicket", "efg_id": 1, "cls2022": 0, "cls2022_name": "intact", "cls2025": 0, "cls2025_name": "intact", "stratum": "AT15_intact", "lon": 26.642194642815763, "lat": -33.22190801869618}, "geometry": {"type": "Point", "coordinates": [26.642194642815763, -33.22190801869618]}}, {"type": "Feature", "properties": {"id": 868, "source": "new", "mapcode": "AT15", "vegtype": "Albany Arid Thicket", "efg": "AridThicket", "efg_id": 1, "cls2022": 0, "cls2022_name": "intact", "cls2025": 0, "cls2025_name": "intact", "stratum": "AT15_intact", "lon": 26.6065202165632, "lat": -33.21532469727371}, "geometry": {"type": "Point", "coordinates": [26.6065202165632, -33.21532469727371]}}, {"type": "Feature", "properties": {"id": 869, "source": "new", "mapcode": "AT15", "vegtype": "Albany Arid Thicket", "efg": "AridThicket", "efg_id": 1, "cls2022": 0, "cls2022_name": "intact", "cls2025": 0, "cls2025_name": "intact", "stratum": "AT15_intact", "lon": 26.828863255152655, "lat": -33.250592803907836}, "geometry": {"type": "Point", "coordinates": [26.828863255152655, -33.250592803907836]}}, {"type": "Feature", "properties": {"id": 870, "source": "new", "mapcode": "AT15", "vegtype": "Albany Arid Thicket", "efg": "AridThicket", "efg_id": 1, "cls2022": 0, "cls2022_name": "intact", "cls2025": 0, "cls2025_name": "intact", "stratum": "AT15_intact", "lon": 26.851983621211108, "lat": -33.25308782964675}, "geometry": {"type": "Point", "coordinates": [26.851983621211108, -33.25308782964675]}}, {"type": "Feature", "properties": {"id": 871, "source": "new", "mapcode": "AT15", "vegtype": "Albany Arid Thicket", "efg": "AridThicket", "efg_id": 1, "cls2022": 0, "cls2022_name": "intact", "cls2025": 0, "cls2025_name": "intact", "stratum": "AT15_intact", "lon": 26.788741868194602, "lat": -33.249533954517396}, "geometry": {"type": "Point", "coordinates": [26.788741868194602, -33.249533954517396]}}, {"type": "Feature", "properties": {"id": 872, "source": "new", "mapcode": "AT15", "vegtype": "Albany Arid Thicket", "efg": "AridThicket", "efg_id": 1, "cls2022": 0, "cls2022_name": "intact", "cls2025": 0, "cls2025_name": "intact", "stratum": "AT15_intact", "lon": 26.836794197950802, "lat": -33.25221375985075}, "geometry": {"type": "Point", "coordinates": [26.836794197950802, -33.25221375985075]}}, {"type": "Feature", "properties": {"id": 873, "source": "new", "mapcode": "AT15", "vegtype": "Albany Arid Thicket", "efg": "AridThicket", "efg_id": 1, "cls2022": 0, "cls2022_name": "intact", "cls2025": 0, "cls2025_name": "intact", "stratum": "AT15_intact", "lon": 26.90803837986439, "lat": -33.262518212770004}, "geometry": {"type": "Point", "coordinates": [26.90803837986439, -33.262518212770004]}}, {"type": "Feature", "properties": {"id": 874, "source": "new", "mapcode": "AT15", "vegtype": "Albany Arid Thicket", "efg": "AridThicket", "efg_id": 1, "cls2022": 0, "cls2022_name": "intact", "cls2025": 0, "cls2025_name": "intact", "stratum": "AT15_intact", "lon": 26.58048599042668, "lat": -33.212814076254986}, "geometry": {"type": "Point", "coordinates": [26.58048599042668, -33.212814076254986]}}, {"type": "Feature", "properties": {"id": 875, "source": "new", "mapcode": "AT15", "vegtype": "Albany Arid Thicket", "efg": "AridThicket", "efg_id": 1, "cls2022": 0, "cls2022_name": "intact", "cls2025": 1, "cls2025_name": "moderate", "stratum": "AT15_intact", "lon": 26.657369643610085, "lat": -33.22942114071851}, "geometry": {"type": "Point", "coordinates": [26.657369643610085, -33.22942114071851]}}, {"type": "Feature", "properties": {"id": 876, "source": "new", "mapcode": "AT15", "vegtype": "Albany Arid Thicket", "efg": "AridThicket", "efg_id": 1, "cls2022": 0, "cls2022_name": "intact", "cls2025": 0, "cls2025_name": "intact", "stratum": "AT15_intact", "lon": 26.79485943082544, "lat": -33.249409091118544}, "geometry": {"type": "Point", "coordinates": [26.79485943082544, -33.249409091118544]}}, {"type": "Feature", "properties": {"id": 877, "source": "new", "mapcode": "AT15", "vegtype": "Albany Arid Thicket", "efg": "AridThicket", "efg_id": 1, "cls2022": 0, "cls2022_name": "intact", "cls2025": 0, "cls2025_name": "intact", "stratum": "AT15_intact", "lon": 26.598929980820095, "lat": -33.21333899691685}, "geometry": {"type": "Point", "coordinates": [26.598929980820095, -33.21333899691685]}}, {"type": "Feature", "properties": {"id": 878, "source": "new", "mapcode": "AT15", "vegtype": "Albany Arid Thicket", "efg": "AridThicket", "efg_id": 1, "cls2022": 0, "cls2022_name": "intact", "cls2025": 1, "cls2025_name": "moderate", "stratum": "AT15_intact", "lon": 26.56530829650764, "lat": -33.210655911467256}, "geometry": {"type": "Point", "coordinates": [26.56530829650764, -33.210655911467256]}}, {"type": "Feature", "properties": {"id": 879, "source": "new", "mapcode": "AT15", "vegtype": "Albany Arid Thicket", "efg": "AridThicket", "efg_id": 1, "cls2022": 0, "cls2022_name": "intact", "cls2025": 0, "cls2025_name": "intact", "stratum": "AT15_intact", "lon": 26.665909877363568, "lat": -33.229433677005204}, "geometry": {"type": "Point", "coordinates": [26.665909877363568, -33.229433677005204]}}, {"type": "Feature", "properties": {"id": 880, "source": "new", "mapcode": "AT15", "vegtype": "Albany Arid Thicket", "efg": "AridThicket", "efg_id": 1, "cls2022": 0, "cls2022_name": "intact", "cls2025": 0, "cls2025_name": "intact", "stratum": "AT15_intact", "lon": 26.762503591626196, "lat": -33.249295361325}, "geometry": {"type": "Point", "coordinates": [26.762503591626196, -33.249295361325]}}, {"type": "Feature", "properties": {"id": 881, "source": "new", "mapcode": "AT15", "vegtype": "Albany Arid Thicket", "efg": "AridThicket", "efg_id": 1, "cls2022": 0, "cls2022_name": "intact", "cls2025": 0, "cls2025_name": "intact", "stratum": "AT15_intact", "lon": 26.832906443242774, "lat": -33.24897692108699}, "geometry": {"type": "Point", "coordinates": [26.832906443242774, -33.24897692108699]}}, {"type": "Feature", "properties": {"id": 882, "source": "new", "mapcode": "AT15", "vegtype": "Albany Arid Thicket", "efg": "AridThicket", "efg_id": 1, "cls2022": 0, "cls2022_name": "intact", "cls2025": 0, "cls2025_name": "intact", "stratum": "AT15_intact", "lon": 26.62396739169595, "lat": -33.21841822029984}, "geometry": {"type": "Point", "coordinates": [26.62396739169595, -33.21841822029984]}}, {"type": "Feature", "properties": {"id": 883, "source": "new", "mapcode": "AT15", "vegtype": "Albany Arid Thicket", "efg": "AridThicket", "efg_id": 1, "cls2022": 0, "cls2022_name": "intact", "cls2025": 0, "cls2025_name": "intact", "stratum": "AT15_intact", "lon": 26.67416502014559, "lat": -33.23197914765908}, "geometry": {"type": "Point", "coordinates": [26.67416502014559, -33.23197914765908]}}, {"type": "Feature", "properties": {"id": 884, "source": "new", "mapcode": "AT15", "vegtype": "Albany Arid Thicket", "efg": "AridThicket", "efg_id": 1, "cls2022": 0, "cls2022_name": "intact", "cls2025": 1, "cls2025_name": "moderate", "stratum": "AT15_intact", "lon": 26.8870547583238, "lat": -33.25788679056103}, "geometry": {"type": "Point", "coordinates": [26.8870547583238, -33.25788679056103]}}, {"type": "Feature", "properties": {"id": 885, "source": "new", "mapcode": "AT15", "vegtype": "Albany Arid Thicket", "efg": "AridThicket", "efg_id": 1, "cls2022": 0, "cls2022_name": "intact", "cls2025": 0, "cls2025_name": "intact", "stratum": "AT15_intact", "lon": 26.58175059204019, "lat": -33.20797455737239}, "geometry": {"type": "Point", "coordinates": [26.58175059204019, -33.20797455737239]}}, {"type": "Feature", "properties": {"id": 886, "source": "new", "mapcode": "AT15", "vegtype": "Albany Arid Thicket", "efg": "AridThicket", "efg_id": 1, "cls2022": 0, "cls2022_name": "intact", "cls2025": 0, "cls2025_name": "intact", "stratum": "AT15_intact", "lon": 26.70071572129214, "lat": -33.237224856889284}, "geometry": {"type": "Point", "coordinates": [26.70071572129214, -33.237224856889284]}}, {"type": "Feature", "properties": {"id": 887, "source": "new", "mapcode": "AT15", "vegtype": "Albany Arid Thicket", "efg": "AridThicket", "efg_id": 1, "cls2022": 0, "cls2022_name": "intact", "cls2025": 0, "cls2025_name": "intact", "stratum": "AT15_intact", "lon": 26.728233046591527, "lat": -33.24429538402711}, "geometry": {"type": "Point", "coordinates": [26.728233046591527, -33.24429538402711]}}, {"type": "Feature", "properties": {"id": 888, "source": "new", "mapcode": "AT15", "vegtype": "Albany Arid Thicket", "efg": "AridThicket", "efg_id": 1, "cls2022": 0, "cls2022_name": "intact", "cls2025": 0, "cls2025_name": "intact", "stratum": "AT15_intact", "lon": 26.676320316258863, "lat": -33.23481575470536}, "geometry": {"type": "Point", "coordinates": [26.676320316258863, -33.23481575470536]}}, {"type": "Feature", "properties": {"id": 889, "source": "new", "mapcode": "AT15", "vegtype": "Albany Arid Thicket", "efg": "AridThicket", "efg_id": 1, "cls2022": 0, "cls2022_name": "intact", "cls2025": 0, "cls2025_name": "intact", "stratum": "AT15_intact", "lon": 26.590770313323937, "lat": -33.21123816551717}, "geometry": {"type": "Point", "coordinates": [26.590770313323937, -33.21123816551717]}}, {"type": "Feature", "properties": {"id": 890, "source": "new", "mapcode": "AT15", "vegtype": "Albany Arid Thicket", "efg": "AridThicket", "efg_id": 1, "cls2022": 0, "cls2022_name": "intact", "cls2025": 0, "cls2025_name": "intact", "stratum": "AT15_intact", "lon": 26.574595254586995, "lat": -33.20768564470803}, "geometry": {"type": "Point", "coordinates": [26.574595254586995, -33.20768564470803]}}, {"type": "Feature", "properties": {"id": 891, "source": "new", "mapcode": "AT15", "vegtype": "Albany Arid Thicket", "efg": "AridThicket", "efg_id": 1, "cls2022": 0, "cls2022_name": "intact", "cls2025": 0, "cls2025_name": "intact", "stratum": "AT15_intact", "lon": 26.57267951298855, "lat": -33.20956772488431}, "geometry": {"type": "Point", "coordinates": [26.57267951298855, -33.20956772488431]}}, {"type": "Feature", "properties": {"id": 892, "source": "new", "mapcode": "AT15", "vegtype": "Albany Arid Thicket", "efg": "AridThicket", "efg_id": 1, "cls2022": 0, "cls2022_name": "intact", "cls2025": 0, "cls2025_name": "intact", "stratum": "AT15_intact", "lon": 26.699800449314168, "lat": -33.2389449357274}, "geometry": {"type": "Point", "coordinates": [26.699800449314168, -33.2389449357274]}}, {"type": "Feature", "properties": {"id": 893, "source": "new", "mapcode": "AT15", "vegtype": "Albany Arid Thicket", "efg": "AridThicket", "efg_id": 1, "cls2022": 0, "cls2022_name": "intact", "cls2025": 0, "cls2025_name": "intact", "stratum": "AT15_intact", "lon": 26.589448608434687, "lat": -33.21269586180306}, "geometry": {"type": "Point", "coordinates": [26.589448608434687, -33.21269586180306]}}, {"type": "Feature", "properties": {"id": 894, "source": "new", "mapcode": "AT15", "vegtype": "Albany Arid Thicket", "efg": "AridThicket", "efg_id": 1, "cls2022": 0, "cls2022_name": "intact", "cls2025": 0, "cls2025_name": "intact", "stratum": "AT15_intact", "lon": 26.9042461802588, "lat": -33.260247281352086}, "geometry": {"type": "Point", "coordinates": [26.9042461802588, -33.260247281352086]}}, {"type": "Feature", "properties": {"id": 895, "source": "new", "mapcode": "AT15", "vegtype": "Albany Arid Thicket", "efg": "AridThicket", "efg_id": 1, "cls2022": 0, "cls2022_name": "intact", "cls2025": 0, "cls2025_name": "intact", "stratum": "AT15_intact", "lon": 26.587252787180976, "lat": -33.2086079582066}, "geometry": {"type": "Point", "coordinates": [26.587252787180976, -33.2086079582066]}}, {"type": "Feature", "properties": {"id": 896, "source": "new", "mapcode": "AT15", "vegtype": "Albany Arid Thicket", "efg": "AridThicket", "efg_id": 1, "cls2022": 1, "cls2022_name": "moderate", "cls2025": 1, "cls2025_name": "moderate", "stratum": "AT15_moderate", "lon": 26.896547054637544, "lat": -33.258133285110844}, "geometry": {"type": "Point", "coordinates": [26.896547054637544, -33.258133285110844]}}, {"type": "Feature", "properties": {"id": 897, "source": "new", "mapcode": "AT15", "vegtype": "Albany Arid Thicket", "efg": "AridThicket", "efg_id": 1, "cls2022": 1, "cls2022_name": "moderate", "cls2025": 1, "cls2025_name": "moderate", "stratum": "AT15_moderate", "lon": 26.56606690919943, "lat": -33.20636461715845}, "geometry": {"type": "Point", "coordinates": [26.56606690919943, -33.20636461715845]}}, {"type": "Feature", "properties": {"id": 898, "source": "new", "mapcode": "AT15", "vegtype": "Albany Arid Thicket", "efg": "AridThicket", "efg_id": 1, "cls2022": 1, "cls2022_name": "moderate", "cls2025": 0, "cls2025_name": "intact", "stratum": "AT15_moderate", "lon": 26.565336841326186, "lat": -33.20439335912077}, "geometry": {"type": "Point", "coordinates": [26.565336841326186, -33.20439335912077]}}, {"type": "Feature", "properties": {"id": 899, "source": "new", "mapcode": "AT15", "vegtype": "Albany Arid Thicket", "efg": "AridThicket", "efg_id": 1, "cls2022": 1, "cls2022_name": "moderate", "cls2025": 1, "cls2025_name": "moderate", "stratum": "AT15_moderate", "lon": 26.89130149888866, "lat": -33.25732810089075}, "geometry": {"type": "Point", "coordinates": [26.89130149888866, -33.25732810089075]}}, {"type": "Feature", "properties": {"id": 900, "source": "new", "mapcode": "AT15", "vegtype": "Albany Arid Thicket", "efg": "AridThicket", "efg_id": 1, "cls2022": 2, "cls2022_name": "severe", "cls2025": 1, "cls2025_name": "moderate", "stratum": "AT15_severe", "lon": 26.90533288117968, "lat": -33.263317395454344}, "geometry": {"type": "Point", "coordinates": [26.90533288117968, -33.263317395454344]}}, {"type": "Feature", "properties": {"id": 901, "source": "new", "mapcode": "AT17", "vegtype": "Albany Mesic Thicket", "efg": "MesicThicket", "efg_id": 3, "cls2022": 0, "cls2022_name": "intact", "cls2025": 0, "cls2025_name": "intact", "stratum": "AT17_intact", "lon": 26.557127986869904, "lat": -33.53255498977021}, "geometry": {"type": "Point", "coordinates": [26.557127986869904, -33.53255498977021]}}, {"type": "Feature", "properties": {"id": 902, "source": "new", "mapcode": "AT17", "vegtype": "Albany Mesic Thicket", "efg": "MesicThicket", "efg_id": 3, "cls2022": 0, "cls2022_name": "intact", "cls2025": 0, "cls2025_name": "intact", "stratum": "AT17_intact", "lon": 26.5883592626511, "lat": -33.59077446159409}, "geometry": {"type": "Point", "coordinates": [26.5883592626511, -33.59077446159409]}}, {"type": "Feature", "properties": {"id": 903, "source": "new", "mapcode": "AT17", "vegtype": "Albany Mesic Thicket", "efg": "MesicThicket", "efg_id": 3, "cls2022": 0, "cls2022_name": "intact", "cls2025": 0, "cls2025_name": "intact", "stratum": "AT17_intact", "lon": 26.500235935313654, "lat": -33.59221506864528}, "geometry": {"type": "Point", "coordinates": [26.500235935313654, -33.59221506864528]}}, {"type": "Feature", "properties": {"id": 904, "source": "new", "mapcode": "AT17", "vegtype": "Albany Mesic Thicket", "efg": "MesicThicket", "efg_id": 3, "cls2022": 0, "cls2022_name": "intact", "cls2025": 0, "cls2025_name": "intact", "stratum": "AT17_intact", "lon": 26.525320394929594, "lat": -33.633811930223416}, "geometry": {"type": "Point", "coordinates": [26.525320394929594, -33.633811930223416]}}, {"type": "Feature", "properties": {"id": 905, "source": "new", "mapcode": "AT17", "vegtype": "Albany Mesic Thicket", "efg": "MesicThicket", "efg_id": 3, "cls2022": 0, "cls2022_name": "intact", "cls2025": 0, "cls2025_name": "intact", "stratum": "AT17_intact", "lon": 26.70432203838356, "lat": -33.446781067271175}, "geometry": {"type": "Point", "coordinates": [26.70432203838356, -33.446781067271175]}}, {"type": "Feature", "properties": {"id": 906, "source": "new", "mapcode": "AT17", "vegtype": "Albany Mesic Thicket", "efg": "MesicThicket", "efg_id": 3, "cls2022": 0, "cls2022_name": "intact", "cls2025": 0, "cls2025_name": "intact", "stratum": "AT17_intact", "lon": 26.860480174633786, "lat": -33.566875695091035}, "geometry": {"type": "Point", "coordinates": [26.860480174633786, -33.566875695091035]}}, {"type": "Feature", "properties": {"id": 907, "source": "new", "mapcode": "AT17", "vegtype": "Albany Mesic Thicket", "efg": "MesicThicket", "efg_id": 3, "cls2022": 0, "cls2022_name": "intact", "cls2025": 0, "cls2025_name": "intact", "stratum": "AT17_intact", "lon": 26.599041148968986, "lat": -33.6583208670247}, "geometry": {"type": "Point", "coordinates": [26.599041148968986, -33.6583208670247]}}, {"type": "Feature", "properties": {"id": 908, "source": "new", "mapcode": "AT17", "vegtype": "Albany Mesic Thicket", "efg": "MesicThicket", "efg_id": 3, "cls2022": 0, "cls2022_name": "intact", "cls2025": 0, "cls2025_name": "intact", "stratum": "AT17_intact", "lon": 25.8766778478512, "lat": -33.32505188291655}, "geometry": {"type": "Point", "coordinates": [25.8766778478512, -33.32505188291655]}}, {"type": "Feature", "properties": {"id": 909, "source": "new", "mapcode": "AT17", "vegtype": "Albany Mesic Thicket", "efg": "MesicThicket", "efg_id": 3, "cls2022": 0, "cls2022_name": "intact", "cls2025": 0, "cls2025_name": "intact", "stratum": "AT17_intact", "lon": 26.81123379583105, "lat": -33.47686753929812}, "geometry": {"type": "Point", "coordinates": [26.81123379583105, -33.47686753929812]}}, {"type": "Feature", "properties": {"id": 910, "source": "new", "mapcode": "AT17", "vegtype": "Albany Mesic Thicket", "efg": "MesicThicket", "efg_id": 3, "cls2022": 0, "cls2022_name": "intact", "cls2025": 0, "cls2025_name": "intact", "stratum": "AT17_intact", "lon": 26.645666536814403, "lat": -33.32307062888904}, "geometry": {"type": "Point", "coordinates": [26.645666536814403, -33.32307062888904]}}, {"type": "Feature", "properties": {"id": 911, "source": "new", "mapcode": "AT17", "vegtype": "Albany Mesic Thicket", "efg": "MesicThicket", "efg_id": 3, "cls2022": 0, "cls2022_name": "intact", "cls2025": 0, "cls2025_name": "intact", "stratum": "AT17_intact", "lon": 26.568220738723312, "lat": -33.54044649930999}, "geometry": {"type": "Point", "coordinates": [26.568220738723312, -33.54044649930999]}}, {"type": "Feature", "properties": {"id": 912, "source": "new", "mapcode": "AT17", "vegtype": "Albany Mesic Thicket", "efg": "MesicThicket", "efg_id": 3, "cls2022": 0, "cls2022_name": "intact", "cls2025": 0, "cls2025_name": "intact", "stratum": "AT17_intact", "lon": 25.84743593149275, "lat": -33.30921490008648}, "geometry": {"type": "Point", "coordinates": [25.84743593149275, -33.30921490008648]}}, {"type": "Feature", "properties": {"id": 913, "source": "new", "mapcode": "AT17", "vegtype": "Albany Mesic Thicket", "efg": "MesicThicket", "efg_id": 3, "cls2022": 0, "cls2022_name": "intact", "cls2025": 0, "cls2025_name": "intact", "stratum": "AT17_intact", "lon": 26.547777809462346, "lat": -33.58543978219747}, "geometry": {"type": "Point", "coordinates": [26.547777809462346, -33.58543978219747]}}, {"type": "Feature", "properties": {"id": 914, "source": "new", "mapcode": "AT17", "vegtype": "Albany Mesic Thicket", "efg": "MesicThicket", "efg_id": 3, "cls2022": 0, "cls2022_name": "intact", "cls2025": 0, "cls2025_name": "intact", "stratum": "AT17_intact", "lon": 26.636194376267074, "lat": -33.62270654089067}, "geometry": {"type": "Point", "coordinates": [26.636194376267074, -33.62270654089067]}}, {"type": "Feature", "properties": {"id": 915, "source": "new", "mapcode": "AT17", "vegtype": "Albany Mesic Thicket", "efg": "MesicThicket", "efg_id": 3, "cls2022": 0, "cls2022_name": "intact", "cls2025": 0, "cls2025_name": "intact", "stratum": "AT17_intact", "lon": 26.73119952122393, "lat": -33.58221709537273}, "geometry": {"type": "Point", "coordinates": [26.73119952122393, -33.58221709537273]}}, {"type": "Feature", "properties": {"id": 916, "source": "new", "mapcode": "AT17", "vegtype": "Albany Mesic Thicket", "efg": "MesicThicket", "efg_id": 3, "cls2022": 0, "cls2022_name": "intact", "cls2025": 0, "cls2025_name": "intact", "stratum": "AT17_intact", "lon": 26.42236668299248, "lat": -33.37595528702032}, "geometry": {"type": "Point", "coordinates": [26.42236668299248, -33.37595528702032]}}, {"type": "Feature", "properties": {"id": 917, "source": "new", "mapcode": "AT17", "vegtype": "Albany Mesic Thicket", "efg": "MesicThicket", "efg_id": 3, "cls2022": 0, "cls2022_name": "intact", "cls2025": 0, "cls2025_name": "intact", "stratum": "AT17_intact", "lon": 26.873983569783938, "lat": -33.55808751843027}, "geometry": {"type": "Point", "coordinates": [26.873983569783938, -33.55808751843027]}}, {"type": "Feature", "properties": {"id": 918, "source": "new", "mapcode": "AT17", "vegtype": "Albany Mesic Thicket", "efg": "MesicThicket", "efg_id": 3, "cls2022": 0, "cls2022_name": "intact", "cls2025": 0, "cls2025_name": "intact", "stratum": "AT17_intact", "lon": 26.484958466972497, "lat": -33.622448820544136}, "geometry": {"type": "Point", "coordinates": [26.484958466972497, -33.622448820544136]}}, {"type": "Feature", "properties": {"id": 919, "source": "new", "mapcode": "AT17", "vegtype": "Albany Mesic Thicket", "efg": "MesicThicket", "efg_id": 3, "cls2022": 1, "cls2022_name": "moderate", "cls2025": -1, "cls2025_name": null, "stratum": "AT17_moderate", "lon": 26.665422197168006, "lat": -33.3248324542835}, "geometry": {"type": "Point", "coordinates": [26.665422197168006, -33.3248324542835]}}, {"type": "Feature", "properties": {"id": 920, "source": "new", "mapcode": "AT17", "vegtype": "Albany Mesic Thicket", "efg": "MesicThicket", "efg_id": 3, "cls2022": 1, "cls2022_name": "moderate", "cls2025": 1, "cls2025_name": "moderate", "stratum": "AT17_moderate", "lon": 26.485198634179337, "lat": -33.57712590438989}, "geometry": {"type": "Point", "coordinates": [26.485198634179337, -33.57712590438989]}}, {"type": "Feature", "properties": {"id": 921, "source": "new", "mapcode": "AT17", "vegtype": "Albany Mesic Thicket", "efg": "MesicThicket", "efg_id": 3, "cls2022": 1, "cls2022_name": "moderate", "cls2025": 1, "cls2025_name": "moderate", "stratum": "AT17_moderate", "lon": 26.56431684784044, "lat": -33.531524204618286}, "geometry": {"type": "Point", "coordinates": [26.56431684784044, -33.531524204618286]}}, {"type": "Feature", "properties": {"id": 922, "source": "new", "mapcode": "AT17", "vegtype": "Albany Mesic Thicket", "efg": "MesicThicket", "efg_id": 3, "cls2022": 1, "cls2022_name": "moderate", "cls2025": 0, "cls2025_name": "intact", "stratum": "AT17_moderate", "lon": 26.57280108570474, "lat": -33.573751667909534}, "geometry": {"type": "Point", "coordinates": [26.57280108570474, -33.573751667909534]}}, {"type": "Feature", "properties": {"id": 923, "source": "new", "mapcode": "AT17", "vegtype": "Albany Mesic Thicket", "efg": "MesicThicket", "efg_id": 3, "cls2022": 1, "cls2022_name": "moderate", "cls2025": -1, "cls2025_name": null, "stratum": "AT17_moderate", "lon": 25.918970545476206, "lat": -33.32992784454041}, "geometry": {"type": "Point", "coordinates": [25.918970545476206, -33.32992784454041]}}, {"type": "Feature", "properties": {"id": 924, "source": "new", "mapcode": "AT17", "vegtype": "Albany Mesic Thicket", "efg": "MesicThicket", "efg_id": 3, "cls2022": 1, "cls2022_name": "moderate", "cls2025": 1, "cls2025_name": "moderate", "stratum": "AT17_moderate", "lon": 25.932086578906645, "lat": -33.33257209449125}, "geometry": {"type": "Point", "coordinates": [25.932086578906645, -33.33257209449125]}}, {"type": "Feature", "properties": {"id": 925, "source": "new", "mapcode": "AT17", "vegtype": "Albany Mesic Thicket", "efg": "MesicThicket", "efg_id": 3, "cls2022": 1, "cls2022_name": "moderate", "cls2025": 1, "cls2025_name": "moderate", "stratum": "AT17_moderate", "lon": 26.418172904788747, "lat": -33.394862395454034}, "geometry": {"type": "Point", "coordinates": [26.418172904788747, -33.394862395454034]}}, {"type": "Feature", "properties": {"id": 926, "source": "new", "mapcode": "AT17", "vegtype": "Albany Mesic Thicket", "efg": "MesicThicket", "efg_id": 3, "cls2022": 1, "cls2022_name": "moderate", "cls2025": 0, "cls2025_name": "intact", "stratum": "AT17_moderate", "lon": 26.346257860586583, "lat": -33.41193118649907}, "geometry": {"type": "Point", "coordinates": [26.346257860586583, -33.41193118649907]}}, {"type": "Feature", "properties": {"id": 927, "source": "new", "mapcode": "AT17", "vegtype": "Albany Mesic Thicket", "efg": "MesicThicket", "efg_id": 3, "cls2022": 1, "cls2022_name": "moderate", "cls2025": 1, "cls2025_name": "moderate", "stratum": "AT17_moderate", "lon": 25.833999330045298, "lat": -33.308338559564696}, "geometry": {"type": "Point", "coordinates": [25.833999330045298, -33.308338559564696]}}, {"type": "Feature", "properties": {"id": 928, "source": "new", "mapcode": "AT17", "vegtype": "Albany Mesic Thicket", "efg": "MesicThicket", "efg_id": 3, "cls2022": 1, "cls2022_name": "moderate", "cls2025": 1, "cls2025_name": "moderate", "stratum": "AT17_moderate", "lon": 26.560526611363372, "lat": -33.61954286363424}, "geometry": {"type": "Point", "coordinates": [26.560526611363372, -33.61954286363424]}}, {"type": "Feature", "properties": {"id": 929, "source": "new", "mapcode": "AT17", "vegtype": "Albany Mesic Thicket", "efg": "MesicThicket", "efg_id": 3, "cls2022": 2, "cls2022_name": "severe", "cls2025": 1, "cls2025_name": "moderate", "stratum": "AT17_severe", "lon": 26.67766292180146, "lat": -33.58532402288618}, "geometry": {"type": "Point", "coordinates": [26.67766292180146, -33.58532402288618]}}, {"type": "Feature", "properties": {"id": 930, "source": "new", "mapcode": "AT17", "vegtype": "Albany Mesic Thicket", "efg": "MesicThicket", "efg_id": 3, "cls2022": 2, "cls2022_name": "severe", "cls2025": 2, "cls2025_name": "severe", "stratum": "AT17_severe", "lon": 26.45112583207674, "lat": -33.60735314026541}, "geometry": {"type": "Point", "coordinates": [26.45112583207674, -33.60735314026541]}}, {"type": "Feature", "properties": {"id": 931, "source": "new", "mapcode": "AT17", "vegtype": "Albany Mesic Thicket", "efg": "MesicThicket", "efg_id": 3, "cls2022": 2, "cls2022_name": "severe", "cls2025": 2, "cls2025_name": "severe", "stratum": "AT17_severe", "lon": 26.640434198676235, "lat": -33.56290357132216}, "geometry": {"type": "Point", "coordinates": [26.640434198676235, -33.56290357132216]}}, {"type": "Feature", "properties": {"id": 932, "source": "new", "mapcode": "AT17", "vegtype": "Albany Mesic Thicket", "efg": "MesicThicket", "efg_id": 3, "cls2022": 2, "cls2022_name": "severe", "cls2025": 2, "cls2025_name": "severe", "stratum": "AT17_severe", "lon": 26.606228143968433, "lat": -33.54462975556638}, "geometry": {"type": "Point", "coordinates": [26.606228143968433, -33.54462975556638]}}, {"type": "Feature", "properties": {"id": 933, "source": "new", "mapcode": "AT17", "vegtype": "Albany Mesic Thicket", "efg": "MesicThicket", "efg_id": 3, "cls2022": 2, "cls2022_name": "severe", "cls2025": 1, "cls2025_name": "moderate", "stratum": "AT17_severe", "lon": 26.45604278702754, "lat": -33.685063128396344}, "geometry": {"type": "Point", "coordinates": [26.45604278702754, -33.685063128396344]}}, {"type": "Feature", "properties": {"id": 934, "source": "new", "mapcode": "AT17", "vegtype": "Albany Mesic Thicket", "efg": "MesicThicket", "efg_id": 3, "cls2022": 2, "cls2022_name": "severe", "cls2025": 2, "cls2025_name": "severe", "stratum": "AT17_severe", "lon": 25.94603425804139, "lat": -33.58135972067974}, "geometry": {"type": "Point", "coordinates": [25.94603425804139, -33.58135972067974]}}, {"type": "Feature", "properties": {"id": 935, "source": "new", "mapcode": "AT17", "vegtype": "Albany Mesic Thicket", "efg": "MesicThicket", "efg_id": 3, "cls2022": 2, "cls2022_name": "severe", "cls2025": 2, "cls2025_name": "severe", "stratum": "AT17_severe", "lon": 26.834559654534925, "lat": -33.55868637776338}, "geometry": {"type": "Point", "coordinates": [26.834559654534925, -33.55868637776338]}}, {"type": "Feature", "properties": {"id": 936, "source": "new", "mapcode": "AT17", "vegtype": "Albany Mesic Thicket", "efg": "MesicThicket", "efg_id": 3, "cls2022": 2, "cls2022_name": "severe", "cls2025": 2, "cls2025_name": "severe", "stratum": "AT17_severe", "lon": 26.546207039130383, "lat": -33.643391368007364}, "geometry": {"type": "Point", "coordinates": [26.546207039130383, -33.643391368007364]}}, {"type": "Feature", "properties": {"id": 937, "source": "new", "mapcode": "AT17", "vegtype": "Albany Mesic Thicket", "efg": "MesicThicket", "efg_id": 3, "cls2022": 2, "cls2022_name": "severe", "cls2025": 2, "cls2025_name": "severe", "stratum": "AT17_severe", "lon": 25.832149159788745, "lat": -33.5734238850072}, "geometry": {"type": "Point", "coordinates": [25.832149159788745, -33.5734238850072]}}, {"type": "Feature", "properties": {"id": 938, "source": "new", "mapcode": "AT17", "vegtype": "Albany Mesic Thicket", "efg": "MesicThicket", "efg_id": 3, "cls2022": 2, "cls2022_name": "severe", "cls2025": 2, "cls2025_name": "severe", "stratum": "AT17_severe", "lon": 26.630157053607846, "lat": -33.63269934758884}, "geometry": {"type": "Point", "coordinates": [26.630157053607846, -33.63269934758884]}}, {"type": "Feature", "properties": {"id": 939, "source": "new", "mapcode": "AT17", "vegtype": "Albany Mesic Thicket", "efg": "MesicThicket", "efg_id": 3, "cls2022": 2, "cls2022_name": "severe", "cls2025": 2, "cls2025_name": "severe", "stratum": "AT17_severe", "lon": 26.38363897872756, "lat": -33.60858617763006}, "geometry": {"type": "Point", "coordinates": [26.38363897872756, -33.60858617763006]}}, {"type": "Feature", "properties": {"id": 940, "source": "new", "mapcode": "AT17", "vegtype": "Albany Mesic Thicket", "efg": "MesicThicket", "efg_id": 3, "cls2022": 2, "cls2022_name": "severe", "cls2025": 2, "cls2025_name": "severe", "stratum": "AT17_severe", "lon": 26.514989456857595, "lat": -33.59002859377595}, "geometry": {"type": "Point", "coordinates": [26.514989456857595, -33.59002859377595]}}, {"type": "Feature", "properties": {"id": 941, "source": "new", "mapcode": "AT17", "vegtype": "Albany Mesic Thicket", "efg": "MesicThicket", "efg_id": 3, "cls2022": 2, "cls2022_name": "severe", "cls2025": 2, "cls2025_name": "severe", "stratum": "AT17_severe", "lon": 25.93878379774537, "lat": -33.576883061437734}, "geometry": {"type": "Point", "coordinates": [25.93878379774537, -33.576883061437734]}}, {"type": "Feature", "properties": {"id": 942, "source": "new", "mapcode": "AT17", "vegtype": "Albany Mesic Thicket", "efg": "MesicThicket", "efg_id": 3, "cls2022": 2, "cls2022_name": "severe", "cls2025": 2, "cls2025_name": "severe", "stratum": "AT17_severe", "lon": 26.415497189867697, "lat": -33.418840172218374}, "geometry": {"type": "Point", "coordinates": [26.415497189867697, -33.418840172218374]}}, {"type": "Feature", "properties": {"id": 943, "source": "new", "mapcode": "AT17", "vegtype": "Albany Mesic Thicket", "efg": "MesicThicket", "efg_id": 3, "cls2022": 2, "cls2022_name": "severe", "cls2025": 2, "cls2025_name": "severe", "stratum": "AT17_severe", "lon": 25.863155476322074, "lat": -33.54634477350409}, "geometry": {"type": "Point", "coordinates": [25.863155476322074, -33.54634477350409]}}, {"type": "Feature", "properties": {"id": 944, "source": "new", "mapcode": "AT17", "vegtype": "Albany Mesic Thicket", "efg": "MesicThicket", "efg_id": 3, "cls2022": 2, "cls2022_name": "severe", "cls2025": 2, "cls2025_name": "severe", "stratum": "AT17_severe", "lon": 25.80632451536803, "lat": -33.30496616829125}, "geometry": {"type": "Point", "coordinates": [25.80632451536803, -33.30496616829125]}}, {"type": "Feature", "properties": {"id": 945, "source": "new", "mapcode": "AT17", "vegtype": "Albany Mesic Thicket", "efg": "MesicThicket", "efg_id": 3, "cls2022": 2, "cls2022_name": "severe", "cls2025": -1, "cls2025_name": null, "stratum": "AT17_severe", "lon": 26.333647547178145, "lat": -33.41407569338965}, "geometry": {"type": "Point", "coordinates": [26.333647547178145, -33.41407569338965]}}, {"type": "Feature", "properties": {"id": 946, "source": "new", "mapcode": "AT17", "vegtype": "Albany Mesic Thicket", "efg": "MesicThicket", "efg_id": 3, "cls2022": 2, "cls2022_name": "severe", "cls2025": 2, "cls2025_name": "severe", "stratum": "AT17_severe", "lon": 26.397155463564886, "lat": -33.606662416052565}, "geometry": {"type": "Point", "coordinates": [26.397155463564886, -33.606662416052565]}}, {"type": "Feature", "properties": {"id": 947, "source": "new", "mapcode": "AT17", "vegtype": "Albany Mesic Thicket", "efg": "MesicThicket", "efg_id": 3, "cls2022": 2, "cls2022_name": "severe", "cls2025": 2, "cls2025_name": "severe", "stratum": "AT17_severe", "lon": 26.816380145332904, "lat": -33.57366078847712}, "geometry": {"type": "Point", "coordinates": [26.816380145332904, -33.57366078847712]}}, {"type": "Feature", "properties": {"id": 948, "source": "new", "mapcode": "AT17", "vegtype": "Albany Mesic Thicket", "efg": "MesicThicket", "efg_id": 3, "cls2022": 2, "cls2022_name": "severe", "cls2025": 2, "cls2025_name": "severe", "stratum": "AT17_severe", "lon": 26.647165891136098, "lat": -33.54789148621946}, "geometry": {"type": "Point", "coordinates": [26.647165891136098, -33.54789148621946]}}, {"type": "Feature", "properties": {"id": 949, "source": "new", "mapcode": "AT17", "vegtype": "Albany Mesic Thicket", "efg": "MesicThicket", "efg_id": 3, "cls2022": 2, "cls2022_name": "severe", "cls2025": 2, "cls2025_name": "severe", "stratum": "AT17_severe", "lon": 25.8405779462425, "lat": -33.580684307245825}, "geometry": {"type": "Point", "coordinates": [25.8405779462425, -33.580684307245825]}}, {"type": "Feature", "properties": {"id": 950, "source": "new", "mapcode": "AT18", "vegtype": "Albany Valley Thicket", "efg": "ValleyThicket", "efg_id": 2, "cls2022": 0, "cls2022_name": "intact", "cls2025": 0, "cls2025_name": "intact", "stratum": "AT18_intact", "lon": 25.985459798400143, "lat": -33.36726429725627}, "geometry": {"type": "Point", "coordinates": [25.985459798400143, -33.36726429725627]}}, {"type": "Feature", "properties": {"id": 951, "source": "new", "mapcode": "AT18", "vegtype": "Albany Valley Thicket", "efg": "ValleyThicket", "efg_id": 2, "cls2022": 0, "cls2022_name": "intact", "cls2025": 0, "cls2025_name": "intact", "stratum": "AT18_intact", "lon": 26.90298896749399, "lat": -33.33293205471471}, "geometry": {"type": "Point", "coordinates": [26.90298896749399, -33.33293205471471]}}, {"type": "Feature", "properties": {"id": 952, "source": "new", "mapcode": "AT18", "vegtype": "Albany Valley Thicket", "efg": "ValleyThicket", "efg_id": 2, "cls2022": 0, "cls2022_name": "intact", "cls2025": 0, "cls2025_name": "intact", "stratum": "AT18_intact", "lon": 25.875236606000716, "lat": -33.595466178426044}, "geometry": {"type": "Point", "coordinates": [25.875236606000716, -33.595466178426044]}}, {"type": "Feature", "properties": {"id": 953, "source": "new", "mapcode": "AT18", "vegtype": "Albany Valley Thicket", "efg": "ValleyThicket", "efg_id": 2, "cls2022": 0, "cls2022_name": "intact", "cls2025": 0, "cls2025_name": "intact", "stratum": "AT18_intact", "lon": 25.90051880536006, "lat": -33.37405236561876}, "geometry": {"type": "Point", "coordinates": [25.90051880536006, -33.37405236561876]}}, {"type": "Feature", "properties": {"id": 954, "source": "new", "mapcode": "AT18", "vegtype": "Albany Valley Thicket", "efg": "ValleyThicket", "efg_id": 2, "cls2022": 0, "cls2022_name": "intact", "cls2025": 0, "cls2025_name": "intact", "stratum": "AT18_intact", "lon": 26.726390226443865, "lat": -33.519575322824586}, "geometry": {"type": "Point", "coordinates": [26.726390226443865, -33.519575322824586]}}, {"type": "Feature", "properties": {"id": 955, "source": "new", "mapcode": "AT18", "vegtype": "Albany Valley Thicket", "efg": "ValleyThicket", "efg_id": 2, "cls2022": 0, "cls2022_name": "intact", "cls2025": 0, "cls2025_name": "intact", "stratum": "AT18_intact", "lon": 25.97675369906904, "lat": -33.41234434040791}, "geometry": {"type": "Point", "coordinates": [25.97675369906904, -33.41234434040791]}}, {"type": "Feature", "properties": {"id": 956, "source": "new", "mapcode": "AT18", "vegtype": "Albany Valley Thicket", "efg": "ValleyThicket", "efg_id": 2, "cls2022": 0, "cls2022_name": "intact", "cls2025": 0, "cls2025_name": "intact", "stratum": "AT18_intact", "lon": 26.519030685815338, "lat": -33.224880559041424}, "geometry": {"type": "Point", "coordinates": [26.519030685815338, -33.224880559041424]}}, {"type": "Feature", "properties": {"id": 957, "source": "new", "mapcode": "AT18", "vegtype": "Albany Valley Thicket", "efg": "ValleyThicket", "efg_id": 2, "cls2022": 0, "cls2022_name": "intact", "cls2025": -1, "cls2025_name": null, "stratum": "AT18_intact", "lon": 26.700882386538222, "lat": -33.348009425145364}, "geometry": {"type": "Point", "coordinates": [26.700882386538222, -33.348009425145364]}}, {"type": "Feature", "properties": {"id": 958, "source": "new", "mapcode": "AT18", "vegtype": "Albany Valley Thicket", "efg": "ValleyThicket", "efg_id": 2, "cls2022": 0, "cls2022_name": "intact", "cls2025": 0, "cls2025_name": "intact", "stratum": "AT18_intact", "lon": 26.727203826186578, "lat": -33.246190529241645}, "geometry": {"type": "Point", "coordinates": [26.727203826186578, -33.246190529241645]}}, {"type": "Feature", "properties": {"id": 959, "source": "new", "mapcode": "AT18", "vegtype": "Albany Valley Thicket", "efg": "ValleyThicket", "efg_id": 2, "cls2022": 0, "cls2022_name": "intact", "cls2025": 0, "cls2025_name": "intact", "stratum": "AT18_intact", "lon": 26.740400166660947, "lat": -33.51460619773013}, "geometry": {"type": "Point", "coordinates": [26.740400166660947, -33.51460619773013]}}, {"type": "Feature", "properties": {"id": 960, "source": "new", "mapcode": "AT18", "vegtype": "Albany Valley Thicket", "efg": "ValleyThicket", "efg_id": 2, "cls2022": 0, "cls2022_name": "intact", "cls2025": 0, "cls2025_name": "intact", "stratum": "AT18_intact", "lon": 26.532977131630997, "lat": -33.2297147485309}, "geometry": {"type": "Point", "coordinates": [26.532977131630997, -33.2297147485309]}}, {"type": "Feature", "properties": {"id": 961, "source": "new", "mapcode": "AT18", "vegtype": "Albany Valley Thicket", "efg": "ValleyThicket", "efg_id": 2, "cls2022": 0, "cls2022_name": "intact", "cls2025": 0, "cls2025_name": "intact", "stratum": "AT18_intact", "lon": 26.70817615026645, "lat": -33.252369207367636}, "geometry": {"type": "Point", "coordinates": [26.70817615026645, -33.252369207367636]}}, {"type": "Feature", "properties": {"id": 962, "source": "new", "mapcode": "AT18", "vegtype": "Albany Valley Thicket", "efg": "ValleyThicket", "efg_id": 2, "cls2022": 0, "cls2022_name": "intact", "cls2025": 1, "cls2025_name": "moderate", "stratum": "AT18_intact", "lon": 26.050050593389308, "lat": -33.41197076243718}, "geometry": {"type": "Point", "coordinates": [26.050050593389308, -33.41197076243718]}}, {"type": "Feature", "properties": {"id": 963, "source": "new", "mapcode": "AT18", "vegtype": "Albany Valley Thicket", "efg": "ValleyThicket", "efg_id": 2, "cls2022": 0, "cls2022_name": "intact", "cls2025": 0, "cls2025_name": "intact", "stratum": "AT18_intact", "lon": 26.695260091444812, "lat": -33.39289879155862}, "geometry": {"type": "Point", "coordinates": [26.695260091444812, -33.39289879155862]}}, {"type": "Feature", "properties": {"id": 964, "source": "new", "mapcode": "AT18", "vegtype": "Albany Valley Thicket", "efg": "ValleyThicket", "efg_id": 2, "cls2022": 0, "cls2022_name": "intact", "cls2025": 0, "cls2025_name": "intact", "stratum": "AT18_intact", "lon": 26.829376967774422, "lat": -33.44063077835904}, "geometry": {"type": "Point", "coordinates": [26.829376967774422, -33.44063077835904]}}, {"type": "Feature", "properties": {"id": 965, "source": "new", "mapcode": "AT18", "vegtype": "Albany Valley Thicket", "efg": "ValleyThicket", "efg_id": 2, "cls2022": 0, "cls2022_name": "intact", "cls2025": 0, "cls2025_name": "intact", "stratum": "AT18_intact", "lon": 25.950736647492487, "lat": -33.34612701164286}, "geometry": {"type": "Point", "coordinates": [25.950736647492487, -33.34612701164286]}}, {"type": "Feature", "properties": {"id": 966, "source": "new", "mapcode": "AT18", "vegtype": "Albany Valley Thicket", "efg": "ValleyThicket", "efg_id": 2, "cls2022": 0, "cls2022_name": "intact", "cls2025": 0, "cls2025_name": "intact", "stratum": "AT18_intact", "lon": 26.670155812429925, "lat": -33.46575580815816}, "geometry": {"type": "Point", "coordinates": [26.670155812429925, -33.46575580815816]}}, {"type": "Feature", "properties": {"id": 967, "source": "new", "mapcode": "AT18", "vegtype": "Albany Valley Thicket", "efg": "ValleyThicket", "efg_id": 2, "cls2022": 0, "cls2022_name": "intact", "cls2025": 0, "cls2025_name": "intact", "stratum": "AT18_intact", "lon": 25.889645131557995, "lat": -33.3971839864472}, "geometry": {"type": "Point", "coordinates": [25.889645131557995, -33.3971839864472]}}, {"type": "Feature", "properties": {"id": 968, "source": "new", "mapcode": "AT18", "vegtype": "Albany Valley Thicket", "efg": "ValleyThicket", "efg_id": 2, "cls2022": 0, "cls2022_name": "intact", "cls2025": 0, "cls2025_name": "intact", "stratum": "AT18_intact", "lon": 26.083194803623716, "lat": -33.3772944046049}, "geometry": {"type": "Point", "coordinates": [26.083194803623716, -33.3772944046049]}}, {"type": "Feature", "properties": {"id": 969, "source": "new", "mapcode": "AT18", "vegtype": "Albany Valley Thicket", "efg": "ValleyThicket", "efg_id": 2, "cls2022": 0, "cls2022_name": "intact", "cls2025": 0, "cls2025_name": "intact", "stratum": "AT18_intact", "lon": 26.671210327950284, "lat": -33.37562845819795}, "geometry": {"type": "Point", "coordinates": [26.671210327950284, -33.37562845819795]}}, {"type": "Feature", "properties": {"id": 970, "source": "new", "mapcode": "AT18", "vegtype": "Albany Valley Thicket", "efg": "ValleyThicket", "efg_id": 2, "cls2022": 0, "cls2022_name": "intact", "cls2025": 0, "cls2025_name": "intact", "stratum": "AT18_intact", "lon": 26.654162975885768, "lat": -33.448275890549056}, "geometry": {"type": "Point", "coordinates": [26.654162975885768, -33.448275890549056]}}, {"type": "Feature", "properties": {"id": 971, "source": "new", "mapcode": "AT18", "vegtype": "Albany Valley Thicket", "efg": "ValleyThicket", "efg_id": 2, "cls2022": 0, "cls2022_name": "intact", "cls2025": 0, "cls2025_name": "intact", "stratum": "AT18_intact", "lon": 26.704624354268937, "lat": -33.38377533871486}, "geometry": {"type": "Point", "coordinates": [26.704624354268937, -33.38377533871486]}}, {"type": "Feature", "properties": {"id": 972, "source": "new", "mapcode": "AT18", "vegtype": "Albany Valley Thicket", "efg": "ValleyThicket", "efg_id": 2, "cls2022": 0, "cls2022_name": "intact", "cls2025": 0, "cls2025_name": "intact", "stratum": "AT18_intact", "lon": 26.275117219142153, "lat": -33.51793913046808}, "geometry": {"type": "Point", "coordinates": [26.275117219142153, -33.51793913046808]}}, {"type": "Feature", "properties": {"id": 973, "source": "new", "mapcode": "AT18", "vegtype": "Albany Valley Thicket", "efg": "ValleyThicket", "efg_id": 2, "cls2022": 0, "cls2022_name": "intact", "cls2025": 0, "cls2025_name": "intact", "stratum": "AT18_intact", "lon": 26.033061654337146, "lat": -33.39644841820498}, "geometry": {"type": "Point", "coordinates": [26.033061654337146, -33.39644841820498]}}, {"type": "Feature", "properties": {"id": 974, "source": "new", "mapcode": "AT18", "vegtype": "Albany Valley Thicket", "efg": "ValleyThicket", "efg_id": 2, "cls2022": 0, "cls2022_name": "intact", "cls2025": 0, "cls2025_name": "intact", "stratum": "AT18_intact", "lon": 25.981556413467228, "lat": -33.36490696316159}, "geometry": {"type": "Point", "coordinates": [25.981556413467228, -33.36490696316159]}}, {"type": "Feature", "properties": {"id": 975, "source": "new", "mapcode": "AT18", "vegtype": "Albany Valley Thicket", "efg": "ValleyThicket", "efg_id": 2, "cls2022": 0, "cls2022_name": "intact", "cls2025": 0, "cls2025_name": "intact", "stratum": "AT18_intact", "lon": 26.64204423075314, "lat": -33.354951884717934}, "geometry": {"type": "Point", "coordinates": [26.64204423075314, -33.354951884717934]}}, {"type": "Feature", "properties": {"id": 976, "source": "new", "mapcode": "AT18", "vegtype": "Albany Valley Thicket", "efg": "ValleyThicket", "efg_id": 2, "cls2022": 1, "cls2022_name": "moderate", "cls2025": 1, "cls2025_name": "moderate", "stratum": "AT18_moderate", "lon": 25.94849091359322, "lat": -33.29857265738968}, "geometry": {"type": "Point", "coordinates": [25.94849091359322, -33.29857265738968]}}, {"type": "Feature", "properties": {"id": 977, "source": "new", "mapcode": "AT18", "vegtype": "Albany Valley Thicket", "efg": "ValleyThicket", "efg_id": 2, "cls2022": 1, "cls2022_name": "moderate", "cls2025": 1, "cls2025_name": "moderate", "stratum": "AT18_moderate", "lon": 26.113022273504406, "lat": -33.138026202498935}, "geometry": {"type": "Point", "coordinates": [26.113022273504406, -33.138026202498935]}}, {"type": "Feature", "properties": {"id": 978, "source": "new", "mapcode": "AT18", "vegtype": "Albany Valley Thicket", "efg": "ValleyThicket", "efg_id": 2, "cls2022": 1, "cls2022_name": "moderate", "cls2025": 1, "cls2025_name": "moderate", "stratum": "AT18_moderate", "lon": 25.760437174160188, "lat": -33.24859724790739}, "geometry": {"type": "Point", "coordinates": [25.760437174160188, -33.24859724790739]}}, {"type": "Feature", "properties": {"id": 979, "source": "new", "mapcode": "AT18", "vegtype": "Albany Valley Thicket", "efg": "ValleyThicket", "efg_id": 2, "cls2022": 1, "cls2022_name": "moderate", "cls2025": 1, "cls2025_name": "moderate", "stratum": "AT18_moderate", "lon": 26.05024178277419, "lat": -33.19140029751155}, "geometry": {"type": "Point", "coordinates": [26.05024178277419, -33.19140029751155]}}, {"type": "Feature", "properties": {"id": 980, "source": "new", "mapcode": "AT18", "vegtype": "Albany Valley Thicket", "efg": "ValleyThicket", "efg_id": 2, "cls2022": 1, "cls2022_name": "moderate", "cls2025": 1, "cls2025_name": "moderate", "stratum": "AT18_moderate", "lon": 26.28769685229626, "lat": -33.184782781738186}, "geometry": {"type": "Point", "coordinates": [26.28769685229626, -33.184782781738186]}}, {"type": "Feature", "properties": {"id": 981, "source": "new", "mapcode": "AT18", "vegtype": "Albany Valley Thicket", "efg": "ValleyThicket", "efg_id": 2, "cls2022": 1, "cls2022_name": "moderate", "cls2025": 1, "cls2025_name": "moderate", "stratum": "AT18_moderate", "lon": 26.46950477415157, "lat": -33.21106462453213}, "geometry": {"type": "Point", "coordinates": [26.46950477415157, -33.21106462453213]}}, {"type": "Feature", "properties": {"id": 982, "source": "new", "mapcode": "AT18", "vegtype": "Albany Valley Thicket", "efg": "ValleyThicket", "efg_id": 2, "cls2022": 1, "cls2022_name": "moderate", "cls2025": 1, "cls2025_name": "moderate", "stratum": "AT18_moderate", "lon": 26.330807996930144, "lat": -33.170299719767996}, "geometry": {"type": "Point", "coordinates": [26.330807996930144, -33.170299719767996]}}, {"type": "Feature", "properties": {"id": 983, "source": "new", "mapcode": "AT18", "vegtype": "Albany Valley Thicket", "efg": "ValleyThicket", "efg_id": 2, "cls2022": 1, "cls2022_name": "moderate", "cls2025": 1, "cls2025_name": "moderate", "stratum": "AT18_moderate", "lon": 26.077169083146995, "lat": -33.22772273535203}, "geometry": {"type": "Point", "coordinates": [26.077169083146995, -33.22772273535203]}}, {"type": "Feature", "properties": {"id": 984, "source": "new", "mapcode": "AT18", "vegtype": "Albany Valley Thicket", "efg": "ValleyThicket", "efg_id": 2, "cls2022": 1, "cls2022_name": "moderate", "cls2025": 2, "cls2025_name": "severe", "stratum": "AT18_moderate", "lon": 25.634980155846353, "lat": -33.131670521163706}, "geometry": {"type": "Point", "coordinates": [25.634980155846353, -33.131670521163706]}}, {"type": "Feature", "properties": {"id": 985, "source": "new", "mapcode": "AT18", "vegtype": "Albany Valley Thicket", "efg": "ValleyThicket", "efg_id": 2, "cls2022": 1, "cls2022_name": "moderate", "cls2025": 1, "cls2025_name": "moderate", "stratum": "AT18_moderate", "lon": 26.283945300951352, "lat": -33.17637687824146}, "geometry": {"type": "Point", "coordinates": [26.283945300951352, -33.17637687824146]}}, {"type": "Feature", "properties": {"id": 986, "source": "new", "mapcode": "AT18", "vegtype": "Albany Valley Thicket", "efg": "ValleyThicket", "efg_id": 2, "cls2022": 1, "cls2022_name": "moderate", "cls2025": 0, "cls2025_name": "intact", "stratum": "AT18_moderate", "lon": 26.131602143113565, "lat": -33.46653297787805}, "geometry": {"type": "Point", "coordinates": [26.131602143113565, -33.46653297787805]}}, {"type": "Feature", "properties": {"id": 987, "source": "new", "mapcode": "AT18", "vegtype": "Albany Valley Thicket", "efg": "ValleyThicket", "efg_id": 2, "cls2022": 2, "cls2022_name": "severe", "cls2025": 2, "cls2025_name": "severe", "stratum": "AT18_severe", "lon": 25.712509005191624, "lat": -33.22129590488901}, "geometry": {"type": "Point", "coordinates": [25.712509005191624, -33.22129590488901]}}, {"type": "Feature", "properties": {"id": 988, "source": "new", "mapcode": "AT18", "vegtype": "Albany Valley Thicket", "efg": "ValleyThicket", "efg_id": 2, "cls2022": 2, "cls2022_name": "severe", "cls2025": 2, "cls2025_name": "severe", "stratum": "AT18_severe", "lon": 25.714478256285084, "lat": -33.23482540552044}, "geometry": {"type": "Point", "coordinates": [25.714478256285084, -33.23482540552044]}}, {"type": "Feature", "properties": {"id": 989, "source": "new", "mapcode": "AT18", "vegtype": "Albany Valley Thicket", "efg": "ValleyThicket", "efg_id": 2, "cls2022": 2, "cls2022_name": "severe", "cls2025": 2, "cls2025_name": "severe", "stratum": "AT18_severe", "lon": 25.998686522419373, "lat": -33.3525528872117}, "geometry": {"type": "Point", "coordinates": [25.998686522419373, -33.3525528872117]}}, {"type": "Feature", "properties": {"id": 990, "source": "new", "mapcode": "AT18", "vegtype": "Albany Valley Thicket", "efg": "ValleyThicket", "efg_id": 2, "cls2022": 2, "cls2022_name": "severe", "cls2025": 2, "cls2025_name": "severe", "stratum": "AT18_severe", "lon": 25.839422945924547, "lat": -33.10428637033602}, "geometry": {"type": "Point", "coordinates": [25.839422945924547, -33.10428637033602]}}, {"type": "Feature", "properties": {"id": 991, "source": "new", "mapcode": "AT18", "vegtype": "Albany Valley Thicket", "efg": "ValleyThicket", "efg_id": 2, "cls2022": 2, "cls2022_name": "severe", "cls2025": 2, "cls2025_name": "severe", "stratum": "AT18_severe", "lon": 26.21027193055475, "lat": -33.21846204534285}, "geometry": {"type": "Point", "coordinates": [26.21027193055475, -33.21846204534285]}}, {"type": "Feature", "properties": {"id": 992, "source": "new", "mapcode": "AT18", "vegtype": "Albany Valley Thicket", "efg": "ValleyThicket", "efg_id": 2, "cls2022": 2, "cls2022_name": "severe", "cls2025": 1, "cls2025_name": "moderate", "stratum": "AT18_severe", "lon": 26.274142656261137, "lat": -33.23759358772861}, "geometry": {"type": "Point", "coordinates": [26.274142656261137, -33.23759358772861]}}, {"type": "Feature", "properties": {"id": 993, "source": "new", "mapcode": "AT18", "vegtype": "Albany Valley Thicket", "efg": "ValleyThicket", "efg_id": 2, "cls2022": 2, "cls2022_name": "severe", "cls2025": 1, "cls2025_name": "moderate", "stratum": "AT18_severe", "lon": 26.170172912676538, "lat": -33.21349157601415}, "geometry": {"type": "Point", "coordinates": [26.170172912676538, -33.21349157601415]}}, {"type": "Feature", "properties": {"id": 994, "source": "new", "mapcode": "AT18", "vegtype": "Albany Valley Thicket", "efg": "ValleyThicket", "efg_id": 2, "cls2022": 2, "cls2022_name": "severe", "cls2025": 2, "cls2025_name": "severe", "stratum": "AT18_severe", "lon": 26.635553626874998, "lat": -33.392592313572216}, "geometry": {"type": "Point", "coordinates": [26.635553626874998, -33.392592313572216]}}, {"type": "Feature", "properties": {"id": 995, "source": "new", "mapcode": "AT18", "vegtype": "Albany Valley Thicket", "efg": "ValleyThicket", "efg_id": 2, "cls2022": 2, "cls2022_name": "severe", "cls2025": 2, "cls2025_name": "severe", "stratum": "AT18_severe", "lon": 26.256981829085003, "lat": -33.215054409744184}, "geometry": {"type": "Point", "coordinates": [26.256981829085003, -33.215054409744184]}}, {"type": "Feature", "properties": {"id": 996, "source": "new", "mapcode": "AT18", "vegtype": "Albany Valley Thicket", "efg": "ValleyThicket", "efg_id": 2, "cls2022": 2, "cls2022_name": "severe", "cls2025": 2, "cls2025_name": "severe", "stratum": "AT18_severe", "lon": 25.549672936555403, "lat": -33.23185319289843}, "geometry": {"type": "Point", "coordinates": [25.549672936555403, -33.23185319289843]}}, {"type": "Feature", "properties": {"id": 997, "source": "new", "mapcode": "AT18", "vegtype": "Albany Valley Thicket", "efg": "ValleyThicket", "efg_id": 2, "cls2022": 2, "cls2022_name": "severe", "cls2025": 2, "cls2025_name": "severe", "stratum": "AT18_severe", "lon": 26.387907298225908, "lat": -33.178471113896514}, "geometry": {"type": "Point", "coordinates": [26.387907298225908, -33.178471113896514]}}, {"type": "Feature", "properties": {"id": 998, "source": "new", "mapcode": "AT18", "vegtype": "Albany Valley Thicket", "efg": "ValleyThicket", "efg_id": 2, "cls2022": 2, "cls2022_name": "severe", "cls2025": 2, "cls2025_name": "severe", "stratum": "AT18_severe", "lon": 26.253061376624153, "lat": -33.14803056072424}, "geometry": {"type": "Point", "coordinates": [26.253061376624153, -33.14803056072424]}}, {"type": "Feature", "properties": {"id": 999, "source": "new", "mapcode": "AT18", "vegtype": "Albany Valley Thicket", "efg": "ValleyThicket", "efg_id": 2, "cls2022": 2, "cls2022_name": "severe", "cls2025": 2, "cls2025_name": "severe", "stratum": "AT18_severe", "lon": 25.558403883827772, "lat": -33.20336101979599}, "geometry": {"type": "Point", "coordinates": [25.558403883827772, -33.20336101979599]}}, {"type": "Feature", "properties": {"id": 1000, "source": "new", "mapcode": "AT18", "vegtype": "Albany Valley Thicket", "efg": "ValleyThicket", "efg_id": 2, "cls2022": 2, "cls2022_name": "severe", "cls2025": 2, "cls2025_name": "severe", "stratum": "AT18_severe", "lon": 25.843315277561135, "lat": -33.238234283897235}, "geometry": {"type": "Point", "coordinates": [25.843315277561135, -33.238234283897235]}}, {"type": "Feature", "properties": {"id": 1001, "source": "new", "mapcode": "AT18", "vegtype": "Albany Valley Thicket", "efg": "ValleyThicket", "efg_id": 2, "cls2022": 2, "cls2022_name": "severe", "cls2025": 2, "cls2025_name": "severe", "stratum": "AT18_severe", "lon": 25.833066671667073, "lat": -33.263633604545326}, "geometry": {"type": "Point", "coordinates": [25.833066671667073, -33.263633604545326]}}, {"type": "Feature", "properties": {"id": 1002, "source": "new", "mapcode": "AT19", "vegtype": "Baviaans Valley Thicket", "efg": "ValleyThicket", "efg_id": 2, "cls2022": 0, "cls2022_name": "intact", "cls2025": 1, "cls2025_name": "moderate", "stratum": "AT19_intact", "lon": 23.94619597501886, "lat": -33.1115089186609}, "geometry": {"type": "Point", "coordinates": [23.94619597501886, -33.1115089186609]}}, {"type": "Feature", "properties": {"id": 1003, "source": "new", "mapcode": "AT19", "vegtype": "Baviaans Valley Thicket", "efg": "ValleyThicket", "efg_id": 2, "cls2022": 0, "cls2022_name": "intact", "cls2025": 0, "cls2025_name": "intact", "stratum": "AT19_intact", "lon": 25.18728475773368, "lat": -33.24345862485239}, "geometry": {"type": "Point", "coordinates": [25.18728475773368, -33.24345862485239]}}, {"type": "Feature", "properties": {"id": 1004, "source": "new", "mapcode": "AT19", "vegtype": "Baviaans Valley Thicket", "efg": "ValleyThicket", "efg_id": 2, "cls2022": 0, "cls2022_name": "intact", "cls2025": 0, "cls2025_name": "intact", "stratum": "AT19_intact", "lon": 24.25168392105251, "lat": -33.605172985692995}, "geometry": {"type": "Point", "coordinates": [24.25168392105251, -33.605172985692995]}}, {"type": "Feature", "properties": {"id": 1005, "source": "new", "mapcode": "AT19", "vegtype": "Baviaans Valley Thicket", "efg": "ValleyThicket", "efg_id": 2, "cls2022": 0, "cls2022_name": "intact", "cls2025": 0, "cls2025_name": "intact", "stratum": "AT19_intact", "lon": 25.36937327477242, "lat": -33.29499014509349}, "geometry": {"type": "Point", "coordinates": [25.36937327477242, -33.29499014509349]}}, {"type": "Feature", "properties": {"id": 1006, "source": "new", "mapcode": "AT19", "vegtype": "Baviaans Valley Thicket", "efg": "ValleyThicket", "efg_id": 2, "cls2022": 0, "cls2022_name": "intact", "cls2025": 0, "cls2025_name": "intact", "stratum": "AT19_intact", "lon": 24.32880672635445, "lat": -33.6873586398893}, "geometry": {"type": "Point", "coordinates": [24.32880672635445, -33.6873586398893]}}, {"type": "Feature", "properties": {"id": 1007, "source": "new", "mapcode": "AT19", "vegtype": "Baviaans Valley Thicket", "efg": "ValleyThicket", "efg_id": 2, "cls2022": 0, "cls2022_name": "intact", "cls2025": 1, "cls2025_name": "moderate", "stratum": "AT19_intact", "lon": 25.051867976140525, "lat": -33.26931065908071}, "geometry": {"type": "Point", "coordinates": [25.051867976140525, -33.26931065908071]}}, {"type": "Feature", "properties": {"id": 1008, "source": "new", "mapcode": "AT19", "vegtype": "Baviaans Valley Thicket", "efg": "ValleyThicket", "efg_id": 2, "cls2022": 0, "cls2022_name": "intact", "cls2025": 0, "cls2025_name": "intact", "stratum": "AT19_intact", "lon": 25.12180206065314, "lat": -33.23427796626849}, "geometry": {"type": "Point", "coordinates": [25.12180206065314, -33.23427796626849]}}, {"type": "Feature", "properties": {"id": 1009, "source": "new", "mapcode": "AT19", "vegtype": "Baviaans Valley Thicket", "efg": "ValleyThicket", "efg_id": 2, "cls2022": 0, "cls2022_name": "intact", "cls2025": 0, "cls2025_name": "intact", "stratum": "AT19_intact", "lon": 25.037720686620446, "lat": -33.25735388205406}, "geometry": {"type": "Point", "coordinates": [25.037720686620446, -33.25735388205406]}}, {"type": "Feature", "properties": {"id": 1010, "source": "new", "mapcode": "AT19", "vegtype": "Baviaans Valley Thicket", "efg": "ValleyThicket", "efg_id": 2, "cls2022": 0, "cls2022_name": "intact", "cls2025": 1, "cls2025_name": "moderate", "stratum": "AT19_intact", "lon": 25.055400582147065, "lat": -33.269615501868266}, "geometry": {"type": "Point", "coordinates": [25.055400582147065, -33.269615501868266]}}, {"type": "Feature", "properties": {"id": 1011, "source": "new", "mapcode": "AT19", "vegtype": "Baviaans Valley Thicket", "efg": "ValleyThicket", "efg_id": 2, "cls2022": 0, "cls2022_name": "intact", "cls2025": 0, "cls2025_name": "intact", "stratum": "AT19_intact", "lon": 24.175327630940146, "lat": -33.581826794373576}, "geometry": {"type": "Point", "coordinates": [24.175327630940146, -33.581826794373576]}}, {"type": "Feature", "properties": {"id": 1012, "source": "new", "mapcode": "AT19", "vegtype": "Baviaans Valley Thicket", "efg": "ValleyThicket", "efg_id": 2, "cls2022": 0, "cls2022_name": "intact", "cls2025": 0, "cls2025_name": "intact", "stratum": "AT19_intact", "lon": 24.365340918702714, "lat": -33.659336393668234}, "geometry": {"type": "Point", "coordinates": [24.365340918702714, -33.659336393668234]}}, {"type": "Feature", "properties": {"id": 1013, "source": "new", "mapcode": "AT19", "vegtype": "Baviaans Valley Thicket", "efg": "ValleyThicket", "efg_id": 2, "cls2022": 0, "cls2022_name": "intact", "cls2025": 0, "cls2025_name": "intact", "stratum": "AT19_intact", "lon": 24.410406467189514, "lat": -33.64573521564912}, "geometry": {"type": "Point", "coordinates": [24.410406467189514, -33.64573521564912]}}, {"type": "Feature", "properties": {"id": 1014, "source": "new", "mapcode": "AT19", "vegtype": "Baviaans Valley Thicket", "efg": "ValleyThicket", "efg_id": 2, "cls2022": 0, "cls2022_name": "intact", "cls2025": 0, "cls2025_name": "intact", "stratum": "AT19_intact", "lon": 25.29429274731104, "lat": -33.2513015520979}, "geometry": {"type": "Point", "coordinates": [25.29429274731104, -33.2513015520979]}}, {"type": "Feature", "properties": {"id": 1015, "source": "new", "mapcode": "AT19", "vegtype": "Baviaans Valley Thicket", "efg": "ValleyThicket", "efg_id": 2, "cls2022": 0, "cls2022_name": "intact", "cls2025": 0, "cls2025_name": "intact", "stratum": "AT19_intact", "lon": 25.426059696770984, "lat": -33.26919068461413}, "geometry": {"type": "Point", "coordinates": [25.426059696770984, -33.26919068461413]}}, {"type": "Feature", "properties": {"id": 1016, "source": "new", "mapcode": "AT19", "vegtype": "Baviaans Valley Thicket", "efg": "ValleyThicket", "efg_id": 2, "cls2022": 0, "cls2022_name": "intact", "cls2025": 0, "cls2025_name": "intact", "stratum": "AT19_intact", "lon": 24.490516993613443, "lat": -33.68868309844916}, "geometry": {"type": "Point", "coordinates": [24.490516993613443, -33.68868309844916]}}, {"type": "Feature", "properties": {"id": 1017, "source": "new", "mapcode": "AT19", "vegtype": "Baviaans Valley Thicket", "efg": "ValleyThicket", "efg_id": 2, "cls2022": 0, "cls2022_name": "intact", "cls2025": 0, "cls2025_name": "intact", "stratum": "AT19_intact", "lon": 24.630719861610057, "lat": -33.35819772280508}, "geometry": {"type": "Point", "coordinates": [24.630719861610057, -33.35819772280508]}}, {"type": "Feature", "properties": {"id": 1018, "source": "new", "mapcode": "AT19", "vegtype": "Baviaans Valley Thicket", "efg": "ValleyThicket", "efg_id": 2, "cls2022": 0, "cls2022_name": "intact", "cls2025": 0, "cls2025_name": "intact", "stratum": "AT19_intact", "lon": 24.277506243487355, "lat": -33.78436552986265}, "geometry": {"type": "Point", "coordinates": [24.277506243487355, -33.78436552986265]}}, {"type": "Feature", "properties": {"id": 1019, "source": "new", "mapcode": "AT19", "vegtype": "Baviaans Valley Thicket", "efg": "ValleyThicket", "efg_id": 2, "cls2022": 1, "cls2022_name": "moderate", "cls2025": 1, "cls2025_name": "moderate", "stratum": "AT19_moderate", "lon": 23.91593648235819, "lat": -33.77287842907861}, "geometry": {"type": "Point", "coordinates": [23.91593648235819, -33.77287842907861]}}, {"type": "Feature", "properties": {"id": 1020, "source": "new", "mapcode": "AT19", "vegtype": "Baviaans Valley Thicket", "efg": "ValleyThicket", "efg_id": 2, "cls2022": 1, "cls2022_name": "moderate", "cls2025": 1, "cls2025_name": "moderate", "stratum": "AT19_moderate", "lon": 24.19868846078422, "lat": -33.61066249804401}, "geometry": {"type": "Point", "coordinates": [24.19868846078422, -33.61066249804401]}}, {"type": "Feature", "properties": {"id": 1021, "source": "new", "mapcode": "AT19", "vegtype": "Baviaans Valley Thicket", "efg": "ValleyThicket", "efg_id": 2, "cls2022": 1, "cls2022_name": "moderate", "cls2025": 1, "cls2025_name": "moderate", "stratum": "AT19_moderate", "lon": 24.09667617525698, "lat": -33.15926100547081}, "geometry": {"type": "Point", "coordinates": [24.09667617525698, -33.15926100547081]}}, {"type": "Feature", "properties": {"id": 1022, "source": "new", "mapcode": "AT19", "vegtype": "Baviaans Valley Thicket", "efg": "ValleyThicket", "efg_id": 2, "cls2022": 1, "cls2022_name": "moderate", "cls2025": 1, "cls2025_name": "moderate", "stratum": "AT19_moderate", "lon": 24.16231537738245, "lat": -33.60160396588747}, "geometry": {"type": "Point", "coordinates": [24.16231537738245, -33.60160396588747]}}, {"type": "Feature", "properties": {"id": 1023, "source": "new", "mapcode": "AT19", "vegtype": "Baviaans Valley Thicket", "efg": "ValleyThicket", "efg_id": 2, "cls2022": 1, "cls2022_name": "moderate", "cls2025": 1, "cls2025_name": "moderate", "stratum": "AT19_moderate", "lon": 23.333612409907467, "lat": -33.21080476257524}, "geometry": {"type": "Point", "coordinates": [23.333612409907467, -33.21080476257524]}}, {"type": "Feature", "properties": {"id": 1024, "source": "new", "mapcode": "AT19", "vegtype": "Baviaans Valley Thicket", "efg": "ValleyThicket", "efg_id": 2, "cls2022": 1, "cls2022_name": "moderate", "cls2025": 1, "cls2025_name": "moderate", "stratum": "AT19_moderate", "lon": 23.93703607643293, "lat": -33.13004332591836}, "geometry": {"type": "Point", "coordinates": [23.93703607643293, -33.13004332591836]}}, {"type": "Feature", "properties": {"id": 1025, "source": "new", "mapcode": "AT19", "vegtype": "Baviaans Valley Thicket", "efg": "ValleyThicket", "efg_id": 2, "cls2022": 1, "cls2022_name": "moderate", "cls2025": 1, "cls2025_name": "moderate", "stratum": "AT19_moderate", "lon": 24.16977668476576, "lat": -33.583869447010855}, "geometry": {"type": "Point", "coordinates": [24.16977668476576, -33.583869447010855]}}, {"type": "Feature", "properties": {"id": 1026, "source": "new", "mapcode": "AT19", "vegtype": "Baviaans Valley Thicket", "efg": "ValleyThicket", "efg_id": 2, "cls2022": 1, "cls2022_name": "moderate", "cls2025": 1, "cls2025_name": "moderate", "stratum": "AT19_moderate", "lon": 24.593675390138618, "lat": -33.52038189736105}, "geometry": {"type": "Point", "coordinates": [24.593675390138618, -33.52038189736105]}}, {"type": "Feature", "properties": {"id": 1027, "source": "new", "mapcode": "AT19", "vegtype": "Baviaans Valley Thicket", "efg": "ValleyThicket", "efg_id": 2, "cls2022": 1, "cls2022_name": "moderate", "cls2025": 0, "cls2025_name": "intact", "stratum": "AT19_moderate", "lon": 24.227495446600713, "lat": -33.79735874066871}, "geometry": {"type": "Point", "coordinates": [24.227495446600713, -33.79735874066871]}}, {"type": "Feature", "properties": {"id": 1028, "source": "new", "mapcode": "AT19", "vegtype": "Baviaans Valley Thicket", "efg": "ValleyThicket", "efg_id": 2, "cls2022": 1, "cls2022_name": "moderate", "cls2025": 1, "cls2025_name": "moderate", "stratum": "AT19_moderate", "lon": 23.720075914671806, "lat": -33.58123535920043}, "geometry": {"type": "Point", "coordinates": [23.720075914671806, -33.58123535920043]}}, {"type": "Feature", "properties": {"id": 1029, "source": "new", "mapcode": "AT19", "vegtype": "Baviaans Valley Thicket", "efg": "ValleyThicket", "efg_id": 2, "cls2022": 1, "cls2022_name": "moderate", "cls2025": 1, "cls2025_name": "moderate", "stratum": "AT19_moderate", "lon": 24.24062399708542, "lat": -33.811102815319536}, "geometry": {"type": "Point", "coordinates": [24.24062399708542, -33.811102815319536]}}, {"type": "Feature", "properties": {"id": 1030, "source": "new", "mapcode": "AT19", "vegtype": "Baviaans Valley Thicket", "efg": "ValleyThicket", "efg_id": 2, "cls2022": 1, "cls2022_name": "moderate", "cls2025": 1, "cls2025_name": "moderate", "stratum": "AT19_moderate", "lon": 23.79687081148449, "lat": -33.11625166062692}, "geometry": {"type": "Point", "coordinates": [23.79687081148449, -33.11625166062692]}}, {"type": "Feature", "properties": {"id": 1031, "source": "new", "mapcode": "AT19", "vegtype": "Baviaans Valley Thicket", "efg": "ValleyThicket", "efg_id": 2, "cls2022": 1, "cls2022_name": "moderate", "cls2025": 1, "cls2025_name": "moderate", "stratum": "AT19_moderate", "lon": 23.768369062925938, "lat": -33.5512822420604}, "geometry": {"type": "Point", "coordinates": [23.768369062925938, -33.5512822420604]}}, {"type": "Feature", "properties": {"id": 1032, "source": "new", "mapcode": "AT19", "vegtype": "Baviaans Valley Thicket", "efg": "ValleyThicket", "efg_id": 2, "cls2022": 1, "cls2022_name": "moderate", "cls2025": 1, "cls2025_name": "moderate", "stratum": "AT19_moderate", "lon": 23.824312609692875, "lat": -33.12191134738026}, "geometry": {"type": "Point", "coordinates": [23.824312609692875, -33.12191134738026]}}, {"type": "Feature", "properties": {"id": 1033, "source": "new", "mapcode": "AT19", "vegtype": "Baviaans Valley Thicket", "efg": "ValleyThicket", "efg_id": 2, "cls2022": 1, "cls2022_name": "moderate", "cls2025": 1, "cls2025_name": "moderate", "stratum": "AT19_moderate", "lon": 23.45690534241231, "lat": -33.23231013552242}, "geometry": {"type": "Point", "coordinates": [23.45690534241231, -33.23231013552242]}}, {"type": "Feature", "properties": {"id": 1034, "source": "new", "mapcode": "AT19", "vegtype": "Baviaans Valley Thicket", "efg": "ValleyThicket", "efg_id": 2, "cls2022": 1, "cls2022_name": "moderate", "cls2025": 1, "cls2025_name": "moderate", "stratum": "AT19_moderate", "lon": 24.499097043103742, "lat": -33.71510353795342}, "geometry": {"type": "Point", "coordinates": [24.499097043103742, -33.71510353795342]}}, {"type": "Feature", "properties": {"id": 1035, "source": "new", "mapcode": "AT19", "vegtype": "Baviaans Valley Thicket", "efg": "ValleyThicket", "efg_id": 2, "cls2022": 1, "cls2022_name": "moderate", "cls2025": 1, "cls2025_name": "moderate", "stratum": "AT19_moderate", "lon": 23.31992228863323, "lat": -33.22064139545587}, "geometry": {"type": "Point", "coordinates": [23.31992228863323, -33.22064139545587]}}, {"type": "Feature", "properties": {"id": 1036, "source": "new", "mapcode": "AT19", "vegtype": "Baviaans Valley Thicket", "efg": "ValleyThicket", "efg_id": 2, "cls2022": 1, "cls2022_name": "moderate", "cls2025": 0, "cls2025_name": "intact", "stratum": "AT19_moderate", "lon": 24.308644192823934, "lat": -33.66100131427506}, "geometry": {"type": "Point", "coordinates": [24.308644192823934, -33.66100131427506]}}, {"type": "Feature", "properties": {"id": 1037, "source": "new", "mapcode": "AT19", "vegtype": "Baviaans Valley Thicket", "efg": "ValleyThicket", "efg_id": 2, "cls2022": 2, "cls2022_name": "severe", "cls2025": 1, "cls2025_name": "moderate", "stratum": "AT19_severe", "lon": 24.27082969824927, "lat": -33.53236190534845}, "geometry": {"type": "Point", "coordinates": [24.27082969824927, -33.53236190534845]}}, {"type": "Feature", "properties": {"id": 1038, "source": "new", "mapcode": "AT19", "vegtype": "Baviaans Valley Thicket", "efg": "ValleyThicket", "efg_id": 2, "cls2022": 2, "cls2022_name": "severe", "cls2025": 1, "cls2025_name": "moderate", "stratum": "AT19_severe", "lon": 23.736238099885398, "lat": -33.10002379682036}, "geometry": {"type": "Point", "coordinates": [23.736238099885398, -33.10002379682036]}}, {"type": "Feature", "properties": {"id": 1039, "source": "new", "mapcode": "AT19", "vegtype": "Baviaans Valley Thicket", "efg": "ValleyThicket", "efg_id": 2, "cls2022": 2, "cls2022_name": "severe", "cls2025": 2, "cls2025_name": "severe", "stratum": "AT19_severe", "lon": 24.227173652595123, "lat": -33.203466531684015}, "geometry": {"type": "Point", "coordinates": [24.227173652595123, -33.203466531684015]}}, {"type": "Feature", "properties": {"id": 1040, "source": "new", "mapcode": "AT19", "vegtype": "Baviaans Valley Thicket", "efg": "ValleyThicket", "efg_id": 2, "cls2022": 2, "cls2022_name": "severe", "cls2025": 2, "cls2025_name": "severe", "stratum": "AT19_severe", "lon": 23.78182389302434, "lat": -33.42636771855691}, "geometry": {"type": "Point", "coordinates": [23.78182389302434, -33.42636771855691]}}, {"type": "Feature", "properties": {"id": 1041, "source": "new", "mapcode": "AT19", "vegtype": "Baviaans Valley Thicket", "efg": "ValleyThicket", "efg_id": 2, "cls2022": 2, "cls2022_name": "severe", "cls2025": 2, "cls2025_name": "severe", "stratum": "AT19_severe", "lon": 23.892905477426186, "lat": -33.54305381148022}, "geometry": {"type": "Point", "coordinates": [23.892905477426186, -33.54305381148022]}}, {"type": "Feature", "properties": {"id": 1042, "source": "new", "mapcode": "AT19", "vegtype": "Baviaans Valley Thicket", "efg": "ValleyThicket", "efg_id": 2, "cls2022": 2, "cls2022_name": "severe", "cls2025": 2, "cls2025_name": "severe", "stratum": "AT19_severe", "lon": 23.72037896724173, "lat": -33.460029212816366}, "geometry": {"type": "Point", "coordinates": [23.72037896724173, -33.460029212816366]}}, {"type": "Feature", "properties": {"id": 1043, "source": "new", "mapcode": "AT19", "vegtype": "Baviaans Valley Thicket", "efg": "ValleyThicket", "efg_id": 2, "cls2022": 2, "cls2022_name": "severe", "cls2025": 2, "cls2025_name": "severe", "stratum": "AT19_severe", "lon": 25.012650014396115, "lat": -33.25498982065307}, "geometry": {"type": "Point", "coordinates": [25.012650014396115, -33.25498982065307]}}, {"type": "Feature", "properties": {"id": 1044, "source": "new", "mapcode": "AT19", "vegtype": "Baviaans Valley Thicket", "efg": "ValleyThicket", "efg_id": 2, "cls2022": 2, "cls2022_name": "severe", "cls2025": 1, "cls2025_name": "moderate", "stratum": "AT19_severe", "lon": 24.324194819443207, "lat": -33.570471951088734}, "geometry": {"type": "Point", "coordinates": [24.324194819443207, -33.570471951088734]}}, {"type": "Feature", "properties": {"id": 1045, "source": "new", "mapcode": "AT19", "vegtype": "Baviaans Valley Thicket", "efg": "ValleyThicket", "efg_id": 2, "cls2022": 2, "cls2022_name": "severe", "cls2025": 2, "cls2025_name": "severe", "stratum": "AT19_severe", "lon": 24.873469424954756, "lat": -33.548476310898195}, "geometry": {"type": "Point", "coordinates": [24.873469424954756, -33.548476310898195]}}, {"type": "Feature", "properties": {"id": 1046, "source": "new", "mapcode": "AT19", "vegtype": "Baviaans Valley Thicket", "efg": "ValleyThicket", "efg_id": 2, "cls2022": 2, "cls2022_name": "severe", "cls2025": 1, "cls2025_name": "moderate", "stratum": "AT19_severe", "lon": 23.421186142184954, "lat": -33.22137998813494}, "geometry": {"type": "Point", "coordinates": [23.421186142184954, -33.22137998813494]}}, {"type": "Feature", "properties": {"id": 1047, "source": "new", "mapcode": "AT19", "vegtype": "Baviaans Valley Thicket", "efg": "ValleyThicket", "efg_id": 2, "cls2022": 2, "cls2022_name": "severe", "cls2025": 2, "cls2025_name": "severe", "stratum": "AT19_severe", "lon": 23.32131029991906, "lat": -33.21835619252297}, "geometry": {"type": "Point", "coordinates": [23.32131029991906, -33.21835619252297]}}, {"type": "Feature", "properties": {"id": 1048, "source": "new", "mapcode": "AT19", "vegtype": "Baviaans Valley Thicket", "efg": "ValleyThicket", "efg_id": 2, "cls2022": 2, "cls2022_name": "severe", "cls2025": 2, "cls2025_name": "severe", "stratum": "AT19_severe", "lon": 24.091677041149694, "lat": -33.59336039953526}, "geometry": {"type": "Point", "coordinates": [24.091677041149694, -33.59336039953526]}}, {"type": "Feature", "properties": {"id": 1049, "source": "new", "mapcode": "AT19", "vegtype": "Baviaans Valley Thicket", "efg": "ValleyThicket", "efg_id": 2, "cls2022": 2, "cls2022_name": "severe", "cls2025": 2, "cls2025_name": "severe", "stratum": "AT19_severe", "lon": 23.930511816510894, "lat": -33.46805753322543}, "geometry": {"type": "Point", "coordinates": [23.930511816510894, -33.46805753322543]}}, {"type": "Feature", "properties": {"id": 1050, "source": "new", "mapcode": "AT19", "vegtype": "Baviaans Valley Thicket", "efg": "ValleyThicket", "efg_id": 2, "cls2022": 2, "cls2022_name": "severe", "cls2025": 2, "cls2025_name": "severe", "stratum": "AT19_severe", "lon": 23.87170207239983, "lat": -33.12514476286187}, "geometry": {"type": "Point", "coordinates": [23.87170207239983, -33.12514476286187]}}, {"type": "Feature", "properties": {"id": 1051, "source": "new", "mapcode": "AT19", "vegtype": "Baviaans Valley Thicket", "efg": "ValleyThicket", "efg_id": 2, "cls2022": 2, "cls2022_name": "severe", "cls2025": 2, "cls2025_name": "severe", "stratum": "AT19_severe", "lon": 25.093261111262862, "lat": -33.24460245702965}, "geometry": {"type": "Point", "coordinates": [25.093261111262862, -33.24460245702965]}}, {"type": "Feature", "properties": {"id": 1052, "source": "new", "mapcode": "AT19", "vegtype": "Baviaans Valley Thicket", "efg": "ValleyThicket", "efg_id": 2, "cls2022": 2, "cls2022_name": "severe", "cls2025": 2, "cls2025_name": "severe", "stratum": "AT19_severe", "lon": 23.371569591491618, "lat": -33.19878038828444}, "geometry": {"type": "Point", "coordinates": [23.371569591491618, -33.19878038828444]}}, {"type": "Feature", "properties": {"id": 1053, "source": "new", "mapcode": "AT21", "vegtype": "Buffels Mesic Thicket", "efg": "MesicThicket", "efg_id": 3, "cls2022": 0, "cls2022_name": "intact", "cls2025": 0, "cls2025_name": "intact", "stratum": "AT21_intact", "lon": 27.699666490564752, "lat": -32.83945293346947}, "geometry": {"type": "Point", "coordinates": [27.699666490564752, -32.83945293346947]}}, {"type": "Feature", "properties": {"id": 1054, "source": "new", "mapcode": "AT21", "vegtype": "Buffels Mesic Thicket", "efg": "MesicThicket", "efg_id": 3, "cls2022": 0, "cls2022_name": "intact", "cls2025": 1, "cls2025_name": "moderate", "stratum": "AT21_intact", "lon": 27.981437718793366, "lat": -32.736422322681456}, "geometry": {"type": "Point", "coordinates": [27.981437718793366, -32.736422322681456]}}, {"type": "Feature", "properties": {"id": 1055, "source": "new", "mapcode": "AT21", "vegtype": "Buffels Mesic Thicket", "efg": "MesicThicket", "efg_id": 3, "cls2022": 0, "cls2022_name": "intact", "cls2025": 0, "cls2025_name": "intact", "stratum": "AT21_intact", "lon": 28.29281060984974, "lat": -32.616691859231416}, "geometry": {"type": "Point", "coordinates": [28.29281060984974, -32.616691859231416]}}, {"type": "Feature", "properties": {"id": 1056, "source": "new", "mapcode": "AT21", "vegtype": "Buffels Mesic Thicket", "efg": "MesicThicket", "efg_id": 3, "cls2022": 0, "cls2022_name": "intact", "cls2025": 0, "cls2025_name": "intact", "stratum": "AT21_intact", "lon": 27.607733634073007, "lat": -32.75079423308978}, "geometry": {"type": "Point", "coordinates": [27.607733634073007, -32.75079423308978]}}, {"type": "Feature", "properties": {"id": 1057, "source": "new", "mapcode": "AT21", "vegtype": "Buffels Mesic Thicket", "efg": "MesicThicket", "efg_id": 3, "cls2022": 0, "cls2022_name": "intact", "cls2025": 0, "cls2025_name": "intact", "stratum": "AT21_intact", "lon": 27.685173115535232, "lat": -32.853550666370744}, "geometry": {"type": "Point", "coordinates": [27.685173115535232, -32.853550666370744]}}, {"type": "Feature", "properties": {"id": 1058, "source": "new", "mapcode": "AT21", "vegtype": "Buffels Mesic Thicket", "efg": "MesicThicket", "efg_id": 3, "cls2022": 0, "cls2022_name": "intact", "cls2025": 0, "cls2025_name": "intact", "stratum": "AT21_intact", "lon": 27.736809321694178, "lat": -32.89298345600009}, "geometry": {"type": "Point", "coordinates": [27.736809321694178, -32.89298345600009]}}, {"type": "Feature", "properties": {"id": 1059, "source": "new", "mapcode": "AT21", "vegtype": "Buffels Mesic Thicket", "efg": "MesicThicket", "efg_id": 3, "cls2022": 0, "cls2022_name": "intact", "cls2025": 0, "cls2025_name": "intact", "stratum": "AT21_intact", "lon": 27.730046603528155, "lat": -33.00134837519883}, "geometry": {"type": "Point", "coordinates": [27.730046603528155, -33.00134837519883]}}, {"type": "Feature", "properties": {"id": 1060, "source": "new", "mapcode": "AT21", "vegtype": "Buffels Mesic Thicket", "efg": "MesicThicket", "efg_id": 3, "cls2022": 0, "cls2022_name": "intact", "cls2025": 0, "cls2025_name": "intact", "stratum": "AT21_intact", "lon": 27.663717323825985, "lat": -32.841621801303916}, "geometry": {"type": "Point", "coordinates": [27.663717323825985, -32.841621801303916]}}, {"type": "Feature", "properties": {"id": 1061, "source": "new", "mapcode": "AT21", "vegtype": "Buffels Mesic Thicket", "efg": "MesicThicket", "efg_id": 3, "cls2022": 0, "cls2022_name": "intact", "cls2025": 0, "cls2025_name": "intact", "stratum": "AT21_intact", "lon": 27.99276419059788, "lat": -32.81031070053342}, "geometry": {"type": "Point", "coordinates": [27.99276419059788, -32.81031070053342]}}, {"type": "Feature", "properties": {"id": 1062, "source": "new", "mapcode": "AT21", "vegtype": "Buffels Mesic Thicket", "efg": "MesicThicket", "efg_id": 3, "cls2022": 0, "cls2022_name": "intact", "cls2025": 0, "cls2025_name": "intact", "stratum": "AT21_intact", "lon": 27.829698512213604, "lat": -32.81085276666073}, "geometry": {"type": "Point", "coordinates": [27.829698512213604, -32.81085276666073]}}, {"type": "Feature", "properties": {"id": 1063, "source": "new", "mapcode": "AT21", "vegtype": "Buffels Mesic Thicket", "efg": "MesicThicket", "efg_id": 3, "cls2022": 0, "cls2022_name": "intact", "cls2025": 0, "cls2025_name": "intact", "stratum": "AT21_intact", "lon": 27.58073224203594, "lat": -32.985704198929696}, "geometry": {"type": "Point", "coordinates": [27.58073224203594, -32.985704198929696]}}, {"type": "Feature", "properties": {"id": 1064, "source": "new", "mapcode": "AT21", "vegtype": "Buffels Mesic Thicket", "efg": "MesicThicket", "efg_id": 3, "cls2022": 0, "cls2022_name": "intact", "cls2025": 0, "cls2025_name": "intact", "stratum": "AT21_intact", "lon": 27.70670284455069, "lat": -32.851646640495126}, "geometry": {"type": "Point", "coordinates": [27.70670284455069, -32.851646640495126]}}, {"type": "Feature", "properties": {"id": 1065, "source": "new", "mapcode": "AT21", "vegtype": "Buffels Mesic Thicket", "efg": "MesicThicket", "efg_id": 3, "cls2022": 0, "cls2022_name": "intact", "cls2025": 0, "cls2025_name": "intact", "stratum": "AT21_intact", "lon": 27.655765037382793, "lat": -32.97868715938889}, "geometry": {"type": "Point", "coordinates": [27.655765037382793, -32.97868715938889]}}, {"type": "Feature", "properties": {"id": 1066, "source": "new", "mapcode": "AT21", "vegtype": "Buffels Mesic Thicket", "efg": "MesicThicket", "efg_id": 3, "cls2022": 0, "cls2022_name": "intact", "cls2025": 0, "cls2025_name": "intact", "stratum": "AT21_intact", "lon": 27.805968955449963, "lat": -32.77243050069758}, "geometry": {"type": "Point", "coordinates": [27.805968955449963, -32.77243050069758]}}, {"type": "Feature", "properties": {"id": 1067, "source": "new", "mapcode": "AT21", "vegtype": "Buffels Mesic Thicket", "efg": "MesicThicket", "efg_id": 3, "cls2022": 0, "cls2022_name": "intact", "cls2025": 0, "cls2025_name": "intact", "stratum": "AT21_intact", "lon": 27.915713171307313, "lat": -32.62297218306246}, "geometry": {"type": "Point", "coordinates": [27.915713171307313, -32.62297218306246]}}, {"type": "Feature", "properties": {"id": 1068, "source": "new", "mapcode": "AT21", "vegtype": "Buffels Mesic Thicket", "efg": "MesicThicket", "efg_id": 3, "cls2022": 0, "cls2022_name": "intact", "cls2025": 0, "cls2025_name": "intact", "stratum": "AT21_intact", "lon": 27.869381010256724, "lat": -32.79165034581578}, "geometry": {"type": "Point", "coordinates": [27.869381010256724, -32.79165034581578]}}, {"type": "Feature", "properties": {"id": 1069, "source": "new", "mapcode": "AT21", "vegtype": "Buffels Mesic Thicket", "efg": "MesicThicket", "efg_id": 3, "cls2022": 0, "cls2022_name": "intact", "cls2025": 0, "cls2025_name": "intact", "stratum": "AT21_intact", "lon": 27.884469275334823, "lat": -32.95399775581079}, "geometry": {"type": "Point", "coordinates": [27.884469275334823, -32.95399775581079]}}, {"type": "Feature", "properties": {"id": 1070, "source": "new", "mapcode": "AT21", "vegtype": "Buffels Mesic Thicket", "efg": "MesicThicket", "efg_id": 3, "cls2022": 0, "cls2022_name": "intact", "cls2025": 0, "cls2025_name": "intact", "stratum": "AT21_intact", "lon": 27.760037358166894, "lat": -32.710456569969374}, "geometry": {"type": "Point", "coordinates": [27.760037358166894, -32.710456569969374]}}, {"type": "Feature", "properties": {"id": 1071, "source": "new", "mapcode": "AT21", "vegtype": "Buffels Mesic Thicket", "efg": "MesicThicket", "efg_id": 3, "cls2022": 0, "cls2022_name": "intact", "cls2025": 0, "cls2025_name": "intact", "stratum": "AT21_intact", "lon": 27.633530212258325, "lat": -32.805649267235296}, "geometry": {"type": "Point", "coordinates": [27.633530212258325, -32.805649267235296]}}, {"type": "Feature", "properties": {"id": 1072, "source": "new", "mapcode": "AT21", "vegtype": "Buffels Mesic Thicket", "efg": "MesicThicket", "efg_id": 3, "cls2022": 0, "cls2022_name": "intact", "cls2025": 0, "cls2025_name": "intact", "stratum": "AT21_intact", "lon": 27.74072511006263, "lat": -32.711642647654394}, "geometry": {"type": "Point", "coordinates": [27.74072511006263, -32.711642647654394]}}, {"type": "Feature", "properties": {"id": 1073, "source": "new", "mapcode": "AT21", "vegtype": "Buffels Mesic Thicket", "efg": "MesicThicket", "efg_id": 3, "cls2022": 0, "cls2022_name": "intact", "cls2025": 0, "cls2025_name": "intact", "stratum": "AT21_intact", "lon": 27.61548228769575, "lat": -32.99991048811568}, "geometry": {"type": "Point", "coordinates": [27.61548228769575, -32.99991048811568]}}, {"type": "Feature", "properties": {"id": 1074, "source": "new", "mapcode": "AT21", "vegtype": "Buffels Mesic Thicket", "efg": "MesicThicket", "efg_id": 3, "cls2022": 0, "cls2022_name": "intact", "cls2025": 0, "cls2025_name": "intact", "stratum": "AT21_intact", "lon": 27.75353046399664, "lat": -32.997695184867936}, "geometry": {"type": "Point", "coordinates": [27.75353046399664, -32.997695184867936]}}, {"type": "Feature", "properties": {"id": 1075, "source": "new", "mapcode": "AT21", "vegtype": "Buffels Mesic Thicket", "efg": "MesicThicket", "efg_id": 3, "cls2022": 0, "cls2022_name": "intact", "cls2025": 0, "cls2025_name": "intact", "stratum": "AT21_intact", "lon": 27.725198887035667, "lat": -32.992223081060146}, "geometry": {"type": "Point", "coordinates": [27.725198887035667, -32.992223081060146]}}, {"type": "Feature", "properties": {"id": 1076, "source": "new", "mapcode": "AT21", "vegtype": "Buffels Mesic Thicket", "efg": "MesicThicket", "efg_id": 3, "cls2022": 0, "cls2022_name": "intact", "cls2025": 0, "cls2025_name": "intact", "stratum": "AT21_intact", "lon": 27.81063442466665, "lat": -32.72719372367243}, "geometry": {"type": "Point", "coordinates": [27.81063442466665, -32.72719372367243]}}, {"type": "Feature", "properties": {"id": 1077, "source": "new", "mapcode": "AT21", "vegtype": "Buffels Mesic Thicket", "efg": "MesicThicket", "efg_id": 3, "cls2022": 0, "cls2022_name": "intact", "cls2025": 0, "cls2025_name": "intact", "stratum": "AT21_intact", "lon": 27.72757756723731, "lat": -32.68949098526442}, "geometry": {"type": "Point", "coordinates": [27.72757756723731, -32.68949098526442]}}, {"type": "Feature", "properties": {"id": 1078, "source": "new", "mapcode": "AT21", "vegtype": "Buffels Mesic Thicket", "efg": "MesicThicket", "efg_id": 3, "cls2022": 0, "cls2022_name": "intact", "cls2025": 0, "cls2025_name": "intact", "stratum": "AT21_intact", "lon": 27.749568553724306, "lat": -32.69061368999127}, "geometry": {"type": "Point", "coordinates": [27.749568553724306, -32.69061368999127]}}, {"type": "Feature", "properties": {"id": 1079, "source": "new", "mapcode": "AT21", "vegtype": "Buffels Mesic Thicket", "efg": "MesicThicket", "efg_id": 3, "cls2022": 0, "cls2022_name": "intact", "cls2025": 0, "cls2025_name": "intact", "stratum": "AT21_intact", "lon": 27.658494307123178, "lat": -33.002497212535204}, "geometry": {"type": "Point", "coordinates": [27.658494307123178, -33.002497212535204]}}, {"type": "Feature", "properties": {"id": 1080, "source": "new", "mapcode": "AT21", "vegtype": "Buffels Mesic Thicket", "efg": "MesicThicket", "efg_id": 3, "cls2022": 0, "cls2022_name": "intact", "cls2025": 0, "cls2025_name": "intact", "stratum": "AT21_intact", "lon": 27.921953957123876, "lat": -32.68811655728833}, "geometry": {"type": "Point", "coordinates": [27.921953957123876, -32.68811655728833]}}, {"type": "Feature", "properties": {"id": 1081, "source": "new", "mapcode": "AT21", "vegtype": "Buffels Mesic Thicket", "efg": "MesicThicket", "efg_id": 3, "cls2022": 0, "cls2022_name": "intact", "cls2025": 0, "cls2025_name": "intact", "stratum": "AT21_intact", "lon": 27.871577529601264, "lat": -32.827191535620976}, "geometry": {"type": "Point", "coordinates": [27.871577529601264, -32.827191535620976]}}, {"type": "Feature", "properties": {"id": 1082, "source": "new", "mapcode": "AT21", "vegtype": "Buffels Mesic Thicket", "efg": "MesicThicket", "efg_id": 3, "cls2022": 0, "cls2022_name": "intact", "cls2025": -1, "cls2025_name": null, "stratum": "AT21_intact", "lon": 28.00562051666906, "lat": -32.92413140571398}, "geometry": {"type": "Point", "coordinates": [28.00562051666906, -32.92413140571398]}}, {"type": "Feature", "properties": {"id": 1083, "source": "new", "mapcode": "AT21", "vegtype": "Buffels Mesic Thicket", "efg": "MesicThicket", "efg_id": 3, "cls2022": 1, "cls2022_name": "moderate", "cls2025": 1, "cls2025_name": "moderate", "stratum": "AT21_moderate", "lon": 27.764621092671717, "lat": -32.97944418538735}, "geometry": {"type": "Point", "coordinates": [27.764621092671717, -32.97944418538735]}}, {"type": "Feature", "properties": {"id": 1084, "source": "new", "mapcode": "AT21", "vegtype": "Buffels Mesic Thicket", "efg": "MesicThicket", "efg_id": 3, "cls2022": 1, "cls2022_name": "moderate", "cls2025": 1, "cls2025_name": "moderate", "stratum": "AT21_moderate", "lon": 27.89919101546551, "lat": -32.69006335498864}, "geometry": {"type": "Point", "coordinates": [27.89919101546551, -32.69006335498864]}}, {"type": "Feature", "properties": {"id": 1085, "source": "new", "mapcode": "AT21", "vegtype": "Buffels Mesic Thicket", "efg": "MesicThicket", "efg_id": 3, "cls2022": 1, "cls2022_name": "moderate", "cls2025": 1, "cls2025_name": "moderate", "stratum": "AT21_moderate", "lon": 27.64137827106473, "lat": -32.814852082690244}, "geometry": {"type": "Point", "coordinates": [27.64137827106473, -32.814852082690244]}}, {"type": "Feature", "properties": {"id": 1086, "source": "new", "mapcode": "AT21", "vegtype": "Buffels Mesic Thicket", "efg": "MesicThicket", "efg_id": 3, "cls2022": 1, "cls2022_name": "moderate", "cls2025": 2, "cls2025_name": "severe", "stratum": "AT21_moderate", "lon": 27.71187101652576, "lat": -32.973726480858}, "geometry": {"type": "Point", "coordinates": [27.71187101652576, -32.973726480858]}}, {"type": "Feature", "properties": {"id": 1087, "source": "new", "mapcode": "AT21", "vegtype": "Buffels Mesic Thicket", "efg": "MesicThicket", "efg_id": 3, "cls2022": 1, "cls2022_name": "moderate", "cls2025": 1, "cls2025_name": "moderate", "stratum": "AT21_moderate", "lon": 27.62117124323351, "lat": -32.996901227169275}, "geometry": {"type": "Point", "coordinates": [27.62117124323351, -32.996901227169275]}}, {"type": "Feature", "properties": {"id": 1088, "source": "new", "mapcode": "AT21", "vegtype": "Buffels Mesic Thicket", "efg": "MesicThicket", "efg_id": 3, "cls2022": 1, "cls2022_name": "moderate", "cls2025": 0, "cls2025_name": "intact", "stratum": "AT21_moderate", "lon": 27.65332439714014, "lat": -32.839412457736046}, "geometry": {"type": "Point", "coordinates": [27.65332439714014, -32.839412457736046]}}, {"type": "Feature", "properties": {"id": 1089, "source": "new", "mapcode": "AT21", "vegtype": "Buffels Mesic Thicket", "efg": "MesicThicket", "efg_id": 3, "cls2022": 1, "cls2022_name": "moderate", "cls2025": 2, "cls2025_name": "severe", "stratum": "AT21_moderate", "lon": 27.717829467933782, "lat": -32.83499968964598}, "geometry": {"type": "Point", "coordinates": [27.717829467933782, -32.83499968964598]}}, {"type": "Feature", "properties": {"id": 1090, "source": "new", "mapcode": "AT21", "vegtype": "Buffels Mesic Thicket", "efg": "MesicThicket", "efg_id": 3, "cls2022": 1, "cls2022_name": "moderate", "cls2025": 1, "cls2025_name": "moderate", "stratum": "AT21_moderate", "lon": 27.71810736792489, "lat": -32.97013407119458}, "geometry": {"type": "Point", "coordinates": [27.71810736792489, -32.97013407119458]}}, {"type": "Feature", "properties": {"id": 1091, "source": "new", "mapcode": "AT21", "vegtype": "Buffels Mesic Thicket", "efg": "MesicThicket", "efg_id": 3, "cls2022": 1, "cls2022_name": "moderate", "cls2025": 0, "cls2025_name": "intact", "stratum": "AT21_moderate", "lon": 27.77484958471609, "lat": -32.97421632518565}, "geometry": {"type": "Point", "coordinates": [27.77484958471609, -32.97421632518565]}}, {"type": "Feature", "properties": {"id": 1092, "source": "new", "mapcode": "AT21", "vegtype": "Buffels Mesic Thicket", "efg": "MesicThicket", "efg_id": 3, "cls2022": 1, "cls2022_name": "moderate", "cls2025": 1, "cls2025_name": "moderate", "stratum": "AT21_moderate", "lon": 27.912395502868137, "lat": -32.712165349497624}, "geometry": {"type": "Point", "coordinates": [27.912395502868137, -32.712165349497624]}}, {"type": "Feature", "properties": {"id": 1093, "source": "new", "mapcode": "AT21", "vegtype": "Buffels Mesic Thicket", "efg": "MesicThicket", "efg_id": 3, "cls2022": 1, "cls2022_name": "moderate", "cls2025": 1, "cls2025_name": "moderate", "stratum": "AT21_moderate", "lon": 27.805084086420575, "lat": -32.98717898276514}, "geometry": {"type": "Point", "coordinates": [27.805084086420575, -32.98717898276514]}}, {"type": "Feature", "properties": {"id": 1094, "source": "new", "mapcode": "AT21", "vegtype": "Buffels Mesic Thicket", "efg": "MesicThicket", "efg_id": 3, "cls2022": 2, "cls2022_name": "severe", "cls2025": 2, "cls2025_name": "severe", "stratum": "AT21_severe", "lon": 27.984989459719596, "lat": -32.739698141971125}, "geometry": {"type": "Point", "coordinates": [27.984989459719596, -32.739698141971125]}}, {"type": "Feature", "properties": {"id": 1095, "source": "new", "mapcode": "AT21", "vegtype": "Buffels Mesic Thicket", "efg": "MesicThicket", "efg_id": 3, "cls2022": 2, "cls2022_name": "severe", "cls2025": 1, "cls2025_name": "moderate", "stratum": "AT21_severe", "lon": 28.024329570268712, "lat": -32.874940499113194}, "geometry": {"type": "Point", "coordinates": [28.024329570268712, -32.874940499113194]}}, {"type": "Feature", "properties": {"id": 1096, "source": "new", "mapcode": "AT21", "vegtype": "Buffels Mesic Thicket", "efg": "MesicThicket", "efg_id": 3, "cls2022": 2, "cls2022_name": "severe", "cls2025": 2, "cls2025_name": "severe", "stratum": "AT21_severe", "lon": 27.680568143669994, "lat": -32.99343076713343}, "geometry": {"type": "Point", "coordinates": [27.680568143669994, -32.99343076713343]}}, {"type": "Feature", "properties": {"id": 1097, "source": "new", "mapcode": "AT21", "vegtype": "Buffels Mesic Thicket", "efg": "MesicThicket", "efg_id": 3, "cls2022": 2, "cls2022_name": "severe", "cls2025": 1, "cls2025_name": "moderate", "stratum": "AT21_severe", "lon": 27.993882703977206, "lat": -32.92990200527085}, "geometry": {"type": "Point", "coordinates": [27.993882703977206, -32.92990200527085]}}, {"type": "Feature", "properties": {"id": 1098, "source": "new", "mapcode": "AT21", "vegtype": "Buffels Mesic Thicket", "efg": "MesicThicket", "efg_id": 3, "cls2022": 2, "cls2022_name": "severe", "cls2025": 2, "cls2025_name": "severe", "stratum": "AT21_severe", "lon": 27.638736191443833, "lat": -32.817622745637756}, "geometry": {"type": "Point", "coordinates": [27.638736191443833, -32.817622745637756]}}, {"type": "Feature", "properties": {"id": 1099, "source": "new", "mapcode": "AT22", "vegtype": "Buffels Valley Thicket", "efg": "ValleyThicket", "efg_id": 2, "cls2022": 0, "cls2022_name": "intact", "cls2025": 0, "cls2025_name": "intact", "stratum": "AT22_intact", "lon": 27.5272251191987, "lat": -32.966047252550986}, "geometry": {"type": "Point", "coordinates": [27.5272251191987, -32.966047252550986]}}, {"type": "Feature", "properties": {"id": 1100, "source": "new", "mapcode": "AT22", "vegtype": "Buffels Valley Thicket", "efg": "ValleyThicket", "efg_id": 2, "cls2022": 0, "cls2022_name": "intact", "cls2025": 0, "cls2025_name": "intact", "stratum": "AT22_intact", "lon": 27.523056979585395, "lat": -32.973975244643384}, "geometry": {"type": "Point", "coordinates": [27.523056979585395, -32.973975244643384]}}, {"type": "Feature", "properties": {"id": 1101, "source": "new", "mapcode": "AT22", "vegtype": "Buffels Valley Thicket", "efg": "ValleyThicket", "efg_id": 2, "cls2022": 0, "cls2022_name": "intact", "cls2025": 0, "cls2025_name": "intact", "stratum": "AT22_intact", "lon": 27.395174215519823, "lat": -32.815524265235105}, "geometry": {"type": "Point", "coordinates": [27.395174215519823, -32.815524265235105]}}, {"type": "Feature", "properties": {"id": 1102, "source": "new", "mapcode": "AT22", "vegtype": "Buffels Valley Thicket", "efg": "ValleyThicket", "efg_id": 2, "cls2022": 0, "cls2022_name": "intact", "cls2025": -1, "cls2025_name": null, "stratum": "AT22_intact", "lon": 27.55430033450264, "lat": -32.9598895169621}, "geometry": {"type": "Point", "coordinates": [27.55430033450264, -32.9598895169621]}}, {"type": "Feature", "properties": {"id": 1103, "source": "new", "mapcode": "AT22", "vegtype": "Buffels Valley Thicket", "efg": "ValleyThicket", "efg_id": 2, "cls2022": 0, "cls2022_name": "intact", "cls2025": 0, "cls2025_name": "intact", "stratum": "AT22_intact", "lon": 27.150986532883117, "lat": -32.70357075662616}, "geometry": {"type": "Point", "coordinates": [27.150986532883117, -32.70357075662616]}}, {"type": "Feature", "properties": {"id": 1104, "source": "new", "mapcode": "AT22", "vegtype": "Buffels Valley Thicket", "efg": "ValleyThicket", "efg_id": 2, "cls2022": 0, "cls2022_name": "intact", "cls2025": -1, "cls2025_name": null, "stratum": "AT22_intact", "lon": 27.532726358982817, "lat": -32.955300813810446}, "geometry": {"type": "Point", "coordinates": [27.532726358982817, -32.955300813810446]}}, {"type": "Feature", "properties": {"id": 1105, "source": "new", "mapcode": "AT22", "vegtype": "Buffels Valley Thicket", "efg": "ValleyThicket", "efg_id": 2, "cls2022": 0, "cls2022_name": "intact", "cls2025": 0, "cls2025_name": "intact", "stratum": "AT22_intact", "lon": 27.45917589931591, "lat": -32.87233917388778}, "geometry": {"type": "Point", "coordinates": [27.45917589931591, -32.87233917388778]}}, {"type": "Feature", "properties": {"id": 1106, "source": "new", "mapcode": "AT22", "vegtype": "Buffels Valley Thicket", "efg": "ValleyThicket", "efg_id": 2, "cls2022": 0, "cls2022_name": "intact", "cls2025": -1, "cls2025_name": null, "stratum": "AT22_intact", "lon": 27.111051284724912, "lat": -32.75674591398211}, "geometry": {"type": "Point", "coordinates": [27.111051284724912, -32.75674591398211]}}, {"type": "Feature", "properties": {"id": 1107, "source": "new", "mapcode": "AT22", "vegtype": "Buffels Valley Thicket", "efg": "ValleyThicket", "efg_id": 2, "cls2022": 0, "cls2022_name": "intact", "cls2025": 0, "cls2025_name": "intact", "stratum": "AT22_intact", "lon": 27.362244934535592, "lat": -32.87367523512855}, "geometry": {"type": "Point", "coordinates": [27.362244934535592, -32.87367523512855]}}, {"type": "Feature", "properties": {"id": 1108, "source": "new", "mapcode": "AT22", "vegtype": "Buffels Valley Thicket", "efg": "ValleyThicket", "efg_id": 2, "cls2022": 0, "cls2022_name": "intact", "cls2025": 0, "cls2025_name": "intact", "stratum": "AT22_intact", "lon": 27.37611816706963, "lat": -32.78945135637557}, "geometry": {"type": "Point", "coordinates": [27.37611816706963, -32.78945135637557]}}, {"type": "Feature", "properties": {"id": 1109, "source": "new", "mapcode": "AT22", "vegtype": "Buffels Valley Thicket", "efg": "ValleyThicket", "efg_id": 2, "cls2022": 0, "cls2022_name": "intact", "cls2025": 0, "cls2025_name": "intact", "stratum": "AT22_intact", "lon": 27.1829223941048, "lat": -32.69483531688723}, "geometry": {"type": "Point", "coordinates": [27.1829223941048, -32.69483531688723]}}, {"type": "Feature", "properties": {"id": 1110, "source": "new", "mapcode": "AT22", "vegtype": "Buffels Valley Thicket", "efg": "ValleyThicket", "efg_id": 2, "cls2022": 0, "cls2022_name": "intact", "cls2025": 0, "cls2025_name": "intact", "stratum": "AT22_intact", "lon": 27.14408134863155, "lat": -32.70439168615487}, "geometry": {"type": "Point", "coordinates": [27.14408134863155, -32.70439168615487]}}, {"type": "Feature", "properties": {"id": 1111, "source": "new", "mapcode": "AT22", "vegtype": "Buffels Valley Thicket", "efg": "ValleyThicket", "efg_id": 2, "cls2022": 0, "cls2022_name": "intact", "cls2025": 0, "cls2025_name": "intact", "stratum": "AT22_intact", "lon": 27.063929698425408, "lat": -32.7570729159846}, "geometry": {"type": "Point", "coordinates": [27.063929698425408, -32.7570729159846]}}, {"type": "Feature", "properties": {"id": 1112, "source": "new", "mapcode": "AT22", "vegtype": "Buffels Valley Thicket", "efg": "ValleyThicket", "efg_id": 2, "cls2022": 0, "cls2022_name": "intact", "cls2025": -1, "cls2025_name": null, "stratum": "AT22_intact", "lon": 27.187614760249303, "lat": -32.73506869198051}, "geometry": {"type": "Point", "coordinates": [27.187614760249303, -32.73506869198051]}}, {"type": "Feature", "properties": {"id": 1113, "source": "new", "mapcode": "AT22", "vegtype": "Buffels Valley Thicket", "efg": "ValleyThicket", "efg_id": 2, "cls2022": 0, "cls2022_name": "intact", "cls2025": -1, "cls2025_name": null, "stratum": "AT22_intact", "lon": 27.1873617571257, "lat": -32.65214531190183}, "geometry": {"type": "Point", "coordinates": [27.1873617571257, -32.65214531190183]}}, {"type": "Feature", "properties": {"id": 1114, "source": "new", "mapcode": "AT22", "vegtype": "Buffels Valley Thicket", "efg": "ValleyThicket", "efg_id": 2, "cls2022": 0, "cls2022_name": "intact", "cls2025": 0, "cls2025_name": "intact", "stratum": "AT22_intact", "lon": 27.046272357847297, "lat": -32.78000104083177}, "geometry": {"type": "Point", "coordinates": [27.046272357847297, -32.78000104083177]}}, {"type": "Feature", "properties": {"id": 1115, "source": "new", "mapcode": "AT22", "vegtype": "Buffels Valley Thicket", "efg": "ValleyThicket", "efg_id": 2, "cls2022": 0, "cls2022_name": "intact", "cls2025": 0, "cls2025_name": "intact", "stratum": "AT22_intact", "lon": 27.142296586663115, "lat": -32.711789619125454}, "geometry": {"type": "Point", "coordinates": [27.142296586663115, -32.711789619125454]}}, {"type": "Feature", "properties": {"id": 1116, "source": "new", "mapcode": "AT22", "vegtype": "Buffels Valley Thicket", "efg": "ValleyThicket", "efg_id": 2, "cls2022": 0, "cls2022_name": "intact", "cls2025": 0, "cls2025_name": "intact", "stratum": "AT22_intact", "lon": 27.380453257906588, "lat": -32.7574546677918}, "geometry": {"type": "Point", "coordinates": [27.380453257906588, -32.7574546677918]}}, {"type": "Feature", "properties": {"id": 1117, "source": "new", "mapcode": "AT22", "vegtype": "Buffels Valley Thicket", "efg": "ValleyThicket", "efg_id": 2, "cls2022": 0, "cls2022_name": "intact", "cls2025": -1, "cls2025_name": null, "stratum": "AT22_intact", "lon": 27.13620983372793, "lat": -32.72345941273457}, "geometry": {"type": "Point", "coordinates": [27.13620983372793, -32.72345941273457]}}, {"type": "Feature", "properties": {"id": 1118, "source": "new", "mapcode": "AT22", "vegtype": "Buffels Valley Thicket", "efg": "ValleyThicket", "efg_id": 2, "cls2022": 1, "cls2022_name": "moderate", "cls2025": 1, "cls2025_name": "moderate", "stratum": "AT22_moderate", "lon": 27.163905331253943, "lat": -32.686877577500226}, "geometry": {"type": "Point", "coordinates": [27.163905331253943, -32.686877577500226]}}, {"type": "Feature", "properties": {"id": 1119, "source": "new", "mapcode": "AT22", "vegtype": "Buffels Valley Thicket", "efg": "ValleyThicket", "efg_id": 2, "cls2022": 1, "cls2022_name": "moderate", "cls2025": 2, "cls2025_name": "severe", "stratum": "AT22_moderate", "lon": 27.41716392679102, "lat": -32.887541254375776}, "geometry": {"type": "Point", "coordinates": [27.41716392679102, -32.887541254375776]}}, {"type": "Feature", "properties": {"id": 1120, "source": "new", "mapcode": "AT22", "vegtype": "Buffels Valley Thicket", "efg": "ValleyThicket", "efg_id": 2, "cls2022": 1, "cls2022_name": "moderate", "cls2025": -1, "cls2025_name": null, "stratum": "AT22_moderate", "lon": 27.185666126612585, "lat": -32.68274064354197}, "geometry": {"type": "Point", "coordinates": [27.185666126612585, -32.68274064354197]}}, {"type": "Feature", "properties": {"id": 1121, "source": "new", "mapcode": "AT22", "vegtype": "Buffels Valley Thicket", "efg": "ValleyThicket", "efg_id": 2, "cls2022": 1, "cls2022_name": "moderate", "cls2025": 1, "cls2025_name": "moderate", "stratum": "AT22_moderate", "lon": 27.110973492448608, "lat": -32.71167628318063}, "geometry": {"type": "Point", "coordinates": [27.110973492448608, -32.71167628318063]}}, {"type": "Feature", "properties": {"id": 1122, "source": "new", "mapcode": "AT22", "vegtype": "Buffels Valley Thicket", "efg": "ValleyThicket", "efg_id": 2, "cls2022": 1, "cls2022_name": "moderate", "cls2025": 1, "cls2025_name": "moderate", "stratum": "AT22_moderate", "lon": 27.53605443961959, "lat": -32.96060802441235}, "geometry": {"type": "Point", "coordinates": [27.53605443961959, -32.96060802441235]}}, {"type": "Feature", "properties": {"id": 1123, "source": "new", "mapcode": "AT22", "vegtype": "Buffels Valley Thicket", "efg": "ValleyThicket", "efg_id": 2, "cls2022": 1, "cls2022_name": "moderate", "cls2025": 1, "cls2025_name": "moderate", "stratum": "AT22_moderate", "lon": 27.061462446177963, "lat": -32.758299075019664}, "geometry": {"type": "Point", "coordinates": [27.061462446177963, -32.758299075019664]}}, {"type": "Feature", "properties": {"id": 1124, "source": "new", "mapcode": "AT22", "vegtype": "Buffels Valley Thicket", "efg": "ValleyThicket", "efg_id": 2, "cls2022": 1, "cls2022_name": "moderate", "cls2025": 1, "cls2025_name": "moderate", "stratum": "AT22_moderate", "lon": 27.1645019482171, "lat": -32.65582457055274}, "geometry": {"type": "Point", "coordinates": [27.1645019482171, -32.65582457055274]}}, {"type": "Feature", "properties": {"id": 1125, "source": "new", "mapcode": "AT22", "vegtype": "Buffels Valley Thicket", "efg": "ValleyThicket", "efg_id": 2, "cls2022": 1, "cls2022_name": "moderate", "cls2025": -1, "cls2025_name": null, "stratum": "AT22_moderate", "lon": 27.155177245267918, "lat": -32.687010773882754}, "geometry": {"type": "Point", "coordinates": [27.155177245267918, -32.687010773882754]}}, {"type": "Feature", "properties": {"id": 1126, "source": "new", "mapcode": "AT22", "vegtype": "Buffels Valley Thicket", "efg": "ValleyThicket", "efg_id": 2, "cls2022": 1, "cls2022_name": "moderate", "cls2025": 1, "cls2025_name": "moderate", "stratum": "AT22_moderate", "lon": 27.0737283784414, "lat": -32.76618786712215}, "geometry": {"type": "Point", "coordinates": [27.0737283784414, -32.76618786712215]}}, {"type": "Feature", "properties": {"id": 1127, "source": "new", "mapcode": "AT22", "vegtype": "Buffels Valley Thicket", "efg": "ValleyThicket", "efg_id": 2, "cls2022": 1, "cls2022_name": "moderate", "cls2025": -1, "cls2025_name": null, "stratum": "AT22_moderate", "lon": 27.19099352854324, "lat": -32.65305249456378}, "geometry": {"type": "Point", "coordinates": [27.19099352854324, -32.65305249456378]}}, {"type": "Feature", "properties": {"id": 1128, "source": "new", "mapcode": "AT22", "vegtype": "Buffels Valley Thicket", "efg": "ValleyThicket", "efg_id": 2, "cls2022": 1, "cls2022_name": "moderate", "cls2025": 1, "cls2025_name": "moderate", "stratum": "AT22_moderate", "lon": 27.373695076847014, "lat": -32.76965989762556}, "geometry": {"type": "Point", "coordinates": [27.373695076847014, -32.76965989762556]}}, {"type": "Feature", "properties": {"id": 1129, "source": "new", "mapcode": "AT22", "vegtype": "Buffels Valley Thicket", "efg": "ValleyThicket", "efg_id": 2, "cls2022": 1, "cls2022_name": "moderate", "cls2025": 1, "cls2025_name": "moderate", "stratum": "AT22_moderate", "lon": 27.092727803668915, "lat": -32.76437258547043}, "geometry": {"type": "Point", "coordinates": [27.092727803668915, -32.76437258547043]}}, {"type": "Feature", "properties": {"id": 1130, "source": "new", "mapcode": "AT22", "vegtype": "Buffels Valley Thicket", "efg": "ValleyThicket", "efg_id": 2, "cls2022": 1, "cls2022_name": "moderate", "cls2025": 1, "cls2025_name": "moderate", "stratum": "AT22_moderate", "lon": 27.069339157573634, "lat": -32.78052524131691}, "geometry": {"type": "Point", "coordinates": [27.069339157573634, -32.78052524131691]}}, {"type": "Feature", "properties": {"id": 1131, "source": "new", "mapcode": "AT22", "vegtype": "Buffels Valley Thicket", "efg": "ValleyThicket", "efg_id": 2, "cls2022": 1, "cls2022_name": "moderate", "cls2025": -1, "cls2025_name": null, "stratum": "AT22_moderate", "lon": 27.36567584040996, "lat": -32.79384459810315}, "geometry": {"type": "Point", "coordinates": [27.36567584040996, -32.79384459810315]}}, {"type": "Feature", "properties": {"id": 1132, "source": "new", "mapcode": "AT22", "vegtype": "Buffels Valley Thicket", "efg": "ValleyThicket", "efg_id": 2, "cls2022": 1, "cls2022_name": "moderate", "cls2025": -1, "cls2025_name": null, "stratum": "AT22_moderate", "lon": 27.385802727107524, "lat": -32.78219965464015}, "geometry": {"type": "Point", "coordinates": [27.385802727107524, -32.78219965464015]}}, {"type": "Feature", "properties": {"id": 1133, "source": "new", "mapcode": "AT22", "vegtype": "Buffels Valley Thicket", "efg": "ValleyThicket", "efg_id": 2, "cls2022": 1, "cls2022_name": "moderate", "cls2025": 1, "cls2025_name": "moderate", "stratum": "AT22_moderate", "lon": 27.08803831068284, "lat": -32.758907842623636}, "geometry": {"type": "Point", "coordinates": [27.08803831068284, -32.758907842623636]}}, {"type": "Feature", "properties": {"id": 1134, "source": "new", "mapcode": "AT22", "vegtype": "Buffels Valley Thicket", "efg": "ValleyThicket", "efg_id": 2, "cls2022": 1, "cls2022_name": "moderate", "cls2025": 1, "cls2025_name": "moderate", "stratum": "AT22_moderate", "lon": 27.148191939420173, "lat": -32.67408605960213}, "geometry": {"type": "Point", "coordinates": [27.148191939420173, -32.67408605960213]}}, {"type": "Feature", "properties": {"id": 1135, "source": "new", "mapcode": "AT22", "vegtype": "Buffels Valley Thicket", "efg": "ValleyThicket", "efg_id": 2, "cls2022": 1, "cls2022_name": "moderate", "cls2025": 2, "cls2025_name": "severe", "stratum": "AT22_moderate", "lon": 27.483460323633324, "lat": -32.952490080271026}, "geometry": {"type": "Point", "coordinates": [27.483460323633324, -32.952490080271026]}}, {"type": "Feature", "properties": {"id": 1136, "source": "new", "mapcode": "AT22", "vegtype": "Buffels Valley Thicket", "efg": "ValleyThicket", "efg_id": 2, "cls2022": 1, "cls2022_name": "moderate", "cls2025": -1, "cls2025_name": null, "stratum": "AT22_moderate", "lon": 27.14578093966816, "lat": -32.74099668800192}, "geometry": {"type": "Point", "coordinates": [27.14578093966816, -32.74099668800192]}}, {"type": "Feature", "properties": {"id": 1137, "source": "new", "mapcode": "AT22", "vegtype": "Buffels Valley Thicket", "efg": "ValleyThicket", "efg_id": 2, "cls2022": 1, "cls2022_name": "moderate", "cls2025": 1, "cls2025_name": "moderate", "stratum": "AT22_moderate", "lon": 27.374357127561996, "lat": -32.792270789905984}, "geometry": {"type": "Point", "coordinates": [27.374357127561996, -32.792270789905984]}}, {"type": "Feature", "properties": {"id": 1138, "source": "new", "mapcode": "AT22", "vegtype": "Buffels Valley Thicket", "efg": "ValleyThicket", "efg_id": 2, "cls2022": 1, "cls2022_name": "moderate", "cls2025": 0, "cls2025_name": "intact", "stratum": "AT22_moderate", "lon": 27.08115667157711, "lat": -32.76333047961575}, "geometry": {"type": "Point", "coordinates": [27.08115667157711, -32.76333047961575]}}, {"type": "Feature", "properties": {"id": 1139, "source": "new", "mapcode": "AT22", "vegtype": "Buffels Valley Thicket", "efg": "ValleyThicket", "efg_id": 2, "cls2022": 2, "cls2022_name": "severe", "cls2025": -1, "cls2025_name": null, "stratum": "AT22_severe", "lon": 27.480880061061164, "lat": -32.921620451350364}, "geometry": {"type": "Point", "coordinates": [27.480880061061164, -32.921620451350364]}}, {"type": "Feature", "properties": {"id": 1140, "source": "new", "mapcode": "AT22", "vegtype": "Buffels Valley Thicket", "efg": "ValleyThicket", "efg_id": 2, "cls2022": 2, "cls2022_name": "severe", "cls2025": -1, "cls2025_name": null, "stratum": "AT22_severe", "lon": 27.052863085899478, "lat": -32.76456375844574}, "geometry": {"type": "Point", "coordinates": [27.052863085899478, -32.76456375844574]}}, {"type": "Feature", "properties": {"id": 1141, "source": "new", "mapcode": "AT22", "vegtype": "Buffels Valley Thicket", "efg": "ValleyThicket", "efg_id": 2, "cls2022": 2, "cls2022_name": "severe", "cls2025": 2, "cls2025_name": "severe", "stratum": "AT22_severe", "lon": 27.442439526916967, "lat": -32.92648537611822}, "geometry": {"type": "Point", "coordinates": [27.442439526916967, -32.92648537611822]}}, {"type": "Feature", "properties": {"id": 1142, "source": "new", "mapcode": "AT22", "vegtype": "Buffels Valley Thicket", "efg": "ValleyThicket", "efg_id": 2, "cls2022": 2, "cls2022_name": "severe", "cls2025": -1, "cls2025_name": null, "stratum": "AT22_severe", "lon": 27.440876087253216, "lat": -32.92507530171529}, "geometry": {"type": "Point", "coordinates": [27.440876087253216, -32.92507530171529]}}, {"type": "Feature", "properties": {"id": 1143, "source": "new", "mapcode": "AT22", "vegtype": "Buffels Valley Thicket", "efg": "ValleyThicket", "efg_id": 2, "cls2022": 2, "cls2022_name": "severe", "cls2025": 2, "cls2025_name": "severe", "stratum": "AT22_severe", "lon": 27.500578541105142, "lat": -32.90182568936935}, "geometry": {"type": "Point", "coordinates": [27.500578541105142, -32.90182568936935]}}, {"type": "Feature", "properties": {"id": 1144, "source": "new", "mapcode": "AT22", "vegtype": "Buffels Valley Thicket", "efg": "ValleyThicket", "efg_id": 2, "cls2022": 2, "cls2022_name": "severe", "cls2025": -1, "cls2025_name": null, "stratum": "AT22_severe", "lon": 27.429422871208896, "lat": -32.927508169257365}, "geometry": {"type": "Point", "coordinates": [27.429422871208896, -32.927508169257365]}}, {"type": "Feature", "properties": {"id": 1145, "source": "new", "mapcode": "AT22", "vegtype": "Buffels Valley Thicket", "efg": "ValleyThicket", "efg_id": 2, "cls2022": 2, "cls2022_name": "severe", "cls2025": 2, "cls2025_name": "severe", "stratum": "AT22_severe", "lon": 27.063340407398996, "lat": -32.76923868458264}, "geometry": {"type": "Point", "coordinates": [27.063340407398996, -32.76923868458264]}}, {"type": "Feature", "properties": {"id": 1146, "source": "new", "mapcode": "AT22", "vegtype": "Buffels Valley Thicket", "efg": "ValleyThicket", "efg_id": 2, "cls2022": 2, "cls2022_name": "severe", "cls2025": -1, "cls2025_name": null, "stratum": "AT22_severe", "lon": 27.38318441170506, "lat": -32.894402439271175}, "geometry": {"type": "Point", "coordinates": [27.38318441170506, -32.894402439271175]}}, {"type": "Feature", "properties": {"id": 1147, "source": "new", "mapcode": "AT22", "vegtype": "Buffels Valley Thicket", "efg": "ValleyThicket", "efg_id": 2, "cls2022": 2, "cls2022_name": "severe", "cls2025": -1, "cls2025_name": null, "stratum": "AT22_severe", "lon": 27.397911117925748, "lat": -32.90155817365451}, "geometry": {"type": "Point", "coordinates": [27.397911117925748, -32.90155817365451]}}, {"type": "Feature", "properties": {"id": 1148, "source": "new", "mapcode": "AT27", "vegtype": "Escarpment Arid Thicket", "efg": "AridThicket", "efg_id": 1, "cls2022": 0, "cls2022_name": "intact", "cls2025": 1, "cls2025_name": "moderate", "stratum": "AT27_intact", "lon": 25.910535179032262, "lat": -32.331204913828124}, "geometry": {"type": "Point", "coordinates": [25.910535179032262, -32.331204913828124]}}, {"type": "Feature", "properties": {"id": 1149, "source": "new", "mapcode": "AT27", "vegtype": "Escarpment Arid Thicket", "efg": "AridThicket", "efg_id": 1, "cls2022": 0, "cls2022_name": "intact", "cls2025": 1, "cls2025_name": "moderate", "stratum": "AT27_intact", "lon": 24.272689291385788, "lat": -32.35720995063396}, "geometry": {"type": "Point", "coordinates": [24.272689291385788, -32.35720995063396]}}, {"type": "Feature", "properties": {"id": 1150, "source": "new", "mapcode": "AT27", "vegtype": "Escarpment Arid Thicket", "efg": "AridThicket", "efg_id": 1, "cls2022": 0, "cls2022_name": "intact", "cls2025": 1, "cls2025_name": "moderate", "stratum": "AT27_intact", "lon": 24.327228428759383, "lat": -32.373291710504176}, "geometry": {"type": "Point", "coordinates": [24.327228428759383, -32.373291710504176]}}, {"type": "Feature", "properties": {"id": 1151, "source": "new", "mapcode": "AT27", "vegtype": "Escarpment Arid Thicket", "efg": "AridThicket", "efg_id": 1, "cls2022": 0, "cls2022_name": "intact", "cls2025": 1, "cls2025_name": "moderate", "stratum": "AT27_intact", "lon": 25.800612418832156, "lat": -32.38579758713777}, "geometry": {"type": "Point", "coordinates": [25.800612418832156, -32.38579758713777]}}, {"type": "Feature", "properties": {"id": 1152, "source": "new", "mapcode": "AT27", "vegtype": "Escarpment Arid Thicket", "efg": "AridThicket", "efg_id": 1, "cls2022": 0, "cls2022_name": "intact", "cls2025": 1, "cls2025_name": "moderate", "stratum": "AT27_intact", "lon": 24.411563165247994, "lat": -32.23923490109046}, "geometry": {"type": "Point", "coordinates": [24.411563165247994, -32.23923490109046]}}, {"type": "Feature", "properties": {"id": 1153, "source": "new", "mapcode": "AT27", "vegtype": "Escarpment Arid Thicket", "efg": "AridThicket", "efg_id": 1, "cls2022": 0, "cls2022_name": "intact", "cls2025": 2, "cls2025_name": "severe", "stratum": "AT27_intact", "lon": 24.646836692227925, "lat": -32.234615590391165}, "geometry": {"type": "Point", "coordinates": [24.646836692227925, -32.234615590391165]}}, {"type": "Feature", "properties": {"id": 1154, "source": "new", "mapcode": "AT27", "vegtype": "Escarpment Arid Thicket", "efg": "AridThicket", "efg_id": 1, "cls2022": 0, "cls2022_name": "intact", "cls2025": 0, "cls2025_name": "intact", "stratum": "AT27_intact", "lon": 24.61869257269194, "lat": -32.166237297793735}, "geometry": {"type": "Point", "coordinates": [24.61869257269194, -32.166237297793735]}}, {"type": "Feature", "properties": {"id": 1155, "source": "new", "mapcode": "AT27", "vegtype": "Escarpment Arid Thicket", "efg": "AridThicket", "efg_id": 1, "cls2022": 1, "cls2022_name": "moderate", "cls2025": 1, "cls2025_name": "moderate", "stratum": "AT27_moderate", "lon": 25.475998634440696, "lat": -32.01420594058486}, "geometry": {"type": "Point", "coordinates": [25.475998634440696, -32.01420594058486]}}, {"type": "Feature", "properties": {"id": 1156, "source": "new", "mapcode": "AT27", "vegtype": "Escarpment Arid Thicket", "efg": "AridThicket", "efg_id": 1, "cls2022": 1, "cls2022_name": "moderate", "cls2025": 1, "cls2025_name": "moderate", "stratum": "AT27_moderate", "lon": 24.389266100885656, "lat": -32.50646040295775}, "geometry": {"type": "Point", "coordinates": [24.389266100885656, -32.50646040295775]}}, {"type": "Feature", "properties": {"id": 1157, "source": "new", "mapcode": "AT27", "vegtype": "Escarpment Arid Thicket", "efg": "AridThicket", "efg_id": 1, "cls2022": 1, "cls2022_name": "moderate", "cls2025": 2, "cls2025_name": "severe", "stratum": "AT27_moderate", "lon": 25.48063913612367, "lat": -32.03177806258725}, "geometry": {"type": "Point", "coordinates": [25.48063913612367, -32.03177806258725]}}, {"type": "Feature", "properties": {"id": 1158, "source": "new", "mapcode": "AT27", "vegtype": "Escarpment Arid Thicket", "efg": "AridThicket", "efg_id": 1, "cls2022": 1, "cls2022_name": "moderate", "cls2025": 1, "cls2025_name": "moderate", "stratum": "AT27_moderate", "lon": 23.760310390869826, "lat": -32.97545283668548}, "geometry": {"type": "Point", "coordinates": [23.760310390869826, -32.97545283668548]}}, {"type": "Feature", "properties": {"id": 1159, "source": "new", "mapcode": "AT27", "vegtype": "Escarpment Arid Thicket", "efg": "AridThicket", "efg_id": 1, "cls2022": 1, "cls2022_name": "moderate", "cls2025": 1, "cls2025_name": "moderate", "stratum": "AT27_moderate", "lon": 24.672508984120984, "lat": -32.25258544989769}, "geometry": {"type": "Point", "coordinates": [24.672508984120984, -32.25258544989769]}}, {"type": "Feature", "properties": {"id": 1160, "source": "new", "mapcode": "AT27", "vegtype": "Escarpment Arid Thicket", "efg": "AridThicket", "efg_id": 1, "cls2022": 1, "cls2022_name": "moderate", "cls2025": 1, "cls2025_name": "moderate", "stratum": "AT27_moderate", "lon": 24.158471458773704, "lat": -32.353585365145086}, "geometry": {"type": "Point", "coordinates": [24.158471458773704, -32.353585365145086]}}, {"type": "Feature", "properties": {"id": 1161, "source": "new", "mapcode": "AT27", "vegtype": "Escarpment Arid Thicket", "efg": "AridThicket", "efg_id": 1, "cls2022": 1, "cls2022_name": "moderate", "cls2025": 1, "cls2025_name": "moderate", "stratum": "AT27_moderate", "lon": 24.413866701620744, "lat": -32.14635954155632}, "geometry": {"type": "Point", "coordinates": [24.413866701620744, -32.14635954155632]}}, {"type": "Feature", "properties": {"id": 1162, "source": "new", "mapcode": "AT27", "vegtype": "Escarpment Arid Thicket", "efg": "AridThicket", "efg_id": 1, "cls2022": 1, "cls2022_name": "moderate", "cls2025": 2, "cls2025_name": "severe", "stratum": "AT27_moderate", "lon": 23.705321472804297, "lat": -32.95100323805087}, "geometry": {"type": "Point", "coordinates": [23.705321472804297, -32.95100323805087]}}, {"type": "Feature", "properties": {"id": 1163, "source": "new", "mapcode": "AT27", "vegtype": "Escarpment Arid Thicket", "efg": "AridThicket", "efg_id": 1, "cls2022": 1, "cls2022_name": "moderate", "cls2025": 2, "cls2025_name": "severe", "stratum": "AT27_moderate", "lon": 23.760292549731133, "lat": -32.94702985912978}, "geometry": {"type": "Point", "coordinates": [23.760292549731133, -32.94702985912978]}}, {"type": "Feature", "properties": {"id": 1164, "source": "new", "mapcode": "AT27", "vegtype": "Escarpment Arid Thicket", "efg": "AridThicket", "efg_id": 1, "cls2022": 1, "cls2022_name": "moderate", "cls2025": 1, "cls2025_name": "moderate", "stratum": "AT27_moderate", "lon": 24.51604372427795, "lat": -32.34215494290804}, "geometry": {"type": "Point", "coordinates": [24.51604372427795, -32.34215494290804]}}, {"type": "Feature", "properties": {"id": 1165, "source": "new", "mapcode": "AT27", "vegtype": "Escarpment Arid Thicket", "efg": "AridThicket", "efg_id": 1, "cls2022": 1, "cls2022_name": "moderate", "cls2025": 1, "cls2025_name": "moderate", "stratum": "AT27_moderate", "lon": 24.58974659498293, "lat": -32.28079865320621}, "geometry": {"type": "Point", "coordinates": [24.58974659498293, -32.28079865320621]}}, {"type": "Feature", "properties": {"id": 1166, "source": "new", "mapcode": "AT27", "vegtype": "Escarpment Arid Thicket", "efg": "AridThicket", "efg_id": 1, "cls2022": 1, "cls2022_name": "moderate", "cls2025": 1, "cls2025_name": "moderate", "stratum": "AT27_moderate", "lon": 24.42565754311481, "lat": -32.44930212647983}, "geometry": {"type": "Point", "coordinates": [24.42565754311481, -32.44930212647983]}}, {"type": "Feature", "properties": {"id": 1167, "source": "new", "mapcode": "AT27", "vegtype": "Escarpment Arid Thicket", "efg": "AridThicket", "efg_id": 1, "cls2022": 1, "cls2022_name": "moderate", "cls2025": 1, "cls2025_name": "moderate", "stratum": "AT27_moderate", "lon": 24.664302773774008, "lat": -32.09643868742626}, "geometry": {"type": "Point", "coordinates": [24.664302773774008, -32.09643868742626]}}, {"type": "Feature", "properties": {"id": 1168, "source": "new", "mapcode": "AT27", "vegtype": "Escarpment Arid Thicket", "efg": "AridThicket", "efg_id": 1, "cls2022": 1, "cls2022_name": "moderate", "cls2025": 2, "cls2025_name": "severe", "stratum": "AT27_moderate", "lon": 24.427046187830946, "lat": -32.51445867535384}, "geometry": {"type": "Point", "coordinates": [24.427046187830946, -32.51445867535384]}}, {"type": "Feature", "properties": {"id": 1169, "source": "new", "mapcode": "AT27", "vegtype": "Escarpment Arid Thicket", "efg": "AridThicket", "efg_id": 1, "cls2022": 1, "cls2022_name": "moderate", "cls2025": 1, "cls2025_name": "moderate", "stratum": "AT27_moderate", "lon": 24.46991236983801, "lat": -32.27326007729149}, "geometry": {"type": "Point", "coordinates": [24.46991236983801, -32.27326007729149]}}, {"type": "Feature", "properties": {"id": 1170, "source": "new", "mapcode": "AT27", "vegtype": "Escarpment Arid Thicket", "efg": "AridThicket", "efg_id": 1, "cls2022": 1, "cls2022_name": "moderate", "cls2025": 1, "cls2025_name": "moderate", "stratum": "AT27_moderate", "lon": 23.751138730131466, "lat": -32.964514620960806}, "geometry": {"type": "Point", "coordinates": [23.751138730131466, -32.964514620960806]}}, {"type": "Feature", "properties": {"id": 1171, "source": "new", "mapcode": "AT27", "vegtype": "Escarpment Arid Thicket", "efg": "AridThicket", "efg_id": 1, "cls2022": 1, "cls2022_name": "moderate", "cls2025": 2, "cls2025_name": "severe", "stratum": "AT27_moderate", "lon": 25.270609666727104, "lat": -32.774964083793854}, "geometry": {"type": "Point", "coordinates": [25.270609666727104, -32.774964083793854]}}, {"type": "Feature", "properties": {"id": 1172, "source": "new", "mapcode": "AT27", "vegtype": "Escarpment Arid Thicket", "efg": "AridThicket", "efg_id": 1, "cls2022": 1, "cls2022_name": "moderate", "cls2025": 1, "cls2025_name": "moderate", "stratum": "AT27_moderate", "lon": 24.266580295424006, "lat": -32.34684637571819}, "geometry": {"type": "Point", "coordinates": [24.266580295424006, -32.34684637571819]}}, {"type": "Feature", "properties": {"id": 1173, "source": "new", "mapcode": "AT27", "vegtype": "Escarpment Arid Thicket", "efg": "AridThicket", "efg_id": 1, "cls2022": 1, "cls2022_name": "moderate", "cls2025": 1, "cls2025_name": "moderate", "stratum": "AT27_moderate", "lon": 24.64779617828615, "lat": -32.26895012744303}, "geometry": {"type": "Point", "coordinates": [24.64779617828615, -32.26895012744303]}}, {"type": "Feature", "properties": {"id": 1174, "source": "new", "mapcode": "AT27", "vegtype": "Escarpment Arid Thicket", "efg": "AridThicket", "efg_id": 1, "cls2022": 2, "cls2022_name": "severe", "cls2025": 2, "cls2025_name": "severe", "stratum": "AT27_severe", "lon": 25.86315519750203, "lat": -32.22473291221476}, "geometry": {"type": "Point", "coordinates": [25.86315519750203, -32.22473291221476]}}, {"type": "Feature", "properties": {"id": 1175, "source": "new", "mapcode": "AT27", "vegtype": "Escarpment Arid Thicket", "efg": "AridThicket", "efg_id": 1, "cls2022": 2, "cls2022_name": "severe", "cls2025": 2, "cls2025_name": "severe", "stratum": "AT27_severe", "lon": 24.50894140531102, "lat": -32.333934312180965}, "geometry": {"type": "Point", "coordinates": [24.50894140531102, -32.333934312180965]}}, {"type": "Feature", "properties": {"id": 1176, "source": "new", "mapcode": "AT27", "vegtype": "Escarpment Arid Thicket", "efg": "AridThicket", "efg_id": 1, "cls2022": 2, "cls2022_name": "severe", "cls2025": 2, "cls2025_name": "severe", "stratum": "AT27_severe", "lon": 24.628016234485287, "lat": -32.253428061806744}, "geometry": {"type": "Point", "coordinates": [24.628016234485287, -32.253428061806744]}}, {"type": "Feature", "properties": {"id": 1177, "source": "new", "mapcode": "AT27", "vegtype": "Escarpment Arid Thicket", "efg": "AridThicket", "efg_id": 1, "cls2022": 2, "cls2022_name": "severe", "cls2025": 2, "cls2025_name": "severe", "stratum": "AT27_severe", "lon": 25.896317718039562, "lat": -32.25552768773587}, "geometry": {"type": "Point", "coordinates": [25.896317718039562, -32.25552768773587]}}, {"type": "Feature", "properties": {"id": 1178, "source": "new", "mapcode": "AT27", "vegtype": "Escarpment Arid Thicket", "efg": "AridThicket", "efg_id": 1, "cls2022": 2, "cls2022_name": "severe", "cls2025": 2, "cls2025_name": "severe", "stratum": "AT27_severe", "lon": 25.836661103000328, "lat": -32.284073903638784}, "geometry": {"type": "Point", "coordinates": [25.836661103000328, -32.284073903638784]}}, {"type": "Feature", "properties": {"id": 1179, "source": "new", "mapcode": "AT27", "vegtype": "Escarpment Arid Thicket", "efg": "AridThicket", "efg_id": 1, "cls2022": 2, "cls2022_name": "severe", "cls2025": 2, "cls2025_name": "severe", "stratum": "AT27_severe", "lon": 24.343248144857974, "lat": -32.40984678491404}, "geometry": {"type": "Point", "coordinates": [24.343248144857974, -32.40984678491404]}}, {"type": "Feature", "properties": {"id": 1180, "source": "new", "mapcode": "AT27", "vegtype": "Escarpment Arid Thicket", "efg": "AridThicket", "efg_id": 1, "cls2022": 2, "cls2022_name": "severe", "cls2025": 2, "cls2025_name": "severe", "stratum": "AT27_severe", "lon": 25.872824176901556, "lat": -32.2590322842252}, "geometry": {"type": "Point", "coordinates": [25.872824176901556, -32.2590322842252]}}, {"type": "Feature", "properties": {"id": 1181, "source": "new", "mapcode": "AT27", "vegtype": "Escarpment Arid Thicket", "efg": "AridThicket", "efg_id": 1, "cls2022": 2, "cls2022_name": "severe", "cls2025": 2, "cls2025_name": "severe", "stratum": "AT27_severe", "lon": 24.36638563874925, "lat": -32.20053102142453}, "geometry": {"type": "Point", "coordinates": [24.36638563874925, -32.20053102142453]}}, {"type": "Feature", "properties": {"id": 1182, "source": "new", "mapcode": "AT27", "vegtype": "Escarpment Arid Thicket", "efg": "AridThicket", "efg_id": 1, "cls2022": 2, "cls2022_name": "severe", "cls2025": 2, "cls2025_name": "severe", "stratum": "AT27_severe", "lon": 23.74421655665732, "lat": -32.96104589999687}, "geometry": {"type": "Point", "coordinates": [23.74421655665732, -32.96104589999687]}}, {"type": "Feature", "properties": {"id": 1183, "source": "new", "mapcode": "AT27", "vegtype": "Escarpment Arid Thicket", "efg": "AridThicket", "efg_id": 1, "cls2022": 2, "cls2022_name": "severe", "cls2025": 1, "cls2025_name": "moderate", "stratum": "AT27_severe", "lon": 24.27882397714858, "lat": -32.327204592300596}, "geometry": {"type": "Point", "coordinates": [24.27882397714858, -32.327204592300596]}}, {"type": "Feature", "properties": {"id": 1184, "source": "new", "mapcode": "AT27", "vegtype": "Escarpment Arid Thicket", "efg": "AridThicket", "efg_id": 1, "cls2022": 2, "cls2022_name": "severe", "cls2025": 2, "cls2025_name": "severe", "stratum": "AT27_severe", "lon": 24.599934443268047, "lat": -32.12654989321518}, "geometry": {"type": "Point", "coordinates": [24.599934443268047, -32.12654989321518]}}, {"type": "Feature", "properties": {"id": 1185, "source": "new", "mapcode": "AT27", "vegtype": "Escarpment Arid Thicket", "efg": "AridThicket", "efg_id": 1, "cls2022": 2, "cls2022_name": "severe", "cls2025": 2, "cls2025_name": "severe", "stratum": "AT27_severe", "lon": 24.35398230994502, "lat": -32.18852462971338}, "geometry": {"type": "Point", "coordinates": [24.35398230994502, -32.18852462971338]}}, {"type": "Feature", "properties": {"id": 1186, "source": "new", "mapcode": "AT27", "vegtype": "Escarpment Arid Thicket", "efg": "AridThicket", "efg_id": 1, "cls2022": 2, "cls2022_name": "severe", "cls2025": 2, "cls2025_name": "severe", "stratum": "AT27_severe", "lon": 24.40272210236578, "lat": -32.5162212933859}, "geometry": {"type": "Point", "coordinates": [24.40272210236578, -32.5162212933859]}}, {"type": "Feature", "properties": {"id": 1187, "source": "new", "mapcode": "AT27", "vegtype": "Escarpment Arid Thicket", "efg": "AridThicket", "efg_id": 1, "cls2022": 2, "cls2022_name": "severe", "cls2025": 2, "cls2025_name": "severe", "stratum": "AT27_severe", "lon": 25.901926925907766, "lat": -32.24192748139086}, "geometry": {"type": "Point", "coordinates": [25.901926925907766, -32.24192748139086]}}, {"type": "Feature", "properties": {"id": 1188, "source": "new", "mapcode": "AT27", "vegtype": "Escarpment Arid Thicket", "efg": "AridThicket", "efg_id": 1, "cls2022": 2, "cls2022_name": "severe", "cls2025": 2, "cls2025_name": "severe", "stratum": "AT27_severe", "lon": 24.307694558471344, "lat": -32.504417096820966}, "geometry": {"type": "Point", "coordinates": [24.307694558471344, -32.504417096820966]}}, {"type": "Feature", "properties": {"id": 1189, "source": "new", "mapcode": "AT27", "vegtype": "Escarpment Arid Thicket", "efg": "AridThicket", "efg_id": 1, "cls2022": 2, "cls2022_name": "severe", "cls2025": 2, "cls2025_name": "severe", "stratum": "AT27_severe", "lon": 23.71985431681828, "lat": -32.92992686283615}, "geometry": {"type": "Point", "coordinates": [23.71985431681828, -32.92992686283615]}}, {"type": "Feature", "properties": {"id": 1190, "source": "new", "mapcode": "AT27", "vegtype": "Escarpment Arid Thicket", "efg": "AridThicket", "efg_id": 1, "cls2022": 2, "cls2022_name": "severe", "cls2025": 2, "cls2025_name": "severe", "stratum": "AT27_severe", "lon": 24.538780770622793, "lat": -32.13549626313993}, "geometry": {"type": "Point", "coordinates": [24.538780770622793, -32.13549626313993]}}, {"type": "Feature", "properties": {"id": 1191, "source": "new", "mapcode": "AT27", "vegtype": "Escarpment Arid Thicket", "efg": "AridThicket", "efg_id": 1, "cls2022": 2, "cls2022_name": "severe", "cls2025": 1, "cls2025_name": "moderate", "stratum": "AT27_severe", "lon": 24.373910583526712, "lat": -32.49496973695979}, "geometry": {"type": "Point", "coordinates": [24.373910583526712, -32.49496973695979]}}, {"type": "Feature", "properties": {"id": 1192, "source": "new", "mapcode": "AT27", "vegtype": "Escarpment Arid Thicket", "efg": "AridThicket", "efg_id": 1, "cls2022": 2, "cls2022_name": "severe", "cls2025": 2, "cls2025_name": "severe", "stratum": "AT27_severe", "lon": 24.354400213317568, "lat": -32.549793533420456}, "geometry": {"type": "Point", "coordinates": [24.354400213317568, -32.549793533420456]}}, {"type": "Feature", "properties": {"id": 1193, "source": "new", "mapcode": "AT27", "vegtype": "Escarpment Arid Thicket", "efg": "AridThicket", "efg_id": 1, "cls2022": 2, "cls2022_name": "severe", "cls2025": 2, "cls2025_name": "severe", "stratum": "AT27_severe", "lon": 24.642706417924877, "lat": -32.15800331068655}, "geometry": {"type": "Point", "coordinates": [24.642706417924877, -32.15800331068655]}}, {"type": "Feature", "properties": {"id": 1194, "source": "new", "mapcode": "AT27", "vegtype": "Escarpment Arid Thicket", "efg": "AridThicket", "efg_id": 1, "cls2022": 2, "cls2022_name": "severe", "cls2025": 2, "cls2025_name": "severe", "stratum": "AT27_severe", "lon": 25.48250036643382, "lat": -32.1680726565978}, "geometry": {"type": "Point", "coordinates": [25.48250036643382, -32.1680726565978]}}, {"type": "Feature", "properties": {"id": 1195, "source": "new", "mapcode": "AT27", "vegtype": "Escarpment Arid Thicket", "efg": "AridThicket", "efg_id": 1, "cls2022": 2, "cls2022_name": "severe", "cls2025": 1, "cls2025_name": "moderate", "stratum": "AT27_severe", "lon": 24.49129295637029, "lat": -32.24746875267801}, "geometry": {"type": "Point", "coordinates": [24.49129295637029, -32.24746875267801]}}, {"type": "Feature", "properties": {"id": 1196, "source": "new", "mapcode": "AT27", "vegtype": "Escarpment Arid Thicket", "efg": "AridThicket", "efg_id": 1, "cls2022": 2, "cls2022_name": "severe", "cls2025": 2, "cls2025_name": "severe", "stratum": "AT27_severe", "lon": 25.841197882412935, "lat": -32.255923972072154}, "geometry": {"type": "Point", "coordinates": [25.841197882412935, -32.255923972072154]}}, {"type": "Feature", "properties": {"id": 1197, "source": "new", "mapcode": "AT27", "vegtype": "Escarpment Arid Thicket", "efg": "AridThicket", "efg_id": 1, "cls2022": 2, "cls2022_name": "severe", "cls2025": 2, "cls2025_name": "severe", "stratum": "AT27_severe", "lon": 24.241618055549385, "lat": -32.32382400525609}, "geometry": {"type": "Point", "coordinates": [24.241618055549385, -32.32382400525609]}}, {"type": "Feature", "properties": {"id": 1198, "source": "new", "mapcode": "AT27", "vegtype": "Escarpment Arid Thicket", "efg": "AridThicket", "efg_id": 1, "cls2022": 2, "cls2022_name": "severe", "cls2025": 2, "cls2025_name": "severe", "stratum": "AT27_severe", "lon": 23.738178592294645, "lat": -32.959622886231095}, "geometry": {"type": "Point", "coordinates": [23.738178592294645, -32.959622886231095]}}, {"type": "Feature", "properties": {"id": 1199, "source": "new", "mapcode": "AT27", "vegtype": "Escarpment Arid Thicket", "efg": "AridThicket", "efg_id": 1, "cls2022": 2, "cls2022_name": "severe", "cls2025": 2, "cls2025_name": "severe", "stratum": "AT27_severe", "lon": 25.428634989629145, "lat": -32.060346602696036}, "geometry": {"type": "Point", "coordinates": [25.428634989629145, -32.060346602696036]}}, {"type": "Feature", "properties": {"id": 1200, "source": "new", "mapcode": "AT27", "vegtype": "Escarpment Arid Thicket", "efg": "AridThicket", "efg_id": 1, "cls2022": 2, "cls2022_name": "severe", "cls2025": 2, "cls2025_name": "severe", "stratum": "AT27_severe", "lon": 24.27609100469581, "lat": -32.48234832028744}, "geometry": {"type": "Point", "coordinates": [24.27609100469581, -32.48234832028744]}}, {"type": "Feature", "properties": {"id": 1201, "source": "new", "mapcode": "AT27", "vegtype": "Escarpment Arid Thicket", "efg": "AridThicket", "efg_id": 1, "cls2022": 2, "cls2022_name": "severe", "cls2025": 2, "cls2025_name": "severe", "stratum": "AT27_severe", "lon": 24.45573439950717, "lat": -32.391215752017516}, "geometry": {"type": "Point", "coordinates": [24.45573439950717, -32.391215752017516]}}, {"type": "Feature", "properties": {"id": 1202, "source": "new", "mapcode": "AT27", "vegtype": "Escarpment Arid Thicket", "efg": "AridThicket", "efg_id": 1, "cls2022": 2, "cls2022_name": "severe", "cls2025": 2, "cls2025_name": "severe", "stratum": "AT27_severe", "lon": 24.59414563166402, "lat": -32.190941416531}, "geometry": {"type": "Point", "coordinates": [24.59414563166402, -32.190941416531]}}, {"type": "Feature", "properties": {"id": 1203, "source": "new", "mapcode": "AT27", "vegtype": "Escarpment Arid Thicket", "efg": "AridThicket", "efg_id": 1, "cls2022": 2, "cls2022_name": "severe", "cls2025": 2, "cls2025_name": "severe", "stratum": "AT27_severe", "lon": 25.721313475340978, "lat": -32.1856068915788}, "geometry": {"type": "Point", "coordinates": [25.721313475340978, -32.1856068915788]}}, {"type": "Feature", "properties": {"id": 1204, "source": "new", "mapcode": "AT27", "vegtype": "Escarpment Arid Thicket", "efg": "AridThicket", "efg_id": 1, "cls2022": 2, "cls2022_name": "severe", "cls2025": 2, "cls2025_name": "severe", "stratum": "AT27_severe", "lon": 24.36917114188882, "lat": -32.55675056817795}, "geometry": {"type": "Point", "coordinates": [24.36917114188882, -32.55675056817795]}}, {"type": "Feature", "properties": {"id": 1205, "source": "new", "mapcode": "AT27", "vegtype": "Escarpment Arid Thicket", "efg": "AridThicket", "efg_id": 1, "cls2022": 2, "cls2022_name": "severe", "cls2025": 2, "cls2025_name": "severe", "stratum": "AT27_severe", "lon": 25.53662182280058, "lat": -32.17321452751719}, "geometry": {"type": "Point", "coordinates": [25.53662182280058, -32.17321452751719]}}, {"type": "Feature", "properties": {"id": 1206, "source": "new", "mapcode": "AT27", "vegtype": "Escarpment Arid Thicket", "efg": "AridThicket", "efg_id": 1, "cls2022": 2, "cls2022_name": "severe", "cls2025": 2, "cls2025_name": "severe", "stratum": "AT27_severe", "lon": 24.31175532865761, "lat": -32.26299510064335}, "geometry": {"type": "Point", "coordinates": [24.31175532865761, -32.26299510064335]}}, {"type": "Feature", "properties": {"id": 1207, "source": "new", "mapcode": "AT28", "vegtype": "Escarpment Mesic Thicket", "efg": "MesicThicket", "efg_id": 3, "cls2022": 0, "cls2022_name": "intact", "cls2025": 0, "cls2025_name": "intact", "stratum": "AT28_intact", "lon": 25.571669418926504, "lat": -32.6927964747756}, "geometry": {"type": "Point", "coordinates": [25.571669418926504, -32.6927964747756]}}, {"type": "Feature", "properties": {"id": 1208, "source": "new", "mapcode": "AT28", "vegtype": "Escarpment Mesic Thicket", "efg": "MesicThicket", "efg_id": 3, "cls2022": 0, "cls2022_name": "intact", "cls2025": 0, "cls2025_name": "intact", "stratum": "AT28_intact", "lon": 26.238864882543243, "lat": -32.558873443694175}, "geometry": {"type": "Point", "coordinates": [26.238864882543243, -32.558873443694175]}}, {"type": "Feature", "properties": {"id": 1209, "source": "new", "mapcode": "AT28", "vegtype": "Escarpment Mesic Thicket", "efg": "MesicThicket", "efg_id": 3, "cls2022": 0, "cls2022_name": "intact", "cls2025": 0, "cls2025_name": "intact", "stratum": "AT28_intact", "lon": 26.76389364424435, "lat": -32.67658000077247}, "geometry": {"type": "Point", "coordinates": [26.76389364424435, -32.67658000077247]}}, {"type": "Feature", "properties": {"id": 1210, "source": "new", "mapcode": "AT28", "vegtype": "Escarpment Mesic Thicket", "efg": "MesicThicket", "efg_id": 3, "cls2022": 0, "cls2022_name": "intact", "cls2025": 0, "cls2025_name": "intact", "stratum": "AT28_intact", "lon": 25.696367660377305, "lat": -32.69847139407654}, "geometry": {"type": "Point", "coordinates": [25.696367660377305, -32.69847139407654]}}, {"type": "Feature", "properties": {"id": 1211, "source": "new", "mapcode": "AT28", "vegtype": "Escarpment Mesic Thicket", "efg": "MesicThicket", "efg_id": 3, "cls2022": 0, "cls2022_name": "intact", "cls2025": 0, "cls2025_name": "intact", "stratum": "AT28_intact", "lon": 26.45464526307545, "lat": -32.75044956236196}, "geometry": {"type": "Point", "coordinates": [26.45464526307545, -32.75044956236196]}}, {"type": "Feature", "properties": {"id": 1212, "source": "new", "mapcode": "AT28", "vegtype": "Escarpment Mesic Thicket", "efg": "MesicThicket", "efg_id": 3, "cls2022": 0, "cls2022_name": "intact", "cls2025": 0, "cls2025_name": "intact", "stratum": "AT28_intact", "lon": 26.263016775697725, "lat": -32.516506633667476}, "geometry": {"type": "Point", "coordinates": [26.263016775697725, -32.516506633667476]}}, {"type": "Feature", "properties": {"id": 1213, "source": "new", "mapcode": "AT28", "vegtype": "Escarpment Mesic Thicket", "efg": "MesicThicket", "efg_id": 3, "cls2022": 0, "cls2022_name": "intact", "cls2025": 0, "cls2025_name": "intact", "stratum": "AT28_intact", "lon": 26.233549380937195, "lat": -32.50002657320517}, "geometry": {"type": "Point", "coordinates": [26.233549380937195, -32.50002657320517]}}, {"type": "Feature", "properties": {"id": 1214, "source": "new", "mapcode": "AT28", "vegtype": "Escarpment Mesic Thicket", "efg": "MesicThicket", "efg_id": 3, "cls2022": 0, "cls2022_name": "intact", "cls2025": 0, "cls2025_name": "intact", "stratum": "AT28_intact", "lon": 25.73148058290385, "lat": -32.74475711632454}, "geometry": {"type": "Point", "coordinates": [25.73148058290385, -32.74475711632454]}}, {"type": "Feature", "properties": {"id": 1215, "source": "new", "mapcode": "AT28", "vegtype": "Escarpment Mesic Thicket", "efg": "MesicThicket", "efg_id": 3, "cls2022": 0, "cls2022_name": "intact", "cls2025": 0, "cls2025_name": "intact", "stratum": "AT28_intact", "lon": 25.576544687535378, "lat": -32.71443055617907}, "geometry": {"type": "Point", "coordinates": [25.576544687535378, -32.71443055617907]}}, {"type": "Feature", "properties": {"id": 1216, "source": "new", "mapcode": "AT28", "vegtype": "Escarpment Mesic Thicket", "efg": "MesicThicket", "efg_id": 3, "cls2022": 0, "cls2022_name": "intact", "cls2025": 0, "cls2025_name": "intact", "stratum": "AT28_intact", "lon": 26.67753443851538, "lat": -32.746855653245724}, "geometry": {"type": "Point", "coordinates": [26.67753443851538, -32.746855653245724]}}, {"type": "Feature", "properties": {"id": 1217, "source": "new", "mapcode": "AT28", "vegtype": "Escarpment Mesic Thicket", "efg": "MesicThicket", "efg_id": 3, "cls2022": 0, "cls2022_name": "intact", "cls2025": 0, "cls2025_name": "intact", "stratum": "AT28_intact", "lon": 26.57989389477025, "lat": -32.68825760459213}, "geometry": {"type": "Point", "coordinates": [26.57989389477025, -32.68825760459213]}}, {"type": "Feature", "properties": {"id": 1218, "source": "new", "mapcode": "AT28", "vegtype": "Escarpment Mesic Thicket", "efg": "MesicThicket", "efg_id": 3, "cls2022": 0, "cls2022_name": "intact", "cls2025": 0, "cls2025_name": "intact", "stratum": "AT28_intact", "lon": 25.710835281910995, "lat": -32.74762442164404}, "geometry": {"type": "Point", "coordinates": [25.710835281910995, -32.74762442164404]}}, {"type": "Feature", "properties": {"id": 1219, "source": "new", "mapcode": "AT28", "vegtype": "Escarpment Mesic Thicket", "efg": "MesicThicket", "efg_id": 3, "cls2022": 0, "cls2022_name": "intact", "cls2025": 0, "cls2025_name": "intact", "stratum": "AT28_intact", "lon": 25.63390375349131, "lat": -32.700755404848145}, "geometry": {"type": "Point", "coordinates": [25.63390375349131, -32.700755404848145]}}, {"type": "Feature", "properties": {"id": 1220, "source": "new", "mapcode": "AT28", "vegtype": "Escarpment Mesic Thicket", "efg": "MesicThicket", "efg_id": 3, "cls2022": 0, "cls2022_name": "intact", "cls2025": 0, "cls2025_name": "intact", "stratum": "AT28_intact", "lon": 26.485846110853384, "lat": -32.760367591220216}, "geometry": {"type": "Point", "coordinates": [26.485846110853384, -32.760367591220216]}}, {"type": "Feature", "properties": {"id": 1221, "source": "new", "mapcode": "AT28", "vegtype": "Escarpment Mesic Thicket", "efg": "MesicThicket", "efg_id": 3, "cls2022": 0, "cls2022_name": "intact", "cls2025": 1, "cls2025_name": "moderate", "stratum": "AT28_intact", "lon": 26.81900418076, "lat": -32.54800669290613}, "geometry": {"type": "Point", "coordinates": [26.81900418076, -32.54800669290613]}}, {"type": "Feature", "properties": {"id": 1222, "source": "new", "mapcode": "AT28", "vegtype": "Escarpment Mesic Thicket", "efg": "MesicThicket", "efg_id": 3, "cls2022": 0, "cls2022_name": "intact", "cls2025": 0, "cls2025_name": "intact", "stratum": "AT28_intact", "lon": 25.21870117374086, "lat": -32.5385903939578}, "geometry": {"type": "Point", "coordinates": [25.21870117374086, -32.5385903939578]}}, {"type": "Feature", "properties": {"id": 1223, "source": "new", "mapcode": "AT28", "vegtype": "Escarpment Mesic Thicket", "efg": "MesicThicket", "efg_id": 3, "cls2022": 0, "cls2022_name": "intact", "cls2025": 0, "cls2025_name": "intact", "stratum": "AT28_intact", "lon": 26.67157590487533, "lat": -32.74019692583959}, "geometry": {"type": "Point", "coordinates": [26.67157590487533, -32.74019692583959]}}, {"type": "Feature", "properties": {"id": 1224, "source": "new", "mapcode": "AT28", "vegtype": "Escarpment Mesic Thicket", "efg": "MesicThicket", "efg_id": 3, "cls2022": 0, "cls2022_name": "intact", "cls2025": 0, "cls2025_name": "intact", "stratum": "AT28_intact", "lon": 25.352581622300477, "lat": -32.64695829275941}, "geometry": {"type": "Point", "coordinates": [25.352581622300477, -32.64695829275941]}}, {"type": "Feature", "properties": {"id": 1225, "source": "new", "mapcode": "AT28", "vegtype": "Escarpment Mesic Thicket", "efg": "MesicThicket", "efg_id": 3, "cls2022": 1, "cls2022_name": "moderate", "cls2025": 1, "cls2025_name": "moderate", "stratum": "AT28_moderate", "lon": 26.346035820479734, "lat": -32.82622069070867}, "geometry": {"type": "Point", "coordinates": [26.346035820479734, -32.82622069070867]}}, {"type": "Feature", "properties": {"id": 1226, "source": "new", "mapcode": "AT28", "vegtype": "Escarpment Mesic Thicket", "efg": "MesicThicket", "efg_id": 3, "cls2022": 1, "cls2022_name": "moderate", "cls2025": 1, "cls2025_name": "moderate", "stratum": "AT28_moderate", "lon": 26.23616690976992, "lat": -32.61229672742874}, "geometry": {"type": "Point", "coordinates": [26.23616690976992, -32.61229672742874]}}, {"type": "Feature", "properties": {"id": 1227, "source": "new", "mapcode": "AT28", "vegtype": "Escarpment Mesic Thicket", "efg": "MesicThicket", "efg_id": 3, "cls2022": 1, "cls2022_name": "moderate", "cls2025": 1, "cls2025_name": "moderate", "stratum": "AT28_moderate", "lon": 26.827134380831367, "lat": -32.733957654646666}, "geometry": {"type": "Point", "coordinates": [26.827134380831367, -32.733957654646666]}}, {"type": "Feature", "properties": {"id": 1228, "source": "new", "mapcode": "AT28", "vegtype": "Escarpment Mesic Thicket", "efg": "MesicThicket", "efg_id": 3, "cls2022": 1, "cls2022_name": "moderate", "cls2025": 1, "cls2025_name": "moderate", "stratum": "AT28_moderate", "lon": 26.777945383182914, "lat": -32.502820174741984}, "geometry": {"type": "Point", "coordinates": [26.777945383182914, -32.502820174741984]}}, {"type": "Feature", "properties": {"id": 1229, "source": "new", "mapcode": "AT28", "vegtype": "Escarpment Mesic Thicket", "efg": "MesicThicket", "efg_id": 3, "cls2022": 1, "cls2022_name": "moderate", "cls2025": 1, "cls2025_name": "moderate", "stratum": "AT28_moderate", "lon": 26.52048113441634, "lat": -32.73262644979771}, "geometry": {"type": "Point", "coordinates": [26.52048113441634, -32.73262644979771]}}, {"type": "Feature", "properties": {"id": 1230, "source": "new", "mapcode": "AT28", "vegtype": "Escarpment Mesic Thicket", "efg": "MesicThicket", "efg_id": 3, "cls2022": 1, "cls2022_name": "moderate", "cls2025": 1, "cls2025_name": "moderate", "stratum": "AT28_moderate", "lon": 25.77397426522638, "lat": -32.710919938432674}, "geometry": {"type": "Point", "coordinates": [25.77397426522638, -32.710919938432674]}}, {"type": "Feature", "properties": {"id": 1231, "source": "new", "mapcode": "AT28", "vegtype": "Escarpment Mesic Thicket", "efg": "MesicThicket", "efg_id": 3, "cls2022": 1, "cls2022_name": "moderate", "cls2025": 1, "cls2025_name": "moderate", "stratum": "AT28_moderate", "lon": 25.626286599841972, "lat": -32.721538914701576}, "geometry": {"type": "Point", "coordinates": [25.626286599841972, -32.721538914701576]}}, {"type": "Feature", "properties": {"id": 1232, "source": "new", "mapcode": "AT28", "vegtype": "Escarpment Mesic Thicket", "efg": "MesicThicket", "efg_id": 3, "cls2022": 1, "cls2022_name": "moderate", "cls2025": 1, "cls2025_name": "moderate", "stratum": "AT28_moderate", "lon": 25.76369389056172, "lat": -32.72025881665805}, "geometry": {"type": "Point", "coordinates": [25.76369389056172, -32.72025881665805]}}, {"type": "Feature", "properties": {"id": 1233, "source": "new", "mapcode": "AT28", "vegtype": "Escarpment Mesic Thicket", "efg": "MesicThicket", "efg_id": 3, "cls2022": 1, "cls2022_name": "moderate", "cls2025": 2, "cls2025_name": "severe", "stratum": "AT28_moderate", "lon": 26.75596402223065, "lat": -32.52297322476391}, "geometry": {"type": "Point", "coordinates": [26.75596402223065, -32.52297322476391]}}, {"type": "Feature", "properties": {"id": 1234, "source": "new", "mapcode": "AT28", "vegtype": "Escarpment Mesic Thicket", "efg": "MesicThicket", "efg_id": 3, "cls2022": 1, "cls2022_name": "moderate", "cls2025": 1, "cls2025_name": "moderate", "stratum": "AT28_moderate", "lon": 26.818900539611793, "lat": -32.619018700106174}, "geometry": {"type": "Point", "coordinates": [26.818900539611793, -32.619018700106174]}}, {"type": "Feature", "properties": {"id": 1235, "source": "new", "mapcode": "AT28", "vegtype": "Escarpment Mesic Thicket", "efg": "MesicThicket", "efg_id": 3, "cls2022": 1, "cls2022_name": "moderate", "cls2025": -1, "cls2025_name": null, "stratum": "AT28_moderate", "lon": 26.95435223209101, "lat": -32.69354868635523}, "geometry": {"type": "Point", "coordinates": [26.95435223209101, -32.69354868635523]}}, {"type": "Feature", "properties": {"id": 1236, "source": "new", "mapcode": "AT28", "vegtype": "Escarpment Mesic Thicket", "efg": "MesicThicket", "efg_id": 3, "cls2022": 1, "cls2022_name": "moderate", "cls2025": -1, "cls2025_name": null, "stratum": "AT28_moderate", "lon": 26.91735254947245, "lat": -32.78460966099459}, "geometry": {"type": "Point", "coordinates": [26.91735254947245, -32.78460966099459]}}, {"type": "Feature", "properties": {"id": 1237, "source": "new", "mapcode": "AT28", "vegtype": "Escarpment Mesic Thicket", "efg": "MesicThicket", "efg_id": 3, "cls2022": 1, "cls2022_name": "moderate", "cls2025": 2, "cls2025_name": "severe", "stratum": "AT28_moderate", "lon": 26.47314039512635, "lat": -32.74168502389913}, "geometry": {"type": "Point", "coordinates": [26.47314039512635, -32.74168502389913]}}, {"type": "Feature", "properties": {"id": 1238, "source": "new", "mapcode": "AT28", "vegtype": "Escarpment Mesic Thicket", "efg": "MesicThicket", "efg_id": 3, "cls2022": 1, "cls2022_name": "moderate", "cls2025": 2, "cls2025_name": "severe", "stratum": "AT28_moderate", "lon": 26.523879166703722, "lat": -32.7493401833623}, "geometry": {"type": "Point", "coordinates": [26.523879166703722, -32.7493401833623]}}, {"type": "Feature", "properties": {"id": 1239, "source": "new", "mapcode": "AT28", "vegtype": "Escarpment Mesic Thicket", "efg": "MesicThicket", "efg_id": 3, "cls2022": 1, "cls2022_name": "moderate", "cls2025": 1, "cls2025_name": "moderate", "stratum": "AT28_moderate", "lon": 26.758157866063478, "lat": -32.786786867808615}, "geometry": {"type": "Point", "coordinates": [26.758157866063478, -32.786786867808615]}}, {"type": "Feature", "properties": {"id": 1240, "source": "new", "mapcode": "AT28", "vegtype": "Escarpment Mesic Thicket", "efg": "MesicThicket", "efg_id": 3, "cls2022": 1, "cls2022_name": "moderate", "cls2025": -1, "cls2025_name": null, "stratum": "AT28_moderate", "lon": 26.74225607219285, "lat": -32.75945574019748}, "geometry": {"type": "Point", "coordinates": [26.74225607219285, -32.75945574019748]}}, {"type": "Feature", "properties": {"id": 1241, "source": "new", "mapcode": "AT28", "vegtype": "Escarpment Mesic Thicket", "efg": "MesicThicket", "efg_id": 3, "cls2022": 1, "cls2022_name": "moderate", "cls2025": 1, "cls2025_name": "moderate", "stratum": "AT28_moderate", "lon": 25.703284139176066, "lat": -32.67488901930553}, "geometry": {"type": "Point", "coordinates": [25.703284139176066, -32.67488901930553]}}, {"type": "Feature", "properties": {"id": 1242, "source": "new", "mapcode": "AT28", "vegtype": "Escarpment Mesic Thicket", "efg": "MesicThicket", "efg_id": 3, "cls2022": 1, "cls2022_name": "moderate", "cls2025": 2, "cls2025_name": "severe", "stratum": "AT28_moderate", "lon": 25.758708683416014, "lat": -32.67860933947502}, "geometry": {"type": "Point", "coordinates": [25.758708683416014, -32.67860933947502]}}, {"type": "Feature", "properties": {"id": 1243, "source": "new", "mapcode": "AT28", "vegtype": "Escarpment Mesic Thicket", "efg": "MesicThicket", "efg_id": 3, "cls2022": 1, "cls2022_name": "moderate", "cls2025": 1, "cls2025_name": "moderate", "stratum": "AT28_moderate", "lon": 26.777879997409553, "lat": -32.6232533123565}, "geometry": {"type": "Point", "coordinates": [26.777879997409553, -32.6232533123565]}}, {"type": "Feature", "properties": {"id": 1244, "source": "new", "mapcode": "AT28", "vegtype": "Escarpment Mesic Thicket", "efg": "MesicThicket", "efg_id": 3, "cls2022": 1, "cls2022_name": "moderate", "cls2025": 2, "cls2025_name": "severe", "stratum": "AT28_moderate", "lon": 26.59199562694372, "lat": -32.579934534113484}, "geometry": {"type": "Point", "coordinates": [26.59199562694372, -32.579934534113484]}}, {"type": "Feature", "properties": {"id": 1245, "source": "new", "mapcode": "AT28", "vegtype": "Escarpment Mesic Thicket", "efg": "MesicThicket", "efg_id": 3, "cls2022": 1, "cls2022_name": "moderate", "cls2025": 1, "cls2025_name": "moderate", "stratum": "AT28_moderate", "lon": 26.33964564338611, "lat": -32.62730465905832}, "geometry": {"type": "Point", "coordinates": [26.33964564338611, -32.62730465905832]}}, {"type": "Feature", "properties": {"id": 1246, "source": "new", "mapcode": "AT28", "vegtype": "Escarpment Mesic Thicket", "efg": "MesicThicket", "efg_id": 3, "cls2022": 2, "cls2022_name": "severe", "cls2025": 2, "cls2025_name": "severe", "stratum": "AT28_severe", "lon": 25.604598159766006, "lat": -32.61505808506862}, "geometry": {"type": "Point", "coordinates": [25.604598159766006, -32.61505808506862]}}, {"type": "Feature", "properties": {"id": 1247, "source": "new", "mapcode": "AT28", "vegtype": "Escarpment Mesic Thicket", "efg": "MesicThicket", "efg_id": 3, "cls2022": 2, "cls2022_name": "severe", "cls2025": 2, "cls2025_name": "severe", "stratum": "AT28_severe", "lon": 26.223290469278098, "lat": -32.49344364588818}, "geometry": {"type": "Point", "coordinates": [26.223290469278098, -32.49344364588818]}}, {"type": "Feature", "properties": {"id": 1248, "source": "new", "mapcode": "AT28", "vegtype": "Escarpment Mesic Thicket", "efg": "MesicThicket", "efg_id": 3, "cls2022": 2, "cls2022_name": "severe", "cls2025": 2, "cls2025_name": "severe", "stratum": "AT28_severe", "lon": 26.551304740317477, "lat": -32.694786789083594}, "geometry": {"type": "Point", "coordinates": [26.551304740317477, -32.694786789083594]}}, {"type": "Feature", "properties": {"id": 1249, "source": "new", "mapcode": "AT28", "vegtype": "Escarpment Mesic Thicket", "efg": "MesicThicket", "efg_id": 3, "cls2022": 2, "cls2022_name": "severe", "cls2025": 2, "cls2025_name": "severe", "stratum": "AT28_severe", "lon": 26.757471187270948, "lat": -32.54348585237901}, "geometry": {"type": "Point", "coordinates": [26.757471187270948, -32.54348585237901]}}, {"type": "Feature", "properties": {"id": 1250, "source": "new", "mapcode": "AT28", "vegtype": "Escarpment Mesic Thicket", "efg": "MesicThicket", "efg_id": 3, "cls2022": 2, "cls2022_name": "severe", "cls2025": 1, "cls2025_name": "moderate", "stratum": "AT28_severe", "lon": 26.228020829264576, "lat": -32.47610603535221}, "geometry": {"type": "Point", "coordinates": [26.228020829264576, -32.47610603535221]}}, {"type": "Feature", "properties": {"id": 1251, "source": "new", "mapcode": "AT28", "vegtype": "Escarpment Mesic Thicket", "efg": "MesicThicket", "efg_id": 3, "cls2022": 2, "cls2022_name": "severe", "cls2025": 2, "cls2025_name": "severe", "stratum": "AT28_severe", "lon": 26.92106550447048, "lat": -32.63599533228897}, "geometry": {"type": "Point", "coordinates": [26.92106550447048, -32.63599533228897]}}, {"type": "Feature", "properties": {"id": 1252, "source": "new", "mapcode": "AT28", "vegtype": "Escarpment Mesic Thicket", "efg": "MesicThicket", "efg_id": 3, "cls2022": 2, "cls2022_name": "severe", "cls2025": 2, "cls2025_name": "severe", "stratum": "AT28_severe", "lon": 26.195031364474524, "lat": -32.44520747028333}, "geometry": {"type": "Point", "coordinates": [26.195031364474524, -32.44520747028333]}}, {"type": "Feature", "properties": {"id": 1253, "source": "new", "mapcode": "AT28", "vegtype": "Escarpment Mesic Thicket", "efg": "MesicThicket", "efg_id": 3, "cls2022": 2, "cls2022_name": "severe", "cls2025": 2, "cls2025_name": "severe", "stratum": "AT28_severe", "lon": 26.59750755386506, "lat": -32.61619828391622}, "geometry": {"type": "Point", "coordinates": [26.59750755386506, -32.61619828391622]}}, {"type": "Feature", "properties": {"id": 1254, "source": "new", "mapcode": "AT28", "vegtype": "Escarpment Mesic Thicket", "efg": "MesicThicket", "efg_id": 3, "cls2022": 2, "cls2022_name": "severe", "cls2025": 2, "cls2025_name": "severe", "stratum": "AT28_severe", "lon": 26.570499393657535, "lat": -32.58269957787538}, "geometry": {"type": "Point", "coordinates": [26.570499393657535, -32.58269957787538]}}, {"type": "Feature", "properties": {"id": 1255, "source": "new", "mapcode": "AT28", "vegtype": "Escarpment Mesic Thicket", "efg": "MesicThicket", "efg_id": 3, "cls2022": 2, "cls2022_name": "severe", "cls2025": 2, "cls2025_name": "severe", "stratum": "AT28_severe", "lon": 26.235115135622518, "lat": -32.40333465068688}, "geometry": {"type": "Point", "coordinates": [26.235115135622518, -32.40333465068688]}}, {"type": "Feature", "properties": {"id": 1256, "source": "new", "mapcode": "AT28", "vegtype": "Escarpment Mesic Thicket", "efg": "MesicThicket", "efg_id": 3, "cls2022": 2, "cls2022_name": "severe", "cls2025": 2, "cls2025_name": "severe", "stratum": "AT28_severe", "lon": 26.95327564530357, "lat": -32.67169060657815}, "geometry": {"type": "Point", "coordinates": [26.95327564530357, -32.67169060657815]}}, {"type": "Feature", "properties": {"id": 1257, "source": "new", "mapcode": "AT28", "vegtype": "Escarpment Mesic Thicket", "efg": "MesicThicket", "efg_id": 3, "cls2022": 2, "cls2022_name": "severe", "cls2025": 2, "cls2025_name": "severe", "stratum": "AT28_severe", "lon": 26.786130439510384, "lat": -32.71827140357894}, "geometry": {"type": "Point", "coordinates": [26.786130439510384, -32.71827140357894]}}, {"type": "Feature", "properties": {"id": 1258, "source": "new", "mapcode": "AT28", "vegtype": "Escarpment Mesic Thicket", "efg": "MesicThicket", "efg_id": 3, "cls2022": 2, "cls2022_name": "severe", "cls2025": 2, "cls2025_name": "severe", "stratum": "AT28_severe", "lon": 26.238155733789437, "lat": -32.45483420979907}, "geometry": {"type": "Point", "coordinates": [26.238155733789437, -32.45483420979907]}}, {"type": "Feature", "properties": {"id": 1259, "source": "new", "mapcode": "AT28", "vegtype": "Escarpment Mesic Thicket", "efg": "MesicThicket", "efg_id": 3, "cls2022": 2, "cls2022_name": "severe", "cls2025": 2, "cls2025_name": "severe", "stratum": "AT28_severe", "lon": 26.252212091241176, "lat": -32.404654441920115}, "geometry": {"type": "Point", "coordinates": [26.252212091241176, -32.404654441920115]}}, {"type": "Feature", "properties": {"id": 1260, "source": "new", "mapcode": "AT28", "vegtype": "Escarpment Mesic Thicket", "efg": "MesicThicket", "efg_id": 3, "cls2022": 2, "cls2022_name": "severe", "cls2025": 2, "cls2025_name": "severe", "stratum": "AT28_severe", "lon": 26.7442994132411, "lat": -32.71557600039353}, "geometry": {"type": "Point", "coordinates": [26.7442994132411, -32.71557600039353]}}, {"type": "Feature", "properties": {"id": 1261, "source": "new", "mapcode": "AT28", "vegtype": "Escarpment Mesic Thicket", "efg": "MesicThicket", "efg_id": 3, "cls2022": 2, "cls2022_name": "severe", "cls2025": 2, "cls2025_name": "severe", "stratum": "AT28_severe", "lon": 26.755700366316145, "lat": -32.49185222351304}, "geometry": {"type": "Point", "coordinates": [26.755700366316145, -32.49185222351304]}}, {"type": "Feature", "properties": {"id": 1262, "source": "new", "mapcode": "AT28", "vegtype": "Escarpment Mesic Thicket", "efg": "MesicThicket", "efg_id": 3, "cls2022": 2, "cls2022_name": "severe", "cls2025": 2, "cls2025_name": "severe", "stratum": "AT28_severe", "lon": 26.24628564275406, "lat": -32.509736920081934}, "geometry": {"type": "Point", "coordinates": [26.24628564275406, -32.509736920081934]}}, {"type": "Feature", "properties": {"id": 1263, "source": "new", "mapcode": "AT28", "vegtype": "Escarpment Mesic Thicket", "efg": "MesicThicket", "efg_id": 3, "cls2022": 2, "cls2022_name": "severe", "cls2025": 2, "cls2025_name": "severe", "stratum": "AT28_severe", "lon": 26.927005070150244, "lat": -32.643864902030366}, "geometry": {"type": "Point", "coordinates": [26.927005070150244, -32.643864902030366]}}, {"type": "Feature", "properties": {"id": 1264, "source": "new", "mapcode": "AT28", "vegtype": "Escarpment Mesic Thicket", "efg": "MesicThicket", "efg_id": 3, "cls2022": 2, "cls2022_name": "severe", "cls2025": 2, "cls2025_name": "severe", "stratum": "AT28_severe", "lon": 25.58793576733032, "lat": -32.891629509230434}, "geometry": {"type": "Point", "coordinates": [25.58793576733032, -32.891629509230434]}}, {"type": "Feature", "properties": {"id": 1265, "source": "new", "mapcode": "AT28", "vegtype": "Escarpment Mesic Thicket", "efg": "MesicThicket", "efg_id": 3, "cls2022": 2, "cls2022_name": "severe", "cls2025": 2, "cls2025_name": "severe", "stratum": "AT28_severe", "lon": 26.745371910183586, "lat": -32.572752432498184}, "geometry": {"type": "Point", "coordinates": [26.745371910183586, -32.572752432498184]}}, {"type": "Feature", "properties": {"id": 1266, "source": "new", "mapcode": "AT28", "vegtype": "Escarpment Mesic Thicket", "efg": "MesicThicket", "efg_id": 3, "cls2022": 2, "cls2022_name": "severe", "cls2025": 2, "cls2025_name": "severe", "stratum": "AT28_severe", "lon": 26.262889132625798, "lat": -32.39911723980009}, "geometry": {"type": "Point", "coordinates": [26.262889132625798, -32.39911723980009]}}, {"type": "Feature", "properties": {"id": 1267, "source": "new", "mapcode": "AT28", "vegtype": "Escarpment Mesic Thicket", "efg": "MesicThicket", "efg_id": 3, "cls2022": 2, "cls2022_name": "severe", "cls2025": 2, "cls2025_name": "severe", "stratum": "AT28_severe", "lon": 26.551347985035473, "lat": -32.58445500113449}, "geometry": {"type": "Point", "coordinates": [26.551347985035473, -32.58445500113449]}}, {"type": "Feature", "properties": {"id": 1268, "source": "new", "mapcode": "AT28", "vegtype": "Escarpment Mesic Thicket", "efg": "MesicThicket", "efg_id": 3, "cls2022": 2, "cls2022_name": "severe", "cls2025": 2, "cls2025_name": "severe", "stratum": "AT28_severe", "lon": 26.247728499326108, "lat": -32.478514381956764}, "geometry": {"type": "Point", "coordinates": [26.247728499326108, -32.478514381956764]}}, {"type": "Feature", "properties": {"id": 1269, "source": "new", "mapcode": "AT28", "vegtype": "Escarpment Mesic Thicket", "efg": "MesicThicket", "efg_id": 3, "cls2022": 2, "cls2022_name": "severe", "cls2025": 2, "cls2025_name": "severe", "stratum": "AT28_severe", "lon": 26.553545911235606, "lat": -32.865636925145935}, "geometry": {"type": "Point", "coordinates": [26.553545911235606, -32.865636925145935]}}, {"type": "Feature", "properties": {"id": 1270, "source": "new", "mapcode": "AT28", "vegtype": "Escarpment Mesic Thicket", "efg": "MesicThicket", "efg_id": 3, "cls2022": 2, "cls2022_name": "severe", "cls2025": 2, "cls2025_name": "severe", "stratum": "AT28_severe", "lon": 26.561488480756175, "lat": -32.59084213087332}, "geometry": {"type": "Point", "coordinates": [26.561488480756175, -32.59084213087332]}}, {"type": "Feature", "properties": {"id": 1271, "source": "new", "mapcode": "AT28", "vegtype": "Escarpment Mesic Thicket", "efg": "MesicThicket", "efg_id": 3, "cls2022": 2, "cls2022_name": "severe", "cls2025": 2, "cls2025_name": "severe", "stratum": "AT28_severe", "lon": 26.738868807733198, "lat": -32.52502503137518}, "geometry": {"type": "Point", "coordinates": [26.738868807733198, -32.52502503137518]}}, {"type": "Feature", "properties": {"id": 1272, "source": "new", "mapcode": "AT28", "vegtype": "Escarpment Mesic Thicket", "efg": "MesicThicket", "efg_id": 3, "cls2022": 2, "cls2022_name": "severe", "cls2025": 2, "cls2025_name": "severe", "stratum": "AT28_severe", "lon": 26.752719184455035, "lat": -32.715460269223}, "geometry": {"type": "Point", "coordinates": [26.752719184455035, -32.715460269223]}}, {"type": "Feature", "properties": {"id": 1273, "source": "new", "mapcode": "AT28", "vegtype": "Escarpment Mesic Thicket", "efg": "MesicThicket", "efg_id": 3, "cls2022": 2, "cls2022_name": "severe", "cls2025": 2, "cls2025_name": "severe", "stratum": "AT28_severe", "lon": 26.729567245528692, "lat": -32.73174077210106}, "geometry": {"type": "Point", "coordinates": [26.729567245528692, -32.73174077210106]}}, {"type": "Feature", "properties": {"id": 1274, "source": "new", "mapcode": "AT28", "vegtype": "Escarpment Mesic Thicket", "efg": "MesicThicket", "efg_id": 3, "cls2022": 2, "cls2022_name": "severe", "cls2025": 2, "cls2025_name": "severe", "stratum": "AT28_severe", "lon": 26.736215414016616, "lat": -32.50064853267888}, "geometry": {"type": "Point", "coordinates": [26.736215414016616, -32.50064853267888]}}, {"type": "Feature", "properties": {"id": 1275, "source": "new", "mapcode": "AT28", "vegtype": "Escarpment Mesic Thicket", "efg": "MesicThicket", "efg_id": 3, "cls2022": 2, "cls2022_name": "severe", "cls2025": 2, "cls2025_name": "severe", "stratum": "AT28_severe", "lon": 25.52578490370884, "lat": -32.88130928302733}, "geometry": {"type": "Point", "coordinates": [25.52578490370884, -32.88130928302733]}}, {"type": "Feature", "properties": {"id": 1276, "source": "new", "mapcode": "AT28", "vegtype": "Escarpment Mesic Thicket", "efg": "MesicThicket", "efg_id": 3, "cls2022": 2, "cls2022_name": "severe", "cls2025": 2, "cls2025_name": "severe", "stratum": "AT28_severe", "lon": 26.555720373119605, "lat": -32.697452898849235}, "geometry": {"type": "Point", "coordinates": [26.555720373119605, -32.697452898849235]}}, {"type": "Feature", "properties": {"id": 1277, "source": "new", "mapcode": "AT28", "vegtype": "Escarpment Mesic Thicket", "efg": "MesicThicket", "efg_id": 3, "cls2022": 2, "cls2022_name": "severe", "cls2025": 2, "cls2025_name": "severe", "stratum": "AT28_severe", "lon": 26.470842213825737, "lat": -32.746084485480026}, "geometry": {"type": "Point", "coordinates": [26.470842213825737, -32.746084485480026]}}, {"type": "Feature", "properties": {"id": 1278, "source": "new", "mapcode": "AT28", "vegtype": "Escarpment Mesic Thicket", "efg": "MesicThicket", "efg_id": 3, "cls2022": 2, "cls2022_name": "severe", "cls2025": 2, "cls2025_name": "severe", "stratum": "AT28_severe", "lon": 26.769188409535946, "lat": -32.721319860078744}, "geometry": {"type": "Point", "coordinates": [26.769188409535946, -32.721319860078744]}}, {"type": "Feature", "properties": {"id": 1279, "source": "new", "mapcode": "AT28", "vegtype": "Escarpment Mesic Thicket", "efg": "MesicThicket", "efg_id": 3, "cls2022": 2, "cls2022_name": "severe", "cls2025": 2, "cls2025_name": "severe", "stratum": "AT28_severe", "lon": 25.362763173375285, "lat": -32.6336470320801}, "geometry": {"type": "Point", "coordinates": [25.362763173375285, -32.6336470320801]}}, {"type": "Feature", "properties": {"id": 1280, "source": "new", "mapcode": "AT28", "vegtype": "Escarpment Mesic Thicket", "efg": "MesicThicket", "efg_id": 3, "cls2022": 2, "cls2022_name": "severe", "cls2025": 2, "cls2025_name": "severe", "stratum": "AT28_severe", "lon": 26.26293623790005, "lat": -32.48125661449499}, "geometry": {"type": "Point", "coordinates": [26.26293623790005, -32.48125661449499]}}, {"type": "Feature", "properties": {"id": 1281, "source": "new", "mapcode": "AT28", "vegtype": "Escarpment Mesic Thicket", "efg": "MesicThicket", "efg_id": 3, "cls2022": 2, "cls2022_name": "severe", "cls2025": 2, "cls2025_name": "severe", "stratum": "AT28_severe", "lon": 26.265071437323964, "lat": -32.47714993480511}, "geometry": {"type": "Point", "coordinates": [26.265071437323964, -32.47714993480511]}}, {"type": "Feature", "properties": {"id": 1282, "source": "new", "mapcode": "AT28", "vegtype": "Escarpment Mesic Thicket", "efg": "MesicThicket", "efg_id": 3, "cls2022": 2, "cls2022_name": "severe", "cls2025": 2, "cls2025_name": "severe", "stratum": "AT28_severe", "lon": 26.6508987234934, "lat": -32.718706735568176}, "geometry": {"type": "Point", "coordinates": [26.6508987234934, -32.718706735568176]}}, {"type": "Feature", "properties": {"id": 1283, "source": "new", "mapcode": "AT28", "vegtype": "Escarpment Mesic Thicket", "efg": "MesicThicket", "efg_id": 3, "cls2022": 2, "cls2022_name": "severe", "cls2025": 2, "cls2025_name": "severe", "stratum": "AT28_severe", "lon": 26.824377640405192, "lat": -32.62600811523642}, "geometry": {"type": "Point", "coordinates": [26.824377640405192, -32.62600811523642]}}, {"type": "Feature", "properties": {"id": 1284, "source": "new", "mapcode": "AT28", "vegtype": "Escarpment Mesic Thicket", "efg": "MesicThicket", "efg_id": 3, "cls2022": 2, "cls2022_name": "severe", "cls2025": 2, "cls2025_name": "severe", "stratum": "AT28_severe", "lon": 26.739802269861073, "lat": -32.515173661289396}, "geometry": {"type": "Point", "coordinates": [26.739802269861073, -32.515173661289396]}}, {"type": "Feature", "properties": {"id": 1285, "source": "new", "mapcode": "AT28", "vegtype": "Escarpment Mesic Thicket", "efg": "MesicThicket", "efg_id": 3, "cls2022": 2, "cls2022_name": "severe", "cls2025": 2, "cls2025_name": "severe", "stratum": "AT28_severe", "lon": 25.43629623728417, "lat": -32.850462347089184}, "geometry": {"type": "Point", "coordinates": [25.43629623728417, -32.850462347089184]}}, {"type": "Feature", "properties": {"id": 1286, "source": "new", "mapcode": "AT28", "vegtype": "Escarpment Mesic Thicket", "efg": "MesicThicket", "efg_id": 3, "cls2022": 2, "cls2022_name": "severe", "cls2025": 2, "cls2025_name": "severe", "stratum": "AT28_severe", "lon": 26.24330212515174, "lat": -32.505766374060265}, "geometry": {"type": "Point", "coordinates": [26.24330212515174, -32.505766374060265]}}, {"type": "Feature", "properties": {"id": 1287, "source": "new", "mapcode": "AT28", "vegtype": "Escarpment Mesic Thicket", "efg": "MesicThicket", "efg_id": 3, "cls2022": 2, "cls2022_name": "severe", "cls2025": 2, "cls2025_name": "severe", "stratum": "AT28_severe", "lon": 26.18620782195226, "lat": -32.45557028336982}, "geometry": {"type": "Point", "coordinates": [26.18620782195226, -32.45557028336982]}}, {"type": "Feature", "properties": {"id": 1288, "source": "new", "mapcode": "AT28", "vegtype": "Escarpment Mesic Thicket", "efg": "MesicThicket", "efg_id": 3, "cls2022": 2, "cls2022_name": "severe", "cls2025": 2, "cls2025_name": "severe", "stratum": "AT28_severe", "lon": 26.632426626008783, "lat": -32.717618378666614}, "geometry": {"type": "Point", "coordinates": [26.632426626008783, -32.717618378666614]}}, {"type": "Feature", "properties": {"id": 1289, "source": "new", "mapcode": "AT28", "vegtype": "Escarpment Mesic Thicket", "efg": "MesicThicket", "efg_id": 3, "cls2022": 2, "cls2022_name": "severe", "cls2025": 2, "cls2025_name": "severe", "stratum": "AT28_severe", "lon": 26.577922020752165, "lat": -32.69820967618111}, "geometry": {"type": "Point", "coordinates": [26.577922020752165, -32.69820967618111]}}, {"type": "Feature", "properties": {"id": 1290, "source": "new", "mapcode": "AT28", "vegtype": "Escarpment Mesic Thicket", "efg": "MesicThicket", "efg_id": 3, "cls2022": 2, "cls2022_name": "severe", "cls2025": 2, "cls2025_name": "severe", "stratum": "AT28_severe", "lon": 26.946090683156676, "lat": -32.74933278559169}, "geometry": {"type": "Point", "coordinates": [26.946090683156676, -32.74933278559169]}}, {"type": "Feature", "properties": {"id": 1291, "source": "new", "mapcode": "AT28", "vegtype": "Escarpment Mesic Thicket", "efg": "MesicThicket", "efg_id": 3, "cls2022": 2, "cls2022_name": "severe", "cls2025": 2, "cls2025_name": "severe", "stratum": "AT28_severe", "lon": 26.907949447577103, "lat": -32.61743334282948}, "geometry": {"type": "Point", "coordinates": [26.907949447577103, -32.61743334282948]}}, {"type": "Feature", "properties": {"id": 1292, "source": "new", "mapcode": "AT28", "vegtype": "Escarpment Mesic Thicket", "efg": "MesicThicket", "efg_id": 3, "cls2022": 2, "cls2022_name": "severe", "cls2025": 2, "cls2025_name": "severe", "stratum": "AT28_severe", "lon": 26.220106653237817, "lat": -32.47595665534659}, "geometry": {"type": "Point", "coordinates": [26.220106653237817, -32.47595665534659]}}, {"type": "Feature", "properties": {"id": 1293, "source": "new", "mapcode": "AT28", "vegtype": "Escarpment Mesic Thicket", "efg": "MesicThicket", "efg_id": 3, "cls2022": 2, "cls2022_name": "severe", "cls2025": 2, "cls2025_name": "severe", "stratum": "AT28_severe", "lon": 26.758152658684953, "lat": -32.72218724318542}, "geometry": {"type": "Point", "coordinates": [26.758152658684953, -32.72218724318542]}}, {"type": "Feature", "properties": {"id": 1294, "source": "new", "mapcode": "AT28", "vegtype": "Escarpment Mesic Thicket", "efg": "MesicThicket", "efg_id": 3, "cls2022": 2, "cls2022_name": "severe", "cls2025": 2, "cls2025_name": "severe", "stratum": "AT28_severe", "lon": 26.564876674230053, "lat": -32.701270199208885}, "geometry": {"type": "Point", "coordinates": [26.564876674230053, -32.701270199208885]}}, {"type": "Feature", "properties": {"id": 1295, "source": "new", "mapcode": "AT28", "vegtype": "Escarpment Mesic Thicket", "efg": "MesicThicket", "efg_id": 3, "cls2022": 2, "cls2022_name": "severe", "cls2025": 2, "cls2025_name": "severe", "stratum": "AT28_severe", "lon": 26.236049345087086, "lat": -32.42904170723472}, "geometry": {"type": "Point", "coordinates": [26.236049345087086, -32.42904170723472]}}, {"type": "Feature", "properties": {"id": 1296, "source": "new", "mapcode": "AT28", "vegtype": "Escarpment Mesic Thicket", "efg": "MesicThicket", "efg_id": 3, "cls2022": 2, "cls2022_name": "severe", "cls2025": 2, "cls2025_name": "severe", "stratum": "AT28_severe", "lon": 26.82175959742325, "lat": -32.62819749709006}, "geometry": {"type": "Point", "coordinates": [26.82175959742325, -32.62819749709006]}}, {"type": "Feature", "properties": {"id": 1297, "source": "new", "mapcode": "AT28", "vegtype": "Escarpment Mesic Thicket", "efg": "MesicThicket", "efg_id": 3, "cls2022": 2, "cls2022_name": "severe", "cls2025": 2, "cls2025_name": "severe", "stratum": "AT28_severe", "lon": 26.594326731750325, "lat": -32.578853947723594}, "geometry": {"type": "Point", "coordinates": [26.594326731750325, -32.578853947723594]}}, {"type": "Feature", "properties": {"id": 1298, "source": "new", "mapcode": "AT28", "vegtype": "Escarpment Mesic Thicket", "efg": "MesicThicket", "efg_id": 3, "cls2022": 2, "cls2022_name": "severe", "cls2025": 2, "cls2025_name": "severe", "stratum": "AT28_severe", "lon": 25.749050382750955, "lat": -32.73051994163867}, "geometry": {"type": "Point", "coordinates": [25.749050382750955, -32.73051994163867]}}, {"type": "Feature", "properties": {"id": 1299, "source": "new", "mapcode": "AT28", "vegtype": "Escarpment Mesic Thicket", "efg": "MesicThicket", "efg_id": 3, "cls2022": 2, "cls2022_name": "severe", "cls2025": 2, "cls2025_name": "severe", "stratum": "AT28_severe", "lon": 26.953210682567878, "lat": -32.749820474013305}, "geometry": {"type": "Point", "coordinates": [26.953210682567878, -32.749820474013305]}}, {"type": "Feature", "properties": {"id": 1300, "source": "new", "mapcode": "AT29", "vegtype": "Escarpment Valley Thicket", "efg": "ValleyThicket", "efg_id": 2, "cls2022": 0, "cls2022_name": "intact", "cls2025": 0, "cls2025_name": "intact", "stratum": "AT29_intact", "lon": 24.940710943792837, "lat": -32.39853759238633}, "geometry": {"type": "Point", "coordinates": [24.940710943792837, -32.39853759238633]}}, {"type": "Feature", "properties": {"id": 1301, "source": "new", "mapcode": "AT29", "vegtype": "Escarpment Valley Thicket", "efg": "ValleyThicket", "efg_id": 2, "cls2022": 0, "cls2022_name": "intact", "cls2025": 0, "cls2025_name": "intact", "stratum": "AT29_intact", "lon": 25.18403773629228, "lat": -32.431319634575615}, "geometry": {"type": "Point", "coordinates": [25.18403773629228, -32.431319634575615]}}, {"type": "Feature", "properties": {"id": 1302, "source": "new", "mapcode": "AT29", "vegtype": "Escarpment Valley Thicket", "efg": "ValleyThicket", "efg_id": 2, "cls2022": 0, "cls2022_name": "intact", "cls2025": 1, "cls2025_name": "moderate", "stratum": "AT29_intact", "lon": 25.176353474607975, "lat": -32.46790943852138}, "geometry": {"type": "Point", "coordinates": [25.176353474607975, -32.46790943852138]}}, {"type": "Feature", "properties": {"id": 1303, "source": "new", "mapcode": "AT29", "vegtype": "Escarpment Valley Thicket", "efg": "ValleyThicket", "efg_id": 2, "cls2022": 1, "cls2022_name": "moderate", "cls2025": 2, "cls2025_name": "severe", "stratum": "AT29_moderate", "lon": 24.933830042908674, "lat": -32.41303927122643}, "geometry": {"type": "Point", "coordinates": [24.933830042908674, -32.41303927122643]}}, {"type": "Feature", "properties": {"id": 1304, "source": "new", "mapcode": "AT29", "vegtype": "Escarpment Valley Thicket", "efg": "ValleyThicket", "efg_id": 2, "cls2022": 1, "cls2022_name": "moderate", "cls2025": 1, "cls2025_name": "moderate", "stratum": "AT29_moderate", "lon": 25.225738935134125, "lat": -32.4907114636106}, "geometry": {"type": "Point", "coordinates": [25.225738935134125, -32.4907114636106]}}, {"type": "Feature", "properties": {"id": 1305, "source": "new", "mapcode": "AT29", "vegtype": "Escarpment Valley Thicket", "efg": "ValleyThicket", "efg_id": 2, "cls2022": 1, "cls2022_name": "moderate", "cls2025": 1, "cls2025_name": "moderate", "stratum": "AT29_moderate", "lon": 25.017211783411994, "lat": -32.27897950228638}, "geometry": {"type": "Point", "coordinates": [25.017211783411994, -32.27897950228638]}}, {"type": "Feature", "properties": {"id": 1306, "source": "new", "mapcode": "AT29", "vegtype": "Escarpment Valley Thicket", "efg": "ValleyThicket", "efg_id": 2, "cls2022": 1, "cls2022_name": "moderate", "cls2025": 1, "cls2025_name": "moderate", "stratum": "AT29_moderate", "lon": 25.02813253488459, "lat": -32.32363651162773}, "geometry": {"type": "Point", "coordinates": [25.02813253488459, -32.32363651162773]}}, {"type": "Feature", "properties": {"id": 1307, "source": "new", "mapcode": "AT29", "vegtype": "Escarpment Valley Thicket", "efg": "ValleyThicket", "efg_id": 2, "cls2022": 1, "cls2022_name": "moderate", "cls2025": 1, "cls2025_name": "moderate", "stratum": "AT29_moderate", "lon": 24.913208871892394, "lat": -32.33208125923068}, "geometry": {"type": "Point", "coordinates": [24.913208871892394, -32.33208125923068]}}, {"type": "Feature", "properties": {"id": 1308, "source": "new", "mapcode": "AT29", "vegtype": "Escarpment Valley Thicket", "efg": "ValleyThicket", "efg_id": 2, "cls2022": 1, "cls2022_name": "moderate", "cls2025": 1, "cls2025_name": "moderate", "stratum": "AT29_moderate", "lon": 25.076704498782654, "lat": -32.44068323482078}, "geometry": {"type": "Point", "coordinates": [25.076704498782654, -32.44068323482078]}}, {"type": "Feature", "properties": {"id": 1309, "source": "new", "mapcode": "AT29", "vegtype": "Escarpment Valley Thicket", "efg": "ValleyThicket", "efg_id": 2, "cls2022": 1, "cls2022_name": "moderate", "cls2025": 1, "cls2025_name": "moderate", "stratum": "AT29_moderate", "lon": 25.077509575903264, "lat": -32.39513893312014}, "geometry": {"type": "Point", "coordinates": [25.077509575903264, -32.39513893312014]}}, {"type": "Feature", "properties": {"id": 1310, "source": "new", "mapcode": "AT29", "vegtype": "Escarpment Valley Thicket", "efg": "ValleyThicket", "efg_id": 2, "cls2022": 1, "cls2022_name": "moderate", "cls2025": 1, "cls2025_name": "moderate", "stratum": "AT29_moderate", "lon": 24.712973269000003, "lat": -32.41624143069005}, "geometry": {"type": "Point", "coordinates": [24.712973269000003, -32.41624143069005]}}, {"type": "Feature", "properties": {"id": 1311, "source": "new", "mapcode": "AT29", "vegtype": "Escarpment Valley Thicket", "efg": "ValleyThicket", "efg_id": 2, "cls2022": 1, "cls2022_name": "moderate", "cls2025": 1, "cls2025_name": "moderate", "stratum": "AT29_moderate", "lon": 24.954992513660088, "lat": -32.276556757357014}, "geometry": {"type": "Point", "coordinates": [24.954992513660088, -32.276556757357014]}}, {"type": "Feature", "properties": {"id": 1312, "source": "new", "mapcode": "AT29", "vegtype": "Escarpment Valley Thicket", "efg": "ValleyThicket", "efg_id": 2, "cls2022": 2, "cls2022_name": "severe", "cls2025": 2, "cls2025_name": "severe", "stratum": "AT29_severe", "lon": 24.87471445677086, "lat": -32.41721777073511}, "geometry": {"type": "Point", "coordinates": [24.87471445677086, -32.41721777073511]}}, {"type": "Feature", "properties": {"id": 1313, "source": "new", "mapcode": "AT29", "vegtype": "Escarpment Valley Thicket", "efg": "ValleyThicket", "efg_id": 2, "cls2022": 2, "cls2022_name": "severe", "cls2025": 2, "cls2025_name": "severe", "stratum": "AT29_severe", "lon": 25.094328963850995, "lat": -32.488759925603546}, "geometry": {"type": "Point", "coordinates": [25.094328963850995, -32.488759925603546]}}, {"type": "Feature", "properties": {"id": 1314, "source": "new", "mapcode": "AT29", "vegtype": "Escarpment Valley Thicket", "efg": "ValleyThicket", "efg_id": 2, "cls2022": 2, "cls2022_name": "severe", "cls2025": 2, "cls2025_name": "severe", "stratum": "AT29_severe", "lon": 24.79413845013141, "lat": -32.39081340053646}, "geometry": {"type": "Point", "coordinates": [24.79413845013141, -32.39081340053646]}}, {"type": "Feature", "properties": {"id": 1315, "source": "new", "mapcode": "AT29", "vegtype": "Escarpment Valley Thicket", "efg": "ValleyThicket", "efg_id": 2, "cls2022": 2, "cls2022_name": "severe", "cls2025": 2, "cls2025_name": "severe", "stratum": "AT29_severe", "lon": 24.661810379075458, "lat": -32.42018687542169}, "geometry": {"type": "Point", "coordinates": [24.661810379075458, -32.42018687542169]}}, {"type": "Feature", "properties": {"id": 1316, "source": "new", "mapcode": "AT29", "vegtype": "Escarpment Valley Thicket", "efg": "ValleyThicket", "efg_id": 2, "cls2022": 2, "cls2022_name": "severe", "cls2025": 2, "cls2025_name": "severe", "stratum": "AT29_severe", "lon": 25.14612661064724, "lat": -32.51642204530488}, "geometry": {"type": "Point", "coordinates": [25.14612661064724, -32.51642204530488]}}, {"type": "Feature", "properties": {"id": 1317, "source": "new", "mapcode": "AT29", "vegtype": "Escarpment Valley Thicket", "efg": "ValleyThicket", "efg_id": 2, "cls2022": 2, "cls2022_name": "severe", "cls2025": 2, "cls2025_name": "severe", "stratum": "AT29_severe", "lon": 24.979436010591847, "lat": -32.31911499546143}, "geometry": {"type": "Point", "coordinates": [24.979436010591847, -32.31911499546143]}}, {"type": "Feature", "properties": {"id": 1318, "source": "new", "mapcode": "AT29", "vegtype": "Escarpment Valley Thicket", "efg": "ValleyThicket", "efg_id": 2, "cls2022": 2, "cls2022_name": "severe", "cls2025": 2, "cls2025_name": "severe", "stratum": "AT29_severe", "lon": 24.94267638850371, "lat": -32.29311209467467}, "geometry": {"type": "Point", "coordinates": [24.94267638850371, -32.29311209467467]}}, {"type": "Feature", "properties": {"id": 1319, "source": "new", "mapcode": "AT29", "vegtype": "Escarpment Valley Thicket", "efg": "ValleyThicket", "efg_id": 2, "cls2022": 2, "cls2022_name": "severe", "cls2025": 2, "cls2025_name": "severe", "stratum": "AT29_severe", "lon": 24.733110230762193, "lat": -32.47197353934357}, "geometry": {"type": "Point", "coordinates": [24.733110230762193, -32.47197353934357]}}, {"type": "Feature", "properties": {"id": 1320, "source": "new", "mapcode": "AT29", "vegtype": "Escarpment Valley Thicket", "efg": "ValleyThicket", "efg_id": 2, "cls2022": 2, "cls2022_name": "severe", "cls2025": 2, "cls2025_name": "severe", "stratum": "AT29_severe", "lon": 24.564781590555754, "lat": -32.29862741384361}, "geometry": {"type": "Point", "coordinates": [24.564781590555754, -32.29862741384361]}}, {"type": "Feature", "properties": {"id": 1321, "source": "new", "mapcode": "AT29", "vegtype": "Escarpment Valley Thicket", "efg": "ValleyThicket", "efg_id": 2, "cls2022": 2, "cls2022_name": "severe", "cls2025": 2, "cls2025_name": "severe", "stratum": "AT29_severe", "lon": 24.638474624691142, "lat": -32.365679634550396}, "geometry": {"type": "Point", "coordinates": [24.638474624691142, -32.365679634550396]}}, {"type": "Feature", "properties": {"id": 1322, "source": "new", "mapcode": "AT29", "vegtype": "Escarpment Valley Thicket", "efg": "ValleyThicket", "efg_id": 2, "cls2022": 2, "cls2022_name": "severe", "cls2025": 2, "cls2025_name": "severe", "stratum": "AT29_severe", "lon": 24.937896591620916, "lat": -32.42212386810969}, "geometry": {"type": "Point", "coordinates": [24.937896591620916, -32.42212386810969]}}, {"type": "Feature", "properties": {"id": 1323, "source": "new", "mapcode": "AT29", "vegtype": "Escarpment Valley Thicket", "efg": "ValleyThicket", "efg_id": 2, "cls2022": 2, "cls2022_name": "severe", "cls2025": 2, "cls2025_name": "severe", "stratum": "AT29_severe", "lon": 25.085668715476857, "lat": -32.51569406606609}, "geometry": {"type": "Point", "coordinates": [25.085668715476857, -32.51569406606609]}}, {"type": "Feature", "properties": {"id": 1324, "source": "new", "mapcode": "AT29", "vegtype": "Escarpment Valley Thicket", "efg": "ValleyThicket", "efg_id": 2, "cls2022": 2, "cls2022_name": "severe", "cls2025": 2, "cls2025_name": "severe", "stratum": "AT29_severe", "lon": 25.071479237374046, "lat": -32.512687592606405}, "geometry": {"type": "Point", "coordinates": [25.071479237374046, -32.512687592606405]}}, {"type": "Feature", "properties": {"id": 1325, "source": "new", "mapcode": "AT29", "vegtype": "Escarpment Valley Thicket", "efg": "ValleyThicket", "efg_id": 2, "cls2022": 2, "cls2022_name": "severe", "cls2025": 2, "cls2025_name": "severe", "stratum": "AT29_severe", "lon": 24.77651681608745, "lat": -32.38906797163523}, "geometry": {"type": "Point", "coordinates": [24.77651681608745, -32.38906797163523]}}, {"type": "Feature", "properties": {"id": 1326, "source": "new", "mapcode": "AT29", "vegtype": "Escarpment Valley Thicket", "efg": "ValleyThicket", "efg_id": 2, "cls2022": 2, "cls2022_name": "severe", "cls2025": 2, "cls2025_name": "severe", "stratum": "AT29_severe", "lon": 24.739896555874413, "lat": -32.45477347856834}, "geometry": {"type": "Point", "coordinates": [24.739896555874413, -32.45477347856834]}}, {"type": "Feature", "properties": {"id": 1327, "source": "new", "mapcode": "AT29", "vegtype": "Escarpment Valley Thicket", "efg": "ValleyThicket", "efg_id": 2, "cls2022": 2, "cls2022_name": "severe", "cls2025": 2, "cls2025_name": "severe", "stratum": "AT29_severe", "lon": 25.028743685181997, "lat": -32.51191360336193}, "geometry": {"type": "Point", "coordinates": [25.028743685181997, -32.51191360336193]}}, {"type": "Feature", "properties": {"id": 1328, "source": "new", "mapcode": "AT29", "vegtype": "Escarpment Valley Thicket", "efg": "ValleyThicket", "efg_id": 2, "cls2022": 2, "cls2022_name": "severe", "cls2025": 2, "cls2025_name": "severe", "stratum": "AT29_severe", "lon": 24.704795198175336, "lat": -32.46562030923732}, "geometry": {"type": "Point", "coordinates": [24.704795198175336, -32.46562030923732]}}, {"type": "Feature", "properties": {"id": 1329, "source": "new", "mapcode": "AT29", "vegtype": "Escarpment Valley Thicket", "efg": "ValleyThicket", "efg_id": 2, "cls2022": 2, "cls2022_name": "severe", "cls2025": 2, "cls2025_name": "severe", "stratum": "AT29_severe", "lon": 24.87212197633456, "lat": -32.46468588770677}, "geometry": {"type": "Point", "coordinates": [24.87212197633456, -32.46468588770677]}}, {"type": "Feature", "properties": {"id": 1330, "source": "new", "mapcode": "AT29", "vegtype": "Escarpment Valley Thicket", "efg": "ValleyThicket", "efg_id": 2, "cls2022": 2, "cls2022_name": "severe", "cls2025": 2, "cls2025_name": "severe", "stratum": "AT29_severe", "lon": 24.915400466462494, "lat": -32.480299259294775}, "geometry": {"type": "Point", "coordinates": [24.915400466462494, -32.480299259294775]}}, {"type": "Feature", "properties": {"id": 1331, "source": "new", "mapcode": "AT29", "vegtype": "Escarpment Valley Thicket", "efg": "ValleyThicket", "efg_id": 2, "cls2022": 2, "cls2022_name": "severe", "cls2025": 1, "cls2025_name": "moderate", "stratum": "AT29_severe", "lon": 25.08263496544902, "lat": -32.437046176475725}, "geometry": {"type": "Point", "coordinates": [25.08263496544902, -32.437046176475725]}}, {"type": "Feature", "properties": {"id": 1332, "source": "new", "mapcode": "AT29", "vegtype": "Escarpment Valley Thicket", "efg": "ValleyThicket", "efg_id": 2, "cls2022": 2, "cls2022_name": "severe", "cls2025": 2, "cls2025_name": "severe", "stratum": "AT29_severe", "lon": 25.217088000082498, "lat": -32.637168853567175}, "geometry": {"type": "Point", "coordinates": [25.217088000082498, -32.637168853567175]}}, {"type": "Feature", "properties": {"id": 1333, "source": "new", "mapcode": "AT29", "vegtype": "Escarpment Valley Thicket", "efg": "ValleyThicket", "efg_id": 2, "cls2022": 2, "cls2022_name": "severe", "cls2025": 2, "cls2025_name": "severe", "stratum": "AT29_severe", "lon": 24.66422657047068, "lat": -32.357730687662716}, "geometry": {"type": "Point", "coordinates": [24.66422657047068, -32.357730687662716]}}, {"type": "Feature", "properties": {"id": 1334, "source": "new", "mapcode": "AT29", "vegtype": "Escarpment Valley Thicket", "efg": "ValleyThicket", "efg_id": 2, "cls2022": 2, "cls2022_name": "severe", "cls2025": 2, "cls2025_name": "severe", "stratum": "AT29_severe", "lon": 24.689851746316506, "lat": -32.45988655926906}, "geometry": {"type": "Point", "coordinates": [24.689851746316506, -32.45988655926906]}}, {"type": "Feature", "properties": {"id": 1335, "source": "new", "mapcode": "AT29", "vegtype": "Escarpment Valley Thicket", "efg": "ValleyThicket", "efg_id": 2, "cls2022": 2, "cls2022_name": "severe", "cls2025": 2, "cls2025_name": "severe", "stratum": "AT29_severe", "lon": 24.913316403786197, "lat": -32.44269802301764}, "geometry": {"type": "Point", "coordinates": [24.913316403786197, -32.44269802301764]}}, {"type": "Feature", "properties": {"id": 1336, "source": "new", "mapcode": "AT29", "vegtype": "Escarpment Valley Thicket", "efg": "ValleyThicket", "efg_id": 2, "cls2022": 2, "cls2022_name": "severe", "cls2025": 2, "cls2025_name": "severe", "stratum": "AT29_severe", "lon": 24.960497017752584, "lat": -32.41846722864497}, "geometry": {"type": "Point", "coordinates": [24.960497017752584, -32.41846722864497]}}, {"type": "Feature", "properties": {"id": 1337, "source": "new", "mapcode": "AT30", "vegtype": "Fish Arid Thicket", "efg": "AridThicket", "efg_id": 1, "cls2022": 0, "cls2022_name": "intact", "cls2025": 0, "cls2025_name": "intact", "stratum": "AT30_intact", "lon": 26.708379406015077, "lat": -33.19020169285633}, "geometry": {"type": "Point", "coordinates": [26.708379406015077, -33.19020169285633]}}, {"type": "Feature", "properties": {"id": 1338, "source": "new", "mapcode": "AT30", "vegtype": "Fish Arid Thicket", "efg": "AridThicket", "efg_id": 1, "cls2022": 0, "cls2022_name": "intact", "cls2025": 1, "cls2025_name": "moderate", "stratum": "AT30_intact", "lon": 26.483292632444808, "lat": -33.167820747611884}, "geometry": {"type": "Point", "coordinates": [26.483292632444808, -33.167820747611884]}}, {"type": "Feature", "properties": {"id": 1339, "source": "new", "mapcode": "AT30", "vegtype": "Fish Arid Thicket", "efg": "AridThicket", "efg_id": 1, "cls2022": 0, "cls2022_name": "intact", "cls2025": 0, "cls2025_name": "intact", "stratum": "AT30_intact", "lon": 26.927200920460898, "lat": -33.1943569498385}, "geometry": {"type": "Point", "coordinates": [26.927200920460898, -33.1943569498385]}}, {"type": "Feature", "properties": {"id": 1340, "source": "new", "mapcode": "AT30", "vegtype": "Fish Arid Thicket", "efg": "AridThicket", "efg_id": 1, "cls2022": 0, "cls2022_name": "intact", "cls2025": 0, "cls2025_name": "intact", "stratum": "AT30_intact", "lon": 26.645923737046058, "lat": -33.10985795193653}, "geometry": {"type": "Point", "coordinates": [26.645923737046058, -33.10985795193653]}}, {"type": "Feature", "properties": {"id": 1341, "source": "new", "mapcode": "AT30", "vegtype": "Fish Arid Thicket", "efg": "AridThicket", "efg_id": 1, "cls2022": 0, "cls2022_name": "intact", "cls2025": 0, "cls2025_name": "intact", "stratum": "AT30_intact", "lon": 26.81270500337054, "lat": -33.21817060949181}, "geometry": {"type": "Point", "coordinates": [26.81270500337054, -33.21817060949181]}}, {"type": "Feature", "properties": {"id": 1342, "source": "new", "mapcode": "AT30", "vegtype": "Fish Arid Thicket", "efg": "AridThicket", "efg_id": 1, "cls2022": 0, "cls2022_name": "intact", "cls2025": 0, "cls2025_name": "intact", "stratum": "AT30_intact", "lon": 26.742785795702922, "lat": -33.237253805186114}, "geometry": {"type": "Point", "coordinates": [26.742785795702922, -33.237253805186114]}}, {"type": "Feature", "properties": {"id": 1343, "source": "new", "mapcode": "AT30", "vegtype": "Fish Arid Thicket", "efg": "AridThicket", "efg_id": 1, "cls2022": 0, "cls2022_name": "intact", "cls2025": 0, "cls2025_name": "intact", "stratum": "AT30_intact", "lon": 26.658142669963972, "lat": -33.16640479076336}, "geometry": {"type": "Point", "coordinates": [26.658142669963972, -33.16640479076336]}}, {"type": "Feature", "properties": {"id": 1344, "source": "new", "mapcode": "AT30", "vegtype": "Fish Arid Thicket", "efg": "AridThicket", "efg_id": 1, "cls2022": 0, "cls2022_name": "intact", "cls2025": 1, "cls2025_name": "moderate", "stratum": "AT30_intact", "lon": 26.770736674966027, "lat": -33.21667821846395}, "geometry": {"type": "Point", "coordinates": [26.770736674966027, -33.21667821846395]}}, {"type": "Feature", "properties": {"id": 1345, "source": "new", "mapcode": "AT30", "vegtype": "Fish Arid Thicket", "efg": "AridThicket", "efg_id": 1, "cls2022": 0, "cls2022_name": "intact", "cls2025": 0, "cls2025_name": "intact", "stratum": "AT30_intact", "lon": 26.562952065720182, "lat": -33.1798265421339}, "geometry": {"type": "Point", "coordinates": [26.562952065720182, -33.1798265421339]}}, {"type": "Feature", "properties": {"id": 1346, "source": "new", "mapcode": "AT30", "vegtype": "Fish Arid Thicket", "efg": "AridThicket", "efg_id": 1, "cls2022": 0, "cls2022_name": "intact", "cls2025": 0, "cls2025_name": "intact", "stratum": "AT30_intact", "lon": 26.835141869720044, "lat": -33.228013443627866}, "geometry": {"type": "Point", "coordinates": [26.835141869720044, -33.228013443627866]}}, {"type": "Feature", "properties": {"id": 1347, "source": "new", "mapcode": "AT30", "vegtype": "Fish Arid Thicket", "efg": "AridThicket", "efg_id": 1, "cls2022": 0, "cls2022_name": "intact", "cls2025": 1, "cls2025_name": "moderate", "stratum": "AT30_intact", "lon": 26.774588840689873, "lat": -33.19152088363687}, "geometry": {"type": "Point", "coordinates": [26.774588840689873, -33.19152088363687]}}, {"type": "Feature", "properties": {"id": 1348, "source": "new", "mapcode": "AT30", "vegtype": "Fish Arid Thicket", "efg": "AridThicket", "efg_id": 1, "cls2022": 1, "cls2022_name": "moderate", "cls2025": 1, "cls2025_name": "moderate", "stratum": "AT30_moderate", "lon": 26.510260672715457, "lat": -33.18227616503368}, "geometry": {"type": "Point", "coordinates": [26.510260672715457, -33.18227616503368]}}, {"type": "Feature", "properties": {"id": 1349, "source": "new", "mapcode": "AT30", "vegtype": "Fish Arid Thicket", "efg": "AridThicket", "efg_id": 1, "cls2022": 1, "cls2022_name": "moderate", "cls2025": 1, "cls2025_name": "moderate", "stratum": "AT30_moderate", "lon": 26.601265523118354, "lat": -33.144684865385265}, "geometry": {"type": "Point", "coordinates": [26.601265523118354, -33.144684865385265]}}, {"type": "Feature", "properties": {"id": 1350, "source": "new", "mapcode": "AT30", "vegtype": "Fish Arid Thicket", "efg": "AridThicket", "efg_id": 1, "cls2022": 1, "cls2022_name": "moderate", "cls2025": 1, "cls2025_name": "moderate", "stratum": "AT30_moderate", "lon": 26.365388320472558, "lat": -33.10906591711216}, "geometry": {"type": "Point", "coordinates": [26.365388320472558, -33.10906591711216]}}, {"type": "Feature", "properties": {"id": 1351, "source": "new", "mapcode": "AT30", "vegtype": "Fish Arid Thicket", "efg": "AridThicket", "efg_id": 1, "cls2022": 1, "cls2022_name": "moderate", "cls2025": 1, "cls2025_name": "moderate", "stratum": "AT30_moderate", "lon": 26.474359757737922, "lat": -33.146778051470186}, "geometry": {"type": "Point", "coordinates": [26.474359757737922, -33.146778051470186]}}, {"type": "Feature", "properties": {"id": 1352, "source": "new", "mapcode": "AT30", "vegtype": "Fish Arid Thicket", "efg": "AridThicket", "efg_id": 1, "cls2022": 1, "cls2022_name": "moderate", "cls2025": 0, "cls2025_name": "intact", "stratum": "AT30_moderate", "lon": 26.391784819466807, "lat": -33.16833345596537}, "geometry": {"type": "Point", "coordinates": [26.391784819466807, -33.16833345596537]}}, {"type": "Feature", "properties": {"id": 1353, "source": "new", "mapcode": "AT30", "vegtype": "Fish Arid Thicket", "efg": "AridThicket", "efg_id": 1, "cls2022": 1, "cls2022_name": "moderate", "cls2025": 1, "cls2025_name": "moderate", "stratum": "AT30_moderate", "lon": 26.447929929612275, "lat": -33.10888769479175}, "geometry": {"type": "Point", "coordinates": [26.447929929612275, -33.10888769479175]}}, {"type": "Feature", "properties": {"id": 1354, "source": "new", "mapcode": "AT30", "vegtype": "Fish Arid Thicket", "efg": "AridThicket", "efg_id": 1, "cls2022": 1, "cls2022_name": "moderate", "cls2025": 1, "cls2025_name": "moderate", "stratum": "AT30_moderate", "lon": 26.62975132660204, "lat": -33.137194590685674}, "geometry": {"type": "Point", "coordinates": [26.62975132660204, -33.137194590685674]}}, {"type": "Feature", "properties": {"id": 1355, "source": "new", "mapcode": "AT30", "vegtype": "Fish Arid Thicket", "efg": "AridThicket", "efg_id": 1, "cls2022": 1, "cls2022_name": "moderate", "cls2025": 1, "cls2025_name": "moderate", "stratum": "AT30_moderate", "lon": 26.944927323379414, "lat": -33.18434771516556}, "geometry": {"type": "Point", "coordinates": [26.944927323379414, -33.18434771516556]}}, {"type": "Feature", "properties": {"id": 1356, "source": "new", "mapcode": "AT30", "vegtype": "Fish Arid Thicket", "efg": "AridThicket", "efg_id": 1, "cls2022": 1, "cls2022_name": "moderate", "cls2025": 1, "cls2025_name": "moderate", "stratum": "AT30_moderate", "lon": 26.53122287857987, "lat": -33.09411963068172}, "geometry": {"type": "Point", "coordinates": [26.53122287857987, -33.09411963068172]}}, {"type": "Feature", "properties": {"id": 1357, "source": "new", "mapcode": "AT30", "vegtype": "Fish Arid Thicket", "efg": "AridThicket", "efg_id": 1, "cls2022": 1, "cls2022_name": "moderate", "cls2025": 1, "cls2025_name": "moderate", "stratum": "AT30_moderate", "lon": 26.47909401567025, "lat": -33.18018115250811}, "geometry": {"type": "Point", "coordinates": [26.47909401567025, -33.18018115250811]}}, {"type": "Feature", "properties": {"id": 1358, "source": "new", "mapcode": "AT30", "vegtype": "Fish Arid Thicket", "efg": "AridThicket", "efg_id": 1, "cls2022": 1, "cls2022_name": "moderate", "cls2025": 1, "cls2025_name": "moderate", "stratum": "AT30_moderate", "lon": 26.666640097433717, "lat": -33.118532368691255}, "geometry": {"type": "Point", "coordinates": [26.666640097433717, -33.118532368691255]}}, {"type": "Feature", "properties": {"id": 1359, "source": "new", "mapcode": "AT30", "vegtype": "Fish Arid Thicket", "efg": "AridThicket", "efg_id": 1, "cls2022": 2, "cls2022_name": "severe", "cls2025": 2, "cls2025_name": "severe", "stratum": "AT30_severe", "lon": 26.4597004805703, "lat": -33.10024388980101}, "geometry": {"type": "Point", "coordinates": [26.4597004805703, -33.10024388980101]}}, {"type": "Feature", "properties": {"id": 1360, "source": "new", "mapcode": "AT30", "vegtype": "Fish Arid Thicket", "efg": "AridThicket", "efg_id": 1, "cls2022": 2, "cls2022_name": "severe", "cls2025": 2, "cls2025_name": "severe", "stratum": "AT30_severe", "lon": 26.415017858570113, "lat": -33.09416124731002}, "geometry": {"type": "Point", "coordinates": [26.415017858570113, -33.09416124731002]}}, {"type": "Feature", "properties": {"id": 1361, "source": "new", "mapcode": "AT30", "vegtype": "Fish Arid Thicket", "efg": "AridThicket", "efg_id": 1, "cls2022": 2, "cls2022_name": "severe", "cls2025": 2, "cls2025_name": "severe", "stratum": "AT30_severe", "lon": 26.39420932718986, "lat": -33.11901818590144}, "geometry": {"type": "Point", "coordinates": [26.39420932718986, -33.11901818590144]}}, {"type": "Feature", "properties": {"id": 1362, "source": "new", "mapcode": "AT30", "vegtype": "Fish Arid Thicket", "efg": "AridThicket", "efg_id": 1, "cls2022": 2, "cls2022_name": "severe", "cls2025": 2, "cls2025_name": "severe", "stratum": "AT30_severe", "lon": 26.34446923758226, "lat": -33.14289435560721}, "geometry": {"type": "Point", "coordinates": [26.34446923758226, -33.14289435560721]}}, {"type": "Feature", "properties": {"id": 1363, "source": "new", "mapcode": "AT30", "vegtype": "Fish Arid Thicket", "efg": "AridThicket", "efg_id": 1, "cls2022": 2, "cls2022_name": "severe", "cls2025": 2, "cls2025_name": "severe", "stratum": "AT30_severe", "lon": 26.37351526988724, "lat": -33.11720335256839}, "geometry": {"type": "Point", "coordinates": [26.37351526988724, -33.11720335256839]}}, {"type": "Feature", "properties": {"id": 1364, "source": "new", "mapcode": "AT30", "vegtype": "Fish Arid Thicket", "efg": "AridThicket", "efg_id": 1, "cls2022": 2, "cls2022_name": "severe", "cls2025": 2, "cls2025_name": "severe", "stratum": "AT30_severe", "lon": 26.378220287456553, "lat": -33.10833646956929}, "geometry": {"type": "Point", "coordinates": [26.378220287456553, -33.10833646956929]}}, {"type": "Feature", "properties": {"id": 1365, "source": "new", "mapcode": "AT30", "vegtype": "Fish Arid Thicket", "efg": "AridThicket", "efg_id": 1, "cls2022": 2, "cls2022_name": "severe", "cls2025": 1, "cls2025_name": "moderate", "stratum": "AT30_severe", "lon": 26.526065961706433, "lat": -33.13797560598861}, "geometry": {"type": "Point", "coordinates": [26.526065961706433, -33.13797560598861]}}, {"type": "Feature", "properties": {"id": 1366, "source": "new", "mapcode": "AT30", "vegtype": "Fish Arid Thicket", "efg": "AridThicket", "efg_id": 1, "cls2022": 2, "cls2022_name": "severe", "cls2025": 1, "cls2025_name": "moderate", "stratum": "AT30_severe", "lon": 26.35283995539242, "lat": -33.088217251885624}, "geometry": {"type": "Point", "coordinates": [26.35283995539242, -33.088217251885624]}}, {"type": "Feature", "properties": {"id": 1367, "source": "new", "mapcode": "AT30", "vegtype": "Fish Arid Thicket", "efg": "AridThicket", "efg_id": 1, "cls2022": 2, "cls2022_name": "severe", "cls2025": 2, "cls2025_name": "severe", "stratum": "AT30_severe", "lon": 26.945195160455672, "lat": -33.20057371285943}, "geometry": {"type": "Point", "coordinates": [26.945195160455672, -33.20057371285943]}}, {"type": "Feature", "properties": {"id": 1368, "source": "new", "mapcode": "AT30", "vegtype": "Fish Arid Thicket", "efg": "AridThicket", "efg_id": 1, "cls2022": 2, "cls2022_name": "severe", "cls2025": 2, "cls2025_name": "severe", "stratum": "AT30_severe", "lon": 26.507263250777616, "lat": -33.151049095716516}, "geometry": {"type": "Point", "coordinates": [26.507263250777616, -33.151049095716516]}}, {"type": "Feature", "properties": {"id": 1369, "source": "new", "mapcode": "AT31", "vegtype": "Fish Mesic Thicket", "efg": "MesicThicket", "efg_id": 3, "cls2022": 0, "cls2022_name": "intact", "cls2025": 0, "cls2025_name": "intact", "stratum": "AT31_intact", "lon": 26.989906912610255, "lat": -33.304846415177444}, "geometry": {"type": "Point", "coordinates": [26.989906912610255, -33.304846415177444]}}, {"type": "Feature", "properties": {"id": 1370, "source": "new", "mapcode": "AT31", "vegtype": "Fish Mesic Thicket", "efg": "MesicThicket", "efg_id": 3, "cls2022": 0, "cls2022_name": "intact", "cls2025": 1, "cls2025_name": "moderate", "stratum": "AT31_intact", "lon": 27.08636264535914, "lat": -33.21365315357559}, "geometry": {"type": "Point", "coordinates": [27.08636264535914, -33.21365315357559]}}, {"type": "Feature", "properties": {"id": 1371, "source": "new", "mapcode": "AT31", "vegtype": "Fish Mesic Thicket", "efg": "MesicThicket", "efg_id": 3, "cls2022": 0, "cls2022_name": "intact", "cls2025": 0, "cls2025_name": "intact", "stratum": "AT31_intact", "lon": 27.216890659479166, "lat": -33.35782853717215}, "geometry": {"type": "Point", "coordinates": [27.216890659479166, -33.35782853717215]}}, {"type": "Feature", "properties": {"id": 1372, "source": "new", "mapcode": "AT31", "vegtype": "Fish Mesic Thicket", "efg": "MesicThicket", "efg_id": 3, "cls2022": 0, "cls2022_name": "intact", "cls2025": 0, "cls2025_name": "intact", "stratum": "AT31_intact", "lon": 27.081044431046926, "lat": -33.163935231124235}, "geometry": {"type": "Point", "coordinates": [27.081044431046926, -33.163935231124235]}}, {"type": "Feature", "properties": {"id": 1373, "source": "new", "mapcode": "AT31", "vegtype": "Fish Mesic Thicket", "efg": "MesicThicket", "efg_id": 3, "cls2022": 0, "cls2022_name": "intact", "cls2025": 0, "cls2025_name": "intact", "stratum": "AT31_intact", "lon": 26.91747490980054, "lat": -33.35543138060378}, "geometry": {"type": "Point", "coordinates": [26.91747490980054, -33.35543138060378]}}, {"type": "Feature", "properties": {"id": 1374, "source": "new", "mapcode": "AT31", "vegtype": "Fish Mesic Thicket", "efg": "MesicThicket", "efg_id": 3, "cls2022": 0, "cls2022_name": "intact", "cls2025": 0, "cls2025_name": "intact", "stratum": "AT31_intact", "lon": 26.965961680095795, "lat": -33.34245224247775}, "geometry": {"type": "Point", "coordinates": [26.965961680095795, -33.34245224247775]}}, {"type": "Feature", "properties": {"id": 1375, "source": "new", "mapcode": "AT31", "vegtype": "Fish Mesic Thicket", "efg": "MesicThicket", "efg_id": 3, "cls2022": 0, "cls2022_name": "intact", "cls2025": 0, "cls2025_name": "intact", "stratum": "AT31_intact", "lon": 27.20165030464196, "lat": -33.33960890829937}, "geometry": {"type": "Point", "coordinates": [27.20165030464196, -33.33960890829937]}}, {"type": "Feature", "properties": {"id": 1376, "source": "new", "mapcode": "AT31", "vegtype": "Fish Mesic Thicket", "efg": "MesicThicket", "efg_id": 3, "cls2022": 0, "cls2022_name": "intact", "cls2025": 0, "cls2025_name": "intact", "stratum": "AT31_intact", "lon": 26.934648151474196, "lat": -33.36483482833667}, "geometry": {"type": "Point", "coordinates": [26.934648151474196, -33.36483482833667]}}, {"type": "Feature", "properties": {"id": 1377, "source": "new", "mapcode": "AT31", "vegtype": "Fish Mesic Thicket", "efg": "MesicThicket", "efg_id": 3, "cls2022": 0, "cls2022_name": "intact", "cls2025": -1, "cls2025_name": null, "stratum": "AT31_intact", "lon": 27.256121250713736, "lat": -33.34432740622927}, "geometry": {"type": "Point", "coordinates": [27.256121250713736, -33.34432740622927]}}, {"type": "Feature", "properties": {"id": 1378, "source": "new", "mapcode": "AT31", "vegtype": "Fish Mesic Thicket", "efg": "MesicThicket", "efg_id": 3, "cls2022": 0, "cls2022_name": "intact", "cls2025": 0, "cls2025_name": "intact", "stratum": "AT31_intact", "lon": 27.01696071145886, "lat": -33.27089983062108}, "geometry": {"type": "Point", "coordinates": [27.01696071145886, -33.27089983062108]}}, {"type": "Feature", "properties": {"id": 1379, "source": "new", "mapcode": "AT31", "vegtype": "Fish Mesic Thicket", "efg": "MesicThicket", "efg_id": 3, "cls2022": 0, "cls2022_name": "intact", "cls2025": 0, "cls2025_name": "intact", "stratum": "AT31_intact", "lon": 26.992102078907106, "lat": -33.15557497655218}, "geometry": {"type": "Point", "coordinates": [26.992102078907106, -33.15557497655218]}}, {"type": "Feature", "properties": {"id": 1380, "source": "new", "mapcode": "AT31", "vegtype": "Fish Mesic Thicket", "efg": "MesicThicket", "efg_id": 3, "cls2022": 0, "cls2022_name": "intact", "cls2025": 0, "cls2025_name": "intact", "stratum": "AT31_intact", "lon": 26.972519462313823, "lat": -33.159995163695875}, "geometry": {"type": "Point", "coordinates": [26.972519462313823, -33.159995163695875]}}, {"type": "Feature", "properties": {"id": 1381, "source": "new", "mapcode": "AT31", "vegtype": "Fish Mesic Thicket", "efg": "MesicThicket", "efg_id": 3, "cls2022": 0, "cls2022_name": "intact", "cls2025": 0, "cls2025_name": "intact", "stratum": "AT31_intact", "lon": 27.212077841232166, "lat": -33.21806762099026}, "geometry": {"type": "Point", "coordinates": [27.212077841232166, -33.21806762099026]}}, {"type": "Feature", "properties": {"id": 1382, "source": "new", "mapcode": "AT31", "vegtype": "Fish Mesic Thicket", "efg": "MesicThicket", "efg_id": 3, "cls2022": 0, "cls2022_name": "intact", "cls2025": 0, "cls2025_name": "intact", "stratum": "AT31_intact", "lon": 26.97310976564837, "lat": -33.364927478307344}, "geometry": {"type": "Point", "coordinates": [26.97310976564837, -33.364927478307344]}}, {"type": "Feature", "properties": {"id": 1383, "source": "new", "mapcode": "AT31", "vegtype": "Fish Mesic Thicket", "efg": "MesicThicket", "efg_id": 3, "cls2022": 0, "cls2022_name": "intact", "cls2025": 0, "cls2025_name": "intact", "stratum": "AT31_intact", "lon": 26.993812966535, "lat": -33.37787513284268}, "geometry": {"type": "Point", "coordinates": [26.993812966535, -33.37787513284268]}}, {"type": "Feature", "properties": {"id": 1384, "source": "new", "mapcode": "AT31", "vegtype": "Fish Mesic Thicket", "efg": "MesicThicket", "efg_id": 3, "cls2022": 0, "cls2022_name": "intact", "cls2025": -1, "cls2025_name": null, "stratum": "AT31_intact", "lon": 27.278495759061727, "lat": -33.35402882554404}, "geometry": {"type": "Point", "coordinates": [27.278495759061727, -33.35402882554404]}}, {"type": "Feature", "properties": {"id": 1385, "source": "new", "mapcode": "AT31", "vegtype": "Fish Mesic Thicket", "efg": "MesicThicket", "efg_id": 3, "cls2022": 0, "cls2022_name": "intact", "cls2025": 0, "cls2025_name": "intact", "stratum": "AT31_intact", "lon": 27.167311551198242, "lat": -33.31649227286173}, "geometry": {"type": "Point", "coordinates": [27.167311551198242, -33.31649227286173]}}, {"type": "Feature", "properties": {"id": 1386, "source": "new", "mapcode": "AT31", "vegtype": "Fish Mesic Thicket", "efg": "MesicThicket", "efg_id": 3, "cls2022": 0, "cls2022_name": "intact", "cls2025": 0, "cls2025_name": "intact", "stratum": "AT31_intact", "lon": 27.079194593075606, "lat": -33.46771551993315}, "geometry": {"type": "Point", "coordinates": [27.079194593075606, -33.46771551993315]}}, {"type": "Feature", "properties": {"id": 1387, "source": "new", "mapcode": "AT31", "vegtype": "Fish Mesic Thicket", "efg": "MesicThicket", "efg_id": 3, "cls2022": 0, "cls2022_name": "intact", "cls2025": 0, "cls2025_name": "intact", "stratum": "AT31_intact", "lon": 26.983995900444196, "lat": -33.28882783196851}, "geometry": {"type": "Point", "coordinates": [26.983995900444196, -33.28882783196851]}}, {"type": "Feature", "properties": {"id": 1388, "source": "new", "mapcode": "AT31", "vegtype": "Fish Mesic Thicket", "efg": "MesicThicket", "efg_id": 3, "cls2022": 0, "cls2022_name": "intact", "cls2025": 0, "cls2025_name": "intact", "stratum": "AT31_intact", "lon": 27.000411077039498, "lat": -33.2024968819045}, "geometry": {"type": "Point", "coordinates": [27.000411077039498, -33.2024968819045]}}, {"type": "Feature", "properties": {"id": 1389, "source": "new", "mapcode": "AT31", "vegtype": "Fish Mesic Thicket", "efg": "MesicThicket", "efg_id": 3, "cls2022": 0, "cls2022_name": "intact", "cls2025": 0, "cls2025_name": "intact", "stratum": "AT31_intact", "lon": 27.061174317301067, "lat": -33.17532942232489}, "geometry": {"type": "Point", "coordinates": [27.061174317301067, -33.17532942232489]}}, {"type": "Feature", "properties": {"id": 1390, "source": "new", "mapcode": "AT31", "vegtype": "Fish Mesic Thicket", "efg": "MesicThicket", "efg_id": 3, "cls2022": 0, "cls2022_name": "intact", "cls2025": 0, "cls2025_name": "intact", "stratum": "AT31_intact", "lon": 27.003984704512128, "lat": -33.35262769881153}, "geometry": {"type": "Point", "coordinates": [27.003984704512128, -33.35262769881153]}}, {"type": "Feature", "properties": {"id": 1391, "source": "new", "mapcode": "AT31", "vegtype": "Fish Mesic Thicket", "efg": "MesicThicket", "efg_id": 3, "cls2022": 0, "cls2022_name": "intact", "cls2025": 0, "cls2025_name": "intact", "stratum": "AT31_intact", "lon": 27.07710479639443, "lat": -33.45492358984686}, "geometry": {"type": "Point", "coordinates": [27.07710479639443, -33.45492358984686]}}, {"type": "Feature", "properties": {"id": 1392, "source": "new", "mapcode": "AT31", "vegtype": "Fish Mesic Thicket", "efg": "MesicThicket", "efg_id": 3, "cls2022": 0, "cls2022_name": "intact", "cls2025": 0, "cls2025_name": "intact", "stratum": "AT31_intact", "lon": 27.214026083686598, "lat": -33.31787888385483}, "geometry": {"type": "Point", "coordinates": [27.214026083686598, -33.31787888385483]}}, {"type": "Feature", "properties": {"id": 1393, "source": "new", "mapcode": "AT31", "vegtype": "Fish Mesic Thicket", "efg": "MesicThicket", "efg_id": 3, "cls2022": 0, "cls2022_name": "intact", "cls2025": 0, "cls2025_name": "intact", "stratum": "AT31_intact", "lon": 27.00125503210952, "lat": -33.18107203649016}, "geometry": {"type": "Point", "coordinates": [27.00125503210952, -33.18107203649016]}}, {"type": "Feature", "properties": {"id": 1394, "source": "new", "mapcode": "AT31", "vegtype": "Fish Mesic Thicket", "efg": "MesicThicket", "efg_id": 3, "cls2022": 0, "cls2022_name": "intact", "cls2025": -1, "cls2025_name": null, "stratum": "AT31_intact", "lon": 27.272548202758333, "lat": -33.35264456846264}, "geometry": {"type": "Point", "coordinates": [27.272548202758333, -33.35264456846264]}}, {"type": "Feature", "properties": {"id": 1395, "source": "new", "mapcode": "AT31", "vegtype": "Fish Mesic Thicket", "efg": "MesicThicket", "efg_id": 3, "cls2022": 0, "cls2022_name": "intact", "cls2025": 0, "cls2025_name": "intact", "stratum": "AT31_intact", "lon": 27.047129704377618, "lat": -33.23041061531408}, "geometry": {"type": "Point", "coordinates": [27.047129704377618, -33.23041061531408]}}, {"type": "Feature", "properties": {"id": 1396, "source": "new", "mapcode": "AT31", "vegtype": "Fish Mesic Thicket", "efg": "MesicThicket", "efg_id": 3, "cls2022": 0, "cls2022_name": "intact", "cls2025": 0, "cls2025_name": "intact", "stratum": "AT31_intact", "lon": 27.004381237059757, "lat": -33.173880260952835}, "geometry": {"type": "Point", "coordinates": [27.004381237059757, -33.173880260952835]}}, {"type": "Feature", "properties": {"id": 1397, "source": "new", "mapcode": "AT31", "vegtype": "Fish Mesic Thicket", "efg": "MesicThicket", "efg_id": 3, "cls2022": 0, "cls2022_name": "intact", "cls2025": 1, "cls2025_name": "moderate", "stratum": "AT31_intact", "lon": 27.18473407398756, "lat": -33.38274394889436}, "geometry": {"type": "Point", "coordinates": [27.18473407398756, -33.38274394889436]}}, {"type": "Feature", "properties": {"id": 1398, "source": "new", "mapcode": "AT31", "vegtype": "Fish Mesic Thicket", "efg": "MesicThicket", "efg_id": 3, "cls2022": 1, "cls2022_name": "moderate", "cls2025": -1, "cls2025_name": null, "stratum": "AT31_moderate", "lon": 27.27561948341282, "lat": -33.3482414428752}, "geometry": {"type": "Point", "coordinates": [27.27561948341282, -33.3482414428752]}}, {"type": "Feature", "properties": {"id": 1399, "source": "new", "mapcode": "AT31", "vegtype": "Fish Mesic Thicket", "efg": "MesicThicket", "efg_id": 3, "cls2022": 1, "cls2022_name": "moderate", "cls2025": 1, "cls2025_name": "moderate", "stratum": "AT31_moderate", "lon": 27.06358302582212, "lat": -33.16769337058661}, "geometry": {"type": "Point", "coordinates": [27.06358302582212, -33.16769337058661]}}, {"type": "Feature", "properties": {"id": 1400, "source": "new", "mapcode": "AT31", "vegtype": "Fish Mesic Thicket", "efg": "MesicThicket", "efg_id": 3, "cls2022": 1, "cls2022_name": "moderate", "cls2025": 2, "cls2025_name": "severe", "stratum": "AT31_moderate", "lon": 27.062424996522317, "lat": -33.3946971667935}, "geometry": {"type": "Point", "coordinates": [27.062424996522317, -33.3946971667935]}}, {"type": "Feature", "properties": {"id": 1401, "source": "new", "mapcode": "AT31", "vegtype": "Fish Mesic Thicket", "efg": "MesicThicket", "efg_id": 3, "cls2022": 1, "cls2022_name": "moderate", "cls2025": 1, "cls2025_name": "moderate", "stratum": "AT31_moderate", "lon": 27.1047747842266, "lat": -33.164010979406385}, "geometry": {"type": "Point", "coordinates": [27.1047747842266, -33.164010979406385]}}, {"type": "Feature", "properties": {"id": 1402, "source": "new", "mapcode": "AT31", "vegtype": "Fish Mesic Thicket", "efg": "MesicThicket", "efg_id": 3, "cls2022": 1, "cls2022_name": "moderate", "cls2025": -1, "cls2025_name": null, "stratum": "AT31_moderate", "lon": 27.012540754524096, "lat": -33.36498577791786}, "geometry": {"type": "Point", "coordinates": [27.012540754524096, -33.36498577791786]}}, {"type": "Feature", "properties": {"id": 1403, "source": "new", "mapcode": "AT31", "vegtype": "Fish Mesic Thicket", "efg": "MesicThicket", "efg_id": 3, "cls2022": 1, "cls2022_name": "moderate", "cls2025": -1, "cls2025_name": null, "stratum": "AT31_moderate", "lon": 27.075367260893415, "lat": -33.43951952096193}, "geometry": {"type": "Point", "coordinates": [27.075367260893415, -33.43951952096193]}}, {"type": "Feature", "properties": {"id": 1404, "source": "new", "mapcode": "AT31", "vegtype": "Fish Mesic Thicket", "efg": "MesicThicket", "efg_id": 3, "cls2022": 1, "cls2022_name": "moderate", "cls2025": 1, "cls2025_name": "moderate", "stratum": "AT31_moderate", "lon": 26.99291552265983, "lat": -33.37084640487883}, "geometry": {"type": "Point", "coordinates": [26.99291552265983, -33.37084640487883]}}, {"type": "Feature", "properties": {"id": 1405, "source": "new", "mapcode": "AT31", "vegtype": "Fish Mesic Thicket", "efg": "MesicThicket", "efg_id": 3, "cls2022": 1, "cls2022_name": "moderate", "cls2025": 1, "cls2025_name": "moderate", "stratum": "AT31_moderate", "lon": 27.046409630569382, "lat": -33.23276902854916}, "geometry": {"type": "Point", "coordinates": [27.046409630569382, -33.23276902854916]}}, {"type": "Feature", "properties": {"id": 1406, "source": "new", "mapcode": "AT31", "vegtype": "Fish Mesic Thicket", "efg": "MesicThicket", "efg_id": 3, "cls2022": 1, "cls2022_name": "moderate", "cls2025": 1, "cls2025_name": "moderate", "stratum": "AT31_moderate", "lon": 26.996423219837144, "lat": -33.195036710561645}, "geometry": {"type": "Point", "coordinates": [26.996423219837144, -33.195036710561645]}}, {"type": "Feature", "properties": {"id": 1407, "source": "new", "mapcode": "AT31", "vegtype": "Fish Mesic Thicket", "efg": "MesicThicket", "efg_id": 3, "cls2022": 1, "cls2022_name": "moderate", "cls2025": -1, "cls2025_name": null, "stratum": "AT31_moderate", "lon": 27.069422009445724, "lat": -33.45355613576023}, "geometry": {"type": "Point", "coordinates": [27.069422009445724, -33.45355613576023]}}, {"type": "Feature", "properties": {"id": 1408, "source": "new", "mapcode": "AT31", "vegtype": "Fish Mesic Thicket", "efg": "MesicThicket", "efg_id": 3, "cls2022": 1, "cls2022_name": "moderate", "cls2025": 1, "cls2025_name": "moderate", "stratum": "AT31_moderate", "lon": 27.059344517872866, "lat": -33.18387272745823}, "geometry": {"type": "Point", "coordinates": [27.059344517872866, -33.18387272745823]}}, {"type": "Feature", "properties": {"id": 1409, "source": "new", "mapcode": "AT31", "vegtype": "Fish Mesic Thicket", "efg": "MesicThicket", "efg_id": 3, "cls2022": 1, "cls2022_name": "moderate", "cls2025": 1, "cls2025_name": "moderate", "stratum": "AT31_moderate", "lon": 27.05424732142203, "lat": -33.21591132554674}, "geometry": {"type": "Point", "coordinates": [27.05424732142203, -33.21591132554674]}}, {"type": "Feature", "properties": {"id": 1410, "source": "new", "mapcode": "AT31", "vegtype": "Fish Mesic Thicket", "efg": "MesicThicket", "efg_id": 3, "cls2022": 1, "cls2022_name": "moderate", "cls2025": 1, "cls2025_name": "moderate", "stratum": "AT31_moderate", "lon": 27.071004648751558, "lat": -33.16883597441428}, "geometry": {"type": "Point", "coordinates": [27.071004648751558, -33.16883597441428]}}, {"type": "Feature", "properties": {"id": 1411, "source": "new", "mapcode": "AT31", "vegtype": "Fish Mesic Thicket", "efg": "MesicThicket", "efg_id": 3, "cls2022": 1, "cls2022_name": "moderate", "cls2025": 1, "cls2025_name": "moderate", "stratum": "AT31_moderate", "lon": 27.041663898191466, "lat": -33.29963642880882}, "geometry": {"type": "Point", "coordinates": [27.041663898191466, -33.29963642880882]}}, {"type": "Feature", "properties": {"id": 1412, "source": "new", "mapcode": "AT31", "vegtype": "Fish Mesic Thicket", "efg": "MesicThicket", "efg_id": 3, "cls2022": 1, "cls2022_name": "moderate", "cls2025": 1, "cls2025_name": "moderate", "stratum": "AT31_moderate", "lon": 27.170750548330773, "lat": -33.32958455046107}, "geometry": {"type": "Point", "coordinates": [27.170750548330773, -33.32958455046107]}}, {"type": "Feature", "properties": {"id": 1413, "source": "new", "mapcode": "AT31", "vegtype": "Fish Mesic Thicket", "efg": "MesicThicket", "efg_id": 3, "cls2022": 1, "cls2022_name": "moderate", "cls2025": 0, "cls2025_name": "intact", "stratum": "AT31_moderate", "lon": 27.218742120279025, "lat": -33.210843137589734}, "geometry": {"type": "Point", "coordinates": [27.218742120279025, -33.210843137589734]}}, {"type": "Feature", "properties": {"id": 1414, "source": "new", "mapcode": "AT31", "vegtype": "Fish Mesic Thicket", "efg": "MesicThicket", "efg_id": 3, "cls2022": 1, "cls2022_name": "moderate", "cls2025": -1, "cls2025_name": null, "stratum": "AT31_moderate", "lon": 27.267344396693044, "lat": -33.294958226141695}, "geometry": {"type": "Point", "coordinates": [27.267344396693044, -33.294958226141695]}}, {"type": "Feature", "properties": {"id": 1415, "source": "new", "mapcode": "AT31", "vegtype": "Fish Mesic Thicket", "efg": "MesicThicket", "efg_id": 3, "cls2022": 1, "cls2022_name": "moderate", "cls2025": -1, "cls2025_name": null, "stratum": "AT31_moderate", "lon": 27.343961376208323, "lat": -33.352159317374806}, "geometry": {"type": "Point", "coordinates": [27.343961376208323, -33.352159317374806]}}, {"type": "Feature", "properties": {"id": 1416, "source": "new", "mapcode": "AT31", "vegtype": "Fish Mesic Thicket", "efg": "MesicThicket", "efg_id": 3, "cls2022": 1, "cls2022_name": "moderate", "cls2025": -1, "cls2025_name": null, "stratum": "AT31_moderate", "lon": 27.04877632036624, "lat": -33.13529230191203}, "geometry": {"type": "Point", "coordinates": [27.04877632036624, -33.13529230191203]}}, {"type": "Feature", "properties": {"id": 1417, "source": "new", "mapcode": "AT31", "vegtype": "Fish Mesic Thicket", "efg": "MesicThicket", "efg_id": 3, "cls2022": 2, "cls2022_name": "severe", "cls2025": 1, "cls2025_name": "moderate", "stratum": "AT31_severe", "lon": 27.271004968426872, "lat": -33.30601704091049}, "geometry": {"type": "Point", "coordinates": [27.271004968426872, -33.30601704091049]}}, {"type": "Feature", "properties": {"id": 1418, "source": "new", "mapcode": "AT31", "vegtype": "Fish Mesic Thicket", "efg": "MesicThicket", "efg_id": 3, "cls2022": 2, "cls2022_name": "severe", "cls2025": 2, "cls2025_name": "severe", "stratum": "AT31_severe", "lon": 27.05885455670844, "lat": -33.383466994213364}, "geometry": {"type": "Point", "coordinates": [27.05885455670844, -33.383466994213364]}}, {"type": "Feature", "properties": {"id": 1419, "source": "new", "mapcode": "AT31", "vegtype": "Fish Mesic Thicket", "efg": "MesicThicket", "efg_id": 3, "cls2022": 2, "cls2022_name": "severe", "cls2025": 1, "cls2025_name": "moderate", "stratum": "AT31_severe", "lon": 27.069729013211646, "lat": -33.123822691515855}, "geometry": {"type": "Point", "coordinates": [27.069729013211646, -33.123822691515855]}}, {"type": "Feature", "properties": {"id": 1420, "source": "new", "mapcode": "AT31", "vegtype": "Fish Mesic Thicket", "efg": "MesicThicket", "efg_id": 3, "cls2022": 2, "cls2022_name": "severe", "cls2025": 1, "cls2025_name": "moderate", "stratum": "AT31_severe", "lon": 27.059254438146514, "lat": -33.13068016907054}, "geometry": {"type": "Point", "coordinates": [27.059254438146514, -33.13068016907054]}}, {"type": "Feature", "properties": {"id": 1421, "source": "new", "mapcode": "AT31", "vegtype": "Fish Mesic Thicket", "efg": "MesicThicket", "efg_id": 3, "cls2022": 2, "cls2022_name": "severe", "cls2025": 1, "cls2025_name": "moderate", "stratum": "AT31_severe", "lon": 27.2705352714567, "lat": -33.3050929852299}, "geometry": {"type": "Point", "coordinates": [27.2705352714567, -33.3050929852299]}}, {"type": "Feature", "properties": {"id": 1422, "source": "new", "mapcode": "AT31", "vegtype": "Fish Mesic Thicket", "efg": "MesicThicket", "efg_id": 3, "cls2022": 2, "cls2022_name": "severe", "cls2025": 1, "cls2025_name": "moderate", "stratum": "AT31_severe", "lon": 27.034601840183043, "lat": -33.25717856287765}, "geometry": {"type": "Point", "coordinates": [27.034601840183043, -33.25717856287765]}}, {"type": "Feature", "properties": {"id": 1423, "source": "new", "mapcode": "AT31", "vegtype": "Fish Mesic Thicket", "efg": "MesicThicket", "efg_id": 3, "cls2022": 2, "cls2022_name": "severe", "cls2025": 2, "cls2025_name": "severe", "stratum": "AT31_severe", "lon": 27.213725367653975, "lat": -33.17054283278911}, "geometry": {"type": "Point", "coordinates": [27.213725367653975, -33.17054283278911]}}, {"type": "Feature", "properties": {"id": 1424, "source": "new", "mapcode": "AT32", "vegtype": "Fish Valley Thicket", "efg": "ValleyThicket", "efg_id": 2, "cls2022": 0, "cls2022_name": "intact", "cls2025": 0, "cls2025_name": "intact", "stratum": "AT32_intact", "lon": 26.747096178289294, "lat": -33.06028422731953}, "geometry": {"type": "Point", "coordinates": [26.747096178289294, -33.06028422731953]}}, {"type": "Feature", "properties": {"id": 1425, "source": "new", "mapcode": "AT32", "vegtype": "Fish Valley Thicket", "efg": "ValleyThicket", "efg_id": 2, "cls2022": 0, "cls2022_name": "intact", "cls2025": 0, "cls2025_name": "intact", "stratum": "AT32_intact", "lon": 26.997379845520676, "lat": -33.2921167838559}, "geometry": {"type": "Point", "coordinates": [26.997379845520676, -33.2921167838559]}}, {"type": "Feature", "properties": {"id": 1426, "source": "new", "mapcode": "AT32", "vegtype": "Fish Valley Thicket", "efg": "ValleyThicket", "efg_id": 2, "cls2022": 0, "cls2022_name": "intact", "cls2025": 0, "cls2025_name": "intact", "stratum": "AT32_intact", "lon": 26.251479140627442, "lat": -32.999953861891974}, "geometry": {"type": "Point", "coordinates": [26.251479140627442, -32.999953861891974]}}, {"type": "Feature", "properties": {"id": 1427, "source": "new", "mapcode": "AT32", "vegtype": "Fish Valley Thicket", "efg": "ValleyThicket", "efg_id": 2, "cls2022": 0, "cls2022_name": "intact", "cls2025": 0, "cls2025_name": "intact", "stratum": "AT32_intact", "lon": 26.232522511319218, "lat": -33.01136924277325}, "geometry": {"type": "Point", "coordinates": [26.232522511319218, -33.01136924277325]}}, {"type": "Feature", "properties": {"id": 1428, "source": "new", "mapcode": "AT32", "vegtype": "Fish Valley Thicket", "efg": "ValleyThicket", "efg_id": 2, "cls2022": 0, "cls2022_name": "intact", "cls2025": 1, "cls2025_name": "moderate", "stratum": "AT32_intact", "lon": 26.050398300885497, "lat": -32.427658726744404}, "geometry": {"type": "Point", "coordinates": [26.050398300885497, -32.427658726744404]}}, {"type": "Feature", "properties": {"id": 1429, "source": "new", "mapcode": "AT32", "vegtype": "Fish Valley Thicket", "efg": "ValleyThicket", "efg_id": 2, "cls2022": 0, "cls2022_name": "intact", "cls2025": 0, "cls2025_name": "intact", "stratum": "AT32_intact", "lon": 26.53685740860727, "lat": -33.0449820004159}, "geometry": {"type": "Point", "coordinates": [26.53685740860727, -33.0449820004159]}}, {"type": "Feature", "properties": {"id": 1430, "source": "new", "mapcode": "AT32", "vegtype": "Fish Valley Thicket", "efg": "ValleyThicket", "efg_id": 2, "cls2022": 0, "cls2022_name": "intact", "cls2025": 1, "cls2025_name": "moderate", "stratum": "AT32_intact", "lon": 25.01217641076771, "lat": -32.92992606460521}, "geometry": {"type": "Point", "coordinates": [25.01217641076771, -32.92992606460521]}}, {"type": "Feature", "properties": {"id": 1431, "source": "new", "mapcode": "AT32", "vegtype": "Fish Valley Thicket", "efg": "ValleyThicket", "efg_id": 2, "cls2022": 0, "cls2022_name": "intact", "cls2025": 0, "cls2025_name": "intact", "stratum": "AT32_intact", "lon": 26.613035460433416, "lat": -33.20720278475531}, "geometry": {"type": "Point", "coordinates": [26.613035460433416, -33.20720278475531]}}, {"type": "Feature", "properties": {"id": 1432, "source": "new", "mapcode": "AT32", "vegtype": "Fish Valley Thicket", "efg": "ValleyThicket", "efg_id": 2, "cls2022": 0, "cls2022_name": "intact", "cls2025": 0, "cls2025_name": "intact", "stratum": "AT32_intact", "lon": 26.729355355912876, "lat": -33.104239672932174}, "geometry": {"type": "Point", "coordinates": [26.729355355912876, -33.104239672932174]}}, {"type": "Feature", "properties": {"id": 1433, "source": "new", "mapcode": "AT32", "vegtype": "Fish Valley Thicket", "efg": "ValleyThicket", "efg_id": 2, "cls2022": 0, "cls2022_name": "intact", "cls2025": 0, "cls2025_name": "intact", "stratum": "AT32_intact", "lon": 26.024951289062567, "lat": -32.621328209384465}, "geometry": {"type": "Point", "coordinates": [26.024951289062567, -32.621328209384465]}}, {"type": "Feature", "properties": {"id": 1434, "source": "new", "mapcode": "AT32", "vegtype": "Fish Valley Thicket", "efg": "ValleyThicket", "efg_id": 2, "cls2022": 0, "cls2022_name": "intact", "cls2025": 0, "cls2025_name": "intact", "stratum": "AT32_intact", "lon": 26.80191816543674, "lat": -33.09139401121094}, "geometry": {"type": "Point", "coordinates": [26.80191816543674, -33.09139401121094]}}, {"type": "Feature", "properties": {"id": 1435, "source": "new", "mapcode": "AT32", "vegtype": "Fish Valley Thicket", "efg": "ValleyThicket", "efg_id": 2, "cls2022": 0, "cls2022_name": "intact", "cls2025": 0, "cls2025_name": "intact", "stratum": "AT32_intact", "lon": 26.826786534932477, "lat": -33.038686980081486}, "geometry": {"type": "Point", "coordinates": [26.826786534932477, -33.038686980081486]}}, {"type": "Feature", "properties": {"id": 1436, "source": "new", "mapcode": "AT32", "vegtype": "Fish Valley Thicket", "efg": "ValleyThicket", "efg_id": 2, "cls2022": 0, "cls2022_name": "intact", "cls2025": 0, "cls2025_name": "intact", "stratum": "AT32_intact", "lon": 24.935486065615102, "lat": -32.898538323610246}, "geometry": {"type": "Point", "coordinates": [24.935486065615102, -32.898538323610246]}}, {"type": "Feature", "properties": {"id": 1437, "source": "new", "mapcode": "AT32", "vegtype": "Fish Valley Thicket", "efg": "ValleyThicket", "efg_id": 2, "cls2022": 0, "cls2022_name": "intact", "cls2025": 0, "cls2025_name": "intact", "stratum": "AT32_intact", "lon": 25.279051292983876, "lat": -32.95056265618779}, "geometry": {"type": "Point", "coordinates": [25.279051292983876, -32.95056265618779]}}, {"type": "Feature", "properties": {"id": 1438, "source": "new", "mapcode": "AT32", "vegtype": "Fish Valley Thicket", "efg": "ValleyThicket", "efg_id": 2, "cls2022": 0, "cls2022_name": "intact", "cls2025": 0, "cls2025_name": "intact", "stratum": "AT32_intact", "lon": 26.88281130753824, "lat": -33.102007678346915}, "geometry": {"type": "Point", "coordinates": [26.88281130753824, -33.102007678346915]}}, {"type": "Feature", "properties": {"id": 1439, "source": "new", "mapcode": "AT32", "vegtype": "Fish Valley Thicket", "efg": "ValleyThicket", "efg_id": 2, "cls2022": 0, "cls2022_name": "intact", "cls2025": 0, "cls2025_name": "intact", "stratum": "AT32_intact", "lon": 26.576553858861526, "lat": -33.031944580087824}, "geometry": {"type": "Point", "coordinates": [26.576553858861526, -33.031944580087824]}}, {"type": "Feature", "properties": {"id": 1440, "source": "new", "mapcode": "AT32", "vegtype": "Fish Valley Thicket", "efg": "ValleyThicket", "efg_id": 2, "cls2022": 0, "cls2022_name": "intact", "cls2025": 0, "cls2025_name": "intact", "stratum": "AT32_intact", "lon": 26.852618647326366, "lat": -33.08496200847997}, "geometry": {"type": "Point", "coordinates": [26.852618647326366, -33.08496200847997]}}, {"type": "Feature", "properties": {"id": 1441, "source": "new", "mapcode": "AT32", "vegtype": "Fish Valley Thicket", "efg": "ValleyThicket", "efg_id": 2, "cls2022": 0, "cls2022_name": "intact", "cls2025": 0, "cls2025_name": "intact", "stratum": "AT32_intact", "lon": 26.438465566826288, "lat": -33.04800301142705}, "geometry": {"type": "Point", "coordinates": [26.438465566826288, -33.04800301142705]}}, {"type": "Feature", "properties": {"id": 1442, "source": "new", "mapcode": "AT32", "vegtype": "Fish Valley Thicket", "efg": "ValleyThicket", "efg_id": 2, "cls2022": 0, "cls2022_name": "intact", "cls2025": 1, "cls2025_name": "moderate", "stratum": "AT32_intact", "lon": 24.894886221364356, "lat": -32.95046350296115}, "geometry": {"type": "Point", "coordinates": [24.894886221364356, -32.95046350296115]}}, {"type": "Feature", "properties": {"id": 1443, "source": "new", "mapcode": "AT32", "vegtype": "Fish Valley Thicket", "efg": "ValleyThicket", "efg_id": 2, "cls2022": 0, "cls2022_name": "intact", "cls2025": 0, "cls2025_name": "intact", "stratum": "AT32_intact", "lon": 26.62535953090303, "lat": -32.96865207317784}, "geometry": {"type": "Point", "coordinates": [26.62535953090303, -32.96865207317784]}}, {"type": "Feature", "properties": {"id": 1444, "source": "new", "mapcode": "AT32", "vegtype": "Fish Valley Thicket", "efg": "ValleyThicket", "efg_id": 2, "cls2022": 0, "cls2022_name": "intact", "cls2025": 0, "cls2025_name": "intact", "stratum": "AT32_intact", "lon": 25.230193821634785, "lat": -32.97598779014678}, "geometry": {"type": "Point", "coordinates": [25.230193821634785, -32.97598779014678]}}, {"type": "Feature", "properties": {"id": 1445, "source": "new", "mapcode": "AT32", "vegtype": "Fish Valley Thicket", "efg": "ValleyThicket", "efg_id": 2, "cls2022": 0, "cls2022_name": "intact", "cls2025": 1, "cls2025_name": "moderate", "stratum": "AT32_intact", "lon": 24.95354900714301, "lat": -32.925531701992945}, "geometry": {"type": "Point", "coordinates": [24.95354900714301, -32.925531701992945]}}, {"type": "Feature", "properties": {"id": 1446, "source": "new", "mapcode": "AT32", "vegtype": "Fish Valley Thicket", "efg": "ValleyThicket", "efg_id": 2, "cls2022": 0, "cls2022_name": "intact", "cls2025": 0, "cls2025_name": "intact", "stratum": "AT32_intact", "lon": 25.96371315829421, "lat": -32.55408731546842}, "geometry": {"type": "Point", "coordinates": [25.96371315829421, -32.55408731546842]}}, {"type": "Feature", "properties": {"id": 1447, "source": "new", "mapcode": "AT32", "vegtype": "Fish Valley Thicket", "efg": "ValleyThicket", "efg_id": 2, "cls2022": 0, "cls2022_name": "intact", "cls2025": 0, "cls2025_name": "intact", "stratum": "AT32_intact", "lon": 26.819674768355842, "lat": -33.026592697050404}, "geometry": {"type": "Point", "coordinates": [26.819674768355842, -33.026592697050404]}}, {"type": "Feature", "properties": {"id": 1448, "source": "new", "mapcode": "AT32", "vegtype": "Fish Valley Thicket", "efg": "ValleyThicket", "efg_id": 2, "cls2022": 0, "cls2022_name": "intact", "cls2025": 0, "cls2025_name": "intact", "stratum": "AT32_intact", "lon": 26.4238591390001, "lat": -33.05059296975191}, "geometry": {"type": "Point", "coordinates": [26.4238591390001, -33.05059296975191]}}, {"type": "Feature", "properties": {"id": 1449, "source": "new", "mapcode": "AT32", "vegtype": "Fish Valley Thicket", "efg": "ValleyThicket", "efg_id": 2, "cls2022": 0, "cls2022_name": "intact", "cls2025": 0, "cls2025_name": "intact", "stratum": "AT32_intact", "lon": 26.839187548389628, "lat": -33.074878044835565}, "geometry": {"type": "Point", "coordinates": [26.839187548389628, -33.074878044835565]}}, {"type": "Feature", "properties": {"id": 1450, "source": "new", "mapcode": "AT32", "vegtype": "Fish Valley Thicket", "efg": "ValleyThicket", "efg_id": 2, "cls2022": 0, "cls2022_name": "intact", "cls2025": 0, "cls2025_name": "intact", "stratum": "AT32_intact", "lon": 26.76016174443082, "lat": -33.008753630471}, "geometry": {"type": "Point", "coordinates": [26.76016174443082, -33.008753630471]}}, {"type": "Feature", "properties": {"id": 1451, "source": "new", "mapcode": "AT32", "vegtype": "Fish Valley Thicket", "efg": "ValleyThicket", "efg_id": 2, "cls2022": 0, "cls2022_name": "intact", "cls2025": 0, "cls2025_name": "intact", "stratum": "AT32_intact", "lon": 25.966910085906267, "lat": -32.43562940267435}, "geometry": {"type": "Point", "coordinates": [25.966910085906267, -32.43562940267435]}}, {"type": "Feature", "properties": {"id": 1452, "source": "new", "mapcode": "AT32", "vegtype": "Fish Valley Thicket", "efg": "ValleyThicket", "efg_id": 2, "cls2022": 0, "cls2022_name": "intact", "cls2025": 1, "cls2025_name": "moderate", "stratum": "AT32_intact", "lon": 25.26468959960136, "lat": -32.84609153339777}, "geometry": {"type": "Point", "coordinates": [25.26468959960136, -32.84609153339777]}}, {"type": "Feature", "properties": {"id": 1453, "source": "new", "mapcode": "AT32", "vegtype": "Fish Valley Thicket", "efg": "ValleyThicket", "efg_id": 2, "cls2022": 0, "cls2022_name": "intact", "cls2025": 0, "cls2025_name": "intact", "stratum": "AT32_intact", "lon": 26.33121907660709, "lat": -33.03688299089663}, "geometry": {"type": "Point", "coordinates": [26.33121907660709, -33.03688299089663]}}, {"type": "Feature", "properties": {"id": 1454, "source": "new", "mapcode": "AT32", "vegtype": "Fish Valley Thicket", "efg": "ValleyThicket", "efg_id": 2, "cls2022": 0, "cls2022_name": "intact", "cls2025": 1, "cls2025_name": "moderate", "stratum": "AT32_intact", "lon": 26.998242887544627, "lat": -33.267867425265706}, "geometry": {"type": "Point", "coordinates": [26.998242887544627, -33.267867425265706]}}, {"type": "Feature", "properties": {"id": 1455, "source": "new", "mapcode": "AT32", "vegtype": "Fish Valley Thicket", "efg": "ValleyThicket", "efg_id": 2, "cls2022": 0, "cls2022_name": "intact", "cls2025": 0, "cls2025_name": "intact", "stratum": "AT32_intact", "lon": 26.640660741098554, "lat": -32.664916720697654}, "geometry": {"type": "Point", "coordinates": [26.640660741098554, -32.664916720697654]}}, {"type": "Feature", "properties": {"id": 1456, "source": "new", "mapcode": "AT32", "vegtype": "Fish Valley Thicket", "efg": "ValleyThicket", "efg_id": 2, "cls2022": 0, "cls2022_name": "intact", "cls2025": 0, "cls2025_name": "intact", "stratum": "AT32_intact", "lon": 26.753431998033, "lat": -32.6793912142372}, "geometry": {"type": "Point", "coordinates": [26.753431998033, -32.6793912142372]}}, {"type": "Feature", "properties": {"id": 1457, "source": "new", "mapcode": "AT32", "vegtype": "Fish Valley Thicket", "efg": "ValleyThicket", "efg_id": 2, "cls2022": 0, "cls2022_name": "intact", "cls2025": 0, "cls2025_name": "intact", "stratum": "AT32_intact", "lon": 27.021986244352135, "lat": -33.23595232189979}, "geometry": {"type": "Point", "coordinates": [27.021986244352135, -33.23595232189979]}}, {"type": "Feature", "properties": {"id": 1458, "source": "new", "mapcode": "AT32", "vegtype": "Fish Valley Thicket", "efg": "ValleyThicket", "efg_id": 2, "cls2022": 0, "cls2022_name": "intact", "cls2025": 0, "cls2025_name": "intact", "stratum": "AT32_intact", "lon": 26.67111723866343, "lat": -32.95444543840357}, "geometry": {"type": "Point", "coordinates": [26.67111723866343, -32.95444543840357]}}, {"type": "Feature", "properties": {"id": 1459, "source": "new", "mapcode": "AT32", "vegtype": "Fish Valley Thicket", "efg": "ValleyThicket", "efg_id": 2, "cls2022": 0, "cls2022_name": "intact", "cls2025": 1, "cls2025_name": "moderate", "stratum": "AT32_intact", "lon": 25.634929254379447, "lat": -32.942025346343236}, "geometry": {"type": "Point", "coordinates": [25.634929254379447, -32.942025346343236]}}, {"type": "Feature", "properties": {"id": 1460, "source": "new", "mapcode": "AT32", "vegtype": "Fish Valley Thicket", "efg": "ValleyThicket", "efg_id": 2, "cls2022": 0, "cls2022_name": "intact", "cls2025": 0, "cls2025_name": "intact", "stratum": "AT32_intact", "lon": 26.86503073287514, "lat": -33.12575518409803}, "geometry": {"type": "Point", "coordinates": [26.86503073287514, -33.12575518409803]}}, {"type": "Feature", "properties": {"id": 1461, "source": "new", "mapcode": "AT32", "vegtype": "Fish Valley Thicket", "efg": "ValleyThicket", "efg_id": 2, "cls2022": 0, "cls2022_name": "intact", "cls2025": 0, "cls2025_name": "intact", "stratum": "AT32_intact", "lon": 26.39338122878133, "lat": -33.0554059766184}, "geometry": {"type": "Point", "coordinates": [26.39338122878133, -33.0554059766184]}}, {"type": "Feature", "properties": {"id": 1462, "source": "new", "mapcode": "AT32", "vegtype": "Fish Valley Thicket", "efg": "ValleyThicket", "efg_id": 2, "cls2022": 1, "cls2022_name": "moderate", "cls2025": 0, "cls2025_name": "intact", "stratum": "AT32_moderate", "lon": 25.67693156747567, "lat": -32.570359405117394}, "geometry": {"type": "Point", "coordinates": [25.67693156747567, -32.570359405117394]}}, {"type": "Feature", "properties": {"id": 1463, "source": "new", "mapcode": "AT32", "vegtype": "Fish Valley Thicket", "efg": "ValleyThicket", "efg_id": 2, "cls2022": 1, "cls2022_name": "moderate", "cls2025": 1, "cls2025_name": "moderate", "stratum": "AT32_moderate", "lon": 26.730689972397105, "lat": -32.99936612242232}, "geometry": {"type": "Point", "coordinates": [26.730689972397105, -32.99936612242232]}}, {"type": "Feature", "properties": {"id": 1464, "source": "new", "mapcode": "AT32", "vegtype": "Fish Valley Thicket", "efg": "ValleyThicket", "efg_id": 2, "cls2022": 1, "cls2022_name": "moderate", "cls2025": 2, "cls2025_name": "severe", "stratum": "AT32_moderate", "lon": 26.581429927066907, "lat": -33.05248543494478}, "geometry": {"type": "Point", "coordinates": [26.581429927066907, -33.05248543494478]}}, {"type": "Feature", "properties": {"id": 1465, "source": "new", "mapcode": "AT32", "vegtype": "Fish Valley Thicket", "efg": "ValleyThicket", "efg_id": 2, "cls2022": 1, "cls2022_name": "moderate", "cls2025": 1, "cls2025_name": "moderate", "stratum": "AT32_moderate", "lon": 26.721617187516465, "lat": -33.11835682809344}, "geometry": {"type": "Point", "coordinates": [26.721617187516465, -33.11835682809344]}}, {"type": "Feature", "properties": {"id": 1466, "source": "new", "mapcode": "AT32", "vegtype": "Fish Valley Thicket", "efg": "ValleyThicket", "efg_id": 2, "cls2022": 1, "cls2022_name": "moderate", "cls2025": 0, "cls2025_name": "intact", "stratum": "AT32_moderate", "lon": 26.955132173599225, "lat": -33.29418895785778}, "geometry": {"type": "Point", "coordinates": [26.955132173599225, -33.29418895785778]}}, {"type": "Feature", "properties": {"id": 1467, "source": "new", "mapcode": "AT32", "vegtype": "Fish Valley Thicket", "efg": "ValleyThicket", "efg_id": 2, "cls2022": 1, "cls2022_name": "moderate", "cls2025": 2, "cls2025_name": "severe", "stratum": "AT32_moderate", "lon": 25.89629682147709, "lat": -32.99953496977169}, "geometry": {"type": "Point", "coordinates": [25.89629682147709, -32.99953496977169]}}, {"type": "Feature", "properties": {"id": 1468, "source": "new", "mapcode": "AT32", "vegtype": "Fish Valley Thicket", "efg": "ValleyThicket", "efg_id": 2, "cls2022": 1, "cls2022_name": "moderate", "cls2025": 0, "cls2025_name": "intact", "stratum": "AT32_moderate", "lon": 26.836098802579798, "lat": -33.05280938104831}, "geometry": {"type": "Point", "coordinates": [26.836098802579798, -33.05280938104831]}}, {"type": "Feature", "properties": {"id": 1469, "source": "new", "mapcode": "AT32", "vegtype": "Fish Valley Thicket", "efg": "ValleyThicket", "efg_id": 2, "cls2022": 1, "cls2022_name": "moderate", "cls2025": 1, "cls2025_name": "moderate", "stratum": "AT32_moderate", "lon": 25.625079655046775, "lat": -32.41673507177673}, "geometry": {"type": "Point", "coordinates": [25.625079655046775, -32.41673507177673]}}, {"type": "Feature", "properties": {"id": 1470, "source": "new", "mapcode": "AT32", "vegtype": "Fish Valley Thicket", "efg": "ValleyThicket", "efg_id": 2, "cls2022": 1, "cls2022_name": "moderate", "cls2025": 1, "cls2025_name": "moderate", "stratum": "AT32_moderate", "lon": 25.84685426637384, "lat": -32.938643383610646}, "geometry": {"type": "Point", "coordinates": [25.84685426637384, -32.938643383610646]}}, {"type": "Feature", "properties": {"id": 1471, "source": "new", "mapcode": "AT32", "vegtype": "Fish Valley Thicket", "efg": "ValleyThicket", "efg_id": 2, "cls2022": 1, "cls2022_name": "moderate", "cls2025": 2, "cls2025_name": "severe", "stratum": "AT32_moderate", "lon": 26.66908065354843, "lat": -32.62426752369217}, "geometry": {"type": "Point", "coordinates": [26.66908065354843, -32.62426752369217]}}, {"type": "Feature", "properties": {"id": 1472, "source": "new", "mapcode": "AT32", "vegtype": "Fish Valley Thicket", "efg": "ValleyThicket", "efg_id": 2, "cls2022": 1, "cls2022_name": "moderate", "cls2025": 2, "cls2025_name": "severe", "stratum": "AT32_moderate", "lon": 25.266955967200865, "lat": -32.636423153601434}, "geometry": {"type": "Point", "coordinates": [25.266955967200865, -32.636423153601434]}}, {"type": "Feature", "properties": {"id": 1473, "source": "new", "mapcode": "AT32", "vegtype": "Fish Valley Thicket", "efg": "ValleyThicket", "efg_id": 2, "cls2022": 1, "cls2022_name": "moderate", "cls2025": 1, "cls2025_name": "moderate", "stratum": "AT32_moderate", "lon": 25.881523966834635, "lat": -32.934395889711766}, "geometry": {"type": "Point", "coordinates": [25.881523966834635, -32.934395889711766]}}, {"type": "Feature", "properties": {"id": 1474, "source": "new", "mapcode": "AT32", "vegtype": "Fish Valley Thicket", "efg": "ValleyThicket", "efg_id": 2, "cls2022": 1, "cls2022_name": "moderate", "cls2025": 1, "cls2025_name": "moderate", "stratum": "AT32_moderate", "lon": 26.534473077630196, "lat": -33.201357084008535}, "geometry": {"type": "Point", "coordinates": [26.534473077630196, -33.201357084008535]}}, {"type": "Feature", "properties": {"id": 1475, "source": "new", "mapcode": "AT32", "vegtype": "Fish Valley Thicket", "efg": "ValleyThicket", "efg_id": 2, "cls2022": 1, "cls2022_name": "moderate", "cls2025": 1, "cls2025_name": "moderate", "stratum": "AT32_moderate", "lon": 25.728119683893276, "lat": -32.98696160950979}, "geometry": {"type": "Point", "coordinates": [25.728119683893276, -32.98696160950979]}}, {"type": "Feature", "properties": {"id": 1476, "source": "new", "mapcode": "AT32", "vegtype": "Fish Valley Thicket", "efg": "ValleyThicket", "efg_id": 2, "cls2022": 1, "cls2022_name": "moderate", "cls2025": 2, "cls2025_name": "severe", "stratum": "AT32_moderate", "lon": 25.73468392609434, "lat": -32.648561419237744}, "geometry": {"type": "Point", "coordinates": [25.73468392609434, -32.648561419237744]}}, {"type": "Feature", "properties": {"id": 1477, "source": "new", "mapcode": "AT32", "vegtype": "Fish Valley Thicket", "efg": "ValleyThicket", "efg_id": 2, "cls2022": 1, "cls2022_name": "moderate", "cls2025": 1, "cls2025_name": "moderate", "stratum": "AT32_moderate", "lon": 26.7463022438206, "lat": -33.02777144436936}, "geometry": {"type": "Point", "coordinates": [26.7463022438206, -33.02777144436936]}}, {"type": "Feature", "properties": {"id": 1478, "source": "new", "mapcode": "AT32", "vegtype": "Fish Valley Thicket", "efg": "ValleyThicket", "efg_id": 2, "cls2022": 1, "cls2022_name": "moderate", "cls2025": 1, "cls2025_name": "moderate", "stratum": "AT32_moderate", "lon": 26.48554928932824, "lat": -33.0183519652954}, "geometry": {"type": "Point", "coordinates": [26.48554928932824, -33.0183519652954]}}, {"type": "Feature", "properties": {"id": 1479, "source": "new", "mapcode": "AT32", "vegtype": "Fish Valley Thicket", "efg": "ValleyThicket", "efg_id": 2, "cls2022": 1, "cls2022_name": "moderate", "cls2025": 1, "cls2025_name": "moderate", "stratum": "AT32_moderate", "lon": 25.449539930860812, "lat": -32.64821607395188}, "geometry": {"type": "Point", "coordinates": [25.449539930860812, -32.64821607395188]}}, {"type": "Feature", "properties": {"id": 1480, "source": "new", "mapcode": "AT32", "vegtype": "Fish Valley Thicket", "efg": "ValleyThicket", "efg_id": 2, "cls2022": 1, "cls2022_name": "moderate", "cls2025": 1, "cls2025_name": "moderate", "stratum": "AT32_moderate", "lon": 25.993260999899228, "lat": -32.600673221802474}, "geometry": {"type": "Point", "coordinates": [25.993260999899228, -32.600673221802474]}}, {"type": "Feature", "properties": {"id": 1481, "source": "new", "mapcode": "AT32", "vegtype": "Fish Valley Thicket", "efg": "ValleyThicket", "efg_id": 2, "cls2022": 1, "cls2022_name": "moderate", "cls2025": 2, "cls2025_name": "severe", "stratum": "AT32_moderate", "lon": 25.89988531973596, "lat": -32.92266971371409}, "geometry": {"type": "Point", "coordinates": [25.89988531973596, -32.92266971371409]}}, {"type": "Feature", "properties": {"id": 1482, "source": "new", "mapcode": "AT32", "vegtype": "Fish Valley Thicket", "efg": "ValleyThicket", "efg_id": 2, "cls2022": 1, "cls2022_name": "moderate", "cls2025": 1, "cls2025_name": "moderate", "stratum": "AT32_moderate", "lon": 25.861106443530357, "lat": -32.441649334614844}, "geometry": {"type": "Point", "coordinates": [25.861106443530357, -32.441649334614844]}}, {"type": "Feature", "properties": {"id": 1483, "source": "new", "mapcode": "AT32", "vegtype": "Fish Valley Thicket", "efg": "ValleyThicket", "efg_id": 2, "cls2022": 1, "cls2022_name": "moderate", "cls2025": 1, "cls2025_name": "moderate", "stratum": "AT32_moderate", "lon": 26.577087210947315, "lat": -32.98064089204615}, "geometry": {"type": "Point", "coordinates": [26.577087210947315, -32.98064089204615]}}, {"type": "Feature", "properties": {"id": 1484, "source": "new", "mapcode": "AT32", "vegtype": "Fish Valley Thicket", "efg": "ValleyThicket", "efg_id": 2, "cls2022": 1, "cls2022_name": "moderate", "cls2025": 1, "cls2025_name": "moderate", "stratum": "AT32_moderate", "lon": 25.705690782112498, "lat": -32.885002373515}, "geometry": {"type": "Point", "coordinates": [25.705690782112498, -32.885002373515]}}, {"type": "Feature", "properties": {"id": 1485, "source": "new", "mapcode": "AT32", "vegtype": "Fish Valley Thicket", "efg": "ValleyThicket", "efg_id": 2, "cls2022": 1, "cls2022_name": "moderate", "cls2025": 1, "cls2025_name": "moderate", "stratum": "AT32_moderate", "lon": 26.66761311334964, "lat": -32.87477969782967}, "geometry": {"type": "Point", "coordinates": [26.66761311334964, -32.87477969782967]}}, {"type": "Feature", "properties": {"id": 1486, "source": "new", "mapcode": "AT32", "vegtype": "Fish Valley Thicket", "efg": "ValleyThicket", "efg_id": 2, "cls2022": 1, "cls2022_name": "moderate", "cls2025": 1, "cls2025_name": "moderate", "stratum": "AT32_moderate", "lon": 25.905888767172247, "lat": -32.92172947790183}, "geometry": {"type": "Point", "coordinates": [25.905888767172247, -32.92172947790183]}}, {"type": "Feature", "properties": {"id": 1487, "source": "new", "mapcode": "AT32", "vegtype": "Fish Valley Thicket", "efg": "ValleyThicket", "efg_id": 2, "cls2022": 1, "cls2022_name": "moderate", "cls2025": 0, "cls2025_name": "intact", "stratum": "AT32_moderate", "lon": 25.883953842866212, "lat": -32.70521806008259}, "geometry": {"type": "Point", "coordinates": [25.883953842866212, -32.70521806008259]}}, {"type": "Feature", "properties": {"id": 1488, "source": "new", "mapcode": "AT32", "vegtype": "Fish Valley Thicket", "efg": "ValleyThicket", "efg_id": 2, "cls2022": 1, "cls2022_name": "moderate", "cls2025": 1, "cls2025_name": "moderate", "stratum": "AT32_moderate", "lon": 26.364640076794206, "lat": -32.705622881748255}, "geometry": {"type": "Point", "coordinates": [26.364640076794206, -32.705622881748255]}}, {"type": "Feature", "properties": {"id": 1489, "source": "new", "mapcode": "AT32", "vegtype": "Fish Valley Thicket", "efg": "ValleyThicket", "efg_id": 2, "cls2022": 1, "cls2022_name": "moderate", "cls2025": 1, "cls2025_name": "moderate", "stratum": "AT32_moderate", "lon": 25.892072853687225, "lat": -32.77464127537886}, "geometry": {"type": "Point", "coordinates": [25.892072853687225, -32.77464127537886]}}, {"type": "Feature", "properties": {"id": 1490, "source": "new", "mapcode": "AT32", "vegtype": "Fish Valley Thicket", "efg": "ValleyThicket", "efg_id": 2, "cls2022": 1, "cls2022_name": "moderate", "cls2025": 2, "cls2025_name": "severe", "stratum": "AT32_moderate", "lon": 26.052964250883687, "lat": -32.362465652110096}, "geometry": {"type": "Point", "coordinates": [26.052964250883687, -32.362465652110096]}}, {"type": "Feature", "properties": {"id": 1491, "source": "new", "mapcode": "AT32", "vegtype": "Fish Valley Thicket", "efg": "ValleyThicket", "efg_id": 2, "cls2022": 1, "cls2022_name": "moderate", "cls2025": 2, "cls2025_name": "severe", "stratum": "AT32_moderate", "lon": 25.62131442346641, "lat": -32.91044672272772}, "geometry": {"type": "Point", "coordinates": [25.62131442346641, -32.91044672272772]}}, {"type": "Feature", "properties": {"id": 1492, "source": "new", "mapcode": "AT32", "vegtype": "Fish Valley Thicket", "efg": "ValleyThicket", "efg_id": 2, "cls2022": 1, "cls2022_name": "moderate", "cls2025": 1, "cls2025_name": "moderate", "stratum": "AT32_moderate", "lon": 26.057938450045683, "lat": -32.53186560307677}, "geometry": {"type": "Point", "coordinates": [26.057938450045683, -32.53186560307677]}}, {"type": "Feature", "properties": {"id": 1493, "source": "new", "mapcode": "AT32", "vegtype": "Fish Valley Thicket", "efg": "ValleyThicket", "efg_id": 2, "cls2022": 1, "cls2022_name": "moderate", "cls2025": 1, "cls2025_name": "moderate", "stratum": "AT32_moderate", "lon": 26.76517804079815, "lat": -32.692663411691306}, "geometry": {"type": "Point", "coordinates": [26.76517804079815, -32.692663411691306]}}, {"type": "Feature", "properties": {"id": 1494, "source": "new", "mapcode": "AT32", "vegtype": "Fish Valley Thicket", "efg": "ValleyThicket", "efg_id": 2, "cls2022": 1, "cls2022_name": "moderate", "cls2025": 1, "cls2025_name": "moderate", "stratum": "AT32_moderate", "lon": 26.091295228369372, "lat": -32.3638509608694}, "geometry": {"type": "Point", "coordinates": [26.091295228369372, -32.3638509608694]}}, {"type": "Feature", "properties": {"id": 1495, "source": "new", "mapcode": "AT32", "vegtype": "Fish Valley Thicket", "efg": "ValleyThicket", "efg_id": 2, "cls2022": 1, "cls2022_name": "moderate", "cls2025": 1, "cls2025_name": "moderate", "stratum": "AT32_moderate", "lon": 25.331650934679132, "lat": -32.623207512779295}, "geometry": {"type": "Point", "coordinates": [25.331650934679132, -32.623207512779295]}}, {"type": "Feature", "properties": {"id": 1496, "source": "new", "mapcode": "AT32", "vegtype": "Fish Valley Thicket", "efg": "ValleyThicket", "efg_id": 2, "cls2022": 1, "cls2022_name": "moderate", "cls2025": 1, "cls2025_name": "moderate", "stratum": "AT32_moderate", "lon": 26.105650015493175, "lat": -32.475688566627014}, "geometry": {"type": "Point", "coordinates": [26.105650015493175, -32.475688566627014]}}, {"type": "Feature", "properties": {"id": 1497, "source": "new", "mapcode": "AT32", "vegtype": "Fish Valley Thicket", "efg": "ValleyThicket", "efg_id": 2, "cls2022": 1, "cls2022_name": "moderate", "cls2025": 2, "cls2025_name": "severe", "stratum": "AT32_moderate", "lon": 26.11036370440138, "lat": -32.344354968556296}, "geometry": {"type": "Point", "coordinates": [26.11036370440138, -32.344354968556296]}}, {"type": "Feature", "properties": {"id": 1498, "source": "new", "mapcode": "AT32", "vegtype": "Fish Valley Thicket", "efg": "ValleyThicket", "efg_id": 2, "cls2022": 1, "cls2022_name": "moderate", "cls2025": 1, "cls2025_name": "moderate", "stratum": "AT32_moderate", "lon": 25.840434304568326, "lat": -32.49939921136125}, "geometry": {"type": "Point", "coordinates": [25.840434304568326, -32.49939921136125]}}, {"type": "Feature", "properties": {"id": 1499, "source": "new", "mapcode": "AT32", "vegtype": "Fish Valley Thicket", "efg": "ValleyThicket", "efg_id": 2, "cls2022": 1, "cls2022_name": "moderate", "cls2025": 1, "cls2025_name": "moderate", "stratum": "AT32_moderate", "lon": 25.3056229121901, "lat": -32.72914250566344}, "geometry": {"type": "Point", "coordinates": [25.3056229121901, -32.72914250566344]}}, {"type": "Feature", "properties": {"id": 1500, "source": "new", "mapcode": "AT32", "vegtype": "Fish Valley Thicket", "efg": "ValleyThicket", "efg_id": 2, "cls2022": 1, "cls2022_name": "moderate", "cls2025": 1, "cls2025_name": "moderate", "stratum": "AT32_moderate", "lon": 26.256481345814283, "lat": -32.65196547644364}, "geometry": {"type": "Point", "coordinates": [26.256481345814283, -32.65196547644364]}}, {"type": "Feature", "properties": {"id": 1501, "source": "new", "mapcode": "AT32", "vegtype": "Fish Valley Thicket", "efg": "ValleyThicket", "efg_id": 2, "cls2022": 1, "cls2022_name": "moderate", "cls2025": 1, "cls2025_name": "moderate", "stratum": "AT32_moderate", "lon": 26.72368905522994, "lat": -33.13869379104473}, "geometry": {"type": "Point", "coordinates": [26.72368905522994, -33.13869379104473]}}, {"type": "Feature", "properties": {"id": 1502, "source": "new", "mapcode": "AT32", "vegtype": "Fish Valley Thicket", "efg": "ValleyThicket", "efg_id": 2, "cls2022": 1, "cls2022_name": "moderate", "cls2025": 1, "cls2025_name": "moderate", "stratum": "AT32_moderate", "lon": 25.65891825232656, "lat": -32.5588330510729}, "geometry": {"type": "Point", "coordinates": [25.65891825232656, -32.5588330510729]}}, {"type": "Feature", "properties": {"id": 1503, "source": "new", "mapcode": "AT32", "vegtype": "Fish Valley Thicket", "efg": "ValleyThicket", "efg_id": 2, "cls2022": 1, "cls2022_name": "moderate", "cls2025": 1, "cls2025_name": "moderate", "stratum": "AT32_moderate", "lon": 25.659629829835424, "lat": -32.62080441070996}, "geometry": {"type": "Point", "coordinates": [25.659629829835424, -32.62080441070996]}}, {"type": "Feature", "properties": {"id": 1504, "source": "new", "mapcode": "AT32", "vegtype": "Fish Valley Thicket", "efg": "ValleyThicket", "efg_id": 2, "cls2022": 1, "cls2022_name": "moderate", "cls2025": 1, "cls2025_name": "moderate", "stratum": "AT32_moderate", "lon": 25.73100991703164, "lat": -32.64080244777721}, "geometry": {"type": "Point", "coordinates": [25.73100991703164, -32.64080244777721]}}, {"type": "Feature", "properties": {"id": 1505, "source": "new", "mapcode": "AT32", "vegtype": "Fish Valley Thicket", "efg": "ValleyThicket", "efg_id": 2, "cls2022": 1, "cls2022_name": "moderate", "cls2025": 2, "cls2025_name": "severe", "stratum": "AT32_moderate", "lon": 25.908536574303945, "lat": -32.96305872149596}, "geometry": {"type": "Point", "coordinates": [25.908536574303945, -32.96305872149596]}}, {"type": "Feature", "properties": {"id": 1506, "source": "new", "mapcode": "AT32", "vegtype": "Fish Valley Thicket", "efg": "ValleyThicket", "efg_id": 2, "cls2022": 1, "cls2022_name": "moderate", "cls2025": 1, "cls2025_name": "moderate", "stratum": "AT32_moderate", "lon": 25.24332584217224, "lat": -32.534127919794926}, "geometry": {"type": "Point", "coordinates": [25.24332584217224, -32.534127919794926]}}, {"type": "Feature", "properties": {"id": 1507, "source": "new", "mapcode": "AT32", "vegtype": "Fish Valley Thicket", "efg": "ValleyThicket", "efg_id": 2, "cls2022": 1, "cls2022_name": "moderate", "cls2025": 1, "cls2025_name": "moderate", "stratum": "AT32_moderate", "lon": 25.789140077303454, "lat": -32.61693771847951}, "geometry": {"type": "Point", "coordinates": [25.789140077303454, -32.61693771847951]}}, {"type": "Feature", "properties": {"id": 1508, "source": "new", "mapcode": "AT32", "vegtype": "Fish Valley Thicket", "efg": "ValleyThicket", "efg_id": 2, "cls2022": 1, "cls2022_name": "moderate", "cls2025": 1, "cls2025_name": "moderate", "stratum": "AT32_moderate", "lon": 25.852357138235796, "lat": -32.94373416497776}, "geometry": {"type": "Point", "coordinates": [25.852357138235796, -32.94373416497776]}}, {"type": "Feature", "properties": {"id": 1509, "source": "new", "mapcode": "AT32", "vegtype": "Fish Valley Thicket", "efg": "ValleyThicket", "efg_id": 2, "cls2022": 1, "cls2022_name": "moderate", "cls2025": 1, "cls2025_name": "moderate", "stratum": "AT32_moderate", "lon": 25.53267800688511, "lat": -32.86862069439576}, "geometry": {"type": "Point", "coordinates": [25.53267800688511, -32.86862069439576]}}, {"type": "Feature", "properties": {"id": 1510, "source": "new", "mapcode": "AT32", "vegtype": "Fish Valley Thicket", "efg": "ValleyThicket", "efg_id": 2, "cls2022": 1, "cls2022_name": "moderate", "cls2025": 1, "cls2025_name": "moderate", "stratum": "AT32_moderate", "lon": 26.83988374368604, "lat": -32.56311412757301}, "geometry": {"type": "Point", "coordinates": [26.83988374368604, -32.56311412757301]}}, {"type": "Feature", "properties": {"id": 1511, "source": "new", "mapcode": "AT32", "vegtype": "Fish Valley Thicket", "efg": "ValleyThicket", "efg_id": 2, "cls2022": 1, "cls2022_name": "moderate", "cls2025": 2, "cls2025_name": "severe", "stratum": "AT32_moderate", "lon": 25.87670863570819, "lat": -32.90918651044983}, "geometry": {"type": "Point", "coordinates": [25.87670863570819, -32.90918651044983]}}, {"type": "Feature", "properties": {"id": 1512, "source": "new", "mapcode": "AT32", "vegtype": "Fish Valley Thicket", "efg": "ValleyThicket", "efg_id": 2, "cls2022": 1, "cls2022_name": "moderate", "cls2025": 1, "cls2025_name": "moderate", "stratum": "AT32_moderate", "lon": 24.859970258021036, "lat": -32.90434537361503}, "geometry": {"type": "Point", "coordinates": [24.859970258021036, -32.90434537361503]}}, {"type": "Feature", "properties": {"id": 1513, "source": "new", "mapcode": "AT32", "vegtype": "Fish Valley Thicket", "efg": "ValleyThicket", "efg_id": 2, "cls2022": 1, "cls2022_name": "moderate", "cls2025": 1, "cls2025_name": "moderate", "stratum": "AT32_moderate", "lon": 26.514616771857142, "lat": -33.0939745481444}, "geometry": {"type": "Point", "coordinates": [26.514616771857142, -33.0939745481444]}}, {"type": "Feature", "properties": {"id": 1514, "source": "new", "mapcode": "AT32", "vegtype": "Fish Valley Thicket", "efg": "ValleyThicket", "efg_id": 2, "cls2022": 1, "cls2022_name": "moderate", "cls2025": 1, "cls2025_name": "moderate", "stratum": "AT32_moderate", "lon": 25.522241356461016, "lat": -32.87158660916874}, "geometry": {"type": "Point", "coordinates": [25.522241356461016, -32.87158660916874]}}, {"type": "Feature", "properties": {"id": 1515, "source": "new", "mapcode": "AT32", "vegtype": "Fish Valley Thicket", "efg": "ValleyThicket", "efg_id": 2, "cls2022": 1, "cls2022_name": "moderate", "cls2025": 1, "cls2025_name": "moderate", "stratum": "AT32_moderate", "lon": 25.111715218627815, "lat": -32.95372479504809}, "geometry": {"type": "Point", "coordinates": [25.111715218627815, -32.95372479504809]}}, {"type": "Feature", "properties": {"id": 1516, "source": "new", "mapcode": "AT32", "vegtype": "Fish Valley Thicket", "efg": "ValleyThicket", "efg_id": 2, "cls2022": 1, "cls2022_name": "moderate", "cls2025": 1, "cls2025_name": "moderate", "stratum": "AT32_moderate", "lon": 25.802342822956536, "lat": -32.510615915335165}, "geometry": {"type": "Point", "coordinates": [25.802342822956536, -32.510615915335165]}}, {"type": "Feature", "properties": {"id": 1517, "source": "new", "mapcode": "AT32", "vegtype": "Fish Valley Thicket", "efg": "ValleyThicket", "efg_id": 2, "cls2022": 1, "cls2022_name": "moderate", "cls2025": 2, "cls2025_name": "severe", "stratum": "AT32_moderate", "lon": 25.752919872025643, "lat": -32.48361977433309}, "geometry": {"type": "Point", "coordinates": [25.752919872025643, -32.48361977433309]}}, {"type": "Feature", "properties": {"id": 1518, "source": "new", "mapcode": "AT32", "vegtype": "Fish Valley Thicket", "efg": "ValleyThicket", "efg_id": 2, "cls2022": 1, "cls2022_name": "moderate", "cls2025": 2, "cls2025_name": "severe", "stratum": "AT32_moderate", "lon": 26.2545283403142, "lat": -32.623606944346875}, "geometry": {"type": "Point", "coordinates": [26.2545283403142, -32.623606944346875]}}, {"type": "Feature", "properties": {"id": 1519, "source": "new", "mapcode": "AT32", "vegtype": "Fish Valley Thicket", "efg": "ValleyThicket", "efg_id": 2, "cls2022": 1, "cls2022_name": "moderate", "cls2025": 1, "cls2025_name": "moderate", "stratum": "AT32_moderate", "lon": 25.800409382786082, "lat": -32.964171766540645}, "geometry": {"type": "Point", "coordinates": [25.800409382786082, -32.964171766540645]}}, {"type": "Feature", "properties": {"id": 1520, "source": "new", "mapcode": "AT32", "vegtype": "Fish Valley Thicket", "efg": "ValleyThicket", "efg_id": 2, "cls2022": 1, "cls2022_name": "moderate", "cls2025": 1, "cls2025_name": "moderate", "stratum": "AT32_moderate", "lon": 25.79391971687103, "lat": -32.68415820488868}, "geometry": {"type": "Point", "coordinates": [25.79391971687103, -32.68415820488868]}}, {"type": "Feature", "properties": {"id": 1521, "source": "new", "mapcode": "AT32", "vegtype": "Fish Valley Thicket", "efg": "ValleyThicket", "efg_id": 2, "cls2022": 1, "cls2022_name": "moderate", "cls2025": 1, "cls2025_name": "moderate", "stratum": "AT32_moderate", "lon": 25.85153551869721, "lat": -32.52331403137821}, "geometry": {"type": "Point", "coordinates": [25.85153551869721, -32.52331403137821]}}, {"type": "Feature", "properties": {"id": 1522, "source": "new", "mapcode": "AT32", "vegtype": "Fish Valley Thicket", "efg": "ValleyThicket", "efg_id": 2, "cls2022": 1, "cls2022_name": "moderate", "cls2025": 2, "cls2025_name": "severe", "stratum": "AT32_moderate", "lon": 25.61850729547602, "lat": -32.92048669458008}, "geometry": {"type": "Point", "coordinates": [25.61850729547602, -32.92048669458008]}}, {"type": "Feature", "properties": {"id": 1523, "source": "new", "mapcode": "AT32", "vegtype": "Fish Valley Thicket", "efg": "ValleyThicket", "efg_id": 2, "cls2022": 1, "cls2022_name": "moderate", "cls2025": 1, "cls2025_name": "moderate", "stratum": "AT32_moderate", "lon": 26.03144052284812, "lat": -32.58175169433301}, "geometry": {"type": "Point", "coordinates": [26.03144052284812, -32.58175169433301]}}, {"type": "Feature", "properties": {"id": 1524, "source": "new", "mapcode": "AT32", "vegtype": "Fish Valley Thicket", "efg": "ValleyThicket", "efg_id": 2, "cls2022": 1, "cls2022_name": "moderate", "cls2025": 2, "cls2025_name": "severe", "stratum": "AT32_moderate", "lon": 26.73763856481017, "lat": -32.98101623102367}, "geometry": {"type": "Point", "coordinates": [26.73763856481017, -32.98101623102367]}}, {"type": "Feature", "properties": {"id": 1525, "source": "new", "mapcode": "AT32", "vegtype": "Fish Valley Thicket", "efg": "ValleyThicket", "efg_id": 2, "cls2022": 1, "cls2022_name": "moderate", "cls2025": 1, "cls2025_name": "moderate", "stratum": "AT32_moderate", "lon": 25.66378595825132, "lat": -32.89990952694371}, "geometry": {"type": "Point", "coordinates": [25.66378595825132, -32.89990952694371]}}, {"type": "Feature", "properties": {"id": 1526, "source": "new", "mapcode": "AT32", "vegtype": "Fish Valley Thicket", "efg": "ValleyThicket", "efg_id": 2, "cls2022": 1, "cls2022_name": "moderate", "cls2025": 1, "cls2025_name": "moderate", "stratum": "AT32_moderate", "lon": 26.682123250840718, "lat": -32.69371859960974}, "geometry": {"type": "Point", "coordinates": [26.682123250840718, -32.69371859960974]}}, {"type": "Feature", "properties": {"id": 1527, "source": "new", "mapcode": "AT32", "vegtype": "Fish Valley Thicket", "efg": "ValleyThicket", "efg_id": 2, "cls2022": 1, "cls2022_name": "moderate", "cls2025": 1, "cls2025_name": "moderate", "stratum": "AT32_moderate", "lon": 26.711004729792162, "lat": -32.871219246358656}, "geometry": {"type": "Point", "coordinates": [26.711004729792162, -32.871219246358656]}}, {"type": "Feature", "properties": {"id": 1528, "source": "new", "mapcode": "AT32", "vegtype": "Fish Valley Thicket", "efg": "ValleyThicket", "efg_id": 2, "cls2022": 1, "cls2022_name": "moderate", "cls2025": 1, "cls2025_name": "moderate", "stratum": "AT32_moderate", "lon": 25.252119306540948, "lat": -32.54090650056556}, "geometry": {"type": "Point", "coordinates": [25.252119306540948, -32.54090650056556]}}, {"type": "Feature", "properties": {"id": 1529, "source": "new", "mapcode": "AT32", "vegtype": "Fish Valley Thicket", "efg": "ValleyThicket", "efg_id": 2, "cls2022": 1, "cls2022_name": "moderate", "cls2025": 1, "cls2025_name": "moderate", "stratum": "AT32_moderate", "lon": 25.733870183893337, "lat": -32.69081689890858}, "geometry": {"type": "Point", "coordinates": [25.733870183893337, -32.69081689890858]}}, {"type": "Feature", "properties": {"id": 1530, "source": "new", "mapcode": "AT32", "vegtype": "Fish Valley Thicket", "efg": "ValleyThicket", "efg_id": 2, "cls2022": 1, "cls2022_name": "moderate", "cls2025": 1, "cls2025_name": "moderate", "stratum": "AT32_moderate", "lon": 25.198687017074988, "lat": -32.49678367668836}, "geometry": {"type": "Point", "coordinates": [25.198687017074988, -32.49678367668836]}}, {"type": "Feature", "properties": {"id": 1531, "source": "new", "mapcode": "AT32", "vegtype": "Fish Valley Thicket", "efg": "ValleyThicket", "efg_id": 2, "cls2022": 1, "cls2022_name": "moderate", "cls2025": 1, "cls2025_name": "moderate", "stratum": "AT32_moderate", "lon": 26.790109756037765, "lat": -32.99878233549886}, "geometry": {"type": "Point", "coordinates": [26.790109756037765, -32.99878233549886]}}, {"type": "Feature", "properties": {"id": 1532, "source": "new", "mapcode": "AT32", "vegtype": "Fish Valley Thicket", "efg": "ValleyThicket", "efg_id": 2, "cls2022": 1, "cls2022_name": "moderate", "cls2025": 2, "cls2025_name": "severe", "stratum": "AT32_moderate", "lon": 25.728976616122406, "lat": -32.649401599629705}, "geometry": {"type": "Point", "coordinates": [25.728976616122406, -32.649401599629705]}}, {"type": "Feature", "properties": {"id": 1533, "source": "new", "mapcode": "AT32", "vegtype": "Fish Valley Thicket", "efg": "ValleyThicket", "efg_id": 2, "cls2022": 1, "cls2022_name": "moderate", "cls2025": 1, "cls2025_name": "moderate", "stratum": "AT32_moderate", "lon": 25.94795855375427, "lat": -32.49607779812116}, "geometry": {"type": "Point", "coordinates": [25.94795855375427, -32.49607779812116]}}, {"type": "Feature", "properties": {"id": 1534, "source": "new", "mapcode": "AT32", "vegtype": "Fish Valley Thicket", "efg": "ValleyThicket", "efg_id": 2, "cls2022": 2, "cls2022_name": "severe", "cls2025": 2, "cls2025_name": "severe", "stratum": "AT32_severe", "lon": 26.667439621458662, "lat": -33.03179310776201}, "geometry": {"type": "Point", "coordinates": [26.667439621458662, -33.03179310776201]}}, {"type": "Feature", "properties": {"id": 1535, "source": "new", "mapcode": "AT32", "vegtype": "Fish Valley Thicket", "efg": "ValleyThicket", "efg_id": 2, "cls2022": 2, "cls2022_name": "severe", "cls2025": 2, "cls2025_name": "severe", "stratum": "AT32_severe", "lon": 25.62909661273633, "lat": -32.62199605456909}, "geometry": {"type": "Point", "coordinates": [25.62909661273633, -32.62199605456909]}}, {"type": "Feature", "properties": {"id": 1536, "source": "new", "mapcode": "AT32", "vegtype": "Fish Valley Thicket", "efg": "ValleyThicket", "efg_id": 2, "cls2022": 2, "cls2022_name": "severe", "cls2025": 2, "cls2025_name": "severe", "stratum": "AT32_severe", "lon": 26.658226489812588, "lat": -32.928147843208656}, "geometry": {"type": "Point", "coordinates": [26.658226489812588, -32.928147843208656]}}, {"type": "Feature", "properties": {"id": 1537, "source": "new", "mapcode": "AT32", "vegtype": "Fish Valley Thicket", "efg": "ValleyThicket", "efg_id": 2, "cls2022": 2, "cls2022_name": "severe", "cls2025": 2, "cls2025_name": "severe", "stratum": "AT32_severe", "lon": 25.148090185528684, "lat": -32.91950340860719}, "geometry": {"type": "Point", "coordinates": [25.148090185528684, -32.91950340860719]}}, {"type": "Feature", "properties": {"id": 1538, "source": "new", "mapcode": "AT32", "vegtype": "Fish Valley Thicket", "efg": "ValleyThicket", "efg_id": 2, "cls2022": 2, "cls2022_name": "severe", "cls2025": 2, "cls2025_name": "severe", "stratum": "AT32_severe", "lon": 26.04720229941928, "lat": -32.52410689722061}, "geometry": {"type": "Point", "coordinates": [26.04720229941928, -32.52410689722061]}}, {"type": "Feature", "properties": {"id": 1539, "source": "new", "mapcode": "AT32", "vegtype": "Fish Valley Thicket", "efg": "ValleyThicket", "efg_id": 2, "cls2022": 2, "cls2022_name": "severe", "cls2025": 2, "cls2025_name": "severe", "stratum": "AT32_severe", "lon": 25.57750136704661, "lat": -32.90803496754027}, "geometry": {"type": "Point", "coordinates": [25.57750136704661, -32.90803496754027]}}, {"type": "Feature", "properties": {"id": 1540, "source": "new", "mapcode": "AT32", "vegtype": "Fish Valley Thicket", "efg": "ValleyThicket", "efg_id": 2, "cls2022": 2, "cls2022_name": "severe", "cls2025": 1, "cls2025_name": "moderate", "stratum": "AT32_severe", "lon": 26.8264050385244, "lat": -33.09916500449581}, "geometry": {"type": "Point", "coordinates": [26.8264050385244, -33.09916500449581]}}, {"type": "Feature", "properties": {"id": 1541, "source": "new", "mapcode": "AT32", "vegtype": "Fish Valley Thicket", "efg": "ValleyThicket", "efg_id": 2, "cls2022": 2, "cls2022_name": "severe", "cls2025": 2, "cls2025_name": "severe", "stratum": "AT32_severe", "lon": 25.765454997999832, "lat": -32.95089319555504}, "geometry": {"type": "Point", "coordinates": [25.765454997999832, -32.95089319555504]}}, {"type": "Feature", "properties": {"id": 1542, "source": "new", "mapcode": "AT32", "vegtype": "Fish Valley Thicket", "efg": "ValleyThicket", "efg_id": 2, "cls2022": 2, "cls2022_name": "severe", "cls2025": 2, "cls2025_name": "severe", "stratum": "AT32_severe", "lon": 25.84686364458068, "lat": -32.585553298012265}, "geometry": {"type": "Point", "coordinates": [25.84686364458068, -32.585553298012265]}}, {"type": "Feature", "properties": {"id": 1543, "source": "new", "mapcode": "AT32", "vegtype": "Fish Valley Thicket", "efg": "ValleyThicket", "efg_id": 2, "cls2022": 2, "cls2022_name": "severe", "cls2025": 2, "cls2025_name": "severe", "stratum": "AT32_severe", "lon": 25.587726066664853, "lat": -32.90887489445271}, "geometry": {"type": "Point", "coordinates": [25.587726066664853, -32.90887489445271]}}, {"type": "Feature", "properties": {"id": 1544, "source": "new", "mapcode": "AT32", "vegtype": "Fish Valley Thicket", "efg": "ValleyThicket", "efg_id": 2, "cls2022": 2, "cls2022_name": "severe", "cls2025": 2, "cls2025_name": "severe", "stratum": "AT32_severe", "lon": 25.791348967387673, "lat": -32.60368716937779}, "geometry": {"type": "Point", "coordinates": [25.791348967387673, -32.60368716937779]}}, {"type": "Feature", "properties": {"id": 1545, "source": "new", "mapcode": "AT32", "vegtype": "Fish Valley Thicket", "efg": "ValleyThicket", "efg_id": 2, "cls2022": 2, "cls2022_name": "severe", "cls2025": 2, "cls2025_name": "severe", "stratum": "AT32_severe", "lon": 25.87794129710327, "lat": -33.004471054736534}, "geometry": {"type": "Point", "coordinates": [25.87794129710327, -33.004471054736534]}}, {"type": "Feature", "properties": {"id": 1546, "source": "new", "mapcode": "AT32", "vegtype": "Fish Valley Thicket", "efg": "ValleyThicket", "efg_id": 2, "cls2022": 2, "cls2022_name": "severe", "cls2025": 2, "cls2025_name": "severe", "stratum": "AT32_severe", "lon": 25.869066697107357, "lat": -32.85494288400678}, "geometry": {"type": "Point", "coordinates": [25.869066697107357, -32.85494288400678]}}, {"type": "Feature", "properties": {"id": 1547, "source": "new", "mapcode": "AT32", "vegtype": "Fish Valley Thicket", "efg": "ValleyThicket", "efg_id": 2, "cls2022": 2, "cls2022_name": "severe", "cls2025": 2, "cls2025_name": "severe", "stratum": "AT32_severe", "lon": 25.18826574294309, "lat": -32.94464127050498}, "geometry": {"type": "Point", "coordinates": [25.18826574294309, -32.94464127050498]}}, {"type": "Feature", "properties": {"id": 1548, "source": "new", "mapcode": "AT32", "vegtype": "Fish Valley Thicket", "efg": "ValleyThicket", "efg_id": 2, "cls2022": 2, "cls2022_name": "severe", "cls2025": -1, "cls2025_name": null, "stratum": "AT32_severe", "lon": 26.149172585087445, "lat": -32.29577686560294}, "geometry": {"type": "Point", "coordinates": [26.149172585087445, -32.29577686560294]}}, {"type": "Feature", "properties": {"id": 1549, "source": "new", "mapcode": "AT32", "vegtype": "Fish Valley Thicket", "efg": "ValleyThicket", "efg_id": 2, "cls2022": 2, "cls2022_name": "severe", "cls2025": 2, "cls2025_name": "severe", "stratum": "AT32_severe", "lon": 25.636901520714016, "lat": -32.93620700172446}, "geometry": {"type": "Point", "coordinates": [25.636901520714016, -32.93620700172446]}}, {"type": "Feature", "properties": {"id": 1550, "source": "new", "mapcode": "AT32", "vegtype": "Fish Valley Thicket", "efg": "ValleyThicket", "efg_id": 2, "cls2022": 2, "cls2022_name": "severe", "cls2025": 2, "cls2025_name": "severe", "stratum": "AT32_severe", "lon": 25.7194255300036, "lat": -32.60301223224606}, "geometry": {"type": "Point", "coordinates": [25.7194255300036, -32.60301223224606]}}, {"type": "Feature", "properties": {"id": 1551, "source": "new", "mapcode": "AT32", "vegtype": "Fish Valley Thicket", "efg": "ValleyThicket", "efg_id": 2, "cls2022": 2, "cls2022_name": "severe", "cls2025": 2, "cls2025_name": "severe", "stratum": "AT32_severe", "lon": 26.63674500072619, "lat": -32.97035950825843}, "geometry": {"type": "Point", "coordinates": [26.63674500072619, -32.97035950825843]}}, {"type": "Feature", "properties": {"id": 1552, "source": "new", "mapcode": "AT32", "vegtype": "Fish Valley Thicket", "efg": "ValleyThicket", "efg_id": 2, "cls2022": 2, "cls2022_name": "severe", "cls2025": -1, "cls2025_name": null, "stratum": "AT32_severe", "lon": 26.65513015668961, "lat": -32.640044011699274}, "geometry": {"type": "Point", "coordinates": [26.65513015668961, -32.640044011699274]}}, {"type": "Feature", "properties": {"id": 1553, "source": "new", "mapcode": "AT32", "vegtype": "Fish Valley Thicket", "efg": "ValleyThicket", "efg_id": 2, "cls2022": 2, "cls2022_name": "severe", "cls2025": 2, "cls2025_name": "severe", "stratum": "AT32_severe", "lon": 25.69335925083955, "lat": -32.44274219853329}, "geometry": {"type": "Point", "coordinates": [25.69335925083955, -32.44274219853329]}}, {"type": "Feature", "properties": {"id": 1554, "source": "new", "mapcode": "AT32", "vegtype": "Fish Valley Thicket", "efg": "ValleyThicket", "efg_id": 2, "cls2022": 2, "cls2022_name": "severe", "cls2025": 2, "cls2025_name": "severe", "stratum": "AT32_severe", "lon": 25.27106475899486, "lat": -32.60694954535233}, "geometry": {"type": "Point", "coordinates": [25.27106475899486, -32.60694954535233]}}, {"type": "Feature", "properties": {"id": 1555, "source": "new", "mapcode": "AT32", "vegtype": "Fish Valley Thicket", "efg": "ValleyThicket", "efg_id": 2, "cls2022": 2, "cls2022_name": "severe", "cls2025": 2, "cls2025_name": "severe", "stratum": "AT32_severe", "lon": 25.25427278156508, "lat": -32.667144842365964}, "geometry": {"type": "Point", "coordinates": [25.25427278156508, -32.667144842365964]}}, {"type": "Feature", "properties": {"id": 1556, "source": "new", "mapcode": "AT32", "vegtype": "Fish Valley Thicket", "efg": "ValleyThicket", "efg_id": 2, "cls2022": 2, "cls2022_name": "severe", "cls2025": 2, "cls2025_name": "severe", "stratum": "AT32_severe", "lon": 25.335633034040864, "lat": -32.900023236033924}, "geometry": {"type": "Point", "coordinates": [25.335633034040864, -32.900023236033924]}}, {"type": "Feature", "properties": {"id": 1557, "source": "new", "mapcode": "AT32", "vegtype": "Fish Valley Thicket", "efg": "ValleyThicket", "efg_id": 2, "cls2022": 2, "cls2022_name": "severe", "cls2025": 2, "cls2025_name": "severe", "stratum": "AT32_severe", "lon": 25.61446846928619, "lat": -32.94944170001279}, "geometry": {"type": "Point", "coordinates": [25.61446846928619, -32.94944170001279]}}, {"type": "Feature", "properties": {"id": 1558, "source": "new", "mapcode": "AT32", "vegtype": "Fish Valley Thicket", "efg": "ValleyThicket", "efg_id": 2, "cls2022": 2, "cls2022_name": "severe", "cls2025": 2, "cls2025_name": "severe", "stratum": "AT32_severe", "lon": 25.846009737461262, "lat": -32.55335381102723}, "geometry": {"type": "Point", "coordinates": [25.846009737461262, -32.55335381102723]}}, {"type": "Feature", "properties": {"id": 1559, "source": "new", "mapcode": "AT32", "vegtype": "Fish Valley Thicket", "efg": "ValleyThicket", "efg_id": 2, "cls2022": 2, "cls2022_name": "severe", "cls2025": 2, "cls2025_name": "severe", "stratum": "AT32_severe", "lon": 25.667655821381253, "lat": -32.93326374327831}, "geometry": {"type": "Point", "coordinates": [25.667655821381253, -32.93326374327831]}}, {"type": "Feature", "properties": {"id": 1560, "source": "new", "mapcode": "AT32", "vegtype": "Fish Valley Thicket", "efg": "ValleyThicket", "efg_id": 2, "cls2022": 2, "cls2022_name": "severe", "cls2025": 2, "cls2025_name": "severe", "stratum": "AT32_severe", "lon": 25.90953934895053, "lat": -32.98385900736304}, "geometry": {"type": "Point", "coordinates": [25.90953934895053, -32.98385900736304]}}, {"type": "Feature", "properties": {"id": 1561, "source": "new", "mapcode": "AT32", "vegtype": "Fish Valley Thicket", "efg": "ValleyThicket", "efg_id": 2, "cls2022": 2, "cls2022_name": "severe", "cls2025": 2, "cls2025_name": "severe", "stratum": "AT32_severe", "lon": 25.271346347638392, "lat": -32.626412811201845}, "geometry": {"type": "Point", "coordinates": [25.271346347638392, -32.626412811201845]}}, {"type": "Feature", "properties": {"id": 1562, "source": "new", "mapcode": "AT32", "vegtype": "Fish Valley Thicket", "efg": "ValleyThicket", "efg_id": 2, "cls2022": 2, "cls2022_name": "severe", "cls2025": 2, "cls2025_name": "severe", "stratum": "AT32_severe", "lon": 25.937177240162697, "lat": -32.66591660669299}, "geometry": {"type": "Point", "coordinates": [25.937177240162697, -32.66591660669299]}}, {"type": "Feature", "properties": {"id": 1563, "source": "new", "mapcode": "AT32", "vegtype": "Fish Valley Thicket", "efg": "ValleyThicket", "efg_id": 2, "cls2022": 2, "cls2022_name": "severe", "cls2025": 2, "cls2025_name": "severe", "stratum": "AT32_severe", "lon": 26.72938143980476, "lat": -32.67401055600039}, "geometry": {"type": "Point", "coordinates": [26.72938143980476, -32.67401055600039]}}, {"type": "Feature", "properties": {"id": 1564, "source": "new", "mapcode": "AT32", "vegtype": "Fish Valley Thicket", "efg": "ValleyThicket", "efg_id": 2, "cls2022": 2, "cls2022_name": "severe", "cls2025": 2, "cls2025_name": "severe", "stratum": "AT32_severe", "lon": 25.25804247677454, "lat": -32.59412921115648}, "geometry": {"type": "Point", "coordinates": [25.25804247677454, -32.59412921115648]}}, {"type": "Feature", "properties": {"id": 1565, "source": "new", "mapcode": "AT32", "vegtype": "Fish Valley Thicket", "efg": "ValleyThicket", "efg_id": 2, "cls2022": 2, "cls2022_name": "severe", "cls2025": 2, "cls2025_name": "severe", "stratum": "AT32_severe", "lon": 25.057800875770386, "lat": -32.902457958537376}, "geometry": {"type": "Point", "coordinates": [25.057800875770386, -32.902457958537376]}}, {"type": "Feature", "properties": {"id": 1566, "source": "new", "mapcode": "AT32", "vegtype": "Fish Valley Thicket", "efg": "ValleyThicket", "efg_id": 2, "cls2022": 2, "cls2022_name": "severe", "cls2025": 2, "cls2025_name": "severe", "stratum": "AT32_severe", "lon": 26.69456599016367, "lat": -32.879386982182815}, "geometry": {"type": "Point", "coordinates": [26.69456599016367, -32.879386982182815]}}, {"type": "Feature", "properties": {"id": 1567, "source": "new", "mapcode": "AT32", "vegtype": "Fish Valley Thicket", "efg": "ValleyThicket", "efg_id": 2, "cls2022": 2, "cls2022_name": "severe", "cls2025": 1, "cls2025_name": "moderate", "stratum": "AT32_severe", "lon": 25.110409504824382, "lat": -32.93462872590704}, "geometry": {"type": "Point", "coordinates": [25.110409504824382, -32.93462872590704]}}, {"type": "Feature", "properties": {"id": 1568, "source": "new", "mapcode": "AT32", "vegtype": "Fish Valley Thicket", "efg": "ValleyThicket", "efg_id": 2, "cls2022": 2, "cls2022_name": "severe", "cls2025": 2, "cls2025_name": "severe", "stratum": "AT32_severe", "lon": 25.673757611754116, "lat": -32.928510614564615}, "geometry": {"type": "Point", "coordinates": [25.673757611754116, -32.928510614564615]}}, {"type": "Feature", "properties": {"id": 1569, "source": "new", "mapcode": "AT32", "vegtype": "Fish Valley Thicket", "efg": "ValleyThicket", "efg_id": 2, "cls2022": 2, "cls2022_name": "severe", "cls2025": 2, "cls2025_name": "severe", "stratum": "AT32_severe", "lon": 25.286490701074435, "lat": -32.854954628566254}, "geometry": {"type": "Point", "coordinates": [25.286490701074435, -32.854954628566254]}}, {"type": "Feature", "properties": {"id": 1570, "source": "new", "mapcode": "AT32", "vegtype": "Fish Valley Thicket", "efg": "ValleyThicket", "efg_id": 2, "cls2022": 2, "cls2022_name": "severe", "cls2025": 2, "cls2025_name": "severe", "stratum": "AT32_severe", "lon": 25.18467900677772, "lat": -32.55570184662652}, "geometry": {"type": "Point", "coordinates": [25.18467900677772, -32.55570184662652]}}, {"type": "Feature", "properties": {"id": 1571, "source": "new", "mapcode": "AT32", "vegtype": "Fish Valley Thicket", "efg": "ValleyThicket", "efg_id": 2, "cls2022": 2, "cls2022_name": "severe", "cls2025": 2, "cls2025_name": "severe", "stratum": "AT32_severe", "lon": 25.641031575279236, "lat": -32.42648013228942}, "geometry": {"type": "Point", "coordinates": [25.641031575279236, -32.42648013228942]}}, {"type": "Feature", "properties": {"id": 1572, "source": "new", "mapcode": "AT32", "vegtype": "Fish Valley Thicket", "efg": "ValleyThicket", "efg_id": 2, "cls2022": 2, "cls2022_name": "severe", "cls2025": 2, "cls2025_name": "severe", "stratum": "AT32_severe", "lon": 25.81232802238208, "lat": -32.956601967005696}, "geometry": {"type": "Point", "coordinates": [25.81232802238208, -32.956601967005696]}}, {"type": "Feature", "properties": {"id": 1573, "source": "new", "mapcode": "AT32", "vegtype": "Fish Valley Thicket", "efg": "ValleyThicket", "efg_id": 2, "cls2022": 2, "cls2022_name": "severe", "cls2025": 2, "cls2025_name": "severe", "stratum": "AT32_severe", "lon": 26.697495959899637, "lat": -32.91668063626511}, "geometry": {"type": "Point", "coordinates": [26.697495959899637, -32.91668063626511]}}, {"type": "Feature", "properties": {"id": 1574, "source": "new", "mapcode": "AT32", "vegtype": "Fish Valley Thicket", "efg": "ValleyThicket", "efg_id": 2, "cls2022": 2, "cls2022_name": "severe", "cls2025": 2, "cls2025_name": "severe", "stratum": "AT32_severe", "lon": 25.323237378418856, "lat": -32.7152874188591}, "geometry": {"type": "Point", "coordinates": [25.323237378418856, -32.7152874188591]}}, {"type": "Feature", "properties": {"id": 1575, "source": "new", "mapcode": "AT32", "vegtype": "Fish Valley Thicket", "efg": "ValleyThicket", "efg_id": 2, "cls2022": 2, "cls2022_name": "severe", "cls2025": 2, "cls2025_name": "severe", "stratum": "AT32_severe", "lon": 25.922054809449918, "lat": -33.0123437153146}, "geometry": {"type": "Point", "coordinates": [25.922054809449918, -33.0123437153146]}}, {"type": "Feature", "properties": {"id": 1576, "source": "new", "mapcode": "AT32", "vegtype": "Fish Valley Thicket", "efg": "ValleyThicket", "efg_id": 2, "cls2022": 2, "cls2022_name": "severe", "cls2025": 2, "cls2025_name": "severe", "stratum": "AT32_severe", "lon": 25.685302342194696, "lat": -32.95401154475189}, "geometry": {"type": "Point", "coordinates": [25.685302342194696, -32.95401154475189]}}, {"type": "Feature", "properties": {"id": 1577, "source": "new", "mapcode": "AT32", "vegtype": "Fish Valley Thicket", "efg": "ValleyThicket", "efg_id": 2, "cls2022": 2, "cls2022_name": "severe", "cls2025": 2, "cls2025_name": "severe", "stratum": "AT32_severe", "lon": 25.562586883639813, "lat": -32.87446459201827}, "geometry": {"type": "Point", "coordinates": [25.562586883639813, -32.87446459201827]}}, {"type": "Feature", "properties": {"id": 1578, "source": "new", "mapcode": "AT32", "vegtype": "Fish Valley Thicket", "efg": "ValleyThicket", "efg_id": 2, "cls2022": 2, "cls2022_name": "severe", "cls2025": 2, "cls2025_name": "severe", "stratum": "AT32_severe", "lon": 25.758426797273444, "lat": -32.95479753750217}, "geometry": {"type": "Point", "coordinates": [25.758426797273444, -32.95479753750217]}}, {"type": "Feature", "properties": {"id": 1579, "source": "new", "mapcode": "AT32", "vegtype": "Fish Valley Thicket", "efg": "ValleyThicket", "efg_id": 2, "cls2022": 2, "cls2022_name": "severe", "cls2025": 2, "cls2025_name": "severe", "stratum": "AT32_severe", "lon": 25.77423947163343, "lat": -32.92714275308246}, "geometry": {"type": "Point", "coordinates": [25.77423947163343, -32.92714275308246]}}, {"type": "Feature", "properties": {"id": 1580, "source": "new", "mapcode": "AT32", "vegtype": "Fish Valley Thicket", "efg": "ValleyThicket", "efg_id": 2, "cls2022": 2, "cls2022_name": "severe", "cls2025": 2, "cls2025_name": "severe", "stratum": "AT32_severe", "lon": 25.719177778061642, "lat": -32.95357692514969}, "geometry": {"type": "Point", "coordinates": [25.719177778061642, -32.95357692514969]}}, {"type": "Feature", "properties": {"id": 1581, "source": "new", "mapcode": "AT32", "vegtype": "Fish Valley Thicket", "efg": "ValleyThicket", "efg_id": 2, "cls2022": 2, "cls2022_name": "severe", "cls2025": 2, "cls2025_name": "severe", "stratum": "AT32_severe", "lon": 25.85933252946844, "lat": -32.902552047134535}, "geometry": {"type": "Point", "coordinates": [25.85933252946844, -32.902552047134535]}}, {"type": "Feature", "properties": {"id": 1582, "source": "new", "mapcode": "AT32", "vegtype": "Fish Valley Thicket", "efg": "ValleyThicket", "efg_id": 2, "cls2022": 2, "cls2022_name": "severe", "cls2025": 2, "cls2025_name": "severe", "stratum": "AT32_severe", "lon": 26.558989952886776, "lat": -32.969899230988176}, "geometry": {"type": "Point", "coordinates": [26.558989952886776, -32.969899230988176]}}, {"type": "Feature", "properties": {"id": 1583, "source": "new", "mapcode": "AT32", "vegtype": "Fish Valley Thicket", "efg": "ValleyThicket", "efg_id": 2, "cls2022": 2, "cls2022_name": "severe", "cls2025": 2, "cls2025_name": "severe", "stratum": "AT32_severe", "lon": 26.677457971206216, "lat": -32.635969200384544}, "geometry": {"type": "Point", "coordinates": [26.677457971206216, -32.635969200384544]}}, {"type": "Feature", "properties": {"id": 1584, "source": "new", "mapcode": "AT32", "vegtype": "Fish Valley Thicket", "efg": "ValleyThicket", "efg_id": 2, "cls2022": 2, "cls2022_name": "severe", "cls2025": 2, "cls2025_name": "severe", "stratum": "AT32_severe", "lon": 25.277981331479303, "lat": -32.68086237626959}, "geometry": {"type": "Point", "coordinates": [25.277981331479303, -32.68086237626959]}}, {"type": "Feature", "properties": {"id": 1585, "source": "new", "mapcode": "AT32", "vegtype": "Fish Valley Thicket", "efg": "ValleyThicket", "efg_id": 2, "cls2022": 2, "cls2022_name": "severe", "cls2025": 2, "cls2025_name": "severe", "stratum": "AT32_severe", "lon": 26.636431891415302, "lat": -32.94995271955085}, "geometry": {"type": "Point", "coordinates": [26.636431891415302, -32.94995271955085]}}, {"type": "Feature", "properties": {"id": 1586, "source": "new", "mapcode": "AT33", "vegtype": "Gamka Arid Thicket", "efg": "AridThicket", "efg_id": 1, "cls2022": 0, "cls2022_name": "intact", "cls2025": 0, "cls2025_name": "intact", "stratum": "AT33_intact", "lon": 21.628678916379645, "lat": -33.43353448834827}, "geometry": {"type": "Point", "coordinates": [21.628678916379645, -33.43353448834827]}}, {"type": "Feature", "properties": {"id": 1587, "source": "new", "mapcode": "AT33", "vegtype": "Gamka Arid Thicket", "efg": "AridThicket", "efg_id": 1, "cls2022": 0, "cls2022_name": "intact", "cls2025": 0, "cls2025_name": "intact", "stratum": "AT33_intact", "lon": 21.77208061044904, "lat": -33.45776891401072}, "geometry": {"type": "Point", "coordinates": [21.77208061044904, -33.45776891401072]}}, {"type": "Feature", "properties": {"id": 1588, "source": "new", "mapcode": "AT33", "vegtype": "Gamka Arid Thicket", "efg": "AridThicket", "efg_id": 1, "cls2022": 0, "cls2022_name": "intact", "cls2025": 0, "cls2025_name": "intact", "stratum": "AT33_intact", "lon": 21.58496682829134, "lat": -33.50865894195812}, "geometry": {"type": "Point", "coordinates": [21.58496682829134, -33.50865894195812]}}, {"type": "Feature", "properties": {"id": 1589, "source": "new", "mapcode": "AT33", "vegtype": "Gamka Arid Thicket", "efg": "AridThicket", "efg_id": 1, "cls2022": 0, "cls2022_name": "intact", "cls2025": 0, "cls2025_name": "intact", "stratum": "AT33_intact", "lon": 21.626164024127753, "lat": -33.51745137535659}, "geometry": {"type": "Point", "coordinates": [21.626164024127753, -33.51745137535659]}}, {"type": "Feature", "properties": {"id": 1590, "source": "new", "mapcode": "AT33", "vegtype": "Gamka Arid Thicket", "efg": "AridThicket", "efg_id": 1, "cls2022": 0, "cls2022_name": "intact", "cls2025": 0, "cls2025_name": "intact", "stratum": "AT33_intact", "lon": 21.62271379640523, "lat": -33.449666970191316}, "geometry": {"type": "Point", "coordinates": [21.62271379640523, -33.449666970191316]}}, {"type": "Feature", "properties": {"id": 1591, "source": "new", "mapcode": "AT33", "vegtype": "Gamka Arid Thicket", "efg": "AridThicket", "efg_id": 1, "cls2022": 0, "cls2022_name": "intact", "cls2025": 0, "cls2025_name": "intact", "stratum": "AT33_intact", "lon": 21.650900571688105, "lat": -33.445498949312245}, "geometry": {"type": "Point", "coordinates": [21.650900571688105, -33.445498949312245]}}, {"type": "Feature", "properties": {"id": 1592, "source": "new", "mapcode": "AT33", "vegtype": "Gamka Arid Thicket", "efg": "AridThicket", "efg_id": 1, "cls2022": 0, "cls2022_name": "intact", "cls2025": 0, "cls2025_name": "intact", "stratum": "AT33_intact", "lon": 21.658467384177538, "lat": -33.4412174510516}, "geometry": {"type": "Point", "coordinates": [21.658467384177538, -33.4412174510516]}}, {"type": "Feature", "properties": {"id": 1593, "source": "new", "mapcode": "AT33", "vegtype": "Gamka Arid Thicket", "efg": "AridThicket", "efg_id": 1, "cls2022": 1, "cls2022_name": "moderate", "cls2025": 1, "cls2025_name": "moderate", "stratum": "AT33_moderate", "lon": 21.64582975250398, "lat": -33.49228991705499}, "geometry": {"type": "Point", "coordinates": [21.64582975250398, -33.49228991705499]}}, {"type": "Feature", "properties": {"id": 1594, "source": "new", "mapcode": "AT33", "vegtype": "Gamka Arid Thicket", "efg": "AridThicket", "efg_id": 1, "cls2022": 1, "cls2022_name": "moderate", "cls2025": 1, "cls2025_name": "moderate", "stratum": "AT33_moderate", "lon": 21.630087547856885, "lat": -33.50010124266547}, "geometry": {"type": "Point", "coordinates": [21.630087547856885, -33.50010124266547]}}, {"type": "Feature", "properties": {"id": 1595, "source": "new", "mapcode": "AT33", "vegtype": "Gamka Arid Thicket", "efg": "AridThicket", "efg_id": 1, "cls2022": 1, "cls2022_name": "moderate", "cls2025": 2, "cls2025_name": "severe", "stratum": "AT33_moderate", "lon": 22.39129717990824, "lat": -33.10791637168057}, "geometry": {"type": "Point", "coordinates": [22.39129717990824, -33.10791637168057]}}, {"type": "Feature", "properties": {"id": 1596, "source": "new", "mapcode": "AT33", "vegtype": "Gamka Arid Thicket", "efg": "AridThicket", "efg_id": 1, "cls2022": 1, "cls2022_name": "moderate", "cls2025": 1, "cls2025_name": "moderate", "stratum": "AT33_moderate", "lon": 21.710171837724697, "lat": -33.514452193428546}, "geometry": {"type": "Point", "coordinates": [21.710171837724697, -33.514452193428546]}}, {"type": "Feature", "properties": {"id": 1597, "source": "new", "mapcode": "AT33", "vegtype": "Gamka Arid Thicket", "efg": "AridThicket", "efg_id": 1, "cls2022": 1, "cls2022_name": "moderate", "cls2025": 0, "cls2025_name": "intact", "stratum": "AT33_moderate", "lon": 21.657803176026576, "lat": -33.44632540998021}, "geometry": {"type": "Point", "coordinates": [21.657803176026576, -33.44632540998021]}}, {"type": "Feature", "properties": {"id": 1598, "source": "new", "mapcode": "AT33", "vegtype": "Gamka Arid Thicket", "efg": "AridThicket", "efg_id": 1, "cls2022": 1, "cls2022_name": "moderate", "cls2025": 2, "cls2025_name": "severe", "stratum": "AT33_moderate", "lon": 22.29201333752994, "lat": -33.13686446830074}, "geometry": {"type": "Point", "coordinates": [22.29201333752994, -33.13686446830074]}}, {"type": "Feature", "properties": {"id": 1599, "source": "new", "mapcode": "AT33", "vegtype": "Gamka Arid Thicket", "efg": "AridThicket", "efg_id": 1, "cls2022": 1, "cls2022_name": "moderate", "cls2025": 1, "cls2025_name": "moderate", "stratum": "AT33_moderate", "lon": 21.620527033176664, "lat": -33.27320521616088}, "geometry": {"type": "Point", "coordinates": [21.620527033176664, -33.27320521616088]}}, {"type": "Feature", "properties": {"id": 1600, "source": "new", "mapcode": "AT33", "vegtype": "Gamka Arid Thicket", "efg": "AridThicket", "efg_id": 1, "cls2022": 2, "cls2022_name": "severe", "cls2025": 2, "cls2025_name": "severe", "stratum": "AT33_severe", "lon": 21.57113861919302, "lat": -33.46885546202738}, "geometry": {"type": "Point", "coordinates": [21.57113861919302, -33.46885546202738]}}, {"type": "Feature", "properties": {"id": 1601, "source": "new", "mapcode": "AT33", "vegtype": "Gamka Arid Thicket", "efg": "AridThicket", "efg_id": 1, "cls2022": 2, "cls2022_name": "severe", "cls2025": 2, "cls2025_name": "severe", "stratum": "AT33_severe", "lon": 22.08561318468184, "lat": -33.251654767112036}, "geometry": {"type": "Point", "coordinates": [22.08561318468184, -33.251654767112036]}}, {"type": "Feature", "properties": {"id": 1602, "source": "new", "mapcode": "AT33", "vegtype": "Gamka Arid Thicket", "efg": "AridThicket", "efg_id": 1, "cls2022": 2, "cls2022_name": "severe", "cls2025": 2, "cls2025_name": "severe", "stratum": "AT33_severe", "lon": 22.235106627498375, "lat": -33.213493508701575}, "geometry": {"type": "Point", "coordinates": [22.235106627498375, -33.213493508701575]}}, {"type": "Feature", "properties": {"id": 1603, "source": "new", "mapcode": "AT33", "vegtype": "Gamka Arid Thicket", "efg": "AridThicket", "efg_id": 1, "cls2022": 2, "cls2022_name": "severe", "cls2025": 1, "cls2025_name": "moderate", "stratum": "AT33_severe", "lon": 21.506365984261787, "lat": -33.281742711338914}, "geometry": {"type": "Point", "coordinates": [21.506365984261787, -33.281742711338914]}}, {"type": "Feature", "properties": {"id": 1604, "source": "new", "mapcode": "AT33", "vegtype": "Gamka Arid Thicket", "efg": "AridThicket", "efg_id": 1, "cls2022": 2, "cls2022_name": "severe", "cls2025": 2, "cls2025_name": "severe", "stratum": "AT33_severe", "lon": 22.252826377910672, "lat": -33.15230615591369}, "geometry": {"type": "Point", "coordinates": [22.252826377910672, -33.15230615591369]}}, {"type": "Feature", "properties": {"id": 1605, "source": "new", "mapcode": "AT33", "vegtype": "Gamka Arid Thicket", "efg": "AridThicket", "efg_id": 1, "cls2022": 2, "cls2022_name": "severe", "cls2025": 2, "cls2025_name": "severe", "stratum": "AT33_severe", "lon": 22.21384884141759, "lat": -33.16207216073192}, "geometry": {"type": "Point", "coordinates": [22.21384884141759, -33.16207216073192]}}, {"type": "Feature", "properties": {"id": 1606, "source": "new", "mapcode": "AT33", "vegtype": "Gamka Arid Thicket", "efg": "AridThicket", "efg_id": 1, "cls2022": 2, "cls2022_name": "severe", "cls2025": 2, "cls2025_name": "severe", "stratum": "AT33_severe", "lon": 21.76127135190223, "lat": -33.25658962170209}, "geometry": {"type": "Point", "coordinates": [21.76127135190223, -33.25658962170209]}}, {"type": "Feature", "properties": {"id": 1607, "source": "new", "mapcode": "AT33", "vegtype": "Gamka Arid Thicket", "efg": "AridThicket", "efg_id": 1, "cls2022": 2, "cls2022_name": "severe", "cls2025": 2, "cls2025_name": "severe", "stratum": "AT33_severe", "lon": 21.606482957084733, "lat": -33.466574844212765}, "geometry": {"type": "Point", "coordinates": [21.606482957084733, -33.466574844212765]}}, {"type": "Feature", "properties": {"id": 1608, "source": "new", "mapcode": "AT33", "vegtype": "Gamka Arid Thicket", "efg": "AridThicket", "efg_id": 1, "cls2022": 2, "cls2022_name": "severe", "cls2025": 2, "cls2025_name": "severe", "stratum": "AT33_severe", "lon": 21.80553901239339, "lat": -33.25879989330981}, "geometry": {"type": "Point", "coordinates": [21.80553901239339, -33.25879989330981]}}, {"type": "Feature", "properties": {"id": 1609, "source": "new", "mapcode": "AT33", "vegtype": "Gamka Arid Thicket", "efg": "AridThicket", "efg_id": 1, "cls2022": 2, "cls2022_name": "severe", "cls2025": 2, "cls2025_name": "severe", "stratum": "AT33_severe", "lon": 22.374155134257364, "lat": -33.236076589125}, "geometry": {"type": "Point", "coordinates": [22.374155134257364, -33.236076589125]}}, {"type": "Feature", "properties": {"id": 1610, "source": "new", "mapcode": "AT33", "vegtype": "Gamka Arid Thicket", "efg": "AridThicket", "efg_id": 1, "cls2022": 2, "cls2022_name": "severe", "cls2025": 2, "cls2025_name": "severe", "stratum": "AT33_severe", "lon": 22.3916333588658, "lat": -33.11758771123479}, "geometry": {"type": "Point", "coordinates": [22.3916333588658, -33.11758771123479]}}, {"type": "Feature", "properties": {"id": 1611, "source": "new", "mapcode": "AT33", "vegtype": "Gamka Arid Thicket", "efg": "AridThicket", "efg_id": 1, "cls2022": 2, "cls2022_name": "severe", "cls2025": 2, "cls2025_name": "severe", "stratum": "AT33_severe", "lon": 22.263523567047706, "lat": -33.125482797997094}, "geometry": {"type": "Point", "coordinates": [22.263523567047706, -33.125482797997094]}}, {"type": "Feature", "properties": {"id": 1612, "source": "new", "mapcode": "AT33", "vegtype": "Gamka Arid Thicket", "efg": "AridThicket", "efg_id": 1, "cls2022": 2, "cls2022_name": "severe", "cls2025": 2, "cls2025_name": "severe", "stratum": "AT33_severe", "lon": 22.103027134734397, "lat": -33.15479155858259}, "geometry": {"type": "Point", "coordinates": [22.103027134734397, -33.15479155858259]}}, {"type": "Feature", "properties": {"id": 1613, "source": "new", "mapcode": "AT33", "vegtype": "Gamka Arid Thicket", "efg": "AridThicket", "efg_id": 1, "cls2022": 2, "cls2022_name": "severe", "cls2025": 2, "cls2025_name": "severe", "stratum": "AT33_severe", "lon": 22.306851442075317, "lat": -33.14074260388417}, "geometry": {"type": "Point", "coordinates": [22.306851442075317, -33.14074260388417]}}, {"type": "Feature", "properties": {"id": 1614, "source": "new", "mapcode": "AT33", "vegtype": "Gamka Arid Thicket", "efg": "AridThicket", "efg_id": 1, "cls2022": 2, "cls2022_name": "severe", "cls2025": 2, "cls2025_name": "severe", "stratum": "AT33_severe", "lon": 23.107684281316743, "lat": -33.26790918418282}, "geometry": {"type": "Point", "coordinates": [23.107684281316743, -33.26790918418282]}}, {"type": "Feature", "properties": {"id": 1615, "source": "new", "mapcode": "AT33", "vegtype": "Gamka Arid Thicket", "efg": "AridThicket", "efg_id": 1, "cls2022": 2, "cls2022_name": "severe", "cls2025": 2, "cls2025_name": "severe", "stratum": "AT33_severe", "lon": 22.32032861199258, "lat": -33.1542293990949}, "geometry": {"type": "Point", "coordinates": [22.32032861199258, -33.1542293990949]}}, {"type": "Feature", "properties": {"id": 1616, "source": "new", "mapcode": "AT33", "vegtype": "Gamka Arid Thicket", "efg": "AridThicket", "efg_id": 1, "cls2022": 2, "cls2022_name": "severe", "cls2025": 2, "cls2025_name": "severe", "stratum": "AT33_severe", "lon": 22.43201005818732, "lat": -33.13035058454255}, "geometry": {"type": "Point", "coordinates": [22.43201005818732, -33.13035058454255]}}, {"type": "Feature", "properties": {"id": 1617, "source": "new", "mapcode": "AT33", "vegtype": "Gamka Arid Thicket", "efg": "AridThicket", "efg_id": 1, "cls2022": 2, "cls2022_name": "severe", "cls2025": 2, "cls2025_name": "severe", "stratum": "AT33_severe", "lon": 22.485505214152052, "lat": -33.247494525862614}, "geometry": {"type": "Point", "coordinates": [22.485505214152052, -33.247494525862614]}}, {"type": "Feature", "properties": {"id": 1618, "source": "new", "mapcode": "AT33", "vegtype": "Gamka Arid Thicket", "efg": "AridThicket", "efg_id": 1, "cls2022": 2, "cls2022_name": "severe", "cls2025": 2, "cls2025_name": "severe", "stratum": "AT33_severe", "lon": 22.692818546337296, "lat": -33.3622613966507}, "geometry": {"type": "Point", "coordinates": [22.692818546337296, -33.3622613966507]}}, {"type": "Feature", "properties": {"id": 1619, "source": "new", "mapcode": "AT33", "vegtype": "Gamka Arid Thicket", "efg": "AridThicket", "efg_id": 1, "cls2022": 2, "cls2022_name": "severe", "cls2025": 2, "cls2025_name": "severe", "stratum": "AT33_severe", "lon": 21.57993159035614, "lat": -33.502411520625564}, "geometry": {"type": "Point", "coordinates": [21.57993159035614, -33.502411520625564]}}, {"type": "Feature", "properties": {"id": 1620, "source": "new", "mapcode": "AT34", "vegtype": "Gamka Valley Thicket", "efg": "ValleyThicket", "efg_id": 2, "cls2022": 0, "cls2022_name": "intact", "cls2025": 0, "cls2025_name": "intact", "stratum": "AT34_intact", "lon": 22.28961622357145, "lat": -33.49759088915157}, "geometry": {"type": "Point", "coordinates": [22.28961622357145, -33.49759088915157]}}, {"type": "Feature", "properties": {"id": 1621, "source": "new", "mapcode": "AT34", "vegtype": "Gamka Valley Thicket", "efg": "ValleyThicket", "efg_id": 2, "cls2022": 0, "cls2022_name": "intact", "cls2025": 0, "cls2025_name": "intact", "stratum": "AT34_intact", "lon": 22.060071815579626, "lat": -33.52030481830727}, "geometry": {"type": "Point", "coordinates": [22.060071815579626, -33.52030481830727]}}, {"type": "Feature", "properties": {"id": 1622, "source": "new", "mapcode": "AT34", "vegtype": "Gamka Valley Thicket", "efg": "ValleyThicket", "efg_id": 2, "cls2022": 0, "cls2022_name": "intact", "cls2025": 0, "cls2025_name": "intact", "stratum": "AT34_intact", "lon": 22.038575627797496, "lat": -33.50213545030653}, "geometry": {"type": "Point", "coordinates": [22.038575627797496, -33.50213545030653]}}, {"type": "Feature", "properties": {"id": 1623, "source": "new", "mapcode": "AT34", "vegtype": "Gamka Valley Thicket", "efg": "ValleyThicket", "efg_id": 2, "cls2022": 0, "cls2022_name": "intact", "cls2025": 0, "cls2025_name": "intact", "stratum": "AT34_intact", "lon": 22.03961561695474, "lat": -33.51882364436287}, "geometry": {"type": "Point", "coordinates": [22.03961561695474, -33.51882364436287]}}, {"type": "Feature", "properties": {"id": 1624, "source": "new", "mapcode": "AT34", "vegtype": "Gamka Valley Thicket", "efg": "ValleyThicket", "efg_id": 2, "cls2022": 0, "cls2022_name": "intact", "cls2025": 0, "cls2025_name": "intact", "stratum": "AT34_intact", "lon": 22.029902410545073, "lat": -33.51379912153854}, "geometry": {"type": "Point", "coordinates": [22.029902410545073, -33.51379912153854]}}, {"type": "Feature", "properties": {"id": 1625, "source": "new", "mapcode": "AT34", "vegtype": "Gamka Valley Thicket", "efg": "ValleyThicket", "efg_id": 2, "cls2022": 1, "cls2022_name": "moderate", "cls2025": 0, "cls2025_name": "intact", "stratum": "AT34_moderate", "lon": 22.441058424160698, "lat": -33.539000289510135}, "geometry": {"type": "Point", "coordinates": [22.441058424160698, -33.539000289510135]}}, {"type": "Feature", "properties": {"id": 1626, "source": "new", "mapcode": "AT34", "vegtype": "Gamka Valley Thicket", "efg": "ValleyThicket", "efg_id": 2, "cls2022": 1, "cls2022_name": "moderate", "cls2025": 1, "cls2025_name": "moderate", "stratum": "AT34_moderate", "lon": 22.246826258568696, "lat": -33.514487765968134}, "geometry": {"type": "Point", "coordinates": [22.246826258568696, -33.514487765968134]}}, {"type": "Feature", "properties": {"id": 1627, "source": "new", "mapcode": "AT34", "vegtype": "Gamka Valley Thicket", "efg": "ValleyThicket", "efg_id": 2, "cls2022": 1, "cls2022_name": "moderate", "cls2025": 1, "cls2025_name": "moderate", "stratum": "AT34_moderate", "lon": 22.271970673763274, "lat": -33.494609011745894}, "geometry": {"type": "Point", "coordinates": [22.271970673763274, -33.494609011745894]}}, {"type": "Feature", "properties": {"id": 1628, "source": "new", "mapcode": "AT34", "vegtype": "Gamka Valley Thicket", "efg": "ValleyThicket", "efg_id": 2, "cls2022": 1, "cls2022_name": "moderate", "cls2025": 1, "cls2025_name": "moderate", "stratum": "AT34_moderate", "lon": 22.28059244081401, "lat": -33.48946370561204}, "geometry": {"type": "Point", "coordinates": [22.28059244081401, -33.48946370561204]}}, {"type": "Feature", "properties": {"id": 1629, "source": "new", "mapcode": "AT34", "vegtype": "Gamka Valley Thicket", "efg": "ValleyThicket", "efg_id": 2, "cls2022": 1, "cls2022_name": "moderate", "cls2025": 2, "cls2025_name": "severe", "stratum": "AT34_moderate", "lon": 22.055787751206143, "lat": -33.53608095798165}, "geometry": {"type": "Point", "coordinates": [22.055787751206143, -33.53608095798165]}}, {"type": "Feature", "properties": {"id": 1630, "source": "new", "mapcode": "AT34", "vegtype": "Gamka Valley Thicket", "efg": "ValleyThicket", "efg_id": 2, "cls2022": 1, "cls2022_name": "moderate", "cls2025": 1, "cls2025_name": "moderate", "stratum": "AT34_moderate", "lon": 22.100343367805213, "lat": -33.5120973240814}, "geometry": {"type": "Point", "coordinates": [22.100343367805213, -33.5120973240814]}}, {"type": "Feature", "properties": {"id": 1631, "source": "new", "mapcode": "AT34", "vegtype": "Gamka Valley Thicket", "efg": "ValleyThicket", "efg_id": 2, "cls2022": 1, "cls2022_name": "moderate", "cls2025": 1, "cls2025_name": "moderate", "stratum": "AT34_moderate", "lon": 22.156651847111583, "lat": -33.51816595567471}, "geometry": {"type": "Point", "coordinates": [22.156651847111583, -33.51816595567471]}}, {"type": "Feature", "properties": {"id": 1632, "source": "new", "mapcode": "AT34", "vegtype": "Gamka Valley Thicket", "efg": "ValleyThicket", "efg_id": 2, "cls2022": 1, "cls2022_name": "moderate", "cls2025": 1, "cls2025_name": "moderate", "stratum": "AT34_moderate", "lon": 22.043458479284617, "lat": -33.4919740581526}, "geometry": {"type": "Point", "coordinates": [22.043458479284617, -33.4919740581526]}}, {"type": "Feature", "properties": {"id": 1633, "source": "new", "mapcode": "AT34", "vegtype": "Gamka Valley Thicket", "efg": "ValleyThicket", "efg_id": 2, "cls2022": 1, "cls2022_name": "moderate", "cls2025": 1, "cls2025_name": "moderate", "stratum": "AT34_moderate", "lon": 22.178758008136374, "lat": -33.50784981451754}, "geometry": {"type": "Point", "coordinates": [22.178758008136374, -33.50784981451754]}}, {"type": "Feature", "properties": {"id": 1634, "source": "new", "mapcode": "AT34", "vegtype": "Gamka Valley Thicket", "efg": "ValleyThicket", "efg_id": 2, "cls2022": 1, "cls2022_name": "moderate", "cls2025": 1, "cls2025_name": "moderate", "stratum": "AT34_moderate", "lon": 22.26320777743595, "lat": -33.505544716138985}, "geometry": {"type": "Point", "coordinates": [22.26320777743595, -33.505544716138985]}}, {"type": "Feature", "properties": {"id": 1635, "source": "new", "mapcode": "AT34", "vegtype": "Gamka Valley Thicket", "efg": "ValleyThicket", "efg_id": 2, "cls2022": 1, "cls2022_name": "moderate", "cls2025": 2, "cls2025_name": "severe", "stratum": "AT34_moderate", "lon": 22.12431162987564, "lat": -33.51768943452263}, "geometry": {"type": "Point", "coordinates": [22.12431162987564, -33.51768943452263]}}, {"type": "Feature", "properties": {"id": 1636, "source": "new", "mapcode": "AT34", "vegtype": "Gamka Valley Thicket", "efg": "ValleyThicket", "efg_id": 2, "cls2022": 1, "cls2022_name": "moderate", "cls2025": 1, "cls2025_name": "moderate", "stratum": "AT34_moderate", "lon": 22.114507078552293, "lat": -33.5311599085778}, "geometry": {"type": "Point", "coordinates": [22.114507078552293, -33.5311599085778]}}, {"type": "Feature", "properties": {"id": 1637, "source": "new", "mapcode": "AT34", "vegtype": "Gamka Valley Thicket", "efg": "ValleyThicket", "efg_id": 2, "cls2022": 2, "cls2022_name": "severe", "cls2025": 2, "cls2025_name": "severe", "stratum": "AT34_severe", "lon": 22.411317933132477, "lat": -33.53518387797275}, "geometry": {"type": "Point", "coordinates": [22.411317933132477, -33.53518387797275]}}, {"type": "Feature", "properties": {"id": 1638, "source": "new", "mapcode": "AT34", "vegtype": "Gamka Valley Thicket", "efg": "ValleyThicket", "efg_id": 2, "cls2022": 2, "cls2022_name": "severe", "cls2025": 2, "cls2025_name": "severe", "stratum": "AT34_severe", "lon": 22.360479813839724, "lat": -33.54492216797532}, "geometry": {"type": "Point", "coordinates": [22.360479813839724, -33.54492216797532]}}, {"type": "Feature", "properties": {"id": 1639, "source": "new", "mapcode": "AT34", "vegtype": "Gamka Valley Thicket", "efg": "ValleyThicket", "efg_id": 2, "cls2022": 2, "cls2022_name": "severe", "cls2025": -1, "cls2025_name": null, "stratum": "AT34_severe", "lon": 22.17767949811324, "lat": -33.52421286730668}, "geometry": {"type": "Point", "coordinates": [22.17767949811324, -33.52421286730668]}}, {"type": "Feature", "properties": {"id": 1640, "source": "new", "mapcode": "AT34", "vegtype": "Gamka Valley Thicket", "efg": "ValleyThicket", "efg_id": 2, "cls2022": 2, "cls2022_name": "severe", "cls2025": 1, "cls2025_name": "moderate", "stratum": "AT34_severe", "lon": 22.139770595698877, "lat": -33.54302863692838}, "geometry": {"type": "Point", "coordinates": [22.139770595698877, -33.54302863692838]}}, {"type": "Feature", "properties": {"id": 1641, "source": "new", "mapcode": "AT34", "vegtype": "Gamka Valley Thicket", "efg": "ValleyThicket", "efg_id": 2, "cls2022": 2, "cls2022_name": "severe", "cls2025": 2, "cls2025_name": "severe", "stratum": "AT34_severe", "lon": 22.32678976801059, "lat": -33.53864091122427}, "geometry": {"type": "Point", "coordinates": [22.32678976801059, -33.53864091122427]}}, {"type": "Feature", "properties": {"id": 1642, "source": "new", "mapcode": "AT34", "vegtype": "Gamka Valley Thicket", "efg": "ValleyThicket", "efg_id": 2, "cls2022": 2, "cls2022_name": "severe", "cls2025": 2, "cls2025_name": "severe", "stratum": "AT34_severe", "lon": 22.203028062665513, "lat": -33.512991340857}, "geometry": {"type": "Point", "coordinates": [22.203028062665513, -33.512991340857]}}, {"type": "Feature", "properties": {"id": 1643, "source": "new", "mapcode": "AT34", "vegtype": "Gamka Valley Thicket", "efg": "ValleyThicket", "efg_id": 2, "cls2022": 2, "cls2022_name": "severe", "cls2025": 2, "cls2025_name": "severe", "stratum": "AT34_severe", "lon": 22.199339624873662, "lat": -33.5228456668459}, "geometry": {"type": "Point", "coordinates": [22.199339624873662, -33.5228456668459]}}, {"type": "Feature", "properties": {"id": 1644, "source": "new", "mapcode": "AT34", "vegtype": "Gamka Valley Thicket", "efg": "ValleyThicket", "efg_id": 2, "cls2022": 2, "cls2022_name": "severe", "cls2025": 2, "cls2025_name": "severe", "stratum": "AT34_severe", "lon": 22.194379840076632, "lat": -33.50204424889676}, "geometry": {"type": "Point", "coordinates": [22.194379840076632, -33.50204424889676]}}, {"type": "Feature", "properties": {"id": 1645, "source": "new", "mapcode": "AT34", "vegtype": "Gamka Valley Thicket", "efg": "ValleyThicket", "efg_id": 2, "cls2022": 2, "cls2022_name": "severe", "cls2025": 2, "cls2025_name": "severe", "stratum": "AT34_severe", "lon": 22.425170973800626, "lat": -33.52358563694266}, "geometry": {"type": "Point", "coordinates": [22.425170973800626, -33.52358563694266]}}, {"type": "Feature", "properties": {"id": 1646, "source": "new", "mapcode": "AT34", "vegtype": "Gamka Valley Thicket", "efg": "ValleyThicket", "efg_id": 2, "cls2022": 2, "cls2022_name": "severe", "cls2025": 2, "cls2025_name": "severe", "stratum": "AT34_severe", "lon": 22.17188302265197, "lat": -33.53230262242022}, "geometry": {"type": "Point", "coordinates": [22.17188302265197, -33.53230262242022]}}, {"type": "Feature", "properties": {"id": 1647, "source": "new", "mapcode": "AT34", "vegtype": "Gamka Valley Thicket", "efg": "ValleyThicket", "efg_id": 2, "cls2022": 2, "cls2022_name": "severe", "cls2025": 2, "cls2025_name": "severe", "stratum": "AT34_severe", "lon": 22.384514939537105, "lat": -33.55067241934087}, "geometry": {"type": "Point", "coordinates": [22.384514939537105, -33.55067241934087]}}, {"type": "Feature", "properties": {"id": 1648, "source": "new", "mapcode": "AT34", "vegtype": "Gamka Valley Thicket", "efg": "ValleyThicket", "efg_id": 2, "cls2022": 2, "cls2022_name": "severe", "cls2025": 2, "cls2025_name": "severe", "stratum": "AT34_severe", "lon": 22.12540501450902, "lat": -33.522416361482755}, "geometry": {"type": "Point", "coordinates": [22.12540501450902, -33.522416361482755]}}, {"type": "Feature", "properties": {"id": 1649, "source": "new", "mapcode": "AT34", "vegtype": "Gamka Valley Thicket", "efg": "ValleyThicket", "efg_id": 2, "cls2022": 2, "cls2022_name": "severe", "cls2025": 2, "cls2025_name": "severe", "stratum": "AT34_severe", "lon": 22.334845499146024, "lat": -33.53475936395033}, "geometry": {"type": "Point", "coordinates": [22.334845499146024, -33.53475936395033]}}, {"type": "Feature", "properties": {"id": 1650, "source": "new", "mapcode": "AT34", "vegtype": "Gamka Valley Thicket", "efg": "ValleyThicket", "efg_id": 2, "cls2022": 2, "cls2022_name": "severe", "cls2025": 2, "cls2025_name": "severe", "stratum": "AT34_severe", "lon": 22.177068125751404, "lat": -33.54250822127285}, "geometry": {"type": "Point", "coordinates": [22.177068125751404, -33.54250822127285]}}, {"type": "Feature", "properties": {"id": 1651, "source": "new", "mapcode": "AT34", "vegtype": "Gamka Valley Thicket", "efg": "ValleyThicket", "efg_id": 2, "cls2022": 2, "cls2022_name": "severe", "cls2025": 2, "cls2025_name": "severe", "stratum": "AT34_severe", "lon": 22.118555061672023, "lat": -33.53129181762175}, "geometry": {"type": "Point", "coordinates": [22.118555061672023, -33.53129181762175]}}, {"type": "Feature", "properties": {"id": 1652, "source": "new", "mapcode": "AT34", "vegtype": "Gamka Valley Thicket", "efg": "ValleyThicket", "efg_id": 2, "cls2022": 2, "cls2022_name": "severe", "cls2025": 1, "cls2025_name": "moderate", "stratum": "AT34_severe", "lon": 22.169706290430796, "lat": -33.513938008716245}, "geometry": {"type": "Point", "coordinates": [22.169706290430796, -33.513938008716245]}}, {"type": "Feature", "properties": {"id": 1653, "source": "new", "mapcode": "AT34", "vegtype": "Gamka Valley Thicket", "efg": "ValleyThicket", "efg_id": 2, "cls2022": 2, "cls2022_name": "severe", "cls2025": 1, "cls2025_name": "moderate", "stratum": "AT34_severe", "lon": 22.166983947658515, "lat": -33.539285444806225}, "geometry": {"type": "Point", "coordinates": [22.166983947658515, -33.539285444806225]}}, {"type": "Feature", "properties": {"id": 1654, "source": "new", "mapcode": "AT34", "vegtype": "Gamka Valley Thicket", "efg": "ValleyThicket", "efg_id": 2, "cls2022": 2, "cls2022_name": "severe", "cls2025": 2, "cls2025_name": "severe", "stratum": "AT34_severe", "lon": 22.41210940293011, "lat": -33.53162169931312}, "geometry": {"type": "Point", "coordinates": [22.41210940293011, -33.53162169931312]}}, {"type": "Feature", "properties": {"id": 1655, "source": "new", "mapcode": "AT34", "vegtype": "Gamka Valley Thicket", "efg": "ValleyThicket", "efg_id": 2, "cls2022": 2, "cls2022_name": "severe", "cls2025": 2, "cls2025_name": "severe", "stratum": "AT34_severe", "lon": 22.172807423374046, "lat": -33.59221976591445}, "geometry": {"type": "Point", "coordinates": [22.172807423374046, -33.59221976591445]}}, {"type": "Feature", "properties": {"id": 1656, "source": "new", "mapcode": "AT34", "vegtype": "Gamka Valley Thicket", "efg": "ValleyThicket", "efg_id": 2, "cls2022": 2, "cls2022_name": "severe", "cls2025": 2, "cls2025_name": "severe", "stratum": "AT34_severe", "lon": 22.221929761668562, "lat": -33.51421019118427}, "geometry": {"type": "Point", "coordinates": [22.221929761668562, -33.51421019118427]}}, {"type": "Feature", "properties": {"id": 1657, "source": "new", "mapcode": "AT34", "vegtype": "Gamka Valley Thicket", "efg": "ValleyThicket", "efg_id": 2, "cls2022": 2, "cls2022_name": "severe", "cls2025": 2, "cls2025_name": "severe", "stratum": "AT34_severe", "lon": 22.198331172215617, "lat": -33.53047594899194}, "geometry": {"type": "Point", "coordinates": [22.198331172215617, -33.53047594899194]}}, {"type": "Feature", "properties": {"id": 1658, "source": "new", "mapcode": "AT34", "vegtype": "Gamka Valley Thicket", "efg": "ValleyThicket", "efg_id": 2, "cls2022": 2, "cls2022_name": "severe", "cls2025": 2, "cls2025_name": "severe", "stratum": "AT34_severe", "lon": 22.08257432212204, "lat": -33.52157478781028}, "geometry": {"type": "Point", "coordinates": [22.08257432212204, -33.52157478781028]}}, {"type": "Feature", "properties": {"id": 1659, "source": "new", "mapcode": "AT34", "vegtype": "Gamka Valley Thicket", "efg": "ValleyThicket", "efg_id": 2, "cls2022": 2, "cls2022_name": "severe", "cls2025": 2, "cls2025_name": "severe", "stratum": "AT34_severe", "lon": 22.150071865594228, "lat": -33.5491267891473}, "geometry": {"type": "Point", "coordinates": [22.150071865594228, -33.5491267891473]}}, {"type": "Feature", "properties": {"id": 1660, "source": "new", "mapcode": "AT34", "vegtype": "Gamka Valley Thicket", "efg": "ValleyThicket", "efg_id": 2, "cls2022": 2, "cls2022_name": "severe", "cls2025": 1, "cls2025_name": "moderate", "stratum": "AT34_severe", "lon": 22.420520298983323, "lat": -33.50814309017363}, "geometry": {"type": "Point", "coordinates": [22.420520298983323, -33.50814309017363]}}, {"type": "Feature", "properties": {"id": 1661, "source": "new", "mapcode": "AT34", "vegtype": "Gamka Valley Thicket", "efg": "ValleyThicket", "efg_id": 2, "cls2022": 2, "cls2022_name": "severe", "cls2025": 2, "cls2025_name": "severe", "stratum": "AT34_severe", "lon": 22.12106376520963, "lat": -33.52543808722835}, "geometry": {"type": "Point", "coordinates": [22.12106376520963, -33.52543808722835]}}, {"type": "Feature", "properties": {"id": 1662, "source": "new", "mapcode": "AT34", "vegtype": "Gamka Valley Thicket", "efg": "ValleyThicket", "efg_id": 2, "cls2022": 2, "cls2022_name": "severe", "cls2025": 1, "cls2025_name": "moderate", "stratum": "AT34_severe", "lon": 22.171006475251623, "lat": -33.52579723141435}, "geometry": {"type": "Point", "coordinates": [22.171006475251623, -33.52579723141435]}}, {"type": "Feature", "properties": {"id": 1663, "source": "new", "mapcode": "AT34", "vegtype": "Gamka Valley Thicket", "efg": "ValleyThicket", "efg_id": 2, "cls2022": 2, "cls2022_name": "severe", "cls2025": 2, "cls2025_name": "severe", "stratum": "AT34_severe", "lon": 22.42773535117963, "lat": -33.5262905938029}, "geometry": {"type": "Point", "coordinates": [22.42773535117963, -33.5262905938029]}}, {"type": "Feature", "properties": {"id": 1664, "source": "new", "mapcode": "AT34", "vegtype": "Gamka Valley Thicket", "efg": "ValleyThicket", "efg_id": 2, "cls2022": 2, "cls2022_name": "severe", "cls2025": 2, "cls2025_name": "severe", "stratum": "AT34_severe", "lon": 22.41467043031021, "lat": -33.522689248772195}, "geometry": {"type": "Point", "coordinates": [22.41467043031021, -33.522689248772195]}}, {"type": "Feature", "properties": {"id": 1665, "source": "new", "mapcode": "AT37", "vegtype": "Gouritz Valley Thicket", "efg": "ValleyThicket", "efg_id": 2, "cls2022": 0, "cls2022_name": "intact", "cls2025": 2, "cls2025_name": "severe", "stratum": "AT37_intact", "lon": 21.814250278164696, "lat": -34.22755759690919}, "geometry": {"type": "Point", "coordinates": [21.814250278164696, -34.22755759690919]}}, {"type": "Feature", "properties": {"id": 1666, "source": "new", "mapcode": "AT37", "vegtype": "Gouritz Valley Thicket", "efg": "ValleyThicket", "efg_id": 2, "cls2022": 0, "cls2022_name": "intact", "cls2025": 0, "cls2025_name": "intact", "stratum": "AT37_intact", "lon": 21.71976804097134, "lat": -34.04557022422788}, "geometry": {"type": "Point", "coordinates": [21.71976804097134, -34.04557022422788]}}, {"type": "Feature", "properties": {"id": 1667, "source": "new", "mapcode": "AT37", "vegtype": "Gouritz Valley Thicket", "efg": "ValleyThicket", "efg_id": 2, "cls2022": 0, "cls2022_name": "intact", "cls2025": 0, "cls2025_name": "intact", "stratum": "AT37_intact", "lon": 21.75068542293768, "lat": -34.046231174550215}, "geometry": {"type": "Point", "coordinates": [21.75068542293768, -34.046231174550215]}}, {"type": "Feature", "properties": {"id": 1668, "source": "new", "mapcode": "AT37", "vegtype": "Gouritz Valley Thicket", "efg": "ValleyThicket", "efg_id": 2, "cls2022": 0, "cls2022_name": "intact", "cls2025": 0, "cls2025_name": "intact", "stratum": "AT37_intact", "lon": 21.739094172768272, "lat": -34.19597731513527}, "geometry": {"type": "Point", "coordinates": [21.739094172768272, -34.19597731513527]}}, {"type": "Feature", "properties": {"id": 1669, "source": "new", "mapcode": "AT37", "vegtype": "Gouritz Valley Thicket", "efg": "ValleyThicket", "efg_id": 2, "cls2022": 0, "cls2022_name": "intact", "cls2025": 0, "cls2025_name": "intact", "stratum": "AT37_intact", "lon": 21.35525866747398, "lat": -34.31325149657138}, "geometry": {"type": "Point", "coordinates": [21.35525866747398, -34.31325149657138]}}, {"type": "Feature", "properties": {"id": 1670, "source": "new", "mapcode": "AT37", "vegtype": "Gouritz Valley Thicket", "efg": "ValleyThicket", "efg_id": 2, "cls2022": 0, "cls2022_name": "intact", "cls2025": 0, "cls2025_name": "intact", "stratum": "AT37_intact", "lon": 21.704467434017104, "lat": -34.158212859344154}, "geometry": {"type": "Point", "coordinates": [21.704467434017104, -34.158212859344154]}}, {"type": "Feature", "properties": {"id": 1671, "source": "new", "mapcode": "AT37", "vegtype": "Gouritz Valley Thicket", "efg": "ValleyThicket", "efg_id": 2, "cls2022": 0, "cls2022_name": "intact", "cls2025": 0, "cls2025_name": "intact", "stratum": "AT37_intact", "lon": 21.718622872659868, "lat": -34.06522506351588}, "geometry": {"type": "Point", "coordinates": [21.718622872659868, -34.06522506351588]}}, {"type": "Feature", "properties": {"id": 1672, "source": "new", "mapcode": "AT37", "vegtype": "Gouritz Valley Thicket", "efg": "ValleyThicket", "efg_id": 2, "cls2022": 0, "cls2022_name": "intact", "cls2025": 0, "cls2025_name": "intact", "stratum": "AT37_intact", "lon": 21.398565364871228, "lat": -34.33316839493824}, "geometry": {"type": "Point", "coordinates": [21.398565364871228, -34.33316839493824]}}, {"type": "Feature", "properties": {"id": 1673, "source": "new", "mapcode": "AT37", "vegtype": "Gouritz Valley Thicket", "efg": "ValleyThicket", "efg_id": 2, "cls2022": 0, "cls2022_name": "intact", "cls2025": 2, "cls2025_name": "severe", "stratum": "AT37_intact", "lon": 21.367029499869084, "lat": -34.31939897435932}, "geometry": {"type": "Point", "coordinates": [21.367029499869084, -34.31939897435932]}}, {"type": "Feature", "properties": {"id": 1674, "source": "new", "mapcode": "AT37", "vegtype": "Gouritz Valley Thicket", "efg": "ValleyThicket", "efg_id": 2, "cls2022": 0, "cls2022_name": "intact", "cls2025": 0, "cls2025_name": "intact", "stratum": "AT37_intact", "lon": 21.81143558169946, "lat": -34.24311242461923}, "geometry": {"type": "Point", "coordinates": [21.81143558169946, -34.24311242461923]}}, {"type": "Feature", "properties": {"id": 1675, "source": "new", "mapcode": "AT37", "vegtype": "Gouritz Valley Thicket", "efg": "ValleyThicket", "efg_id": 2, "cls2022": 0, "cls2022_name": "intact", "cls2025": -1, "cls2025_name": null, "stratum": "AT37_intact", "lon": 21.379856772265963, "lat": -34.31916488444582}, "geometry": {"type": "Point", "coordinates": [21.379856772265963, -34.31916488444582]}}, {"type": "Feature", "properties": {"id": 1676, "source": "new", "mapcode": "AT37", "vegtype": "Gouritz Valley Thicket", "efg": "ValleyThicket", "efg_id": 2, "cls2022": 0, "cls2022_name": "intact", "cls2025": 1, "cls2025_name": "moderate", "stratum": "AT37_intact", "lon": 21.720941144614446, "lat": -34.13739262395367}, "geometry": {"type": "Point", "coordinates": [21.720941144614446, -34.13739262395367]}}, {"type": "Feature", "properties": {"id": 1677, "source": "new", "mapcode": "AT37", "vegtype": "Gouritz Valley Thicket", "efg": "ValleyThicket", "efg_id": 2, "cls2022": 0, "cls2022_name": "intact", "cls2025": 0, "cls2025_name": "intact", "stratum": "AT37_intact", "lon": 21.661467304557387, "lat": -33.942798117179834}, "geometry": {"type": "Point", "coordinates": [21.661467304557387, -33.942798117179834]}}, {"type": "Feature", "properties": {"id": 1678, "source": "new", "mapcode": "AT37", "vegtype": "Gouritz Valley Thicket", "efg": "ValleyThicket", "efg_id": 2, "cls2022": 0, "cls2022_name": "intact", "cls2025": 0, "cls2025_name": "intact", "stratum": "AT37_intact", "lon": 21.64790527144045, "lat": -33.97367023040397}, "geometry": {"type": "Point", "coordinates": [21.64790527144045, -33.97367023040397]}}, {"type": "Feature", "properties": {"id": 1679, "source": "new", "mapcode": "AT37", "vegtype": "Gouritz Valley Thicket", "efg": "ValleyThicket", "efg_id": 2, "cls2022": 0, "cls2022_name": "intact", "cls2025": 0, "cls2025_name": "intact", "stratum": "AT37_intact", "lon": 21.854267092125085, "lat": -34.31100897891882}, "geometry": {"type": "Point", "coordinates": [21.854267092125085, -34.31100897891882]}}, {"type": "Feature", "properties": {"id": 1680, "source": "new", "mapcode": "AT37", "vegtype": "Gouritz Valley Thicket", "efg": "ValleyThicket", "efg_id": 2, "cls2022": 0, "cls2022_name": "intact", "cls2025": 0, "cls2025_name": "intact", "stratum": "AT37_intact", "lon": 21.73575731765753, "lat": -34.01347643429959}, "geometry": {"type": "Point", "coordinates": [21.73575731765753, -34.01347643429959]}}, {"type": "Feature", "properties": {"id": 1681, "source": "new", "mapcode": "AT37", "vegtype": "Gouritz Valley Thicket", "efg": "ValleyThicket", "efg_id": 2, "cls2022": 1, "cls2022_name": "moderate", "cls2025": -1, "cls2025_name": null, "stratum": "AT37_moderate", "lon": 21.649379964766123, "lat": -34.12260974647048}, "geometry": {"type": "Point", "coordinates": [21.649379964766123, -34.12260974647048]}}, {"type": "Feature", "properties": {"id": 1682, "source": "new", "mapcode": "AT37", "vegtype": "Gouritz Valley Thicket", "efg": "ValleyThicket", "efg_id": 2, "cls2022": 1, "cls2022_name": "moderate", "cls2025": 2, "cls2025_name": "severe", "stratum": "AT37_moderate", "lon": 21.78198089092761, "lat": -34.159492338142684}, "geometry": {"type": "Point", "coordinates": [21.78198089092761, -34.159492338142684]}}, {"type": "Feature", "properties": {"id": 1683, "source": "new", "mapcode": "AT37", "vegtype": "Gouritz Valley Thicket", "efg": "ValleyThicket", "efg_id": 2, "cls2022": 1, "cls2022_name": "moderate", "cls2025": 1, "cls2025_name": "moderate", "stratum": "AT37_moderate", "lon": 21.80689223039399, "lat": -34.06189039629422}, "geometry": {"type": "Point", "coordinates": [21.80689223039399, -34.06189039629422]}}, {"type": "Feature", "properties": {"id": 1684, "source": "new", "mapcode": "AT37", "vegtype": "Gouritz Valley Thicket", "efg": "ValleyThicket", "efg_id": 2, "cls2022": 1, "cls2022_name": "moderate", "cls2025": 2, "cls2025_name": "severe", "stratum": "AT37_moderate", "lon": 21.640177796989565, "lat": -34.1221991678336}, "geometry": {"type": "Point", "coordinates": [21.640177796989565, -34.1221991678336]}}, {"type": "Feature", "properties": {"id": 1685, "source": "new", "mapcode": "AT37", "vegtype": "Gouritz Valley Thicket", "efg": "ValleyThicket", "efg_id": 2, "cls2022": 1, "cls2022_name": "moderate", "cls2025": 1, "cls2025_name": "moderate", "stratum": "AT37_moderate", "lon": 21.71473312859257, "lat": -34.13332282046763}, "geometry": {"type": "Point", "coordinates": [21.71473312859257, -34.13332282046763]}}, {"type": "Feature", "properties": {"id": 1686, "source": "new", "mapcode": "AT37", "vegtype": "Gouritz Valley Thicket", "efg": "ValleyThicket", "efg_id": 2, "cls2022": 1, "cls2022_name": "moderate", "cls2025": 1, "cls2025_name": "moderate", "stratum": "AT37_moderate", "lon": 21.7427369927423, "lat": -34.103011102107615}, "geometry": {"type": "Point", "coordinates": [21.7427369927423, -34.103011102107615]}}, {"type": "Feature", "properties": {"id": 1687, "source": "new", "mapcode": "AT37", "vegtype": "Gouritz Valley Thicket", "efg": "ValleyThicket", "efg_id": 2, "cls2022": 1, "cls2022_name": "moderate", "cls2025": 1, "cls2025_name": "moderate", "stratum": "AT37_moderate", "lon": 21.6736868232489, "lat": -34.143238529206194}, "geometry": {"type": "Point", "coordinates": [21.6736868232489, -34.143238529206194]}}, {"type": "Feature", "properties": {"id": 1688, "source": "new", "mapcode": "AT37", "vegtype": "Gouritz Valley Thicket", "efg": "ValleyThicket", "efg_id": 2, "cls2022": 1, "cls2022_name": "moderate", "cls2025": 1, "cls2025_name": "moderate", "stratum": "AT37_moderate", "lon": 21.787765089867833, "lat": -34.17743165833594}, "geometry": {"type": "Point", "coordinates": [21.787765089867833, -34.17743165833594]}}, {"type": "Feature", "properties": {"id": 1689, "source": "new", "mapcode": "AT37", "vegtype": "Gouritz Valley Thicket", "efg": "ValleyThicket", "efg_id": 2, "cls2022": 1, "cls2022_name": "moderate", "cls2025": 0, "cls2025_name": "intact", "stratum": "AT37_moderate", "lon": 21.763732176601717, "lat": -34.04831711260077}, "geometry": {"type": "Point", "coordinates": [21.763732176601717, -34.04831711260077]}}, {"type": "Feature", "properties": {"id": 1690, "source": "new", "mapcode": "AT37", "vegtype": "Gouritz Valley Thicket", "efg": "ValleyThicket", "efg_id": 2, "cls2022": 1, "cls2022_name": "moderate", "cls2025": 1, "cls2025_name": "moderate", "stratum": "AT37_moderate", "lon": 21.754459006823648, "lat": -34.22260950736248}, "geometry": {"type": "Point", "coordinates": [21.754459006823648, -34.22260950736248]}}, {"type": "Feature", "properties": {"id": 1691, "source": "new", "mapcode": "AT37", "vegtype": "Gouritz Valley Thicket", "efg": "ValleyThicket", "efg_id": 2, "cls2022": 2, "cls2022_name": "severe", "cls2025": 1, "cls2025_name": "moderate", "stratum": "AT37_severe", "lon": 21.827968465867162, "lat": -34.06214275198282}, "geometry": {"type": "Point", "coordinates": [21.827968465867162, -34.06214275198282]}}, {"type": "Feature", "properties": {"id": 1692, "source": "new", "mapcode": "AT37", "vegtype": "Gouritz Valley Thicket", "efg": "ValleyThicket", "efg_id": 2, "cls2022": 2, "cls2022_name": "severe", "cls2025": 1, "cls2025_name": "moderate", "stratum": "AT37_severe", "lon": 21.729574510125218, "lat": -34.134594510996266}, "geometry": {"type": "Point", "coordinates": [21.729574510125218, -34.134594510996266]}}, {"type": "Feature", "properties": {"id": 1693, "source": "new", "mapcode": "AT37", "vegtype": "Gouritz Valley Thicket", "efg": "ValleyThicket", "efg_id": 2, "cls2022": 2, "cls2022_name": "severe", "cls2025": 2, "cls2025_name": "severe", "stratum": "AT37_severe", "lon": 21.62571895511085, "lat": -33.98751720507512}, "geometry": {"type": "Point", "coordinates": [21.62571895511085, -33.98751720507512]}}, {"type": "Feature", "properties": {"id": 1694, "source": "new", "mapcode": "AT37", "vegtype": "Gouritz Valley Thicket", "efg": "ValleyThicket", "efg_id": 2, "cls2022": 2, "cls2022_name": "severe", "cls2025": 2, "cls2025_name": "severe", "stratum": "AT37_severe", "lon": 21.873986308199274, "lat": -34.152614230044804}, "geometry": {"type": "Point", "coordinates": [21.873986308199274, -34.152614230044804]}}, {"type": "Feature", "properties": {"id": 1695, "source": "new", "mapcode": "AT37", "vegtype": "Gouritz Valley Thicket", "efg": "ValleyThicket", "efg_id": 2, "cls2022": 2, "cls2022_name": "severe", "cls2025": 2, "cls2025_name": "severe", "stratum": "AT37_severe", "lon": 21.73915572081847, "lat": -34.13393028054368}, "geometry": {"type": "Point", "coordinates": [21.73915572081847, -34.13393028054368]}}, {"type": "Feature", "properties": {"id": 1696, "source": "new", "mapcode": "AT37", "vegtype": "Gouritz Valley Thicket", "efg": "ValleyThicket", "efg_id": 2, "cls2022": 2, "cls2022_name": "severe", "cls2025": 2, "cls2025_name": "severe", "stratum": "AT37_severe", "lon": 21.7537072002775, "lat": -34.15378859773598}, "geometry": {"type": "Point", "coordinates": [21.7537072002775, -34.15378859773598]}}, {"type": "Feature", "properties": {"id": 1697, "source": "new", "mapcode": "AT37", "vegtype": "Gouritz Valley Thicket", "efg": "ValleyThicket", "efg_id": 2, "cls2022": 2, "cls2022_name": "severe", "cls2025": 2, "cls2025_name": "severe", "stratum": "AT37_severe", "lon": 21.73144785542717, "lat": -34.09286959195289}, "geometry": {"type": "Point", "coordinates": [21.73144785542717, -34.09286959195289]}}, {"type": "Feature", "properties": {"id": 1698, "source": "new", "mapcode": "AT37", "vegtype": "Gouritz Valley Thicket", "efg": "ValleyThicket", "efg_id": 2, "cls2022": 2, "cls2022_name": "severe", "cls2025": 1, "cls2025_name": "moderate", "stratum": "AT37_severe", "lon": 21.626493659067535, "lat": -33.993639008979805}, "geometry": {"type": "Point", "coordinates": [21.626493659067535, -33.993639008979805]}}, {"type": "Feature", "properties": {"id": 1699, "source": "new", "mapcode": "AT37", "vegtype": "Gouritz Valley Thicket", "efg": "ValleyThicket", "efg_id": 2, "cls2022": 2, "cls2022_name": "severe", "cls2025": 2, "cls2025_name": "severe", "stratum": "AT37_severe", "lon": 21.76007305247552, "lat": -34.163583351145256}, "geometry": {"type": "Point", "coordinates": [21.76007305247552, -34.163583351145256]}}, {"type": "Feature", "properties": {"id": 1700, "source": "new", "mapcode": "AT37", "vegtype": "Gouritz Valley Thicket", "efg": "ValleyThicket", "efg_id": 2, "cls2022": 2, "cls2022_name": "severe", "cls2025": 2, "cls2025_name": "severe", "stratum": "AT37_severe", "lon": 21.658800608547025, "lat": -34.019006784055826}, "geometry": {"type": "Point", "coordinates": [21.658800608547025, -34.019006784055826]}}, {"type": "Feature", "properties": {"id": 1701, "source": "new", "mapcode": "AT37", "vegtype": "Gouritz Valley Thicket", "efg": "ValleyThicket", "efg_id": 2, "cls2022": 2, "cls2022_name": "severe", "cls2025": 2, "cls2025_name": "severe", "stratum": "AT37_severe", "lon": 21.306932440956487, "lat": -34.28348530814486}, "geometry": {"type": "Point", "coordinates": [21.306932440956487, -34.28348530814486]}}, {"type": "Feature", "properties": {"id": 1702, "source": "new", "mapcode": "AT37", "vegtype": "Gouritz Valley Thicket", "efg": "ValleyThicket", "efg_id": 2, "cls2022": 2, "cls2022_name": "severe", "cls2025": -1, "cls2025_name": null, "stratum": "AT37_severe", "lon": 21.67629633440597, "lat": -34.1382037844429}, "geometry": {"type": "Point", "coordinates": [21.67629633440597, -34.1382037844429]}}, {"type": "Feature", "properties": {"id": 1703, "source": "new", "mapcode": "AT37", "vegtype": "Gouritz Valley Thicket", "efg": "ValleyThicket", "efg_id": 2, "cls2022": 2, "cls2022_name": "severe", "cls2025": 2, "cls2025_name": "severe", "stratum": "AT37_severe", "lon": 21.74762125991811, "lat": -34.1575694654697}, "geometry": {"type": "Point", "coordinates": [21.74762125991811, -34.1575694654697]}}, {"type": "Feature", "properties": {"id": 1704, "source": "new", "mapcode": "AT37", "vegtype": "Gouritz Valley Thicket", "efg": "ValleyThicket", "efg_id": 2, "cls2022": 2, "cls2022_name": "severe", "cls2025": -1, "cls2025_name": null, "stratum": "AT37_severe", "lon": 21.803089428627274, "lat": -34.14695060518834}, "geometry": {"type": "Point", "coordinates": [21.803089428627274, -34.14695060518834]}}, {"type": "Feature", "properties": {"id": 1705, "source": "new", "mapcode": "AT37", "vegtype": "Gouritz Valley Thicket", "efg": "ValleyThicket", "efg_id": 2, "cls2022": 2, "cls2022_name": "severe", "cls2025": 2, "cls2025_name": "severe", "stratum": "AT37_severe", "lon": 21.379666216064923, "lat": -34.327503095427126}, "geometry": {"type": "Point", "coordinates": [21.379666216064923, -34.327503095427126]}}, {"type": "Feature", "properties": {"id": 1706, "source": "new", "mapcode": "AT37", "vegtype": "Gouritz Valley Thicket", "efg": "ValleyThicket", "efg_id": 2, "cls2022": 2, "cls2022_name": "severe", "cls2025": 2, "cls2025_name": "severe", "stratum": "AT37_severe", "lon": 21.750399068293966, "lat": -34.185635884295884}, "geometry": {"type": "Point", "coordinates": [21.750399068293966, -34.185635884295884]}}, {"type": "Feature", "properties": {"id": 1707, "source": "new", "mapcode": "AT37", "vegtype": "Gouritz Valley Thicket", "efg": "ValleyThicket", "efg_id": 2, "cls2022": 2, "cls2022_name": "severe", "cls2025": 2, "cls2025_name": "severe", "stratum": "AT37_severe", "lon": 21.70249368857677, "lat": -34.10440556561092}, "geometry": {"type": "Point", "coordinates": [21.70249368857677, -34.10440556561092]}}, {"type": "Feature", "properties": {"id": 1708, "source": "new", "mapcode": "AT37", "vegtype": "Gouritz Valley Thicket", "efg": "ValleyThicket", "efg_id": 2, "cls2022": 2, "cls2022_name": "severe", "cls2025": 2, "cls2025_name": "severe", "stratum": "AT37_severe", "lon": 21.79632359386197, "lat": -34.24754712908249}, "geometry": {"type": "Point", "coordinates": [21.79632359386197, -34.24754712908249]}}, {"type": "Feature", "properties": {"id": 1709, "source": "new", "mapcode": "AT37", "vegtype": "Gouritz Valley Thicket", "efg": "ValleyThicket", "efg_id": 2, "cls2022": 2, "cls2022_name": "severe", "cls2025": 2, "cls2025_name": "severe", "stratum": "AT37_severe", "lon": 21.797303861301767, "lat": -34.16092731101737}, "geometry": {"type": "Point", "coordinates": [21.797303861301767, -34.16092731101737]}}, {"type": "Feature", "properties": {"id": 1710, "source": "new", "mapcode": "AT37", "vegtype": "Gouritz Valley Thicket", "efg": "ValleyThicket", "efg_id": 2, "cls2022": 2, "cls2022_name": "severe", "cls2025": 2, "cls2025_name": "severe", "stratum": "AT37_severe", "lon": 21.61411480222565, "lat": -34.03098729453855}, "geometry": {"type": "Point", "coordinates": [21.61411480222565, -34.03098729453855]}}, {"type": "Feature", "properties": {"id": 1711, "source": "new", "mapcode": "AT37", "vegtype": "Gouritz Valley Thicket", "efg": "ValleyThicket", "efg_id": 2, "cls2022": 2, "cls2022_name": "severe", "cls2025": 2, "cls2025_name": "severe", "stratum": "AT37_severe", "lon": 21.793037381372677, "lat": -34.151196458460426}, "geometry": {"type": "Point", "coordinates": [21.793037381372677, -34.151196458460426]}}, {"type": "Feature", "properties": {"id": 1712, "source": "new", "mapcode": "AT37", "vegtype": "Gouritz Valley Thicket", "efg": "ValleyThicket", "efg_id": 2, "cls2022": 2, "cls2022_name": "severe", "cls2025": 2, "cls2025_name": "severe", "stratum": "AT37_severe", "lon": 21.72473773353908, "lat": -34.15456092903877}, "geometry": {"type": "Point", "coordinates": [21.72473773353908, -34.15456092903877]}}, {"type": "Feature", "properties": {"id": 1713, "source": "new", "mapcode": "AT49", "vegtype": "Sundays Arid Thicket", "efg": "AridThicket", "efg_id": 1, "cls2022": 0, "cls2022_name": "intact", "cls2025": 0, "cls2025_name": "intact", "stratum": "AT49_intact", "lon": 24.6247278289458, "lat": -33.2029701003534}, "geometry": {"type": "Point", "coordinates": [24.6247278289458, -33.2029701003534]}}, {"type": "Feature", "properties": {"id": 1714, "source": "new", "mapcode": "AT49", "vegtype": "Sundays Arid Thicket", "efg": "AridThicket", "efg_id": 1, "cls2022": 0, "cls2022_name": "intact", "cls2025": 0, "cls2025_name": "intact", "stratum": "AT49_intact", "lon": 24.947419437159752, "lat": -33.499578274828934}, "geometry": {"type": "Point", "coordinates": [24.947419437159752, -33.499578274828934]}}, {"type": "Feature", "properties": {"id": 1715, "source": "new", "mapcode": "AT49", "vegtype": "Sundays Arid Thicket", "efg": "AridThicket", "efg_id": 1, "cls2022": 0, "cls2022_name": "intact", "cls2025": 0, "cls2025_name": "intact", "stratum": "AT49_intact", "lon": 24.70547955540245, "lat": -32.85186081615434}, "geometry": {"type": "Point", "coordinates": [24.70547955540245, -32.85186081615434]}}, {"type": "Feature", "properties": {"id": 1716, "source": "new", "mapcode": "AT49", "vegtype": "Sundays Arid Thicket", "efg": "AridThicket", "efg_id": 1, "cls2022": 0, "cls2022_name": "intact", "cls2025": 0, "cls2025_name": "intact", "stratum": "AT49_intact", "lon": 24.604708235652236, "lat": -33.209951675045}, "geometry": {"type": "Point", "coordinates": [24.604708235652236, -33.209951675045]}}, {"type": "Feature", "properties": {"id": 1717, "source": "new", "mapcode": "AT49", "vegtype": "Sundays Arid Thicket", "efg": "AridThicket", "efg_id": 1, "cls2022": 0, "cls2022_name": "intact", "cls2025": 0, "cls2025_name": "intact", "stratum": "AT49_intact", "lon": 23.06248875095892, "lat": -33.38623685238817}, "geometry": {"type": "Point", "coordinates": [23.06248875095892, -33.38623685238817]}}, {"type": "Feature", "properties": {"id": 1718, "source": "new", "mapcode": "AT49", "vegtype": "Sundays Arid Thicket", "efg": "AridThicket", "efg_id": 1, "cls2022": 0, "cls2022_name": "intact", "cls2025": 2, "cls2025_name": "severe", "stratum": "AT49_intact", "lon": 25.136721679590238, "lat": -32.808849192649824}, "geometry": {"type": "Point", "coordinates": [25.136721679590238, -32.808849192649824]}}, {"type": "Feature", "properties": {"id": 1719, "source": "new", "mapcode": "AT49", "vegtype": "Sundays Arid Thicket", "efg": "AridThicket", "efg_id": 1, "cls2022": 0, "cls2022_name": "intact", "cls2025": 0, "cls2025_name": "intact", "stratum": "AT49_intact", "lon": 23.85436239853482, "lat": -33.2121904131144}, "geometry": {"type": "Point", "coordinates": [23.85436239853482, -33.2121904131144]}}, {"type": "Feature", "properties": {"id": 1720, "source": "new", "mapcode": "AT49", "vegtype": "Sundays Arid Thicket", "efg": "AridThicket", "efg_id": 1, "cls2022": 0, "cls2022_name": "intact", "cls2025": 0, "cls2025_name": "intact", "stratum": "AT49_intact", "lon": 24.776356956426866, "lat": -32.92955140027031}, "geometry": {"type": "Point", "coordinates": [24.776356956426866, -32.92955140027031]}}, {"type": "Feature", "properties": {"id": 1721, "source": "new", "mapcode": "AT49", "vegtype": "Sundays Arid Thicket", "efg": "AridThicket", "efg_id": 1, "cls2022": 0, "cls2022_name": "intact", "cls2025": 1, "cls2025_name": "moderate", "stratum": "AT49_intact", "lon": 25.290798110037628, "lat": -32.98517020359986}, "geometry": {"type": "Point", "coordinates": [25.290798110037628, -32.98517020359986]}}, {"type": "Feature", "properties": {"id": 1722, "source": "new", "mapcode": "AT49", "vegtype": "Sundays Arid Thicket", "efg": "AridThicket", "efg_id": 1, "cls2022": 0, "cls2022_name": "intact", "cls2025": 0, "cls2025_name": "intact", "stratum": "AT49_intact", "lon": 25.252368674738126, "lat": -33.58393857821413}, "geometry": {"type": "Point", "coordinates": [25.252368674738126, -33.58393857821413]}}, {"type": "Feature", "properties": {"id": 1723, "source": "new", "mapcode": "AT49", "vegtype": "Sundays Arid Thicket", "efg": "AridThicket", "efg_id": 1, "cls2022": 0, "cls2022_name": "intact", "cls2025": 0, "cls2025_name": "intact", "stratum": "AT49_intact", "lon": 25.395633770116444, "lat": -33.231754206466086}, "geometry": {"type": "Point", "coordinates": [25.395633770116444, -33.231754206466086]}}, {"type": "Feature", "properties": {"id": 1724, "source": "new", "mapcode": "AT49", "vegtype": "Sundays Arid Thicket", "efg": "AridThicket", "efg_id": 1, "cls2022": 0, "cls2022_name": "intact", "cls2025": -1, "cls2025_name": null, "stratum": "AT49_intact", "lon": 25.17756328219919, "lat": -33.12422079089047}, "geometry": {"type": "Point", "coordinates": [25.17756328219919, -33.12422079089047]}}, {"type": "Feature", "properties": {"id": 1725, "source": "new", "mapcode": "AT49", "vegtype": "Sundays Arid Thicket", "efg": "AridThicket", "efg_id": 1, "cls2022": 0, "cls2022_name": "intact", "cls2025": 0, "cls2025_name": "intact", "stratum": "AT49_intact", "lon": 24.913326297809146, "lat": -32.90036703513592}, "geometry": {"type": "Point", "coordinates": [24.913326297809146, -32.90036703513592]}}, {"type": "Feature", "properties": {"id": 1726, "source": "new", "mapcode": "AT49", "vegtype": "Sundays Arid Thicket", "efg": "AridThicket", "efg_id": 1, "cls2022": 0, "cls2022_name": "intact", "cls2025": 2, "cls2025_name": "severe", "stratum": "AT49_intact", "lon": 23.939364609308328, "lat": -33.09592144705854}, "geometry": {"type": "Point", "coordinates": [23.939364609308328, -33.09592144705854]}}, {"type": "Feature", "properties": {"id": 1727, "source": "new", "mapcode": "AT49", "vegtype": "Sundays Arid Thicket", "efg": "AridThicket", "efg_id": 1, "cls2022": 0, "cls2022_name": "intact", "cls2025": 0, "cls2025_name": "intact", "stratum": "AT49_intact", "lon": 25.316055109397283, "lat": -33.043653452961024}, "geometry": {"type": "Point", "coordinates": [25.316055109397283, -33.043653452961024]}}, {"type": "Feature", "properties": {"id": 1728, "source": "new", "mapcode": "AT49", "vegtype": "Sundays Arid Thicket", "efg": "AridThicket", "efg_id": 1, "cls2022": 0, "cls2022_name": "intact", "cls2025": 0, "cls2025_name": "intact", "stratum": "AT49_intact", "lon": 24.147972289424196, "lat": -33.127691941951824}, "geometry": {"type": "Point", "coordinates": [24.147972289424196, -33.127691941951824]}}, {"type": "Feature", "properties": {"id": 1729, "source": "new", "mapcode": "AT49", "vegtype": "Sundays Arid Thicket", "efg": "AridThicket", "efg_id": 1, "cls2022": 0, "cls2022_name": "intact", "cls2025": 0, "cls2025_name": "intact", "stratum": "AT49_intact", "lon": 23.563383518848003, "lat": -33.12155575746777}, "geometry": {"type": "Point", "coordinates": [23.563383518848003, -33.12155575746777]}}, {"type": "Feature", "properties": {"id": 1730, "source": "new", "mapcode": "AT49", "vegtype": "Sundays Arid Thicket", "efg": "AridThicket", "efg_id": 1, "cls2022": 0, "cls2022_name": "intact", "cls2025": 1, "cls2025_name": "moderate", "stratum": "AT49_intact", "lon": 25.11985800426374, "lat": -33.10051148247613}, "geometry": {"type": "Point", "coordinates": [25.11985800426374, -33.10051148247613]}}, {"type": "Feature", "properties": {"id": 1731, "source": "new", "mapcode": "AT49", "vegtype": "Sundays Arid Thicket", "efg": "AridThicket", "efg_id": 1, "cls2022": 0, "cls2022_name": "intact", "cls2025": 0, "cls2025_name": "intact", "stratum": "AT49_intact", "lon": 24.7959719130628, "lat": -32.9334980153761}, "geometry": {"type": "Point", "coordinates": [24.7959719130628, -32.9334980153761]}}, {"type": "Feature", "properties": {"id": 1732, "source": "new", "mapcode": "AT49", "vegtype": "Sundays Arid Thicket", "efg": "AridThicket", "efg_id": 1, "cls2022": 0, "cls2022_name": "intact", "cls2025": 0, "cls2025_name": "intact", "stratum": "AT49_intact", "lon": 25.340332480584035, "lat": -33.51836181245982}, "geometry": {"type": "Point", "coordinates": [25.340332480584035, -33.51836181245982]}}, {"type": "Feature", "properties": {"id": 1733, "source": "new", "mapcode": "AT49", "vegtype": "Sundays Arid Thicket", "efg": "AridThicket", "efg_id": 1, "cls2022": 1, "cls2022_name": "moderate", "cls2025": 1, "cls2025_name": "moderate", "stratum": "AT49_moderate", "lon": 23.9566662359685, "lat": -33.23916560403376}, "geometry": {"type": "Point", "coordinates": [23.9566662359685, -33.23916560403376]}}, {"type": "Feature", "properties": {"id": 1734, "source": "new", "mapcode": "AT49", "vegtype": "Sundays Arid Thicket", "efg": "AridThicket", "efg_id": 1, "cls2022": 1, "cls2022_name": "moderate", "cls2025": 1, "cls2025_name": "moderate", "stratum": "AT49_moderate", "lon": 24.38179500014512, "lat": -33.30470692075112}, "geometry": {"type": "Point", "coordinates": [24.38179500014512, -33.30470692075112]}}, {"type": "Feature", "properties": {"id": 1735, "source": "new", "mapcode": "AT49", "vegtype": "Sundays Arid Thicket", "efg": "AridThicket", "efg_id": 1, "cls2022": 1, "cls2022_name": "moderate", "cls2025": 1, "cls2025_name": "moderate", "stratum": "AT49_moderate", "lon": 24.967343269102464, "lat": -33.23233741880561}, "geometry": {"type": "Point", "coordinates": [24.967343269102464, -33.23233741880561]}}, {"type": "Feature", "properties": {"id": 1736, "source": "new", "mapcode": "AT49", "vegtype": "Sundays Arid Thicket", "efg": "AridThicket", "efg_id": 1, "cls2022": 1, "cls2022_name": "moderate", "cls2025": 2, "cls2025_name": "severe", "stratum": "AT49_moderate", "lon": 25.211126598673886, "lat": -32.80642466516305}, "geometry": {"type": "Point", "coordinates": [25.211126598673886, -32.80642466516305]}}, {"type": "Feature", "properties": {"id": 1737, "source": "new", "mapcode": "AT49", "vegtype": "Sundays Arid Thicket", "efg": "AridThicket", "efg_id": 1, "cls2022": 1, "cls2022_name": "moderate", "cls2025": 1, "cls2025_name": "moderate", "stratum": "AT49_moderate", "lon": 24.963177630030383, "lat": -33.46838349176323}, "geometry": {"type": "Point", "coordinates": [24.963177630030383, -33.46838349176323]}}, {"type": "Feature", "properties": {"id": 1738, "source": "new", "mapcode": "AT49", "vegtype": "Sundays Arid Thicket", "efg": "AridThicket", "efg_id": 1, "cls2022": 1, "cls2022_name": "moderate", "cls2025": 2, "cls2025_name": "severe", "stratum": "AT49_moderate", "lon": 24.79488510108073, "lat": -32.95102772200835}, "geometry": {"type": "Point", "coordinates": [24.79488510108073, -32.95102772200835]}}, {"type": "Feature", "properties": {"id": 1739, "source": "new", "mapcode": "AT49", "vegtype": "Sundays Arid Thicket", "efg": "AridThicket", "efg_id": 1, "cls2022": 1, "cls2022_name": "moderate", "cls2025": 1, "cls2025_name": "moderate", "stratum": "AT49_moderate", "lon": 25.10322035407657, "lat": -33.200866273447296}, "geometry": {"type": "Point", "coordinates": [25.10322035407657, -33.200866273447296]}}, {"type": "Feature", "properties": {"id": 1740, "source": "new", "mapcode": "AT49", "vegtype": "Sundays Arid Thicket", "efg": "AridThicket", "efg_id": 1, "cls2022": 1, "cls2022_name": "moderate", "cls2025": 1, "cls2025_name": "moderate", "stratum": "AT49_moderate", "lon": 24.52927658523663, "lat": -32.89608438100324}, "geometry": {"type": "Point", "coordinates": [24.52927658523663, -32.89608438100324]}}, {"type": "Feature", "properties": {"id": 1741, "source": "new", "mapcode": "AT49", "vegtype": "Sundays Arid Thicket", "efg": "AridThicket", "efg_id": 1, "cls2022": 1, "cls2022_name": "moderate", "cls2025": 2, "cls2025_name": "severe", "stratum": "AT49_moderate", "lon": 24.13670817613511, "lat": -33.03570861500387}, "geometry": {"type": "Point", "coordinates": [24.13670817613511, -33.03570861500387]}}, {"type": "Feature", "properties": {"id": 1742, "source": "new", "mapcode": "AT49", "vegtype": "Sundays Arid Thicket", "efg": "AridThicket", "efg_id": 1, "cls2022": 1, "cls2022_name": "moderate", "cls2025": 1, "cls2025_name": "moderate", "stratum": "AT49_moderate", "lon": 24.446579231145908, "lat": -33.51815560379404}, "geometry": {"type": "Point", "coordinates": [24.446579231145908, -33.51815560379404]}}, {"type": "Feature", "properties": {"id": 1743, "source": "new", "mapcode": "AT49", "vegtype": "Sundays Arid Thicket", "efg": "AridThicket", "efg_id": 1, "cls2022": 1, "cls2022_name": "moderate", "cls2025": 2, "cls2025_name": "severe", "stratum": "AT49_moderate", "lon": 25.106779470976356, "lat": -32.88991764304377}, "geometry": {"type": "Point", "coordinates": [25.106779470976356, -32.88991764304377]}}, {"type": "Feature", "properties": {"id": 1744, "source": "new", "mapcode": "AT49", "vegtype": "Sundays Arid Thicket", "efg": "AridThicket", "efg_id": 1, "cls2022": 1, "cls2022_name": "moderate", "cls2025": 2, "cls2025_name": "severe", "stratum": "AT49_moderate", "lon": 23.95693481252946, "lat": -33.239412596759735}, "geometry": {"type": "Point", "coordinates": [23.95693481252946, -33.239412596759735]}}, {"type": "Feature", "properties": {"id": 1745, "source": "new", "mapcode": "AT49", "vegtype": "Sundays Arid Thicket", "efg": "AridThicket", "efg_id": 1, "cls2022": 1, "cls2022_name": "moderate", "cls2025": 1, "cls2025_name": "moderate", "stratum": "AT49_moderate", "lon": 25.150913627353408, "lat": -33.490451805499795}, "geometry": {"type": "Point", "coordinates": [25.150913627353408, -33.490451805499795]}}, {"type": "Feature", "properties": {"id": 1746, "source": "new", "mapcode": "AT49", "vegtype": "Sundays Arid Thicket", "efg": "AridThicket", "efg_id": 1, "cls2022": 1, "cls2022_name": "moderate", "cls2025": 1, "cls2025_name": "moderate", "stratum": "AT49_moderate", "lon": 24.972332592440488, "lat": -33.229959984191}, "geometry": {"type": "Point", "coordinates": [24.972332592440488, -33.229959984191]}}, {"type": "Feature", "properties": {"id": 1747, "source": "new", "mapcode": "AT49", "vegtype": "Sundays Arid Thicket", "efg": "AridThicket", "efg_id": 1, "cls2022": 1, "cls2022_name": "moderate", "cls2025": 1, "cls2025_name": "moderate", "stratum": "AT49_moderate", "lon": 24.094636945246815, "lat": -32.829095476455045}, "geometry": {"type": "Point", "coordinates": [24.094636945246815, -32.829095476455045]}}, {"type": "Feature", "properties": {"id": 1748, "source": "new", "mapcode": "AT49", "vegtype": "Sundays Arid Thicket", "efg": "AridThicket", "efg_id": 1, "cls2022": 1, "cls2022_name": "moderate", "cls2025": 1, "cls2025_name": "moderate", "stratum": "AT49_moderate", "lon": 24.08784682282947, "lat": -33.07050104294421}, "geometry": {"type": "Point", "coordinates": [24.08784682282947, -33.07050104294421]}}, {"type": "Feature", "properties": {"id": 1749, "source": "new", "mapcode": "AT49", "vegtype": "Sundays Arid Thicket", "efg": "AridThicket", "efg_id": 1, "cls2022": 1, "cls2022_name": "moderate", "cls2025": 2, "cls2025_name": "severe", "stratum": "AT49_moderate", "lon": 24.974609277263248, "lat": -32.84614692772137}, "geometry": {"type": "Point", "coordinates": [24.974609277263248, -32.84614692772137]}}, {"type": "Feature", "properties": {"id": 1750, "source": "new", "mapcode": "AT49", "vegtype": "Sundays Arid Thicket", "efg": "AridThicket", "efg_id": 1, "cls2022": 1, "cls2022_name": "moderate", "cls2025": 1, "cls2025_name": "moderate", "stratum": "AT49_moderate", "lon": 25.23222391599984, "lat": -33.47734739931509}, "geometry": {"type": "Point", "coordinates": [25.23222391599984, -33.47734739931509]}}, {"type": "Feature", "properties": {"id": 1751, "source": "new", "mapcode": "AT49", "vegtype": "Sundays Arid Thicket", "efg": "AridThicket", "efg_id": 1, "cls2022": 1, "cls2022_name": "moderate", "cls2025": 1, "cls2025_name": "moderate", "stratum": "AT49_moderate", "lon": 24.926249936377367, "lat": -32.973516153610085}, "geometry": {"type": "Point", "coordinates": [24.926249936377367, -32.973516153610085]}}, {"type": "Feature", "properties": {"id": 1752, "source": "new", "mapcode": "AT49", "vegtype": "Sundays Arid Thicket", "efg": "AridThicket", "efg_id": 1, "cls2022": 1, "cls2022_name": "moderate", "cls2025": 1, "cls2025_name": "moderate", "stratum": "AT49_moderate", "lon": 23.510460762594803, "lat": -33.076916009048226}, "geometry": {"type": "Point", "coordinates": [23.510460762594803, -33.076916009048226]}}, {"type": "Feature", "properties": {"id": 1753, "source": "new", "mapcode": "AT49", "vegtype": "Sundays Arid Thicket", "efg": "AridThicket", "efg_id": 1, "cls2022": 1, "cls2022_name": "moderate", "cls2025": 1, "cls2025_name": "moderate", "stratum": "AT49_moderate", "lon": 24.752546971324854, "lat": -32.92408549612447}, "geometry": {"type": "Point", "coordinates": [24.752546971324854, -32.92408549612447]}}, {"type": "Feature", "properties": {"id": 1754, "source": "new", "mapcode": "AT49", "vegtype": "Sundays Arid Thicket", "efg": "AridThicket", "efg_id": 1, "cls2022": 1, "cls2022_name": "moderate", "cls2025": 1, "cls2025_name": "moderate", "stratum": "AT49_moderate", "lon": 24.69054356650986, "lat": -32.91587501512832}, "geometry": {"type": "Point", "coordinates": [24.69054356650986, -32.91587501512832]}}, {"type": "Feature", "properties": {"id": 1755, "source": "new", "mapcode": "AT49", "vegtype": "Sundays Arid Thicket", "efg": "AridThicket", "efg_id": 1, "cls2022": 1, "cls2022_name": "moderate", "cls2025": 2, "cls2025_name": "severe", "stratum": "AT49_moderate", "lon": 24.999026255730023, "lat": -33.13490223890588}, "geometry": {"type": "Point", "coordinates": [24.999026255730023, -33.13490223890588]}}, {"type": "Feature", "properties": {"id": 1756, "source": "new", "mapcode": "AT49", "vegtype": "Sundays Arid Thicket", "efg": "AridThicket", "efg_id": 1, "cls2022": 1, "cls2022_name": "moderate", "cls2025": 1, "cls2025_name": "moderate", "stratum": "AT49_moderate", "lon": 25.241781698810083, "lat": -33.482946666618076}, "geometry": {"type": "Point", "coordinates": [25.241781698810083, -33.482946666618076]}}, {"type": "Feature", "properties": {"id": 1757, "source": "new", "mapcode": "AT49", "vegtype": "Sundays Arid Thicket", "efg": "AridThicket", "efg_id": 1, "cls2022": 1, "cls2022_name": "moderate", "cls2025": 1, "cls2025_name": "moderate", "stratum": "AT49_moderate", "lon": 24.616237819640677, "lat": -32.93086395840155}, "geometry": {"type": "Point", "coordinates": [24.616237819640677, -32.93086395840155]}}, {"type": "Feature", "properties": {"id": 1758, "source": "new", "mapcode": "AT49", "vegtype": "Sundays Arid Thicket", "efg": "AridThicket", "efg_id": 1, "cls2022": 1, "cls2022_name": "moderate", "cls2025": 2, "cls2025_name": "severe", "stratum": "AT49_moderate", "lon": 24.904455624689664, "lat": -32.790870163503044}, "geometry": {"type": "Point", "coordinates": [24.904455624689664, -32.790870163503044]}}, {"type": "Feature", "properties": {"id": 1759, "source": "new", "mapcode": "AT49", "vegtype": "Sundays Arid Thicket", "efg": "AridThicket", "efg_id": 1, "cls2022": 1, "cls2022_name": "moderate", "cls2025": 1, "cls2025_name": "moderate", "stratum": "AT49_moderate", "lon": 25.010249095755515, "lat": -33.20931554200092}, "geometry": {"type": "Point", "coordinates": [25.010249095755515, -33.20931554200092]}}, {"type": "Feature", "properties": {"id": 1760, "source": "new", "mapcode": "AT49", "vegtype": "Sundays Arid Thicket", "efg": "AridThicket", "efg_id": 1, "cls2022": 1, "cls2022_name": "moderate", "cls2025": 1, "cls2025_name": "moderate", "stratum": "AT49_moderate", "lon": 25.344792124817022, "lat": -33.44459987208534}, "geometry": {"type": "Point", "coordinates": [25.344792124817022, -33.44459987208534]}}, {"type": "Feature", "properties": {"id": 1761, "source": "new", "mapcode": "AT49", "vegtype": "Sundays Arid Thicket", "efg": "AridThicket", "efg_id": 1, "cls2022": 1, "cls2022_name": "moderate", "cls2025": 2, "cls2025_name": "severe", "stratum": "AT49_moderate", "lon": 24.839628289866635, "lat": -32.8617207566586}, "geometry": {"type": "Point", "coordinates": [24.839628289866635, -32.8617207566586]}}, {"type": "Feature", "properties": {"id": 1762, "source": "new", "mapcode": "AT49", "vegtype": "Sundays Arid Thicket", "efg": "AridThicket", "efg_id": 1, "cls2022": 1, "cls2022_name": "moderate", "cls2025": 1, "cls2025_name": "moderate", "stratum": "AT49_moderate", "lon": 24.668463525075975, "lat": -32.90747357708618}, "geometry": {"type": "Point", "coordinates": [24.668463525075975, -32.90747357708618]}}, {"type": "Feature", "properties": {"id": 1763, "source": "new", "mapcode": "AT49", "vegtype": "Sundays Arid Thicket", "efg": "AridThicket", "efg_id": 1, "cls2022": 1, "cls2022_name": "moderate", "cls2025": 1, "cls2025_name": "moderate", "stratum": "AT49_moderate", "lon": 25.45031962893613, "lat": -33.029065248827486}, "geometry": {"type": "Point", "coordinates": [25.45031962893613, -33.029065248827486]}}, {"type": "Feature", "properties": {"id": 1764, "source": "new", "mapcode": "AT49", "vegtype": "Sundays Arid Thicket", "efg": "AridThicket", "efg_id": 1, "cls2022": 1, "cls2022_name": "moderate", "cls2025": 1, "cls2025_name": "moderate", "stratum": "AT49_moderate", "lon": 24.50197875888248, "lat": -33.08339555015284}, "geometry": {"type": "Point", "coordinates": [24.50197875888248, -33.08339555015284]}}, {"type": "Feature", "properties": {"id": 1765, "source": "new", "mapcode": "AT49", "vegtype": "Sundays Arid Thicket", "efg": "AridThicket", "efg_id": 1, "cls2022": 1, "cls2022_name": "moderate", "cls2025": 1, "cls2025_name": "moderate", "stratum": "AT49_moderate", "lon": 24.736847072038465, "lat": -32.924529797614994}, "geometry": {"type": "Point", "coordinates": [24.736847072038465, -32.924529797614994]}}, {"type": "Feature", "properties": {"id": 1766, "source": "new", "mapcode": "AT49", "vegtype": "Sundays Arid Thicket", "efg": "AridThicket", "efg_id": 1, "cls2022": 1, "cls2022_name": "moderate", "cls2025": 1, "cls2025_name": "moderate", "stratum": "AT49_moderate", "lon": 25.314951102112353, "lat": -33.02934270190213}, "geometry": {"type": "Point", "coordinates": [25.314951102112353, -33.02934270190213]}}, {"type": "Feature", "properties": {"id": 1767, "source": "new", "mapcode": "AT49", "vegtype": "Sundays Arid Thicket", "efg": "AridThicket", "efg_id": 1, "cls2022": 1, "cls2022_name": "moderate", "cls2025": 1, "cls2025_name": "moderate", "stratum": "AT49_moderate", "lon": 24.987673973721716, "lat": -33.50985449482708}, "geometry": {"type": "Point", "coordinates": [24.987673973721716, -33.50985449482708]}}, {"type": "Feature", "properties": {"id": 1768, "source": "new", "mapcode": "AT49", "vegtype": "Sundays Arid Thicket", "efg": "AridThicket", "efg_id": 1, "cls2022": 1, "cls2022_name": "moderate", "cls2025": 1, "cls2025_name": "moderate", "stratum": "AT49_moderate", "lon": 24.907894348282035, "lat": -32.95351039804218}, "geometry": {"type": "Point", "coordinates": [24.907894348282035, -32.95351039804218]}}, {"type": "Feature", "properties": {"id": 1769, "source": "new", "mapcode": "AT49", "vegtype": "Sundays Arid Thicket", "efg": "AridThicket", "efg_id": 1, "cls2022": 1, "cls2022_name": "moderate", "cls2025": 1, "cls2025_name": "moderate", "stratum": "AT49_moderate", "lon": 24.78156991628321, "lat": -32.93358736848265}, "geometry": {"type": "Point", "coordinates": [24.78156991628321, -32.93358736848265]}}, {"type": "Feature", "properties": {"id": 1770, "source": "new", "mapcode": "AT49", "vegtype": "Sundays Arid Thicket", "efg": "AridThicket", "efg_id": 1, "cls2022": 1, "cls2022_name": "moderate", "cls2025": 1, "cls2025_name": "moderate", "stratum": "AT49_moderate", "lon": 23.65209635544018, "lat": -33.18884963857832}, "geometry": {"type": "Point", "coordinates": [23.65209635544018, -33.18884963857832]}}, {"type": "Feature", "properties": {"id": 1771, "source": "new", "mapcode": "AT49", "vegtype": "Sundays Arid Thicket", "efg": "AridThicket", "efg_id": 1, "cls2022": 1, "cls2022_name": "moderate", "cls2025": 1, "cls2025_name": "moderate", "stratum": "AT49_moderate", "lon": 24.882375859987814, "lat": -32.88355660179903}, "geometry": {"type": "Point", "coordinates": [24.882375859987814, -32.88355660179903]}}, {"type": "Feature", "properties": {"id": 1772, "source": "new", "mapcode": "AT49", "vegtype": "Sundays Arid Thicket", "efg": "AridThicket", "efg_id": 1, "cls2022": 1, "cls2022_name": "moderate", "cls2025": 1, "cls2025_name": "moderate", "stratum": "AT49_moderate", "lon": 24.96782432601333, "lat": -32.8811647384121}, "geometry": {"type": "Point", "coordinates": [24.96782432601333, -32.8811647384121]}}, {"type": "Feature", "properties": {"id": 1773, "source": "new", "mapcode": "AT49", "vegtype": "Sundays Arid Thicket", "efg": "AridThicket", "efg_id": 1, "cls2022": 1, "cls2022_name": "moderate", "cls2025": 1, "cls2025_name": "moderate", "stratum": "AT49_moderate", "lon": 24.569031363444484, "lat": -33.02938764636084}, "geometry": {"type": "Point", "coordinates": [24.569031363444484, -33.02938764636084]}}, {"type": "Feature", "properties": {"id": 1774, "source": "new", "mapcode": "AT49", "vegtype": "Sundays Arid Thicket", "efg": "AridThicket", "efg_id": 1, "cls2022": 1, "cls2022_name": "moderate", "cls2025": 1, "cls2025_name": "moderate", "stratum": "AT49_moderate", "lon": 25.395662846133494, "lat": -33.02557148931443}, "geometry": {"type": "Point", "coordinates": [25.395662846133494, -33.02557148931443]}}, {"type": "Feature", "properties": {"id": 1775, "source": "new", "mapcode": "AT49", "vegtype": "Sundays Arid Thicket", "efg": "AridThicket", "efg_id": 1, "cls2022": 1, "cls2022_name": "moderate", "cls2025": 2, "cls2025_name": "severe", "stratum": "AT49_moderate", "lon": 25.36858373317925, "lat": -33.18196807163487}, "geometry": {"type": "Point", "coordinates": [25.36858373317925, -33.18196807163487]}}, {"type": "Feature", "properties": {"id": 1776, "source": "new", "mapcode": "AT49", "vegtype": "Sundays Arid Thicket", "efg": "AridThicket", "efg_id": 1, "cls2022": 1, "cls2022_name": "moderate", "cls2025": 1, "cls2025_name": "moderate", "stratum": "AT49_moderate", "lon": 24.965101526642187, "lat": -33.23416512956568}, "geometry": {"type": "Point", "coordinates": [24.965101526642187, -33.23416512956568]}}, {"type": "Feature", "properties": {"id": 1777, "source": "new", "mapcode": "AT49", "vegtype": "Sundays Arid Thicket", "efg": "AridThicket", "efg_id": 1, "cls2022": 1, "cls2022_name": "moderate", "cls2025": 1, "cls2025_name": "moderate", "stratum": "AT49_moderate", "lon": 24.45324648471008, "lat": -32.80191491425111}, "geometry": {"type": "Point", "coordinates": [24.45324648471008, -32.80191491425111]}}, {"type": "Feature", "properties": {"id": 1778, "source": "new", "mapcode": "AT49", "vegtype": "Sundays Arid Thicket", "efg": "AridThicket", "efg_id": 1, "cls2022": 1, "cls2022_name": "moderate", "cls2025": 1, "cls2025_name": "moderate", "stratum": "AT49_moderate", "lon": 24.70486458002221, "lat": -32.99048502111812}, "geometry": {"type": "Point", "coordinates": [24.70486458002221, -32.99048502111812]}}, {"type": "Feature", "properties": {"id": 1779, "source": "new", "mapcode": "AT49", "vegtype": "Sundays Arid Thicket", "efg": "AridThicket", "efg_id": 1, "cls2022": 1, "cls2022_name": "moderate", "cls2025": -1, "cls2025_name": null, "stratum": "AT49_moderate", "lon": 25.1879971542007, "lat": -33.12519491483006}, "geometry": {"type": "Point", "coordinates": [25.1879971542007, -33.12519491483006]}}, {"type": "Feature", "properties": {"id": 1780, "source": "new", "mapcode": "AT49", "vegtype": "Sundays Arid Thicket", "efg": "AridThicket", "efg_id": 1, "cls2022": 1, "cls2022_name": "moderate", "cls2025": 2, "cls2025_name": "severe", "stratum": "AT49_moderate", "lon": 24.88193021917788, "lat": -33.01662374387643}, "geometry": {"type": "Point", "coordinates": [24.88193021917788, -33.01662374387643]}}, {"type": "Feature", "properties": {"id": 1781, "source": "new", "mapcode": "AT49", "vegtype": "Sundays Arid Thicket", "efg": "AridThicket", "efg_id": 1, "cls2022": 2, "cls2022_name": "severe", "cls2025": 2, "cls2025_name": "severe", "stratum": "AT49_severe", "lon": 24.369301060389446, "lat": -33.051170359913606}, "geometry": {"type": "Point", "coordinates": [24.369301060389446, -33.051170359913606]}}, {"type": "Feature", "properties": {"id": 1782, "source": "new", "mapcode": "AT49", "vegtype": "Sundays Arid Thicket", "efg": "AridThicket", "efg_id": 1, "cls2022": 2, "cls2022_name": "severe", "cls2025": 2, "cls2025_name": "severe", "stratum": "AT49_severe", "lon": 24.801616281676708, "lat": -32.84534939823054}, "geometry": {"type": "Point", "coordinates": [24.801616281676708, -32.84534939823054]}}, {"type": "Feature", "properties": {"id": 1783, "source": "new", "mapcode": "AT49", "vegtype": "Sundays Arid Thicket", "efg": "AridThicket", "efg_id": 1, "cls2022": 2, "cls2022_name": "severe", "cls2025": 2, "cls2025_name": "severe", "stratum": "AT49_severe", "lon": 24.101992778440728, "lat": -33.58067935647576}, "geometry": {"type": "Point", "coordinates": [24.101992778440728, -33.58067935647576]}}, {"type": "Feature", "properties": {"id": 1784, "source": "new", "mapcode": "AT49", "vegtype": "Sundays Arid Thicket", "efg": "AridThicket", "efg_id": 1, "cls2022": 2, "cls2022_name": "severe", "cls2025": 2, "cls2025_name": "severe", "stratum": "AT49_severe", "lon": 24.049982775308766, "lat": -33.58497650923661}, "geometry": {"type": "Point", "coordinates": [24.049982775308766, -33.58497650923661]}}, {"type": "Feature", "properties": {"id": 1785, "source": "new", "mapcode": "AT49", "vegtype": "Sundays Arid Thicket", "efg": "AridThicket", "efg_id": 1, "cls2022": 2, "cls2022_name": "severe", "cls2025": 2, "cls2025_name": "severe", "stratum": "AT49_severe", "lon": 24.469807828267385, "lat": -33.23200389867817}, "geometry": {"type": "Point", "coordinates": [24.469807828267385, -33.23200389867817]}}, {"type": "Feature", "properties": {"id": 1786, "source": "new", "mapcode": "AT49", "vegtype": "Sundays Arid Thicket", "efg": "AridThicket", "efg_id": 1, "cls2022": 2, "cls2022_name": "severe", "cls2025": 2, "cls2025_name": "severe", "stratum": "AT49_severe", "lon": 24.38740267447019, "lat": -33.28011327605435}, "geometry": {"type": "Point", "coordinates": [24.38740267447019, -33.28011327605435]}}, {"type": "Feature", "properties": {"id": 1787, "source": "new", "mapcode": "AT49", "vegtype": "Sundays Arid Thicket", "efg": "AridThicket", "efg_id": 1, "cls2022": 2, "cls2022_name": "severe", "cls2025": 2, "cls2025_name": "severe", "stratum": "AT49_severe", "lon": 24.56871363206471, "lat": -32.87811065761437}, "geometry": {"type": "Point", "coordinates": [24.56871363206471, -32.87811065761437]}}, {"type": "Feature", "properties": {"id": 1788, "source": "new", "mapcode": "AT49", "vegtype": "Sundays Arid Thicket", "efg": "AridThicket", "efg_id": 1, "cls2022": 2, "cls2022_name": "severe", "cls2025": 2, "cls2025_name": "severe", "stratum": "AT49_severe", "lon": 24.63819620381985, "lat": -32.983486344473874}, "geometry": {"type": "Point", "coordinates": [24.63819620381985, -32.983486344473874]}}, {"type": "Feature", "properties": {"id": 1789, "source": "new", "mapcode": "AT49", "vegtype": "Sundays Arid Thicket", "efg": "AridThicket", "efg_id": 1, "cls2022": 2, "cls2022_name": "severe", "cls2025": 2, "cls2025_name": "severe", "stratum": "AT49_severe", "lon": 25.08604410859742, "lat": -33.52362967055224}, "geometry": {"type": "Point", "coordinates": [25.08604410859742, -33.52362967055224]}}, {"type": "Feature", "properties": {"id": 1790, "source": "new", "mapcode": "AT49", "vegtype": "Sundays Arid Thicket", "efg": "AridThicket", "efg_id": 1, "cls2022": 2, "cls2022_name": "severe", "cls2025": 2, "cls2025_name": "severe", "stratum": "AT49_severe", "lon": 24.50834448774146, "lat": -32.867628232753965}, "geometry": {"type": "Point", "coordinates": [24.50834448774146, -32.867628232753965]}}, {"type": "Feature", "properties": {"id": 1791, "source": "new", "mapcode": "AT49", "vegtype": "Sundays Arid Thicket", "efg": "AridThicket", "efg_id": 1, "cls2022": 2, "cls2022_name": "severe", "cls2025": 2, "cls2025_name": "severe", "stratum": "AT49_severe", "lon": 24.540914179592672, "lat": -33.16652039047897}, "geometry": {"type": "Point", "coordinates": [24.540914179592672, -33.16652039047897]}}, {"type": "Feature", "properties": {"id": 1792, "source": "new", "mapcode": "AT49", "vegtype": "Sundays Arid Thicket", "efg": "AridThicket", "efg_id": 1, "cls2022": 2, "cls2022_name": "severe", "cls2025": 1, "cls2025_name": "moderate", "stratum": "AT49_severe", "lon": 24.606592675523565, "lat": -33.084116991966056}, "geometry": {"type": "Point", "coordinates": [24.606592675523565, -33.084116991966056]}}, {"type": "Feature", "properties": {"id": 1793, "source": "new", "mapcode": "AT49", "vegtype": "Sundays Arid Thicket", "efg": "AridThicket", "efg_id": 1, "cls2022": 2, "cls2022_name": "severe", "cls2025": 2, "cls2025_name": "severe", "stratum": "AT49_severe", "lon": 24.958777189972636, "lat": -33.064557524155084}, "geometry": {"type": "Point", "coordinates": [24.958777189972636, -33.064557524155084]}}, {"type": "Feature", "properties": {"id": 1794, "source": "new", "mapcode": "AT49", "vegtype": "Sundays Arid Thicket", "efg": "AridThicket", "efg_id": 1, "cls2022": 2, "cls2022_name": "severe", "cls2025": 2, "cls2025_name": "severe", "stratum": "AT49_severe", "lon": 24.65010207935513, "lat": -32.99659058376024}, "geometry": {"type": "Point", "coordinates": [24.65010207935513, -32.99659058376024]}}, {"type": "Feature", "properties": {"id": 1795, "source": "new", "mapcode": "AT49", "vegtype": "Sundays Arid Thicket", "efg": "AridThicket", "efg_id": 1, "cls2022": 2, "cls2022_name": "severe", "cls2025": 2, "cls2025_name": "severe", "stratum": "AT49_severe", "lon": 24.076975403183173, "lat": -33.58599620790954}, "geometry": {"type": "Point", "coordinates": [24.076975403183173, -33.58599620790954]}}, {"type": "Feature", "properties": {"id": 1796, "source": "new", "mapcode": "AT49", "vegtype": "Sundays Arid Thicket", "efg": "AridThicket", "efg_id": 1, "cls2022": 2, "cls2022_name": "severe", "cls2025": 2, "cls2025_name": "severe", "stratum": "AT49_severe", "lon": 24.91895150065639, "lat": -33.54486503357991}, "geometry": {"type": "Point", "coordinates": [24.91895150065639, -33.54486503357991]}}, {"type": "Feature", "properties": {"id": 1797, "source": "new", "mapcode": "AT49", "vegtype": "Sundays Arid Thicket", "efg": "AridThicket", "efg_id": 1, "cls2022": 2, "cls2022_name": "severe", "cls2025": 2, "cls2025_name": "severe", "stratum": "AT49_severe", "lon": 24.70119982364096, "lat": -33.10714516558699}, "geometry": {"type": "Point", "coordinates": [24.70119982364096, -33.10714516558699]}}, {"type": "Feature", "properties": {"id": 1798, "source": "new", "mapcode": "AT49", "vegtype": "Sundays Arid Thicket", "efg": "AridThicket", "efg_id": 1, "cls2022": 2, "cls2022_name": "severe", "cls2025": 2, "cls2025_name": "severe", "stratum": "AT49_severe", "lon": 24.2085423562836, "lat": -33.26535039420401}, "geometry": {"type": "Point", "coordinates": [24.2085423562836, -33.26535039420401]}}, {"type": "Feature", "properties": {"id": 1799, "source": "new", "mapcode": "AT49", "vegtype": "Sundays Arid Thicket", "efg": "AridThicket", "efg_id": 1, "cls2022": 2, "cls2022_name": "severe", "cls2025": 1, "cls2025_name": "moderate", "stratum": "AT49_severe", "lon": 25.374360437193435, "lat": -33.51056138490041}, "geometry": {"type": "Point", "coordinates": [25.374360437193435, -33.51056138490041]}}, {"type": "Feature", "properties": {"id": 1800, "source": "new", "mapcode": "AT49", "vegtype": "Sundays Arid Thicket", "efg": "AridThicket", "efg_id": 1, "cls2022": 2, "cls2022_name": "severe", "cls2025": 1, "cls2025_name": "moderate", "stratum": "AT49_severe", "lon": 24.061595307305012, "lat": -33.58008841320553}, "geometry": {"type": "Point", "coordinates": [24.061595307305012, -33.58008841320553]}}, {"type": "Feature", "properties": {"id": 1801, "source": "new", "mapcode": "AT49", "vegtype": "Sundays Arid Thicket", "efg": "AridThicket", "efg_id": 1, "cls2022": 2, "cls2022_name": "severe", "cls2025": 2, "cls2025_name": "severe", "stratum": "AT49_severe", "lon": 24.577752486671912, "lat": -33.106655889944165}, "geometry": {"type": "Point", "coordinates": [24.577752486671912, -33.106655889944165]}}, {"type": "Feature", "properties": {"id": 1802, "source": "new", "mapcode": "AT49", "vegtype": "Sundays Arid Thicket", "efg": "AridThicket", "efg_id": 1, "cls2022": 2, "cls2022_name": "severe", "cls2025": 2, "cls2025_name": "severe", "stratum": "AT49_severe", "lon": 24.619684728161413, "lat": -33.5073434064378}, "geometry": {"type": "Point", "coordinates": [24.619684728161413, -33.5073434064378]}}, {"type": "Feature", "properties": {"id": 1803, "source": "new", "mapcode": "AT49", "vegtype": "Sundays Arid Thicket", "efg": "AridThicket", "efg_id": 1, "cls2022": 2, "cls2022_name": "severe", "cls2025": 2, "cls2025_name": "severe", "stratum": "AT49_severe", "lon": 25.011730806850373, "lat": -33.140177184442884}, "geometry": {"type": "Point", "coordinates": [25.011730806850373, -33.140177184442884]}}, {"type": "Feature", "properties": {"id": 1804, "source": "new", "mapcode": "AT49", "vegtype": "Sundays Arid Thicket", "efg": "AridThicket", "efg_id": 1, "cls2022": 2, "cls2022_name": "severe", "cls2025": 2, "cls2025_name": "severe", "stratum": "AT49_severe", "lon": 24.848056068520204, "lat": -33.04895451551149}, "geometry": {"type": "Point", "coordinates": [24.848056068520204, -33.04895451551149]}}, {"type": "Feature", "properties": {"id": 1805, "source": "new", "mapcode": "AT49", "vegtype": "Sundays Arid Thicket", "efg": "AridThicket", "efg_id": 1, "cls2022": 2, "cls2022_name": "severe", "cls2025": 2, "cls2025_name": "severe", "stratum": "AT49_severe", "lon": 25.155332907994584, "lat": -32.7776505155985}, "geometry": {"type": "Point", "coordinates": [25.155332907994584, -32.7776505155985]}}, {"type": "Feature", "properties": {"id": 1806, "source": "new", "mapcode": "AT49", "vegtype": "Sundays Arid Thicket", "efg": "AridThicket", "efg_id": 1, "cls2022": 2, "cls2022_name": "severe", "cls2025": 2, "cls2025_name": "severe", "stratum": "AT49_severe", "lon": 25.251214884831313, "lat": -33.08348818053037}, "geometry": {"type": "Point", "coordinates": [25.251214884831313, -33.08348818053037]}}, {"type": "Feature", "properties": {"id": 1807, "source": "new", "mapcode": "AT49", "vegtype": "Sundays Arid Thicket", "efg": "AridThicket", "efg_id": 1, "cls2022": 2, "cls2022_name": "severe", "cls2025": 2, "cls2025_name": "severe", "stratum": "AT49_severe", "lon": 24.335804770800017, "lat": -33.18563484084443}, "geometry": {"type": "Point", "coordinates": [24.335804770800017, -33.18563484084443]}}, {"type": "Feature", "properties": {"id": 1808, "source": "new", "mapcode": "AT49", "vegtype": "Sundays Arid Thicket", "efg": "AridThicket", "efg_id": 1, "cls2022": 2, "cls2022_name": "severe", "cls2025": 2, "cls2025_name": "severe", "stratum": "AT49_severe", "lon": 23.50470381801678, "lat": -33.11394957457923}, "geometry": {"type": "Point", "coordinates": [23.50470381801678, -33.11394957457923]}}, {"type": "Feature", "properties": {"id": 1809, "source": "new", "mapcode": "AT49", "vegtype": "Sundays Arid Thicket", "efg": "AridThicket", "efg_id": 1, "cls2022": 2, "cls2022_name": "severe", "cls2025": 2, "cls2025_name": "severe", "stratum": "AT49_severe", "lon": 25.34589884139772, "lat": -33.08277520762869}, "geometry": {"type": "Point", "coordinates": [25.34589884139772, -33.08277520762869]}}, {"type": "Feature", "properties": {"id": 1810, "source": "new", "mapcode": "AT49", "vegtype": "Sundays Arid Thicket", "efg": "AridThicket", "efg_id": 1, "cls2022": 2, "cls2022_name": "severe", "cls2025": 2, "cls2025_name": "severe", "stratum": "AT49_severe", "lon": 24.862903852530668, "lat": -32.99405844606565}, "geometry": {"type": "Point", "coordinates": [24.862903852530668, -32.99405844606565]}}, {"type": "Feature", "properties": {"id": 1811, "source": "new", "mapcode": "AT49", "vegtype": "Sundays Arid Thicket", "efg": "AridThicket", "efg_id": 1, "cls2022": 2, "cls2022_name": "severe", "cls2025": 2, "cls2025_name": "severe", "stratum": "AT49_severe", "lon": 24.761334523910534, "lat": -33.083936551724435}, "geometry": {"type": "Point", "coordinates": [24.761334523910534, -33.083936551724435]}}, {"type": "Feature", "properties": {"id": 1812, "source": "new", "mapcode": "AT49", "vegtype": "Sundays Arid Thicket", "efg": "AridThicket", "efg_id": 1, "cls2022": 2, "cls2022_name": "severe", "cls2025": 0, "cls2025_name": "intact", "stratum": "AT49_severe", "lon": 25.057502061173956, "lat": -33.21469812082677}, "geometry": {"type": "Point", "coordinates": [25.057502061173956, -33.21469812082677]}}, {"type": "Feature", "properties": {"id": 1813, "source": "new", "mapcode": "AT49", "vegtype": "Sundays Arid Thicket", "efg": "AridThicket", "efg_id": 1, "cls2022": 2, "cls2022_name": "severe", "cls2025": 2, "cls2025_name": "severe", "stratum": "AT49_severe", "lon": 25.350280124732965, "lat": -33.170183662978474}, "geometry": {"type": "Point", "coordinates": [25.350280124732965, -33.170183662978474]}}, {"type": "Feature", "properties": {"id": 1814, "source": "new", "mapcode": "AT49", "vegtype": "Sundays Arid Thicket", "efg": "AridThicket", "efg_id": 1, "cls2022": 2, "cls2022_name": "severe", "cls2025": 2, "cls2025_name": "severe", "stratum": "AT49_severe", "lon": 24.993058998533968, "lat": -33.02137405900147}, "geometry": {"type": "Point", "coordinates": [24.993058998533968, -33.02137405900147]}}, {"type": "Feature", "properties": {"id": 1815, "source": "new", "mapcode": "AT49", "vegtype": "Sundays Arid Thicket", "efg": "AridThicket", "efg_id": 1, "cls2022": 2, "cls2022_name": "severe", "cls2025": 2, "cls2025_name": "severe", "stratum": "AT49_severe", "lon": 25.074678134847964, "lat": -33.52655778162939}, "geometry": {"type": "Point", "coordinates": [25.074678134847964, -33.52655778162939]}}, {"type": "Feature", "properties": {"id": 1816, "source": "new", "mapcode": "AT49", "vegtype": "Sundays Arid Thicket", "efg": "AridThicket", "efg_id": 1, "cls2022": 2, "cls2022_name": "severe", "cls2025": 2, "cls2025_name": "severe", "stratum": "AT49_severe", "lon": 25.1830790138623, "lat": -33.15729372289089}, "geometry": {"type": "Point", "coordinates": [25.1830790138623, -33.15729372289089]}}, {"type": "Feature", "properties": {"id": 1817, "source": "new", "mapcode": "AT49", "vegtype": "Sundays Arid Thicket", "efg": "AridThicket", "efg_id": 1, "cls2022": 2, "cls2022_name": "severe", "cls2025": 2, "cls2025_name": "severe", "stratum": "AT49_severe", "lon": 25.41177839489611, "lat": -33.054642434749546}, "geometry": {"type": "Point", "coordinates": [25.41177839489611, -33.054642434749546]}}, {"type": "Feature", "properties": {"id": 1818, "source": "new", "mapcode": "AT49", "vegtype": "Sundays Arid Thicket", "efg": "AridThicket", "efg_id": 1, "cls2022": 2, "cls2022_name": "severe", "cls2025": 2, "cls2025_name": "severe", "stratum": "AT49_severe", "lon": 24.272896264835747, "lat": -33.4692884255232}, "geometry": {"type": "Point", "coordinates": [24.272896264835747, -33.4692884255232]}}, {"type": "Feature", "properties": {"id": 1819, "source": "new", "mapcode": "AT49", "vegtype": "Sundays Arid Thicket", "efg": "AridThicket", "efg_id": 1, "cls2022": 2, "cls2022_name": "severe", "cls2025": 2, "cls2025_name": "severe", "stratum": "AT49_severe", "lon": 25.259314076525605, "lat": -33.5748904751354}, "geometry": {"type": "Point", "coordinates": [25.259314076525605, -33.5748904751354]}}, {"type": "Feature", "properties": {"id": 1820, "source": "new", "mapcode": "AT49", "vegtype": "Sundays Arid Thicket", "efg": "AridThicket", "efg_id": 1, "cls2022": 2, "cls2022_name": "severe", "cls2025": 2, "cls2025_name": "severe", "stratum": "AT49_severe", "lon": 25.10975157054237, "lat": -32.98140213382177}, "geometry": {"type": "Point", "coordinates": [25.10975157054237, -32.98140213382177]}}, {"type": "Feature", "properties": {"id": 1821, "source": "new", "mapcode": "AT49", "vegtype": "Sundays Arid Thicket", "efg": "AridThicket", "efg_id": 1, "cls2022": 2, "cls2022_name": "severe", "cls2025": 2, "cls2025_name": "severe", "stratum": "AT49_severe", "lon": 23.952398603703394, "lat": -33.09095289426701}, "geometry": {"type": "Point", "coordinates": [23.952398603703394, -33.09095289426701]}}, {"type": "Feature", "properties": {"id": 1822, "source": "new", "mapcode": "AT49", "vegtype": "Sundays Arid Thicket", "efg": "AridThicket", "efg_id": 1, "cls2022": 2, "cls2022_name": "severe", "cls2025": 2, "cls2025_name": "severe", "stratum": "AT49_severe", "lon": 24.843058422628296, "lat": -33.154827455315}, "geometry": {"type": "Point", "coordinates": [24.843058422628296, -33.154827455315]}}, {"type": "Feature", "properties": {"id": 1823, "source": "new", "mapcode": "AT49", "vegtype": "Sundays Arid Thicket", "efg": "AridThicket", "efg_id": 1, "cls2022": 2, "cls2022_name": "severe", "cls2025": 2, "cls2025_name": "severe", "stratum": "AT49_severe", "lon": 24.82317373382892, "lat": -32.78331414004673}, "geometry": {"type": "Point", "coordinates": [24.82317373382892, -32.78331414004673]}}, {"type": "Feature", "properties": {"id": 1824, "source": "new", "mapcode": "AT49", "vegtype": "Sundays Arid Thicket", "efg": "AridThicket", "efg_id": 1, "cls2022": 2, "cls2022_name": "severe", "cls2025": 2, "cls2025_name": "severe", "stratum": "AT49_severe", "lon": 24.460428141509666, "lat": -32.812502732545646}, "geometry": {"type": "Point", "coordinates": [24.460428141509666, -32.812502732545646]}}, {"type": "Feature", "properties": {"id": 1825, "source": "new", "mapcode": "AT49", "vegtype": "Sundays Arid Thicket", "efg": "AridThicket", "efg_id": 1, "cls2022": 2, "cls2022_name": "severe", "cls2025": 2, "cls2025_name": "severe", "stratum": "AT49_severe", "lon": 25.19075947239449, "lat": -32.84445850152223}, "geometry": {"type": "Point", "coordinates": [25.19075947239449, -32.84445850152223]}}, {"type": "Feature", "properties": {"id": 1826, "source": "new", "mapcode": "AT49", "vegtype": "Sundays Arid Thicket", "efg": "AridThicket", "efg_id": 1, "cls2022": 2, "cls2022_name": "severe", "cls2025": 2, "cls2025_name": "severe", "stratum": "AT49_severe", "lon": 25.180795968007047, "lat": -33.15328791272204}, "geometry": {"type": "Point", "coordinates": [25.180795968007047, -33.15328791272204]}}, {"type": "Feature", "properties": {"id": 1827, "source": "new", "mapcode": "AT49", "vegtype": "Sundays Arid Thicket", "efg": "AridThicket", "efg_id": 1, "cls2022": 2, "cls2022_name": "severe", "cls2025": 2, "cls2025_name": "severe", "stratum": "AT49_severe", "lon": 25.496294958898904, "lat": -33.19061746879692}, "geometry": {"type": "Point", "coordinates": [25.496294958898904, -33.19061746879692]}}, {"type": "Feature", "properties": {"id": 1828, "source": "new", "mapcode": "AT49", "vegtype": "Sundays Arid Thicket", "efg": "AridThicket", "efg_id": 1, "cls2022": 2, "cls2022_name": "severe", "cls2025": 1, "cls2025_name": "moderate", "stratum": "AT49_severe", "lon": 24.388344291254153, "lat": -33.55621176823248}, "geometry": {"type": "Point", "coordinates": [24.388344291254153, -33.55621176823248]}}, {"type": "Feature", "properties": {"id": 1829, "source": "new", "mapcode": "AT49", "vegtype": "Sundays Arid Thicket", "efg": "AridThicket", "efg_id": 1, "cls2022": 2, "cls2022_name": "severe", "cls2025": 2, "cls2025_name": "severe", "stratum": "AT49_severe", "lon": 24.861108008196467, "lat": -32.86370621439836}, "geometry": {"type": "Point", "coordinates": [24.861108008196467, -32.86370621439836]}}, {"type": "Feature", "properties": {"id": 1830, "source": "new", "mapcode": "AT49", "vegtype": "Sundays Arid Thicket", "efg": "AridThicket", "efg_id": 1, "cls2022": 2, "cls2022_name": "severe", "cls2025": 2, "cls2025_name": "severe", "stratum": "AT49_severe", "lon": 24.4777576144807, "lat": -33.15191583075868}, "geometry": {"type": "Point", "coordinates": [24.4777576144807, -33.15191583075868]}}, {"type": "Feature", "properties": {"id": 1831, "source": "new", "mapcode": "AT49", "vegtype": "Sundays Arid Thicket", "efg": "AridThicket", "efg_id": 1, "cls2022": 2, "cls2022_name": "severe", "cls2025": 2, "cls2025_name": "severe", "stratum": "AT49_severe", "lon": 23.978864320936637, "lat": -33.22083356901257}, "geometry": {"type": "Point", "coordinates": [23.978864320936637, -33.22083356901257]}}, {"type": "Feature", "properties": {"id": 1832, "source": "new", "mapcode": "AT49", "vegtype": "Sundays Arid Thicket", "efg": "AridThicket", "efg_id": 1, "cls2022": 2, "cls2022_name": "severe", "cls2025": 2, "cls2025_name": "severe", "stratum": "AT49_severe", "lon": 23.285848357641623, "lat": -33.371492598163634}, "geometry": {"type": "Point", "coordinates": [23.285848357641623, -33.371492598163634]}}, {"type": "Feature", "properties": {"id": 1833, "source": "new", "mapcode": "AT49", "vegtype": "Sundays Arid Thicket", "efg": "AridThicket", "efg_id": 1, "cls2022": 2, "cls2022_name": "severe", "cls2025": 2, "cls2025_name": "severe", "stratum": "AT49_severe", "lon": 24.241582609930965, "lat": -33.45509727734446}, "geometry": {"type": "Point", "coordinates": [24.241582609930965, -33.45509727734446]}}, {"type": "Feature", "properties": {"id": 1834, "source": "new", "mapcode": "AT49", "vegtype": "Sundays Arid Thicket", "efg": "AridThicket", "efg_id": 1, "cls2022": 2, "cls2022_name": "severe", "cls2025": 2, "cls2025_name": "severe", "stratum": "AT49_severe", "lon": 25.10330874841072, "lat": -33.0154077057512}, "geometry": {"type": "Point", "coordinates": [25.10330874841072, -33.0154077057512]}}, {"type": "Feature", "properties": {"id": 1835, "source": "new", "mapcode": "AT49", "vegtype": "Sundays Arid Thicket", "efg": "AridThicket", "efg_id": 1, "cls2022": 2, "cls2022_name": "severe", "cls2025": 2, "cls2025_name": "severe", "stratum": "AT49_severe", "lon": 25.04675773122284, "lat": -33.1825094324407}, "geometry": {"type": "Point", "coordinates": [25.04675773122284, -33.1825094324407]}}, {"type": "Feature", "properties": {"id": 1836, "source": "new", "mapcode": "AT49", "vegtype": "Sundays Arid Thicket", "efg": "AridThicket", "efg_id": 1, "cls2022": 2, "cls2022_name": "severe", "cls2025": 2, "cls2025_name": "severe", "stratum": "AT49_severe", "lon": 25.20337299383472, "lat": -33.21195422284861}, "geometry": {"type": "Point", "coordinates": [25.20337299383472, -33.21195422284861]}}, {"type": "Feature", "properties": {"id": 1837, "source": "new", "mapcode": "AT49", "vegtype": "Sundays Arid Thicket", "efg": "AridThicket", "efg_id": 1, "cls2022": 2, "cls2022_name": "severe", "cls2025": 2, "cls2025_name": "severe", "stratum": "AT49_severe", "lon": 25.432459255808972, "lat": -33.01760087003576}, "geometry": {"type": "Point", "coordinates": [25.432459255808972, -33.01760087003576]}}, {"type": "Feature", "properties": {"id": 1838, "source": "new", "mapcode": "AT49", "vegtype": "Sundays Arid Thicket", "efg": "AridThicket", "efg_id": 1, "cls2022": 2, "cls2022_name": "severe", "cls2025": 2, "cls2025_name": "severe", "stratum": "AT49_severe", "lon": 25.18016114523207, "lat": -33.015935473021266}, "geometry": {"type": "Point", "coordinates": [25.18016114523207, -33.015935473021266]}}, {"type": "Feature", "properties": {"id": 1839, "source": "new", "mapcode": "AT49", "vegtype": "Sundays Arid Thicket", "efg": "AridThicket", "efg_id": 1, "cls2022": 2, "cls2022_name": "severe", "cls2025": 2, "cls2025_name": "severe", "stratum": "AT49_severe", "lon": 24.439192087668193, "lat": -33.12238886605025}, "geometry": {"type": "Point", "coordinates": [24.439192087668193, -33.12238886605025]}}, {"type": "Feature", "properties": {"id": 1840, "source": "new", "mapcode": "AT49", "vegtype": "Sundays Arid Thicket", "efg": "AridThicket", "efg_id": 1, "cls2022": 2, "cls2022_name": "severe", "cls2025": 2, "cls2025_name": "severe", "stratum": "AT49_severe", "lon": 24.744082151684847, "lat": -33.11338173512668}, "geometry": {"type": "Point", "coordinates": [24.744082151684847, -33.11338173512668]}}, {"type": "Feature", "properties": {"id": 1841, "source": "new", "mapcode": "AT49", "vegtype": "Sundays Arid Thicket", "efg": "AridThicket", "efg_id": 1, "cls2022": 2, "cls2022_name": "severe", "cls2025": 2, "cls2025_name": "severe", "stratum": "AT49_severe", "lon": 24.595712427204504, "lat": -33.501190797286334}, "geometry": {"type": "Point", "coordinates": [24.595712427204504, -33.501190797286334]}}, {"type": "Feature", "properties": {"id": 1842, "source": "new", "mapcode": "AT49", "vegtype": "Sundays Arid Thicket", "efg": "AridThicket", "efg_id": 1, "cls2022": 2, "cls2022_name": "severe", "cls2025": 2, "cls2025_name": "severe", "stratum": "AT49_severe", "lon": 24.901505205730437, "lat": -33.22957018137729}, "geometry": {"type": "Point", "coordinates": [24.901505205730437, -33.22957018137729]}}, {"type": "Feature", "properties": {"id": 1843, "source": "new", "mapcode": "AT49", "vegtype": "Sundays Arid Thicket", "efg": "AridThicket", "efg_id": 1, "cls2022": 2, "cls2022_name": "severe", "cls2025": 2, "cls2025_name": "severe", "stratum": "AT49_severe", "lon": 25.15741792882151, "lat": -32.88980286922207}, "geometry": {"type": "Point", "coordinates": [25.15741792882151, -32.88980286922207]}}, {"type": "Feature", "properties": {"id": 1844, "source": "new", "mapcode": "AT49", "vegtype": "Sundays Arid Thicket", "efg": "AridThicket", "efg_id": 1, "cls2022": 2, "cls2022_name": "severe", "cls2025": 2, "cls2025_name": "severe", "stratum": "AT49_severe", "lon": 24.587626922480286, "lat": -33.084357222980756}, "geometry": {"type": "Point", "coordinates": [24.587626922480286, -33.084357222980756]}}, {"type": "Feature", "properties": {"id": 1845, "source": "new", "mapcode": "AT49", "vegtype": "Sundays Arid Thicket", "efg": "AridThicket", "efg_id": 1, "cls2022": 2, "cls2022_name": "severe", "cls2025": 2, "cls2025_name": "severe", "stratum": "AT49_severe", "lon": 24.796704879842288, "lat": -33.19561558529477}, "geometry": {"type": "Point", "coordinates": [24.796704879842288, -33.19561558529477]}}, {"type": "Feature", "properties": {"id": 1846, "source": "new", "mapcode": "AT49", "vegtype": "Sundays Arid Thicket", "efg": "AridThicket", "efg_id": 1, "cls2022": 2, "cls2022_name": "severe", "cls2025": 2, "cls2025_name": "severe", "stratum": "AT49_severe", "lon": 25.089123293581416, "lat": -33.11880028446914}, "geometry": {"type": "Point", "coordinates": [25.089123293581416, -33.11880028446914]}}, {"type": "Feature", "properties": {"id": 1847, "source": "new", "mapcode": "AT49", "vegtype": "Sundays Arid Thicket", "efg": "AridThicket", "efg_id": 1, "cls2022": 2, "cls2022_name": "severe", "cls2025": 2, "cls2025_name": "severe", "stratum": "AT49_severe", "lon": 23.87418978192753, "lat": -33.237688057211116}, "geometry": {"type": "Point", "coordinates": [23.87418978192753, -33.237688057211116]}}, {"type": "Feature", "properties": {"id": 1848, "source": "new", "mapcode": "AT49", "vegtype": "Sundays Arid Thicket", "efg": "AridThicket", "efg_id": 1, "cls2022": 2, "cls2022_name": "severe", "cls2025": 2, "cls2025_name": "severe", "stratum": "AT49_severe", "lon": 24.265468480739564, "lat": -33.14360066966248}, "geometry": {"type": "Point", "coordinates": [24.265468480739564, -33.14360066966248]}}, {"type": "Feature", "properties": {"id": 1849, "source": "new", "mapcode": "AT49", "vegtype": "Sundays Arid Thicket", "efg": "AridThicket", "efg_id": 1, "cls2022": 2, "cls2022_name": "severe", "cls2025": 1, "cls2025_name": "moderate", "stratum": "AT49_severe", "lon": 24.605955768173082, "lat": -33.58074800175323}, "geometry": {"type": "Point", "coordinates": [24.605955768173082, -33.58074800175323]}}, {"type": "Feature", "properties": {"id": 1850, "source": "new", "mapcode": "AT49", "vegtype": "Sundays Arid Thicket", "efg": "AridThicket", "efg_id": 1, "cls2022": 2, "cls2022_name": "severe", "cls2025": 2, "cls2025_name": "severe", "stratum": "AT49_severe", "lon": 24.16322559219421, "lat": -33.28388817362484}, "geometry": {"type": "Point", "coordinates": [24.16322559219421, -33.28388817362484]}}, {"type": "Feature", "properties": {"id": 1851, "source": "new", "mapcode": "AT49", "vegtype": "Sundays Arid Thicket", "efg": "AridThicket", "efg_id": 1, "cls2022": 2, "cls2022_name": "severe", "cls2025": 2, "cls2025_name": "severe", "stratum": "AT49_severe", "lon": 24.867277935435208, "lat": -32.828071884132086}, "geometry": {"type": "Point", "coordinates": [24.867277935435208, -32.828071884132086]}}, {"type": "Feature", "properties": {"id": 1852, "source": "new", "mapcode": "AT49", "vegtype": "Sundays Arid Thicket", "efg": "AridThicket", "efg_id": 1, "cls2022": 2, "cls2022_name": "severe", "cls2025": 2, "cls2025_name": "severe", "stratum": "AT49_severe", "lon": 25.00295451519479, "lat": -33.15753719878316}, "geometry": {"type": "Point", "coordinates": [25.00295451519479, -33.15753719878316]}}, {"type": "Feature", "properties": {"id": 1853, "source": "new", "mapcode": "AT49", "vegtype": "Sundays Arid Thicket", "efg": "AridThicket", "efg_id": 1, "cls2022": 2, "cls2022_name": "severe", "cls2025": 2, "cls2025_name": "severe", "stratum": "AT49_severe", "lon": 24.778464469459983, "lat": -33.51254063295246}, "geometry": {"type": "Point", "coordinates": [24.778464469459983, -33.51254063295246]}}, {"type": "Feature", "properties": {"id": 1854, "source": "new", "mapcode": "AT49", "vegtype": "Sundays Arid Thicket", "efg": "AridThicket", "efg_id": 1, "cls2022": 2, "cls2022_name": "severe", "cls2025": 2, "cls2025_name": "severe", "stratum": "AT49_severe", "lon": 24.923907693135792, "lat": -33.0020147254897}, "geometry": {"type": "Point", "coordinates": [24.923907693135792, -33.0020147254897]}}, {"type": "Feature", "properties": {"id": 1855, "source": "new", "mapcode": "AT49", "vegtype": "Sundays Arid Thicket", "efg": "AridThicket", "efg_id": 1, "cls2022": 2, "cls2022_name": "severe", "cls2025": 2, "cls2025_name": "severe", "stratum": "AT49_severe", "lon": 24.077847347621496, "lat": -33.292203128713176}, "geometry": {"type": "Point", "coordinates": [24.077847347621496, -33.292203128713176]}}, {"type": "Feature", "properties": {"id": 1856, "source": "new", "mapcode": "AT49", "vegtype": "Sundays Arid Thicket", "efg": "AridThicket", "efg_id": 1, "cls2022": 2, "cls2022_name": "severe", "cls2025": 2, "cls2025_name": "severe", "stratum": "AT49_severe", "lon": 25.219981144889246, "lat": -33.184980076511955}, "geometry": {"type": "Point", "coordinates": [25.219981144889246, -33.184980076511955]}}, {"type": "Feature", "properties": {"id": 1857, "source": "new", "mapcode": "AT49", "vegtype": "Sundays Arid Thicket", "efg": "AridThicket", "efg_id": 1, "cls2022": 2, "cls2022_name": "severe", "cls2025": 2, "cls2025_name": "severe", "stratum": "AT49_severe", "lon": 24.607754978770547, "lat": -33.05537134531268}, "geometry": {"type": "Point", "coordinates": [24.607754978770547, -33.05537134531268]}}, {"type": "Feature", "properties": {"id": 1858, "source": "new", "mapcode": "AT49", "vegtype": "Sundays Arid Thicket", "efg": "AridThicket", "efg_id": 1, "cls2022": 2, "cls2022_name": "severe", "cls2025": 2, "cls2025_name": "severe", "stratum": "AT49_severe", "lon": 25.281533288405477, "lat": -33.136151117151286}, "geometry": {"type": "Point", "coordinates": [25.281533288405477, -33.136151117151286]}}, {"type": "Feature", "properties": {"id": 1859, "source": "new", "mapcode": "AT49", "vegtype": "Sundays Arid Thicket", "efg": "AridThicket", "efg_id": 1, "cls2022": 2, "cls2022_name": "severe", "cls2025": 2, "cls2025_name": "severe", "stratum": "AT49_severe", "lon": 24.86821750409868, "lat": -33.011669176996264}, "geometry": {"type": "Point", "coordinates": [24.86821750409868, -33.011669176996264]}}, {"type": "Feature", "properties": {"id": 1860, "source": "new", "mapcode": "AT49", "vegtype": "Sundays Arid Thicket", "efg": "AridThicket", "efg_id": 1, "cls2022": 2, "cls2022_name": "severe", "cls2025": 2, "cls2025_name": "severe", "stratum": "AT49_severe", "lon": 24.99252873865861, "lat": -32.828314205751425}, "geometry": {"type": "Point", "coordinates": [24.99252873865861, -32.828314205751425]}}, {"type": "Feature", "properties": {"id": 1861, "source": "new", "mapcode": "AT49", "vegtype": "Sundays Arid Thicket", "efg": "AridThicket", "efg_id": 1, "cls2022": 2, "cls2022_name": "severe", "cls2025": 2, "cls2025_name": "severe", "stratum": "AT49_severe", "lon": 25.011582362833238, "lat": -33.434200498155725}, "geometry": {"type": "Point", "coordinates": [25.011582362833238, -33.434200498155725]}}, {"type": "Feature", "properties": {"id": 1862, "source": "new", "mapcode": "AT49", "vegtype": "Sundays Arid Thicket", "efg": "AridThicket", "efg_id": 1, "cls2022": 2, "cls2022_name": "severe", "cls2025": 2, "cls2025_name": "severe", "stratum": "AT49_severe", "lon": 24.42181438010635, "lat": -33.1007238537875}, "geometry": {"type": "Point", "coordinates": [24.42181438010635, -33.1007238537875]}}, {"type": "Feature", "properties": {"id": 1863, "source": "new", "mapcode": "AT49", "vegtype": "Sundays Arid Thicket", "efg": "AridThicket", "efg_id": 1, "cls2022": 2, "cls2022_name": "severe", "cls2025": 2, "cls2025_name": "severe", "stratum": "AT49_severe", "lon": 24.753312971619945, "lat": -33.01966975835835}, "geometry": {"type": "Point", "coordinates": [24.753312971619945, -33.01966975835835]}}, {"type": "Feature", "properties": {"id": 1864, "source": "new", "mapcode": "AT49", "vegtype": "Sundays Arid Thicket", "efg": "AridThicket", "efg_id": 1, "cls2022": 2, "cls2022_name": "severe", "cls2025": 2, "cls2025_name": "severe", "stratum": "AT49_severe", "lon": 24.491555876524643, "lat": -32.99780710902268}, "geometry": {"type": "Point", "coordinates": [24.491555876524643, -32.99780710902268]}}, {"type": "Feature", "properties": {"id": 1865, "source": "new", "mapcode": "AT49", "vegtype": "Sundays Arid Thicket", "efg": "AridThicket", "efg_id": 1, "cls2022": 2, "cls2022_name": "severe", "cls2025": 2, "cls2025_name": "severe", "stratum": "AT49_severe", "lon": 25.21117726683255, "lat": -32.98277360170801}, "geometry": {"type": "Point", "coordinates": [25.21117726683255, -32.98277360170801]}}, {"type": "Feature", "properties": {"id": 1866, "source": "new", "mapcode": "AT49", "vegtype": "Sundays Arid Thicket", "efg": "AridThicket", "efg_id": 1, "cls2022": 2, "cls2022_name": "severe", "cls2025": 2, "cls2025_name": "severe", "stratum": "AT49_severe", "lon": 25.25471146834029, "lat": -33.14322784315105}, "geometry": {"type": "Point", "coordinates": [25.25471146834029, -33.14322784315105]}}, {"type": "Feature", "properties": {"id": 1867, "source": "new", "mapcode": "AT49", "vegtype": "Sundays Arid Thicket", "efg": "AridThicket", "efg_id": 1, "cls2022": 2, "cls2022_name": "severe", "cls2025": 2, "cls2025_name": "severe", "stratum": "AT49_severe", "lon": 25.00698769568576, "lat": -33.13290726303337}, "geometry": {"type": "Point", "coordinates": [25.00698769568576, -33.13290726303337]}}, {"type": "Feature", "properties": {"id": 1868, "source": "new", "mapcode": "AT49", "vegtype": "Sundays Arid Thicket", "efg": "AridThicket", "efg_id": 1, "cls2022": 2, "cls2022_name": "severe", "cls2025": 1, "cls2025_name": "moderate", "stratum": "AT49_severe", "lon": 24.422731543844918, "lat": -33.29273122552191}, "geometry": {"type": "Point", "coordinates": [24.422731543844918, -33.29273122552191]}}, {"type": "Feature", "properties": {"id": 1869, "source": "new", "mapcode": "AT49", "vegtype": "Sundays Arid Thicket", "efg": "AridThicket", "efg_id": 1, "cls2022": 2, "cls2022_name": "severe", "cls2025": 2, "cls2025_name": "severe", "stratum": "AT49_severe", "lon": 24.797429514534215, "lat": -33.120310241528095}, "geometry": {"type": "Point", "coordinates": [24.797429514534215, -33.120310241528095]}}, {"type": "Feature", "properties": {"id": 1870, "source": "new", "mapcode": "AT49", "vegtype": "Sundays Arid Thicket", "efg": "AridThicket", "efg_id": 1, "cls2022": 2, "cls2022_name": "severe", "cls2025": 2, "cls2025_name": "severe", "stratum": "AT49_severe", "lon": 25.185115783082832, "lat": -32.9730716048175}, "geometry": {"type": "Point", "coordinates": [25.185115783082832, -32.9730716048175]}}, {"type": "Feature", "properties": {"id": 1871, "source": "new", "mapcode": "AT49", "vegtype": "Sundays Arid Thicket", "efg": "AridThicket", "efg_id": 1, "cls2022": 2, "cls2022_name": "severe", "cls2025": 2, "cls2025_name": "severe", "stratum": "AT49_severe", "lon": 24.62321015279409, "lat": -33.068199572955045}, "geometry": {"type": "Point", "coordinates": [24.62321015279409, -33.068199572955045]}}, {"type": "Feature", "properties": {"id": 1872, "source": "new", "mapcode": "AT49", "vegtype": "Sundays Arid Thicket", "efg": "AridThicket", "efg_id": 1, "cls2022": 2, "cls2022_name": "severe", "cls2025": 2, "cls2025_name": "severe", "stratum": "AT49_severe", "lon": 24.925921989046245, "lat": -33.10093648276919}, "geometry": {"type": "Point", "coordinates": [24.925921989046245, -33.10093648276919]}}, {"type": "Feature", "properties": {"id": 1873, "source": "new", "mapcode": "AT49", "vegtype": "Sundays Arid Thicket", "efg": "AridThicket", "efg_id": 1, "cls2022": 2, "cls2022_name": "severe", "cls2025": 2, "cls2025_name": "severe", "stratum": "AT49_severe", "lon": 24.343242806092913, "lat": -33.263997249027334}, "geometry": {"type": "Point", "coordinates": [24.343242806092913, -33.263997249027334]}}, {"type": "Feature", "properties": {"id": 1874, "source": "new", "mapcode": "AT49", "vegtype": "Sundays Arid Thicket", "efg": "AridThicket", "efg_id": 1, "cls2022": 2, "cls2022_name": "severe", "cls2025": 2, "cls2025_name": "severe", "stratum": "AT49_severe", "lon": 24.822587887004957, "lat": -32.82845315534059}, "geometry": {"type": "Point", "coordinates": [24.822587887004957, -32.82845315534059]}}, {"type": "Feature", "properties": {"id": 1875, "source": "new", "mapcode": "AT49", "vegtype": "Sundays Arid Thicket", "efg": "AridThicket", "efg_id": 1, "cls2022": 2, "cls2022_name": "severe", "cls2025": 2, "cls2025_name": "severe", "stratum": "AT49_severe", "lon": 24.56572717101232, "lat": -32.91130441093072}, "geometry": {"type": "Point", "coordinates": [24.56572717101232, -32.91130441093072]}}, {"type": "Feature", "properties": {"id": 1876, "source": "new", "mapcode": "AT49", "vegtype": "Sundays Arid Thicket", "efg": "AridThicket", "efg_id": 1, "cls2022": 2, "cls2022_name": "severe", "cls2025": 2, "cls2025_name": "severe", "stratum": "AT49_severe", "lon": 24.470667183186904, "lat": -32.96177354495671}, "geometry": {"type": "Point", "coordinates": [24.470667183186904, -32.96177354495671]}}, {"type": "Feature", "properties": {"id": 1877, "source": "new", "mapcode": "AT49", "vegtype": "Sundays Arid Thicket", "efg": "AridThicket", "efg_id": 1, "cls2022": 2, "cls2022_name": "severe", "cls2025": 2, "cls2025_name": "severe", "stratum": "AT49_severe", "lon": 25.15268711713355, "lat": -32.986539831698}, "geometry": {"type": "Point", "coordinates": [25.15268711713355, -32.986539831698]}}, {"type": "Feature", "properties": {"id": 1878, "source": "new", "mapcode": "AT49", "vegtype": "Sundays Arid Thicket", "efg": "AridThicket", "efg_id": 1, "cls2022": 2, "cls2022_name": "severe", "cls2025": 2, "cls2025_name": "severe", "stratum": "AT49_severe", "lon": 25.199907077296174, "lat": -33.49481825498304}, "geometry": {"type": "Point", "coordinates": [25.199907077296174, -33.49481825498304]}}, {"type": "Feature", "properties": {"id": 1879, "source": "new", "mapcode": "AT49", "vegtype": "Sundays Arid Thicket", "efg": "AridThicket", "efg_id": 1, "cls2022": 2, "cls2022_name": "severe", "cls2025": 2, "cls2025_name": "severe", "stratum": "AT49_severe", "lon": 24.928193922908594, "lat": -33.04470936285428}, "geometry": {"type": "Point", "coordinates": [24.928193922908594, -33.04470936285428]}}, {"type": "Feature", "properties": {"id": 1880, "source": "new", "mapcode": "AT49", "vegtype": "Sundays Arid Thicket", "efg": "AridThicket", "efg_id": 1, "cls2022": 2, "cls2022_name": "severe", "cls2025": 2, "cls2025_name": "severe", "stratum": "AT49_severe", "lon": 24.560281213070695, "lat": -33.50302849847444}, "geometry": {"type": "Point", "coordinates": [24.560281213070695, -33.50302849847444]}}, {"type": "Feature", "properties": {"id": 1881, "source": "new", "mapcode": "AT49", "vegtype": "Sundays Arid Thicket", "efg": "AridThicket", "efg_id": 1, "cls2022": 2, "cls2022_name": "severe", "cls2025": 2, "cls2025_name": "severe", "stratum": "AT49_severe", "lon": 25.10062023139355, "lat": -32.9976586920845}, "geometry": {"type": "Point", "coordinates": [25.10062023139355, -32.9976586920845]}}, {"type": "Feature", "properties": {"id": 1882, "source": "new", "mapcode": "AT49", "vegtype": "Sundays Arid Thicket", "efg": "AridThicket", "efg_id": 1, "cls2022": 2, "cls2022_name": "severe", "cls2025": 2, "cls2025_name": "severe", "stratum": "AT49_severe", "lon": 25.188517755691397, "lat": -33.028238629886424}, "geometry": {"type": "Point", "coordinates": [25.188517755691397, -33.028238629886424]}}, {"type": "Feature", "properties": {"id": 1883, "source": "new", "mapcode": "AT49", "vegtype": "Sundays Arid Thicket", "efg": "AridThicket", "efg_id": 1, "cls2022": 2, "cls2022_name": "severe", "cls2025": 2, "cls2025_name": "severe", "stratum": "AT49_severe", "lon": 24.99853055792664, "lat": -33.05536384844896}, "geometry": {"type": "Point", "coordinates": [24.99853055792664, -33.05536384844896]}}, {"type": "Feature", "properties": {"id": 1884, "source": "new", "mapcode": "AT49", "vegtype": "Sundays Arid Thicket", "efg": "AridThicket", "efg_id": 1, "cls2022": 2, "cls2022_name": "severe", "cls2025": 2, "cls2025_name": "severe", "stratum": "AT49_severe", "lon": 25.107596094295452, "lat": -33.47751798131884}, "geometry": {"type": "Point", "coordinates": [25.107596094295452, -33.47751798131884]}}, {"type": "Feature", "properties": {"id": 1885, "source": "new", "mapcode": "AT49", "vegtype": "Sundays Arid Thicket", "efg": "AridThicket", "efg_id": 1, "cls2022": 2, "cls2022_name": "severe", "cls2025": 2, "cls2025_name": "severe", "stratum": "AT49_severe", "lon": 24.743848436731778, "lat": -32.94640704562362}, "geometry": {"type": "Point", "coordinates": [24.743848436731778, -32.94640704562362]}}, {"type": "Feature", "properties": {"id": 1886, "source": "new", "mapcode": "AT49", "vegtype": "Sundays Arid Thicket", "efg": "AridThicket", "efg_id": 1, "cls2022": 2, "cls2022_name": "severe", "cls2025": 2, "cls2025_name": "severe", "stratum": "AT49_severe", "lon": 24.915191731139075, "lat": -32.97926598312142}, "geometry": {"type": "Point", "coordinates": [24.915191731139075, -32.97926598312142]}}, {"type": "Feature", "properties": {"id": 1887, "source": "new", "mapcode": "AT49", "vegtype": "Sundays Arid Thicket", "efg": "AridThicket", "efg_id": 1, "cls2022": 2, "cls2022_name": "severe", "cls2025": 2, "cls2025_name": "severe", "stratum": "AT49_severe", "lon": 24.848746064752298, "lat": -33.18207285412356}, "geometry": {"type": "Point", "coordinates": [24.848746064752298, -33.18207285412356]}}, {"type": "Feature", "properties": {"id": 1888, "source": "new", "mapcode": "AT49", "vegtype": "Sundays Arid Thicket", "efg": "AridThicket", "efg_id": 1, "cls2022": 2, "cls2022_name": "severe", "cls2025": 2, "cls2025_name": "severe", "stratum": "AT49_severe", "lon": 25.26093376908289, "lat": -33.170758610854264}, "geometry": {"type": "Point", "coordinates": [25.26093376908289, -33.170758610854264]}}, {"type": "Feature", "properties": {"id": 1889, "source": "new", "mapcode": "AT49", "vegtype": "Sundays Arid Thicket", "efg": "AridThicket", "efg_id": 1, "cls2022": 2, "cls2022_name": "severe", "cls2025": 2, "cls2025_name": "severe", "stratum": "AT49_severe", "lon": 25.223257858646527, "lat": -32.89451078854748}, "geometry": {"type": "Point", "coordinates": [25.223257858646527, -32.89451078854748]}}, {"type": "Feature", "properties": {"id": 1890, "source": "new", "mapcode": "AT49", "vegtype": "Sundays Arid Thicket", "efg": "AridThicket", "efg_id": 1, "cls2022": 2, "cls2022_name": "severe", "cls2025": 2, "cls2025_name": "severe", "stratum": "AT49_severe", "lon": 24.82187327256109, "lat": -33.2027176781068}, "geometry": {"type": "Point", "coordinates": [24.82187327256109, -33.2027176781068]}}, {"type": "Feature", "properties": {"id": 1891, "source": "new", "mapcode": "AT49", "vegtype": "Sundays Arid Thicket", "efg": "AridThicket", "efg_id": 1, "cls2022": 2, "cls2022_name": "severe", "cls2025": 2, "cls2025_name": "severe", "stratum": "AT49_severe", "lon": 25.05059052890697, "lat": -33.03336967894401}, "geometry": {"type": "Point", "coordinates": [25.05059052890697, -33.03336967894401]}}, {"type": "Feature", "properties": {"id": 1892, "source": "new", "mapcode": "AT49", "vegtype": "Sundays Arid Thicket", "efg": "AridThicket", "efg_id": 1, "cls2022": 2, "cls2022_name": "severe", "cls2025": 2, "cls2025_name": "severe", "stratum": "AT49_severe", "lon": 24.16467485346224, "lat": -33.221503809153475}, "geometry": {"type": "Point", "coordinates": [24.16467485346224, -33.221503809153475]}}, {"type": "Feature", "properties": {"id": 1893, "source": "new", "mapcode": "AT49", "vegtype": "Sundays Arid Thicket", "efg": "AridThicket", "efg_id": 1, "cls2022": 2, "cls2022_name": "severe", "cls2025": 2, "cls2025_name": "severe", "stratum": "AT49_severe", "lon": 25.09624490822521, "lat": -33.19876334265312}, "geometry": {"type": "Point", "coordinates": [25.09624490822521, -33.19876334265312]}}, {"type": "Feature", "properties": {"id": 1894, "source": "new", "mapcode": "AT49", "vegtype": "Sundays Arid Thicket", "efg": "AridThicket", "efg_id": 1, "cls2022": 2, "cls2022_name": "severe", "cls2025": 2, "cls2025_name": "severe", "stratum": "AT49_severe", "lon": 24.776814608895222, "lat": -32.98784226481544}, "geometry": {"type": "Point", "coordinates": [24.776814608895222, -32.98784226481544]}}, {"type": "Feature", "properties": {"id": 1895, "source": "new", "mapcode": "AT49", "vegtype": "Sundays Arid Thicket", "efg": "AridThicket", "efg_id": 1, "cls2022": 2, "cls2022_name": "severe", "cls2025": 2, "cls2025_name": "severe", "stratum": "AT49_severe", "lon": 24.637247018382393, "lat": -33.016898294116956}, "geometry": {"type": "Point", "coordinates": [24.637247018382393, -33.016898294116956]}}, {"type": "Feature", "properties": {"id": 1896, "source": "new", "mapcode": "AT49", "vegtype": "Sundays Arid Thicket", "efg": "AridThicket", "efg_id": 1, "cls2022": 2, "cls2022_name": "severe", "cls2025": 2, "cls2025_name": "severe", "stratum": "AT49_severe", "lon": 25.19647635680738, "lat": -33.060919533055895}, "geometry": {"type": "Point", "coordinates": [25.19647635680738, -33.060919533055895]}}, {"type": "Feature", "properties": {"id": 1897, "source": "new", "mapcode": "AT49", "vegtype": "Sundays Arid Thicket", "efg": "AridThicket", "efg_id": 1, "cls2022": 2, "cls2022_name": "severe", "cls2025": 2, "cls2025_name": "severe", "stratum": "AT49_severe", "lon": 24.71453844916897, "lat": -33.11259580440441}, "geometry": {"type": "Point", "coordinates": [24.71453844916897, -33.11259580440441]}}, {"type": "Feature", "properties": {"id": 1898, "source": "new", "mapcode": "AT49", "vegtype": "Sundays Arid Thicket", "efg": "AridThicket", "efg_id": 1, "cls2022": 2, "cls2022_name": "severe", "cls2025": 2, "cls2025_name": "severe", "stratum": "AT49_severe", "lon": 25.120524394905377, "lat": -33.45383045875126}, "geometry": {"type": "Point", "coordinates": [25.120524394905377, -33.45383045875126]}}, {"type": "Feature", "properties": {"id": 1899, "source": "new", "mapcode": "AT49", "vegtype": "Sundays Arid Thicket", "efg": "AridThicket", "efg_id": 1, "cls2022": 2, "cls2022_name": "severe", "cls2025": 2, "cls2025_name": "severe", "stratum": "AT49_severe", "lon": 25.121237365220217, "lat": -32.89875163482307}, "geometry": {"type": "Point", "coordinates": [25.121237365220217, -32.89875163482307]}}, {"type": "Feature", "properties": {"id": 1900, "source": "new", "mapcode": "AT49", "vegtype": "Sundays Arid Thicket", "efg": "AridThicket", "efg_id": 1, "cls2022": 2, "cls2022_name": "severe", "cls2025": 2, "cls2025_name": "severe", "stratum": "AT49_severe", "lon": 25.25563739394145, "lat": -32.91990638383602}, "geometry": {"type": "Point", "coordinates": [25.25563739394145, -32.91990638383602]}}, {"type": "Feature", "properties": {"id": 1901, "source": "new", "mapcode": "AT49", "vegtype": "Sundays Arid Thicket", "efg": "AridThicket", "efg_id": 1, "cls2022": 2, "cls2022_name": "severe", "cls2025": 2, "cls2025_name": "severe", "stratum": "AT49_severe", "lon": 23.67646074819237, "lat": -33.193692219945376}, "geometry": {"type": "Point", "coordinates": [23.67646074819237, -33.193692219945376]}}, {"type": "Feature", "properties": {"id": 1902, "source": "new", "mapcode": "AT49", "vegtype": "Sundays Arid Thicket", "efg": "AridThicket", "efg_id": 1, "cls2022": 2, "cls2022_name": "severe", "cls2025": 2, "cls2025_name": "severe", "stratum": "AT49_severe", "lon": 24.312626525430428, "lat": -33.16626712481306}, "geometry": {"type": "Point", "coordinates": [24.312626525430428, -33.16626712481306]}}, {"type": "Feature", "properties": {"id": 1903, "source": "new", "mapcode": "AT49", "vegtype": "Sundays Arid Thicket", "efg": "AridThicket", "efg_id": 1, "cls2022": 2, "cls2022_name": "severe", "cls2025": 2, "cls2025_name": "severe", "stratum": "AT49_severe", "lon": 24.679701293056524, "lat": -33.46828432399027}, "geometry": {"type": "Point", "coordinates": [24.679701293056524, -33.46828432399027]}}, {"type": "Feature", "properties": {"id": 1904, "source": "new", "mapcode": "AT49", "vegtype": "Sundays Arid Thicket", "efg": "AridThicket", "efg_id": 1, "cls2022": 2, "cls2022_name": "severe", "cls2025": 2, "cls2025_name": "severe", "stratum": "AT49_severe", "lon": 24.66280348685084, "lat": -33.07017812827482}, "geometry": {"type": "Point", "coordinates": [24.66280348685084, -33.07017812827482]}}, {"type": "Feature", "properties": {"id": 1905, "source": "new", "mapcode": "AT49", "vegtype": "Sundays Arid Thicket", "efg": "AridThicket", "efg_id": 1, "cls2022": 2, "cls2022_name": "severe", "cls2025": 2, "cls2025_name": "severe", "stratum": "AT49_severe", "lon": 24.641067704094844, "lat": -33.01801328916541}, "geometry": {"type": "Point", "coordinates": [24.641067704094844, -33.01801328916541]}}, {"type": "Feature", "properties": {"id": 1906, "source": "new", "mapcode": "AT49", "vegtype": "Sundays Arid Thicket", "efg": "AridThicket", "efg_id": 1, "cls2022": 2, "cls2022_name": "severe", "cls2025": 2, "cls2025_name": "severe", "stratum": "AT49_severe", "lon": 24.50342326044339, "lat": -33.515430534763524}, "geometry": {"type": "Point", "coordinates": [24.50342326044339, -33.515430534763524]}}, {"type": "Feature", "properties": {"id": 1907, "source": "new", "mapcode": "AT49", "vegtype": "Sundays Arid Thicket", "efg": "AridThicket", "efg_id": 1, "cls2022": 2, "cls2022_name": "severe", "cls2025": 2, "cls2025_name": "severe", "stratum": "AT49_severe", "lon": 24.598269880822443, "lat": -33.46475502555466}, "geometry": {"type": "Point", "coordinates": [24.598269880822443, -33.46475502555466]}}, {"type": "Feature", "properties": {"id": 1908, "source": "new", "mapcode": "AT49", "vegtype": "Sundays Arid Thicket", "efg": "AridThicket", "efg_id": 1, "cls2022": 2, "cls2022_name": "severe", "cls2025": 2, "cls2025_name": "severe", "stratum": "AT49_severe", "lon": 24.745209929036843, "lat": -33.159499320463595}, "geometry": {"type": "Point", "coordinates": [24.745209929036843, -33.159499320463595]}}, {"type": "Feature", "properties": {"id": 1909, "source": "new", "mapcode": "AT49", "vegtype": "Sundays Arid Thicket", "efg": "AridThicket", "efg_id": 1, "cls2022": 2, "cls2022_name": "severe", "cls2025": 2, "cls2025_name": "severe", "stratum": "AT49_severe", "lon": 24.579820723844353, "lat": -33.16083039787065}, "geometry": {"type": "Point", "coordinates": [24.579820723844353, -33.16083039787065]}}, {"type": "Feature", "properties": {"id": 1910, "source": "new", "mapcode": "AT49", "vegtype": "Sundays Arid Thicket", "efg": "AridThicket", "efg_id": 1, "cls2022": 2, "cls2022_name": "severe", "cls2025": 1, "cls2025_name": "moderate", "stratum": "AT49_severe", "lon": 24.096728660116685, "lat": -32.99803354131096}, "geometry": {"type": "Point", "coordinates": [24.096728660116685, -32.99803354131096]}}, {"type": "Feature", "properties": {"id": 1911, "source": "new", "mapcode": "AT49", "vegtype": "Sundays Arid Thicket", "efg": "AridThicket", "efg_id": 1, "cls2022": 2, "cls2022_name": "severe", "cls2025": 2, "cls2025_name": "severe", "stratum": "AT49_severe", "lon": 23.77221984305877, "lat": -33.16967538166299}, "geometry": {"type": "Point", "coordinates": [23.77221984305877, -33.16967538166299]}}, {"type": "Feature", "properties": {"id": 1912, "source": "new", "mapcode": "AT49", "vegtype": "Sundays Arid Thicket", "efg": "AridThicket", "efg_id": 1, "cls2022": 2, "cls2022_name": "severe", "cls2025": 2, "cls2025_name": "severe", "stratum": "AT49_severe", "lon": 24.807533085146343, "lat": -33.52144255438041}, "geometry": {"type": "Point", "coordinates": [24.807533085146343, -33.52144255438041]}}, {"type": "Feature", "properties": {"id": 1913, "source": "new", "mapcode": "AT49", "vegtype": "Sundays Arid Thicket", "efg": "AridThicket", "efg_id": 1, "cls2022": 2, "cls2022_name": "severe", "cls2025": 2, "cls2025_name": "severe", "stratum": "AT49_severe", "lon": 24.62343206389997, "lat": -33.178874574749365}, "geometry": {"type": "Point", "coordinates": [24.62343206389997, -33.178874574749365]}}, {"type": "Feature", "properties": {"id": 1914, "source": "new", "mapcode": "AT49", "vegtype": "Sundays Arid Thicket", "efg": "AridThicket", "efg_id": 1, "cls2022": 2, "cls2022_name": "severe", "cls2025": 2, "cls2025_name": "severe", "stratum": "AT49_severe", "lon": 24.971513109424468, "lat": -33.45706338755458}, "geometry": {"type": "Point", "coordinates": [24.971513109424468, -33.45706338755458]}}, {"type": "Feature", "properties": {"id": 1915, "source": "new", "mapcode": "AT49", "vegtype": "Sundays Arid Thicket", "efg": "AridThicket", "efg_id": 1, "cls2022": 2, "cls2022_name": "severe", "cls2025": 2, "cls2025_name": "severe", "stratum": "AT49_severe", "lon": 25.23758584278924, "lat": -33.04147100285135}, "geometry": {"type": "Point", "coordinates": [25.23758584278924, -33.04147100285135]}}, {"type": "Feature", "properties": {"id": 1916, "source": "new", "mapcode": "AT49", "vegtype": "Sundays Arid Thicket", "efg": "AridThicket", "efg_id": 1, "cls2022": 2, "cls2022_name": "severe", "cls2025": 2, "cls2025_name": "severe", "stratum": "AT49_severe", "lon": 24.122934097100437, "lat": -33.27177581518701}, "geometry": {"type": "Point", "coordinates": [24.122934097100437, -33.27177581518701]}}, {"type": "Feature", "properties": {"id": 1917, "source": "new", "mapcode": "AT49", "vegtype": "Sundays Arid Thicket", "efg": "AridThicket", "efg_id": 1, "cls2022": 2, "cls2022_name": "severe", "cls2025": 2, "cls2025_name": "severe", "stratum": "AT49_severe", "lon": 24.523452426139364, "lat": -33.155823926542205}, "geometry": {"type": "Point", "coordinates": [24.523452426139364, -33.155823926542205]}}, {"type": "Feature", "properties": {"id": 1918, "source": "new", "mapcode": "AT49", "vegtype": "Sundays Arid Thicket", "efg": "AridThicket", "efg_id": 1, "cls2022": 2, "cls2022_name": "severe", "cls2025": 2, "cls2025_name": "severe", "stratum": "AT49_severe", "lon": 25.42088088610419, "lat": -33.503349099717376}, "geometry": {"type": "Point", "coordinates": [25.42088088610419, -33.503349099717376]}}, {"type": "Feature", "properties": {"id": 1919, "source": "new", "mapcode": "AT49", "vegtype": "Sundays Arid Thicket", "efg": "AridThicket", "efg_id": 1, "cls2022": 2, "cls2022_name": "severe", "cls2025": 2, "cls2025_name": "severe", "stratum": "AT49_severe", "lon": 25.129165306691043, "lat": -33.449489036652565}, "geometry": {"type": "Point", "coordinates": [25.129165306691043, -33.449489036652565]}}, {"type": "Feature", "properties": {"id": 1920, "source": "new", "mapcode": "AT49", "vegtype": "Sundays Arid Thicket", "efg": "AridThicket", "efg_id": 1, "cls2022": 2, "cls2022_name": "severe", "cls2025": 2, "cls2025_name": "severe", "stratum": "AT49_severe", "lon": 25.387012035153383, "lat": -33.11089936955778}, "geometry": {"type": "Point", "coordinates": [25.387012035153383, -33.11089936955778]}}, {"type": "Feature", "properties": {"id": 1921, "source": "new", "mapcode": "AT49", "vegtype": "Sundays Arid Thicket", "efg": "AridThicket", "efg_id": 1, "cls2022": 2, "cls2022_name": "severe", "cls2025": 2, "cls2025_name": "severe", "stratum": "AT49_severe", "lon": 24.39546351403097, "lat": -33.44867656155237}, "geometry": {"type": "Point", "coordinates": [24.39546351403097, -33.44867656155237]}}, {"type": "Feature", "properties": {"id": 1922, "source": "new", "mapcode": "AT49", "vegtype": "Sundays Arid Thicket", "efg": "AridThicket", "efg_id": 1, "cls2022": 2, "cls2022_name": "severe", "cls2025": 2, "cls2025_name": "severe", "stratum": "AT49_severe", "lon": 24.59969385820886, "lat": -33.071409529282114}, "geometry": {"type": "Point", "coordinates": [24.59969385820886, -33.071409529282114]}}, {"type": "Feature", "properties": {"id": 1923, "source": "new", "mapcode": "AT49", "vegtype": "Sundays Arid Thicket", "efg": "AridThicket", "efg_id": 1, "cls2022": 2, "cls2022_name": "severe", "cls2025": 2, "cls2025_name": "severe", "stratum": "AT49_severe", "lon": 24.687721832782515, "lat": -33.19569461051265}, "geometry": {"type": "Point", "coordinates": [24.687721832782515, -33.19569461051265]}}, {"type": "Feature", "properties": {"id": 1924, "source": "new", "mapcode": "AT49", "vegtype": "Sundays Arid Thicket", "efg": "AridThicket", "efg_id": 1, "cls2022": 2, "cls2022_name": "severe", "cls2025": 2, "cls2025_name": "severe", "stratum": "AT49_severe", "lon": 24.839864395549355, "lat": -32.99725041344005}, "geometry": {"type": "Point", "coordinates": [24.839864395549355, -32.99725041344005]}}, {"type": "Feature", "properties": {"id": 1925, "source": "new", "mapcode": "AT49", "vegtype": "Sundays Arid Thicket", "efg": "AridThicket", "efg_id": 1, "cls2022": 2, "cls2022_name": "severe", "cls2025": 1, "cls2025_name": "moderate", "stratum": "AT49_severe", "lon": 25.35736437658558, "lat": -33.411037766521275}, "geometry": {"type": "Point", "coordinates": [25.35736437658558, -33.411037766521275]}}, {"type": "Feature", "properties": {"id": 1926, "source": "new", "mapcode": "AT49", "vegtype": "Sundays Arid Thicket", "efg": "AridThicket", "efg_id": 1, "cls2022": 2, "cls2022_name": "severe", "cls2025": 2, "cls2025_name": "severe", "stratum": "AT49_severe", "lon": 24.689566988433448, "lat": -33.51085176314885}, "geometry": {"type": "Point", "coordinates": [24.689566988433448, -33.51085176314885]}}, {"type": "Feature", "properties": {"id": 1927, "source": "new", "mapcode": "AT49", "vegtype": "Sundays Arid Thicket", "efg": "AridThicket", "efg_id": 1, "cls2022": 2, "cls2022_name": "severe", "cls2025": 2, "cls2025_name": "severe", "stratum": "AT49_severe", "lon": 24.211238195896044, "lat": -33.31108791381789}, "geometry": {"type": "Point", "coordinates": [24.211238195896044, -33.31108791381789]}}, {"type": "Feature", "properties": {"id": 1928, "source": "new", "mapcode": "AT49", "vegtype": "Sundays Arid Thicket", "efg": "AridThicket", "efg_id": 1, "cls2022": 2, "cls2022_name": "severe", "cls2025": 2, "cls2025_name": "severe", "stratum": "AT49_severe", "lon": 25.31239565873985, "lat": -33.48456516106191}, "geometry": {"type": "Point", "coordinates": [25.31239565873985, -33.48456516106191]}}, {"type": "Feature", "properties": {"id": 1929, "source": "new", "mapcode": "AT49", "vegtype": "Sundays Arid Thicket", "efg": "AridThicket", "efg_id": 1, "cls2022": 2, "cls2022_name": "severe", "cls2025": 2, "cls2025_name": "severe", "stratum": "AT49_severe", "lon": 25.1548622294661, "lat": -33.122245331616625}, "geometry": {"type": "Point", "coordinates": [25.1548622294661, -33.122245331616625]}}, {"type": "Feature", "properties": {"id": 1930, "source": "new", "mapcode": "AT49", "vegtype": "Sundays Arid Thicket", "efg": "AridThicket", "efg_id": 1, "cls2022": 2, "cls2022_name": "severe", "cls2025": 2, "cls2025_name": "severe", "stratum": "AT49_severe", "lon": 25.213832414111916, "lat": -33.06759412133015}, "geometry": {"type": "Point", "coordinates": [25.213832414111916, -33.06759412133015]}}, {"type": "Feature", "properties": {"id": 1931, "source": "new", "mapcode": "AT49", "vegtype": "Sundays Arid Thicket", "efg": "AridThicket", "efg_id": 1, "cls2022": 2, "cls2022_name": "severe", "cls2025": 2, "cls2025_name": "severe", "stratum": "AT49_severe", "lon": 24.510046905914614, "lat": -33.156995057204036}, "geometry": {"type": "Point", "coordinates": [24.510046905914614, -33.156995057204036]}}, {"type": "Feature", "properties": {"id": 1932, "source": "new", "mapcode": "AT49", "vegtype": "Sundays Arid Thicket", "efg": "AridThicket", "efg_id": 1, "cls2022": 2, "cls2022_name": "severe", "cls2025": 2, "cls2025_name": "severe", "stratum": "AT49_severe", "lon": 24.222511778215633, "lat": -33.216850222124386}, "geometry": {"type": "Point", "coordinates": [24.222511778215633, -33.216850222124386]}}, {"type": "Feature", "properties": {"id": 1933, "source": "new", "mapcode": "AT49", "vegtype": "Sundays Arid Thicket", "efg": "AridThicket", "efg_id": 1, "cls2022": 2, "cls2022_name": "severe", "cls2025": 2, "cls2025_name": "severe", "stratum": "AT49_severe", "lon": 24.576049191237672, "lat": -33.170170460775736}, "geometry": {"type": "Point", "coordinates": [24.576049191237672, -33.170170460775736]}}, {"type": "Feature", "properties": {"id": 1934, "source": "new", "mapcode": "AT49", "vegtype": "Sundays Arid Thicket", "efg": "AridThicket", "efg_id": 1, "cls2022": 2, "cls2022_name": "severe", "cls2025": 2, "cls2025_name": "severe", "stratum": "AT49_severe", "lon": 25.180665183739666, "lat": -33.093538894557994}, "geometry": {"type": "Point", "coordinates": [25.180665183739666, -33.093538894557994]}}, {"type": "Feature", "properties": {"id": 1935, "source": "new", "mapcode": "AT49", "vegtype": "Sundays Arid Thicket", "efg": "AridThicket", "efg_id": 1, "cls2022": 2, "cls2022_name": "severe", "cls2025": 2, "cls2025_name": "severe", "stratum": "AT49_severe", "lon": 25.048193201337412, "lat": -33.11662572800018}, "geometry": {"type": "Point", "coordinates": [25.048193201337412, -33.11662572800018]}}, {"type": "Feature", "properties": {"id": 1936, "source": "new", "mapcode": "AT49", "vegtype": "Sundays Arid Thicket", "efg": "AridThicket", "efg_id": 1, "cls2022": 2, "cls2022_name": "severe", "cls2025": 2, "cls2025_name": "severe", "stratum": "AT49_severe", "lon": 23.591442257495814, "lat": -33.167868191558924}, "geometry": {"type": "Point", "coordinates": [23.591442257495814, -33.167868191558924]}}, {"type": "Feature", "properties": {"id": 1937, "source": "new", "mapcode": "AT49", "vegtype": "Sundays Arid Thicket", "efg": "AridThicket", "efg_id": 1, "cls2022": 2, "cls2022_name": "severe", "cls2025": 2, "cls2025_name": "severe", "stratum": "AT49_severe", "lon": 25.07477347315164, "lat": -32.90985870339382}, "geometry": {"type": "Point", "coordinates": [25.07477347315164, -32.90985870339382]}}, {"type": "Feature", "properties": {"id": 1938, "source": "new", "mapcode": "AT49", "vegtype": "Sundays Arid Thicket", "efg": "AridThicket", "efg_id": 1, "cls2022": 2, "cls2022_name": "severe", "cls2025": 2, "cls2025_name": "severe", "stratum": "AT49_severe", "lon": 24.467455377577437, "lat": -33.013194033571686}, "geometry": {"type": "Point", "coordinates": [24.467455377577437, -33.013194033571686]}}, {"type": "Feature", "properties": {"id": 1939, "source": "new", "mapcode": "AT49", "vegtype": "Sundays Arid Thicket", "efg": "AridThicket", "efg_id": 1, "cls2022": 2, "cls2022_name": "severe", "cls2025": 2, "cls2025_name": "severe", "stratum": "AT49_severe", "lon": 24.674205272207207, "lat": -33.02717648452292}, "geometry": {"type": "Point", "coordinates": [24.674205272207207, -33.02717648452292]}}, {"type": "Feature", "properties": {"id": 1940, "source": "new", "mapcode": "AT49", "vegtype": "Sundays Arid Thicket", "efg": "AridThicket", "efg_id": 1, "cls2022": 2, "cls2022_name": "severe", "cls2025": 2, "cls2025_name": "severe", "stratum": "AT49_severe", "lon": 24.343179978619602, "lat": -33.55883841720551}, "geometry": {"type": "Point", "coordinates": [24.343179978619602, -33.55883841720551]}}, {"type": "Feature", "properties": {"id": 1941, "source": "new", "mapcode": "AT49", "vegtype": "Sundays Arid Thicket", "efg": "AridThicket", "efg_id": 1, "cls2022": 2, "cls2022_name": "severe", "cls2025": 2, "cls2025_name": "severe", "stratum": "AT49_severe", "lon": 24.753808567673246, "lat": -33.02849388017189}, "geometry": {"type": "Point", "coordinates": [24.753808567673246, -33.02849388017189]}}, {"type": "Feature", "properties": {"id": 1942, "source": "new", "mapcode": "AT49", "vegtype": "Sundays Arid Thicket", "efg": "AridThicket", "efg_id": 1, "cls2022": 2, "cls2022_name": "severe", "cls2025": 2, "cls2025_name": "severe", "stratum": "AT49_severe", "lon": 25.267710806419878, "lat": -33.46242329084941}, "geometry": {"type": "Point", "coordinates": [25.267710806419878, -33.46242329084941]}}, {"type": "Feature", "properties": {"id": 1943, "source": "new", "mapcode": "AT49", "vegtype": "Sundays Arid Thicket", "efg": "AridThicket", "efg_id": 1, "cls2022": 2, "cls2022_name": "severe", "cls2025": 2, "cls2025_name": "severe", "stratum": "AT49_severe", "lon": 24.581603730353233, "lat": -33.46228757560266}, "geometry": {"type": "Point", "coordinates": [24.581603730353233, -33.46228757560266]}}, {"type": "Feature", "properties": {"id": 1944, "source": "new", "mapcode": "AT49", "vegtype": "Sundays Arid Thicket", "efg": "AridThicket", "efg_id": 1, "cls2022": 2, "cls2022_name": "severe", "cls2025": 2, "cls2025_name": "severe", "stratum": "AT49_severe", "lon": 24.20702523348047, "lat": -33.30255017352661}, "geometry": {"type": "Point", "coordinates": [24.20702523348047, -33.30255017352661]}}, {"type": "Feature", "properties": {"id": 1945, "source": "new", "mapcode": "AT49", "vegtype": "Sundays Arid Thicket", "efg": "AridThicket", "efg_id": 1, "cls2022": 2, "cls2022_name": "severe", "cls2025": 2, "cls2025_name": "severe", "stratum": "AT49_severe", "lon": 25.001888255480523, "lat": -33.18654047029117}, "geometry": {"type": "Point", "coordinates": [25.001888255480523, -33.18654047029117]}}, {"type": "Feature", "properties": {"id": 1946, "source": "new", "mapcode": "AT49", "vegtype": "Sundays Arid Thicket", "efg": "AridThicket", "efg_id": 1, "cls2022": 2, "cls2022_name": "severe", "cls2025": 2, "cls2025_name": "severe", "stratum": "AT49_severe", "lon": 24.77297363565542, "lat": -33.048132167206994}, "geometry": {"type": "Point", "coordinates": [24.77297363565542, -33.048132167206994]}}, {"type": "Feature", "properties": {"id": 1947, "source": "new", "mapcode": "AT49", "vegtype": "Sundays Arid Thicket", "efg": "AridThicket", "efg_id": 1, "cls2022": 2, "cls2022_name": "severe", "cls2025": 2, "cls2025_name": "severe", "stratum": "AT49_severe", "lon": 25.308112641845845, "lat": -33.0579150456315}, "geometry": {"type": "Point", "coordinates": [25.308112641845845, -33.0579150456315]}}, {"type": "Feature", "properties": {"id": 1948, "source": "new", "mapcode": "AT49", "vegtype": "Sundays Arid Thicket", "efg": "AridThicket", "efg_id": 1, "cls2022": 2, "cls2022_name": "severe", "cls2025": 2, "cls2025_name": "severe", "stratum": "AT49_severe", "lon": 24.16939016353518, "lat": -33.2694640860547}, "geometry": {"type": "Point", "coordinates": [24.16939016353518, -33.2694640860547]}}, {"type": "Feature", "properties": {"id": 1949, "source": "new", "mapcode": "AT49", "vegtype": "Sundays Arid Thicket", "efg": "AridThicket", "efg_id": 1, "cls2022": 2, "cls2022_name": "severe", "cls2025": 2, "cls2025_name": "severe", "stratum": "AT49_severe", "lon": 24.4369327277548, "lat": -33.20594026318061}, "geometry": {"type": "Point", "coordinates": [24.4369327277548, -33.20594026318061]}}, {"type": "Feature", "properties": {"id": 1950, "source": "new", "mapcode": "AT49", "vegtype": "Sundays Arid Thicket", "efg": "AridThicket", "efg_id": 1, "cls2022": 2, "cls2022_name": "severe", "cls2025": 2, "cls2025_name": "severe", "stratum": "AT49_severe", "lon": 25.01400655556268, "lat": -32.989368002538136}, "geometry": {"type": "Point", "coordinates": [25.01400655556268, -32.989368002538136]}}, {"type": "Feature", "properties": {"id": 1951, "source": "new", "mapcode": "AT49", "vegtype": "Sundays Arid Thicket", "efg": "AridThicket", "efg_id": 1, "cls2022": 2, "cls2022_name": "severe", "cls2025": 2, "cls2025_name": "severe", "stratum": "AT49_severe", "lon": 25.276724830445076, "lat": -33.169639074503735}, "geometry": {"type": "Point", "coordinates": [25.276724830445076, -33.169639074503735]}}, {"type": "Feature", "properties": {"id": 1952, "source": "new", "mapcode": "AT49", "vegtype": "Sundays Arid Thicket", "efg": "AridThicket", "efg_id": 1, "cls2022": 2, "cls2022_name": "severe", "cls2025": 2, "cls2025_name": "severe", "stratum": "AT49_severe", "lon": 25.311605024435504, "lat": -33.18341966820019}, "geometry": {"type": "Point", "coordinates": [25.311605024435504, -33.18341966820019]}}, {"type": "Feature", "properties": {"id": 1953, "source": "new", "mapcode": "AT49", "vegtype": "Sundays Arid Thicket", "efg": "AridThicket", "efg_id": 1, "cls2022": 2, "cls2022_name": "severe", "cls2025": 2, "cls2025_name": "severe", "stratum": "AT49_severe", "lon": 24.782293768676524, "lat": -32.97495851047367}, "geometry": {"type": "Point", "coordinates": [24.782293768676524, -32.97495851047367]}}, {"type": "Feature", "properties": {"id": 1954, "source": "new", "mapcode": "AT49", "vegtype": "Sundays Arid Thicket", "efg": "AridThicket", "efg_id": 1, "cls2022": 2, "cls2022_name": "severe", "cls2025": 2, "cls2025_name": "severe", "stratum": "AT49_severe", "lon": 24.77995378272193, "lat": -33.11740427896541}, "geometry": {"type": "Point", "coordinates": [24.77995378272193, -33.11740427896541]}}, {"type": "Feature", "properties": {"id": 1955, "source": "new", "mapcode": "AT49", "vegtype": "Sundays Arid Thicket", "efg": "AridThicket", "efg_id": 1, "cls2022": 2, "cls2022_name": "severe", "cls2025": 2, "cls2025_name": "severe", "stratum": "AT49_severe", "lon": 25.192337025547054, "lat": -32.88891737194302}, "geometry": {"type": "Point", "coordinates": [25.192337025547054, -32.88891737194302]}}, {"type": "Feature", "properties": {"id": 1956, "source": "new", "mapcode": "AT49", "vegtype": "Sundays Arid Thicket", "efg": "AridThicket", "efg_id": 1, "cls2022": 2, "cls2022_name": "severe", "cls2025": 2, "cls2025_name": "severe", "stratum": "AT49_severe", "lon": 25.13577978263483, "lat": -33.46166941807016}, "geometry": {"type": "Point", "coordinates": [25.13577978263483, -33.46166941807016]}}, {"type": "Feature", "properties": {"id": 1957, "source": "new", "mapcode": "AT49", "vegtype": "Sundays Arid Thicket", "efg": "AridThicket", "efg_id": 1, "cls2022": 2, "cls2022_name": "severe", "cls2025": 2, "cls2025_name": "severe", "stratum": "AT49_severe", "lon": 24.459803635829257, "lat": -32.81424196641963}, "geometry": {"type": "Point", "coordinates": [24.459803635829257, -32.81424196641963]}}, {"type": "Feature", "properties": {"id": 1958, "source": "new", "mapcode": "AT49", "vegtype": "Sundays Arid Thicket", "efg": "AridThicket", "efg_id": 1, "cls2022": 2, "cls2022_name": "severe", "cls2025": 2, "cls2025_name": "severe", "stratum": "AT49_severe", "lon": 24.320421421073732, "lat": -33.21801951770998}, "geometry": {"type": "Point", "coordinates": [24.320421421073732, -33.21801951770998]}}, {"type": "Feature", "properties": {"id": 1959, "source": "new", "mapcode": "AT49", "vegtype": "Sundays Arid Thicket", "efg": "AridThicket", "efg_id": 1, "cls2022": 2, "cls2022_name": "severe", "cls2025": 2, "cls2025_name": "severe", "stratum": "AT49_severe", "lon": 25.32494732254201, "lat": -33.12303868148076}, "geometry": {"type": "Point", "coordinates": [25.32494732254201, -33.12303868148076]}}, {"type": "Feature", "properties": {"id": 1960, "source": "new", "mapcode": "AT49", "vegtype": "Sundays Arid Thicket", "efg": "AridThicket", "efg_id": 1, "cls2022": 2, "cls2022_name": "severe", "cls2025": 2, "cls2025_name": "severe", "stratum": "AT49_severe", "lon": 25.217668635208927, "lat": -33.49075012090093}, "geometry": {"type": "Point", "coordinates": [25.217668635208927, -33.49075012090093]}}, {"type": "Feature", "properties": {"id": 1961, "source": "new", "mapcode": "AT49", "vegtype": "Sundays Arid Thicket", "efg": "AridThicket", "efg_id": 1, "cls2022": 2, "cls2022_name": "severe", "cls2025": 2, "cls2025_name": "severe", "stratum": "AT49_severe", "lon": 24.744494174469768, "lat": -33.175166034580826}, "geometry": {"type": "Point", "coordinates": [24.744494174469768, -33.175166034580826]}}, {"type": "Feature", "properties": {"id": 1962, "source": "new", "mapcode": "AT49", "vegtype": "Sundays Arid Thicket", "efg": "AridThicket", "efg_id": 1, "cls2022": 2, "cls2022_name": "severe", "cls2025": 2, "cls2025_name": "severe", "stratum": "AT49_severe", "lon": 25.00255293919446, "lat": -32.82805286044097}, "geometry": {"type": "Point", "coordinates": [25.00255293919446, -32.82805286044097]}}, {"type": "Feature", "properties": {"id": 1963, "source": "new", "mapcode": "AT49", "vegtype": "Sundays Arid Thicket", "efg": "AridThicket", "efg_id": 1, "cls2022": 2, "cls2022_name": "severe", "cls2025": 2, "cls2025_name": "severe", "stratum": "AT49_severe", "lon": 24.59495905625533, "lat": -33.04724759130323}, "geometry": {"type": "Point", "coordinates": [24.59495905625533, -33.04724759130323]}}, {"type": "Feature", "properties": {"id": 1964, "source": "new", "mapcode": "AT49", "vegtype": "Sundays Arid Thicket", "efg": "AridThicket", "efg_id": 1, "cls2022": 2, "cls2022_name": "severe", "cls2025": 2, "cls2025_name": "severe", "stratum": "AT49_severe", "lon": 25.050640341042772, "lat": -33.18069983666814}, "geometry": {"type": "Point", "coordinates": [25.050640341042772, -33.18069983666814]}}, {"type": "Feature", "properties": {"id": 1965, "source": "new", "mapcode": "AT49", "vegtype": "Sundays Arid Thicket", "efg": "AridThicket", "efg_id": 1, "cls2022": 2, "cls2022_name": "severe", "cls2025": 2, "cls2025_name": "severe", "stratum": "AT49_severe", "lon": 25.050335024092202, "lat": -33.14977565771097}, "geometry": {"type": "Point", "coordinates": [25.050335024092202, -33.14977565771097]}}, {"type": "Feature", "properties": {"id": 1966, "source": "new", "mapcode": "AT49", "vegtype": "Sundays Arid Thicket", "efg": "AridThicket", "efg_id": 1, "cls2022": 2, "cls2022_name": "severe", "cls2025": 2, "cls2025_name": "severe", "stratum": "AT49_severe", "lon": 25.026663481436355, "lat": -33.120451829252154}, "geometry": {"type": "Point", "coordinates": [25.026663481436355, -33.120451829252154]}}, {"type": "Feature", "properties": {"id": 1967, "source": "new", "mapcode": "AT49", "vegtype": "Sundays Arid Thicket", "efg": "AridThicket", "efg_id": 1, "cls2022": 2, "cls2022_name": "severe", "cls2025": 2, "cls2025_name": "severe", "stratum": "AT49_severe", "lon": 24.869101327023444, "lat": -33.22307175162571}, "geometry": {"type": "Point", "coordinates": [24.869101327023444, -33.22307175162571]}}, {"type": "Feature", "properties": {"id": 1968, "source": "new", "mapcode": "AT49", "vegtype": "Sundays Arid Thicket", "efg": "AridThicket", "efg_id": 1, "cls2022": 2, "cls2022_name": "severe", "cls2025": 2, "cls2025_name": "severe", "stratum": "AT49_severe", "lon": 24.885692414359024, "lat": -33.50839420924272}, "geometry": {"type": "Point", "coordinates": [24.885692414359024, -33.50839420924272]}}, {"type": "Feature", "properties": {"id": 1969, "source": "new", "mapcode": "AT49", "vegtype": "Sundays Arid Thicket", "efg": "AridThicket", "efg_id": 1, "cls2022": 2, "cls2022_name": "severe", "cls2025": 2, "cls2025_name": "severe", "stratum": "AT49_severe", "lon": 24.757127782887146, "lat": -33.18104853129116}, "geometry": {"type": "Point", "coordinates": [24.757127782887146, -33.18104853129116]}}, {"type": "Feature", "properties": {"id": 1970, "source": "new", "mapcode": "AT50", "vegtype": "Sundays Mesic Thicket", "efg": "MesicThicket", "efg_id": 3, "cls2022": 0, "cls2022_name": "intact", "cls2025": 0, "cls2025_name": "intact", "stratum": "AT50_intact", "lon": 25.328858915196626, "lat": -33.35501390603932}, "geometry": {"type": "Point", "coordinates": [25.328858915196626, -33.35501390603932]}}, {"type": "Feature", "properties": {"id": 1971, "source": "new", "mapcode": "AT50", "vegtype": "Sundays Mesic Thicket", "efg": "MesicThicket", "efg_id": 3, "cls2022": 0, "cls2022_name": "intact", "cls2025": 0, "cls2025_name": "intact", "stratum": "AT50_intact", "lon": 25.681297628025888, "lat": -33.36797014479721}, "geometry": {"type": "Point", "coordinates": [25.681297628025888, -33.36797014479721]}}, {"type": "Feature", "properties": {"id": 1972, "source": "new", "mapcode": "AT50", "vegtype": "Sundays Mesic Thicket", "efg": "MesicThicket", "efg_id": 3, "cls2022": 0, "cls2022_name": "intact", "cls2025": 0, "cls2025_name": "intact", "stratum": "AT50_intact", "lon": 25.81558654150536, "lat": -33.38929685241607}, "geometry": {"type": "Point", "coordinates": [25.81558654150536, -33.38929685241607]}}, {"type": "Feature", "properties": {"id": 1973, "source": "new", "mapcode": "AT50", "vegtype": "Sundays Mesic Thicket", "efg": "MesicThicket", "efg_id": 3, "cls2022": 0, "cls2022_name": "intact", "cls2025": 0, "cls2025_name": "intact", "stratum": "AT50_intact", "lon": 25.264738405793914, "lat": -33.81297572513612}, "geometry": {"type": "Point", "coordinates": [25.264738405793914, -33.81297572513612]}}, {"type": "Feature", "properties": {"id": 1974, "source": "new", "mapcode": "AT50", "vegtype": "Sundays Mesic Thicket", "efg": "MesicThicket", "efg_id": 3, "cls2022": 0, "cls2022_name": "intact", "cls2025": 0, "cls2025_name": "intact", "stratum": "AT50_intact", "lon": 25.22668239945825, "lat": -33.82023429119119}, "geometry": {"type": "Point", "coordinates": [25.22668239945825, -33.82023429119119]}}, {"type": "Feature", "properties": {"id": 1975, "source": "new", "mapcode": "AT50", "vegtype": "Sundays Mesic Thicket", "efg": "MesicThicket", "efg_id": 3, "cls2022": 0, "cls2022_name": "intact", "cls2025": 0, "cls2025_name": "intact", "stratum": "AT50_intact", "lon": 25.272160334102335, "lat": -33.79825337585025}, "geometry": {"type": "Point", "coordinates": [25.272160334102335, -33.79825337585025]}}, {"type": "Feature", "properties": {"id": 1976, "source": "new", "mapcode": "AT50", "vegtype": "Sundays Mesic Thicket", "efg": "MesicThicket", "efg_id": 3, "cls2022": 0, "cls2022_name": "intact", "cls2025": 0, "cls2025_name": "intact", "stratum": "AT50_intact", "lon": 25.53717979337617, "lat": -33.3637049343049}, "geometry": {"type": "Point", "coordinates": [25.53717979337617, -33.3637049343049]}}, {"type": "Feature", "properties": {"id": 1977, "source": "new", "mapcode": "AT50", "vegtype": "Sundays Mesic Thicket", "efg": "MesicThicket", "efg_id": 3, "cls2022": 0, "cls2022_name": "intact", "cls2025": 2, "cls2025_name": "severe", "stratum": "AT50_intact", "lon": 25.386122206539305, "lat": -33.72075355790968}, "geometry": {"type": "Point", "coordinates": [25.386122206539305, -33.72075355790968]}}, {"type": "Feature", "properties": {"id": 1978, "source": "new", "mapcode": "AT50", "vegtype": "Sundays Mesic Thicket", "efg": "MesicThicket", "efg_id": 3, "cls2022": 0, "cls2022_name": "intact", "cls2025": 0, "cls2025_name": "intact", "stratum": "AT50_intact", "lon": 25.65036393898986, "lat": -33.388319432434365}, "geometry": {"type": "Point", "coordinates": [25.65036393898986, -33.388319432434365]}}, {"type": "Feature", "properties": {"id": 1979, "source": "new", "mapcode": "AT50", "vegtype": "Sundays Mesic Thicket", "efg": "MesicThicket", "efg_id": 3, "cls2022": 0, "cls2022_name": "intact", "cls2025": 0, "cls2025_name": "intact", "stratum": "AT50_intact", "lon": 25.23580218319417, "lat": -33.800584984070426}, "geometry": {"type": "Point", "coordinates": [25.23580218319417, -33.800584984070426]}}, {"type": "Feature", "properties": {"id": 1980, "source": "new", "mapcode": "AT50", "vegtype": "Sundays Mesic Thicket", "efg": "MesicThicket", "efg_id": 3, "cls2022": 0, "cls2022_name": "intact", "cls2025": 0, "cls2025_name": "intact", "stratum": "AT50_intact", "lon": 25.66067475899176, "lat": -33.362308265233125}, "geometry": {"type": "Point", "coordinates": [25.66067475899176, -33.362308265233125]}}, {"type": "Feature", "properties": {"id": 1981, "source": "new", "mapcode": "AT50", "vegtype": "Sundays Mesic Thicket", "efg": "MesicThicket", "efg_id": 3, "cls2022": 0, "cls2022_name": "intact", "cls2025": 0, "cls2025_name": "intact", "stratum": "AT50_intact", "lon": 25.5579055234783, "lat": -33.36351174789646}, "geometry": {"type": "Point", "coordinates": [25.5579055234783, -33.36351174789646]}}, {"type": "Feature", "properties": {"id": 1982, "source": "new", "mapcode": "AT50", "vegtype": "Sundays Mesic Thicket", "efg": "MesicThicket", "efg_id": 3, "cls2022": 0, "cls2022_name": "intact", "cls2025": 0, "cls2025_name": "intact", "stratum": "AT50_intact", "lon": 25.313788430246383, "lat": -33.76663402870258}, "geometry": {"type": "Point", "coordinates": [25.313788430246383, -33.76663402870258]}}, {"type": "Feature", "properties": {"id": 1983, "source": "new", "mapcode": "AT50", "vegtype": "Sundays Mesic Thicket", "efg": "MesicThicket", "efg_id": 3, "cls2022": 0, "cls2022_name": "intact", "cls2025": 0, "cls2025_name": "intact", "stratum": "AT50_intact", "lon": 25.750418328109145, "lat": -33.40501556746644}, "geometry": {"type": "Point", "coordinates": [25.750418328109145, -33.40501556746644]}}, {"type": "Feature", "properties": {"id": 1984, "source": "new", "mapcode": "AT50", "vegtype": "Sundays Mesic Thicket", "efg": "MesicThicket", "efg_id": 3, "cls2022": 0, "cls2022_name": "intact", "cls2025": 0, "cls2025_name": "intact", "stratum": "AT50_intact", "lon": 25.674042735879134, "lat": -33.336328074133945}, "geometry": {"type": "Point", "coordinates": [25.674042735879134, -33.336328074133945]}}, {"type": "Feature", "properties": {"id": 1985, "source": "new", "mapcode": "AT50", "vegtype": "Sundays Mesic Thicket", "efg": "MesicThicket", "efg_id": 3, "cls2022": 0, "cls2022_name": "intact", "cls2025": 0, "cls2025_name": "intact", "stratum": "AT50_intact", "lon": 25.83311289099315, "lat": -33.40484769818007}, "geometry": {"type": "Point", "coordinates": [25.83311289099315, -33.40484769818007]}}, {"type": "Feature", "properties": {"id": 1986, "source": "new", "mapcode": "AT50", "vegtype": "Sundays Mesic Thicket", "efg": "MesicThicket", "efg_id": 3, "cls2022": 0, "cls2022_name": "intact", "cls2025": 0, "cls2025_name": "intact", "stratum": "AT50_intact", "lon": 25.30412672890967, "lat": -33.72109287160385}, "geometry": {"type": "Point", "coordinates": [25.30412672890967, -33.72109287160385]}}, {"type": "Feature", "properties": {"id": 1987, "source": "new", "mapcode": "AT50", "vegtype": "Sundays Mesic Thicket", "efg": "MesicThicket", "efg_id": 3, "cls2022": 0, "cls2022_name": "intact", "cls2025": 0, "cls2025_name": "intact", "stratum": "AT50_intact", "lon": 25.587242687143988, "lat": -33.36580273931775}, "geometry": {"type": "Point", "coordinates": [25.587242687143988, -33.36580273931775]}}, {"type": "Feature", "properties": {"id": 1988, "source": "new", "mapcode": "AT50", "vegtype": "Sundays Mesic Thicket", "efg": "MesicThicket", "efg_id": 3, "cls2022": 1, "cls2022_name": "moderate", "cls2025": 1, "cls2025_name": "moderate", "stratum": "AT50_moderate", "lon": 25.65243953979729, "lat": -33.37927263081884}, "geometry": {"type": "Point", "coordinates": [25.65243953979729, -33.37927263081884]}}, {"type": "Feature", "properties": {"id": 1989, "source": "new", "mapcode": "AT50", "vegtype": "Sundays Mesic Thicket", "efg": "MesicThicket", "efg_id": 3, "cls2022": 1, "cls2022_name": "moderate", "cls2025": 1, "cls2025_name": "moderate", "stratum": "AT50_moderate", "lon": 25.605082496970883, "lat": -33.36473593403432}, "geometry": {"type": "Point", "coordinates": [25.605082496970883, -33.36473593403432]}}, {"type": "Feature", "properties": {"id": 1990, "source": "new", "mapcode": "AT50", "vegtype": "Sundays Mesic Thicket", "efg": "MesicThicket", "efg_id": 3, "cls2022": 1, "cls2022_name": "moderate", "cls2025": 1, "cls2025_name": "moderate", "stratum": "AT50_moderate", "lon": 25.286224122065036, "lat": -33.752645659665745}, "geometry": {"type": "Point", "coordinates": [25.286224122065036, -33.752645659665745]}}, {"type": "Feature", "properties": {"id": 1991, "source": "new", "mapcode": "AT50", "vegtype": "Sundays Mesic Thicket", "efg": "MesicThicket", "efg_id": 3, "cls2022": 1, "cls2022_name": "moderate", "cls2025": 1, "cls2025_name": "moderate", "stratum": "AT50_moderate", "lon": 24.887166675467245, "lat": -34.08379664325517}, "geometry": {"type": "Point", "coordinates": [24.887166675467245, -34.08379664325517]}}, {"type": "Feature", "properties": {"id": 1992, "source": "new", "mapcode": "AT50", "vegtype": "Sundays Mesic Thicket", "efg": "MesicThicket", "efg_id": 3, "cls2022": 1, "cls2022_name": "moderate", "cls2025": 1, "cls2025_name": "moderate", "stratum": "AT50_moderate", "lon": 24.93280408193957, "lat": -33.91289853451553}, "geometry": {"type": "Point", "coordinates": [24.93280408193957, -33.91289853451553]}}, {"type": "Feature", "properties": {"id": 1993, "source": "new", "mapcode": "AT50", "vegtype": "Sundays Mesic Thicket", "efg": "MesicThicket", "efg_id": 3, "cls2022": 1, "cls2022_name": "moderate", "cls2025": 1, "cls2025_name": "moderate", "stratum": "AT50_moderate", "lon": 25.266952684599932, "lat": -33.33442854996732}, "geometry": {"type": "Point", "coordinates": [25.266952684599932, -33.33442854996732]}}, {"type": "Feature", "properties": {"id": 1994, "source": "new", "mapcode": "AT50", "vegtype": "Sundays Mesic Thicket", "efg": "MesicThicket", "efg_id": 3, "cls2022": 1, "cls2022_name": "moderate", "cls2025": 1, "cls2025_name": "moderate", "stratum": "AT50_moderate", "lon": 25.33126457847149, "lat": -33.35402295490209}, "geometry": {"type": "Point", "coordinates": [25.33126457847149, -33.35402295490209]}}, {"type": "Feature", "properties": {"id": 1995, "source": "new", "mapcode": "AT50", "vegtype": "Sundays Mesic Thicket", "efg": "MesicThicket", "efg_id": 3, "cls2022": 1, "cls2022_name": "moderate", "cls2025": 0, "cls2025_name": "intact", "stratum": "AT50_moderate", "lon": 25.798684432715632, "lat": -33.37893371333542}, "geometry": {"type": "Point", "coordinates": [25.798684432715632, -33.37893371333542]}}, {"type": "Feature", "properties": {"id": 1996, "source": "new", "mapcode": "AT50", "vegtype": "Sundays Mesic Thicket", "efg": "MesicThicket", "efg_id": 3, "cls2022": 1, "cls2022_name": "moderate", "cls2025": 2, "cls2025_name": "severe", "stratum": "AT50_moderate", "lon": 25.488348745284068, "lat": -33.37962358614092}, "geometry": {"type": "Point", "coordinates": [25.488348745284068, -33.37962358614092]}}, {"type": "Feature", "properties": {"id": 1997, "source": "new", "mapcode": "AT50", "vegtype": "Sundays Mesic Thicket", "efg": "MesicThicket", "efg_id": 3, "cls2022": 2, "cls2022_name": "severe", "cls2025": -1, "cls2025_name": null, "stratum": "AT50_severe", "lon": 25.72525041903229, "lat": -33.42173317968641}, "geometry": {"type": "Point", "coordinates": [25.72525041903229, -33.42173317968641]}}, {"type": "Feature", "properties": {"id": 1998, "source": "new", "mapcode": "AT50", "vegtype": "Sundays Mesic Thicket", "efg": "MesicThicket", "efg_id": 3, "cls2022": 2, "cls2022_name": "severe", "cls2025": 2, "cls2025_name": "severe", "stratum": "AT50_severe", "lon": 24.877573860103674, "lat": -34.09659494312079}, "geometry": {"type": "Point", "coordinates": [24.877573860103674, -34.09659494312079]}}, {"type": "Feature", "properties": {"id": 1999, "source": "new", "mapcode": "AT50", "vegtype": "Sundays Mesic Thicket", "efg": "MesicThicket", "efg_id": 3, "cls2022": 2, "cls2022_name": "severe", "cls2025": 2, "cls2025_name": "severe", "stratum": "AT50_severe", "lon": 24.851208904563826, "lat": -34.12428453714849}, "geometry": {"type": "Point", "coordinates": [24.851208904563826, -34.12428453714849]}}, {"type": "Feature", "properties": {"id": 2000, "source": "new", "mapcode": "AT50", "vegtype": "Sundays Mesic Thicket", "efg": "MesicThicket", "efg_id": 3, "cls2022": 2, "cls2022_name": "severe", "cls2025": 2, "cls2025_name": "severe", "stratum": "AT50_severe", "lon": 24.846573229816023, "lat": -34.120856578822526}, "geometry": {"type": "Point", "coordinates": [24.846573229816023, -34.120856578822526]}}, {"type": "Feature", "properties": {"id": 2001, "source": "new", "mapcode": "AT50", "vegtype": "Sundays Mesic Thicket", "efg": "MesicThicket", "efg_id": 3, "cls2022": 2, "cls2022_name": "severe", "cls2025": 2, "cls2025_name": "severe", "stratum": "AT50_severe", "lon": 24.86295180601693, "lat": -34.10654496004587}, "geometry": {"type": "Point", "coordinates": [24.86295180601693, -34.10654496004587]}}, {"type": "Feature", "properties": {"id": 2002, "source": "new", "mapcode": "AT50", "vegtype": "Sundays Mesic Thicket", "efg": "MesicThicket", "efg_id": 3, "cls2022": 2, "cls2022_name": "severe", "cls2025": 2, "cls2025_name": "severe", "stratum": "AT50_severe", "lon": 24.852209599613587, "lat": -33.9112034650865}, "geometry": {"type": "Point", "coordinates": [24.852209599613587, -33.9112034650865]}}, {"type": "Feature", "properties": {"id": 2003, "source": "new", "mapcode": "AT50", "vegtype": "Sundays Mesic Thicket", "efg": "MesicThicket", "efg_id": 3, "cls2022": 2, "cls2022_name": "severe", "cls2025": 1, "cls2025_name": "moderate", "stratum": "AT50_severe", "lon": 25.815817136864386, "lat": -33.57647584168672}, "geometry": {"type": "Point", "coordinates": [25.815817136864386, -33.57647584168672]}}, {"type": "Feature", "properties": {"id": 2004, "source": "new", "mapcode": "AT50", "vegtype": "Sundays Mesic Thicket", "efg": "MesicThicket", "efg_id": 3, "cls2022": 2, "cls2022_name": "severe", "cls2025": 1, "cls2025_name": "moderate", "stratum": "AT50_severe", "lon": 24.870850835997242, "lat": -33.95105228574122}, "geometry": {"type": "Point", "coordinates": [24.870850835997242, -33.95105228574122]}}, {"type": "Feature", "properties": {"id": 2005, "source": "new", "mapcode": "AT50", "vegtype": "Sundays Mesic Thicket", "efg": "MesicThicket", "efg_id": 3, "cls2022": 2, "cls2022_name": "severe", "cls2025": 2, "cls2025_name": "severe", "stratum": "AT50_severe", "lon": 25.755331129226423, "lat": -33.42469880455794}, "geometry": {"type": "Point", "coordinates": [25.755331129226423, -33.42469880455794]}}, {"type": "Feature", "properties": {"id": 2006, "source": "new", "mapcode": "AT50", "vegtype": "Sundays Mesic Thicket", "efg": "MesicThicket", "efg_id": 3, "cls2022": 2, "cls2022_name": "severe", "cls2025": 1, "cls2025_name": "moderate", "stratum": "AT50_severe", "lon": 25.383135855475203, "lat": -33.36377410376725}, "geometry": {"type": "Point", "coordinates": [25.383135855475203, -33.36377410376725]}}, {"type": "Feature", "properties": {"id": 2007, "source": "new", "mapcode": "AT50", "vegtype": "Sundays Mesic Thicket", "efg": "MesicThicket", "efg_id": 3, "cls2022": 2, "cls2022_name": "severe", "cls2025": -1, "cls2025_name": null, "stratum": "AT50_severe", "lon": 24.90899275278607, "lat": -34.06625415207509}, "geometry": {"type": "Point", "coordinates": [24.90899275278607, -34.06625415207509]}}, {"type": "Feature", "properties": {"id": 2008, "source": "new", "mapcode": "AT50", "vegtype": "Sundays Mesic Thicket", "efg": "MesicThicket", "efg_id": 3, "cls2022": 2, "cls2022_name": "severe", "cls2025": 2, "cls2025_name": "severe", "stratum": "AT50_severe", "lon": 24.84607519702329, "lat": -33.901881822002835}, "geometry": {"type": "Point", "coordinates": [24.84607519702329, -33.901881822002835]}}, {"type": "Feature", "properties": {"id": 2009, "source": "new", "mapcode": "AT50", "vegtype": "Sundays Mesic Thicket", "efg": "MesicThicket", "efg_id": 3, "cls2022": 2, "cls2022_name": "severe", "cls2025": 2, "cls2025_name": "severe", "stratum": "AT50_severe", "lon": 25.31010831782691, "lat": -33.360163534386665}, "geometry": {"type": "Point", "coordinates": [25.31010831782691, -33.360163534386665]}}, {"type": "Feature", "properties": {"id": 2010, "source": "new", "mapcode": "AT50", "vegtype": "Sundays Mesic Thicket", "efg": "MesicThicket", "efg_id": 3, "cls2022": 2, "cls2022_name": "severe", "cls2025": 2, "cls2025_name": "severe", "stratum": "AT50_severe", "lon": 24.919762498238537, "lat": -34.00648687071057}, "geometry": {"type": "Point", "coordinates": [24.919762498238537, -34.00648687071057]}}, {"type": "Feature", "properties": {"id": 2011, "source": "new", "mapcode": "AT50", "vegtype": "Sundays Mesic Thicket", "efg": "MesicThicket", "efg_id": 3, "cls2022": 2, "cls2022_name": "severe", "cls2025": -1, "cls2025_name": null, "stratum": "AT50_severe", "lon": 24.879193404183038, "lat": -34.10396506945464}, "geometry": {"type": "Point", "coordinates": [24.879193404183038, -34.10396506945464]}}, {"type": "Feature", "properties": {"id": 2012, "source": "new", "mapcode": "AT50", "vegtype": "Sundays Mesic Thicket", "efg": "MesicThicket", "efg_id": 3, "cls2022": 2, "cls2022_name": "severe", "cls2025": 2, "cls2025_name": "severe", "stratum": "AT50_severe", "lon": 24.86415004755108, "lat": -34.10935978487588}, "geometry": {"type": "Point", "coordinates": [24.86415004755108, -34.10935978487588]}}, {"type": "Feature", "properties": {"id": 2013, "source": "new", "mapcode": "AT50", "vegtype": "Sundays Mesic Thicket", "efg": "MesicThicket", "efg_id": 3, "cls2022": 2, "cls2022_name": "severe", "cls2025": 1, "cls2025_name": "moderate", "stratum": "AT50_severe", "lon": 25.813440015924126, "lat": -33.57426098497519}, "geometry": {"type": "Point", "coordinates": [25.813440015924126, -33.57426098497519]}}, {"type": "Feature", "properties": {"id": 2014, "source": "new", "mapcode": "AT50", "vegtype": "Sundays Mesic Thicket", "efg": "MesicThicket", "efg_id": 3, "cls2022": 2, "cls2022_name": "severe", "cls2025": 2, "cls2025_name": "severe", "stratum": "AT50_severe", "lon": 24.928326192134715, "lat": -33.97934977095798}, "geometry": {"type": "Point", "coordinates": [24.928326192134715, -33.97934977095798]}}, {"type": "Feature", "properties": {"id": 2015, "source": "new", "mapcode": "AT50", "vegtype": "Sundays Mesic Thicket", "efg": "MesicThicket", "efg_id": 3, "cls2022": 2, "cls2022_name": "severe", "cls2025": 2, "cls2025_name": "severe", "stratum": "AT50_severe", "lon": 24.97061368274287, "lat": -33.96048550287436}, "geometry": {"type": "Point", "coordinates": [24.97061368274287, -33.96048550287436]}}, {"type": "Feature", "properties": {"id": 2016, "source": "new", "mapcode": "AT50", "vegtype": "Sundays Mesic Thicket", "efg": "MesicThicket", "efg_id": 3, "cls2022": 2, "cls2022_name": "severe", "cls2025": 2, "cls2025_name": "severe", "stratum": "AT50_severe", "lon": 25.863940511989885, "lat": -33.391838570256276}, "geometry": {"type": "Point", "coordinates": [25.863940511989885, -33.391838570256276]}}, {"type": "Feature", "properties": {"id": 2017, "source": "new", "mapcode": "AT51", "vegtype": "Sundays Valley Thicket", "efg": "ValleyThicket", "efg_id": 2, "cls2022": 0, "cls2022_name": "intact", "cls2025": 0, "cls2025_name": "intact", "stratum": "AT51_intact", "lon": 25.536513668066124, "lat": -33.719162006604265}, "geometry": {"type": "Point", "coordinates": [25.536513668066124, -33.719162006604265]}}, {"type": "Feature", "properties": {"id": 2018, "source": "new", "mapcode": "AT51", "vegtype": "Sundays Valley Thicket", "efg": "ValleyThicket", "efg_id": 2, "cls2022": 0, "cls2022_name": "intact", "cls2025": 0, "cls2025_name": "intact", "stratum": "AT51_intact", "lon": 24.89945201324451, "lat": -33.85591572115965}, "geometry": {"type": "Point", "coordinates": [24.89945201324451, -33.85591572115965]}}, {"type": "Feature", "properties": {"id": 2019, "source": "new", "mapcode": "AT51", "vegtype": "Sundays Valley Thicket", "efg": "ValleyThicket", "efg_id": 2, "cls2022": 0, "cls2022_name": "intact", "cls2025": 0, "cls2025_name": "intact", "stratum": "AT51_intact", "lon": 25.43742166445859, "lat": -33.769708745262335}, "geometry": {"type": "Point", "coordinates": [25.43742166445859, -33.769708745262335]}}, {"type": "Feature", "properties": {"id": 2020, "source": "new", "mapcode": "AT51", "vegtype": "Sundays Valley Thicket", "efg": "ValleyThicket", "efg_id": 2, "cls2022": 0, "cls2022_name": "intact", "cls2025": 1, "cls2025_name": "moderate", "stratum": "AT51_intact", "lon": 24.571380073355293, "lat": -33.72228685184822}, "geometry": {"type": "Point", "coordinates": [24.571380073355293, -33.72228685184822]}}, {"type": "Feature", "properties": {"id": 2021, "source": "new", "mapcode": "AT51", "vegtype": "Sundays Valley Thicket", "efg": "ValleyThicket", "efg_id": 2, "cls2022": 0, "cls2022_name": "intact", "cls2025": 0, "cls2025_name": "intact", "stratum": "AT51_intact", "lon": 25.783291081802798, "lat": -33.65281175902126}, "geometry": {"type": "Point", "coordinates": [25.783291081802798, -33.65281175902126]}}, {"type": "Feature", "properties": {"id": 2022, "source": "new", "mapcode": "AT51", "vegtype": "Sundays Valley Thicket", "efg": "ValleyThicket", "efg_id": 2, "cls2022": 0, "cls2022_name": "intact", "cls2025": 0, "cls2025_name": "intact", "stratum": "AT51_intact", "lon": 25.622995409696514, "lat": -33.61083838694833}, "geometry": {"type": "Point", "coordinates": [25.622995409696514, -33.61083838694833]}}, {"type": "Feature", "properties": {"id": 2023, "source": "new", "mapcode": "AT51", "vegtype": "Sundays Valley Thicket", "efg": "ValleyThicket", "efg_id": 2, "cls2022": 0, "cls2022_name": "intact", "cls2025": 0, "cls2025_name": "intact", "stratum": "AT51_intact", "lon": 25.62913525386047, "lat": -33.75217227460443}, "geometry": {"type": "Point", "coordinates": [25.62913525386047, -33.75217227460443]}}, {"type": "Feature", "properties": {"id": 2024, "source": "new", "mapcode": "AT51", "vegtype": "Sundays Valley Thicket", "efg": "ValleyThicket", "efg_id": 2, "cls2022": 0, "cls2022_name": "intact", "cls2025": 0, "cls2025_name": "intact", "stratum": "AT51_intact", "lon": 25.72583991686415, "lat": -33.472714910229485}, "geometry": {"type": "Point", "coordinates": [25.72583991686415, -33.472714910229485]}}, {"type": "Feature", "properties": {"id": 2025, "source": "new", "mapcode": "AT51", "vegtype": "Sundays Valley Thicket", "efg": "ValleyThicket", "efg_id": 2, "cls2022": 0, "cls2022_name": "intact", "cls2025": 0, "cls2025_name": "intact", "stratum": "AT51_intact", "lon": 24.644249346524806, "lat": -33.767841831111305}, "geometry": {"type": "Point", "coordinates": [24.644249346524806, -33.767841831111305]}}, {"type": "Feature", "properties": {"id": 2026, "source": "new", "mapcode": "AT51", "vegtype": "Sundays Valley Thicket", "efg": "ValleyThicket", "efg_id": 2, "cls2022": 0, "cls2022_name": "intact", "cls2025": -1, "cls2025_name": null, "stratum": "AT51_intact", "lon": 25.30132214546916, "lat": -33.83802763091262}, "geometry": {"type": "Point", "coordinates": [25.30132214546916, -33.83802763091262]}}, {"type": "Feature", "properties": {"id": 2027, "source": "new", "mapcode": "AT51", "vegtype": "Sundays Valley Thicket", "efg": "ValleyThicket", "efg_id": 2, "cls2022": 0, "cls2022_name": "intact", "cls2025": 0, "cls2025_name": "intact", "stratum": "AT51_intact", "lon": 25.528695271818755, "lat": -33.656297926749254}, "geometry": {"type": "Point", "coordinates": [25.528695271818755, -33.656297926749254]}}, {"type": "Feature", "properties": {"id": 2028, "source": "new", "mapcode": "AT51", "vegtype": "Sundays Valley Thicket", "efg": "ValleyThicket", "efg_id": 2, "cls2022": 0, "cls2022_name": "intact", "cls2025": 0, "cls2025_name": "intact", "stratum": "AT51_intact", "lon": 25.472819866502896, "lat": -33.56989441478058}, "geometry": {"type": "Point", "coordinates": [25.472819866502896, -33.56989441478058]}}, {"type": "Feature", "properties": {"id": 2029, "source": "new", "mapcode": "AT51", "vegtype": "Sundays Valley Thicket", "efg": "ValleyThicket", "efg_id": 2, "cls2022": 0, "cls2022_name": "intact", "cls2025": 0, "cls2025_name": "intact", "stratum": "AT51_intact", "lon": 24.756736510273253, "lat": -33.81807747900523}, "geometry": {"type": "Point", "coordinates": [24.756736510273253, -33.81807747900523]}}, {"type": "Feature", "properties": {"id": 2030, "source": "new", "mapcode": "AT51", "vegtype": "Sundays Valley Thicket", "efg": "ValleyThicket", "efg_id": 2, "cls2022": 0, "cls2022_name": "intact", "cls2025": 0, "cls2025_name": "intact", "stratum": "AT51_intact", "lon": 24.757097113613405, "lat": -33.698761796664705}, "geometry": {"type": "Point", "coordinates": [24.757097113613405, -33.698761796664705]}}, {"type": "Feature", "properties": {"id": 2031, "source": "new", "mapcode": "AT51", "vegtype": "Sundays Valley Thicket", "efg": "ValleyThicket", "efg_id": 2, "cls2022": 0, "cls2022_name": "intact", "cls2025": 0, "cls2025_name": "intact", "stratum": "AT51_intact", "lon": 25.42191757792846, "lat": -33.4527006608971}, "geometry": {"type": "Point", "coordinates": [25.42191757792846, -33.4527006608971]}}, {"type": "Feature", "properties": {"id": 2032, "source": "new", "mapcode": "AT51", "vegtype": "Sundays Valley Thicket", "efg": "ValleyThicket", "efg_id": 2, "cls2022": 0, "cls2022_name": "intact", "cls2025": 0, "cls2025_name": "intact", "stratum": "AT51_intact", "lon": 25.426422222764696, "lat": -33.44905204017075}, "geometry": {"type": "Point", "coordinates": [25.426422222764696, -33.44905204017075]}}, {"type": "Feature", "properties": {"id": 2033, "source": "new", "mapcode": "AT51", "vegtype": "Sundays Valley Thicket", "efg": "ValleyThicket", "efg_id": 2, "cls2022": 0, "cls2022_name": "intact", "cls2025": 0, "cls2025_name": "intact", "stratum": "AT51_intact", "lon": 24.666615631823603, "lat": -33.7996324980472}, "geometry": {"type": "Point", "coordinates": [24.666615631823603, -33.7996324980472]}}, {"type": "Feature", "properties": {"id": 2034, "source": "new", "mapcode": "AT51", "vegtype": "Sundays Valley Thicket", "efg": "ValleyThicket", "efg_id": 2, "cls2022": 0, "cls2022_name": "intact", "cls2025": 0, "cls2025_name": "intact", "stratum": "AT51_intact", "lon": 24.565126333738693, "lat": -33.684809106517584}, "geometry": {"type": "Point", "coordinates": [24.565126333738693, -33.684809106517584]}}, {"type": "Feature", "properties": {"id": 2035, "source": "new", "mapcode": "AT51", "vegtype": "Sundays Valley Thicket", "efg": "ValleyThicket", "efg_id": 2, "cls2022": 0, "cls2022_name": "intact", "cls2025": 0, "cls2025_name": "intact", "stratum": "AT51_intact", "lon": 24.56452818343406, "lat": -33.67007460854823}, "geometry": {"type": "Point", "coordinates": [24.56452818343406, -33.67007460854823]}}, {"type": "Feature", "properties": {"id": 2036, "source": "new", "mapcode": "AT51", "vegtype": "Sundays Valley Thicket", "efg": "ValleyThicket", "efg_id": 2, "cls2022": 0, "cls2022_name": "intact", "cls2025": 0, "cls2025_name": "intact", "stratum": "AT51_intact", "lon": 25.467151102130245, "lat": -33.7619055919698}, "geometry": {"type": "Point", "coordinates": [25.467151102130245, -33.7619055919698]}}, {"type": "Feature", "properties": {"id": 2037, "source": "new", "mapcode": "AT51", "vegtype": "Sundays Valley Thicket", "efg": "ValleyThicket", "efg_id": 2, "cls2022": 0, "cls2022_name": "intact", "cls2025": 0, "cls2025_name": "intact", "stratum": "AT51_intact", "lon": 24.65448710870446, "lat": -33.80017267438188}, "geometry": {"type": "Point", "coordinates": [24.65448710870446, -33.80017267438188]}}, {"type": "Feature", "properties": {"id": 2038, "source": "new", "mapcode": "AT51", "vegtype": "Sundays Valley Thicket", "efg": "ValleyThicket", "efg_id": 2, "cls2022": 0, "cls2022_name": "intact", "cls2025": 0, "cls2025_name": "intact", "stratum": "AT51_intact", "lon": 25.462037857009992, "lat": -33.69609561513252}, "geometry": {"type": "Point", "coordinates": [25.462037857009992, -33.69609561513252]}}, {"type": "Feature", "properties": {"id": 2039, "source": "new", "mapcode": "AT51", "vegtype": "Sundays Valley Thicket", "efg": "ValleyThicket", "efg_id": 2, "cls2022": 0, "cls2022_name": "intact", "cls2025": 0, "cls2025_name": "intact", "stratum": "AT51_intact", "lon": 25.727449924523434, "lat": -33.657624915366405}, "geometry": {"type": "Point", "coordinates": [25.727449924523434, -33.657624915366405]}}, {"type": "Feature", "properties": {"id": 2040, "source": "new", "mapcode": "AT51", "vegtype": "Sundays Valley Thicket", "efg": "ValleyThicket", "efg_id": 2, "cls2022": 0, "cls2022_name": "intact", "cls2025": 0, "cls2025_name": "intact", "stratum": "AT51_intact", "lon": 25.705238988831134, "lat": -33.499435336675226}, "geometry": {"type": "Point", "coordinates": [25.705238988831134, -33.499435336675226]}}, {"type": "Feature", "properties": {"id": 2041, "source": "new", "mapcode": "AT51", "vegtype": "Sundays Valley Thicket", "efg": "ValleyThicket", "efg_id": 2, "cls2022": 0, "cls2022_name": "intact", "cls2025": 0, "cls2025_name": "intact", "stratum": "AT51_intact", "lon": 25.31134653664296, "lat": -33.81341509083616}, "geometry": {"type": "Point", "coordinates": [25.31134653664296, -33.81341509083616]}}, {"type": "Feature", "properties": {"id": 2042, "source": "new", "mapcode": "AT51", "vegtype": "Sundays Valley Thicket", "efg": "ValleyThicket", "efg_id": 2, "cls2022": 0, "cls2022_name": "intact", "cls2025": 0, "cls2025_name": "intact", "stratum": "AT51_intact", "lon": 25.82355199930612, "lat": -33.656852825268295}, "geometry": {"type": "Point", "coordinates": [25.82355199930612, -33.656852825268295]}}, {"type": "Feature", "properties": {"id": 2043, "source": "new", "mapcode": "AT51", "vegtype": "Sundays Valley Thicket", "efg": "ValleyThicket", "efg_id": 2, "cls2022": 0, "cls2022_name": "intact", "cls2025": 0, "cls2025_name": "intact", "stratum": "AT51_intact", "lon": 25.759382598841963, "lat": -33.487370008721555}, "geometry": {"type": "Point", "coordinates": [25.759382598841963, -33.487370008721555]}}, {"type": "Feature", "properties": {"id": 2044, "source": "new", "mapcode": "AT51", "vegtype": "Sundays Valley Thicket", "efg": "ValleyThicket", "efg_id": 2, "cls2022": 0, "cls2022_name": "intact", "cls2025": 0, "cls2025_name": "intact", "stratum": "AT51_intact", "lon": 25.53765381659691, "lat": -33.700524320347895}, "geometry": {"type": "Point", "coordinates": [25.53765381659691, -33.700524320347895]}}, {"type": "Feature", "properties": {"id": 2045, "source": "new", "mapcode": "AT51", "vegtype": "Sundays Valley Thicket", "efg": "ValleyThicket", "efg_id": 2, "cls2022": 0, "cls2022_name": "intact", "cls2025": 0, "cls2025_name": "intact", "stratum": "AT51_intact", "lon": 25.62082966629351, "lat": -33.528511220630676}, "geometry": {"type": "Point", "coordinates": [25.62082966629351, -33.528511220630676]}}, {"type": "Feature", "properties": {"id": 2046, "source": "new", "mapcode": "AT51", "vegtype": "Sundays Valley Thicket", "efg": "ValleyThicket", "efg_id": 2, "cls2022": 0, "cls2022_name": "intact", "cls2025": 0, "cls2025_name": "intact", "stratum": "AT51_intact", "lon": 25.565132246534933, "lat": -33.726249857531556}, "geometry": {"type": "Point", "coordinates": [25.565132246534933, -33.726249857531556]}}, {"type": "Feature", "properties": {"id": 2047, "source": "new", "mapcode": "AT51", "vegtype": "Sundays Valley Thicket", "efg": "ValleyThicket", "efg_id": 2, "cls2022": 0, "cls2022_name": "intact", "cls2025": 0, "cls2025_name": "intact", "stratum": "AT51_intact", "lon": 25.370781656986793, "lat": -33.587363372124514}, "geometry": {"type": "Point", "coordinates": [25.370781656986793, -33.587363372124514]}}, {"type": "Feature", "properties": {"id": 2048, "source": "new", "mapcode": "AT51", "vegtype": "Sundays Valley Thicket", "efg": "ValleyThicket", "efg_id": 2, "cls2022": 0, "cls2022_name": "intact", "cls2025": 0, "cls2025_name": "intact", "stratum": "AT51_intact", "lon": 25.760210332050892, "lat": -33.58001253243253}, "geometry": {"type": "Point", "coordinates": [25.760210332050892, -33.58001253243253]}}, {"type": "Feature", "properties": {"id": 2049, "source": "new", "mapcode": "AT51", "vegtype": "Sundays Valley Thicket", "efg": "ValleyThicket", "efg_id": 2, "cls2022": 0, "cls2022_name": "intact", "cls2025": 0, "cls2025_name": "intact", "stratum": "AT51_intact", "lon": 24.754138906849708, "lat": -33.71024308722975}, "geometry": {"type": "Point", "coordinates": [24.754138906849708, -33.71024308722975]}}, {"type": "Feature", "properties": {"id": 2050, "source": "new", "mapcode": "AT51", "vegtype": "Sundays Valley Thicket", "efg": "ValleyThicket", "efg_id": 2, "cls2022": 0, "cls2022_name": "intact", "cls2025": 0, "cls2025_name": "intact", "stratum": "AT51_intact", "lon": 25.330217437167608, "lat": -33.55656290451451}, "geometry": {"type": "Point", "coordinates": [25.330217437167608, -33.55656290451451]}}, {"type": "Feature", "properties": {"id": 2051, "source": "new", "mapcode": "AT51", "vegtype": "Sundays Valley Thicket", "efg": "ValleyThicket", "efg_id": 2, "cls2022": 0, "cls2022_name": "intact", "cls2025": 0, "cls2025_name": "intact", "stratum": "AT51_intact", "lon": 25.524847092238776, "lat": -33.78875666405402}, "geometry": {"type": "Point", "coordinates": [25.524847092238776, -33.78875666405402]}}, {"type": "Feature", "properties": {"id": 2052, "source": "new", "mapcode": "AT51", "vegtype": "Sundays Valley Thicket", "efg": "ValleyThicket", "efg_id": 2, "cls2022": 0, "cls2022_name": "intact", "cls2025": 0, "cls2025_name": "intact", "stratum": "AT51_intact", "lon": 25.496168839148407, "lat": -33.52927048720492}, "geometry": {"type": "Point", "coordinates": [25.496168839148407, -33.52927048720492]}}, {"type": "Feature", "properties": {"id": 2053, "source": "new", "mapcode": "AT51", "vegtype": "Sundays Valley Thicket", "efg": "ValleyThicket", "efg_id": 2, "cls2022": 0, "cls2022_name": "intact", "cls2025": 0, "cls2025_name": "intact", "stratum": "AT51_intact", "lon": 24.522382617123018, "lat": -33.653395955217796}, "geometry": {"type": "Point", "coordinates": [24.522382617123018, -33.653395955217796]}}, {"type": "Feature", "properties": {"id": 2054, "source": "new", "mapcode": "AT51", "vegtype": "Sundays Valley Thicket", "efg": "ValleyThicket", "efg_id": 2, "cls2022": 0, "cls2022_name": "intact", "cls2025": 0, "cls2025_name": "intact", "stratum": "AT51_intact", "lon": 25.78122721257609, "lat": -33.64289862122009}, "geometry": {"type": "Point", "coordinates": [25.78122721257609, -33.64289862122009]}}, {"type": "Feature", "properties": {"id": 2055, "source": "new", "mapcode": "AT51", "vegtype": "Sundays Valley Thicket", "efg": "ValleyThicket", "efg_id": 2, "cls2022": 0, "cls2022_name": "intact", "cls2025": 0, "cls2025_name": "intact", "stratum": "AT51_intact", "lon": 25.56126436848006, "lat": -33.71488063599329}, "geometry": {"type": "Point", "coordinates": [25.56126436848006, -33.71488063599329]}}, {"type": "Feature", "properties": {"id": 2056, "source": "new", "mapcode": "AT51", "vegtype": "Sundays Valley Thicket", "efg": "ValleyThicket", "efg_id": 2, "cls2022": 0, "cls2022_name": "intact", "cls2025": 0, "cls2025_name": "intact", "stratum": "AT51_intact", "lon": 25.7242112515288, "lat": -33.673646540312106}, "geometry": {"type": "Point", "coordinates": [25.7242112515288, -33.673646540312106]}}, {"type": "Feature", "properties": {"id": 2057, "source": "new", "mapcode": "AT51", "vegtype": "Sundays Valley Thicket", "efg": "ValleyThicket", "efg_id": 2, "cls2022": 0, "cls2022_name": "intact", "cls2025": 0, "cls2025_name": "intact", "stratum": "AT51_intact", "lon": 25.41096108514632, "lat": -33.65419651389228}, "geometry": {"type": "Point", "coordinates": [25.41096108514632, -33.65419651389228]}}, {"type": "Feature", "properties": {"id": 2058, "source": "new", "mapcode": "AT51", "vegtype": "Sundays Valley Thicket", "efg": "ValleyThicket", "efg_id": 2, "cls2022": 0, "cls2022_name": "intact", "cls2025": 0, "cls2025_name": "intact", "stratum": "AT51_intact", "lon": 25.781736887933743, "lat": -33.53990762971129}, "geometry": {"type": "Point", "coordinates": [25.781736887933743, -33.53990762971129]}}, {"type": "Feature", "properties": {"id": 2059, "source": "new", "mapcode": "AT51", "vegtype": "Sundays Valley Thicket", "efg": "ValleyThicket", "efg_id": 2, "cls2022": 0, "cls2022_name": "intact", "cls2025": 0, "cls2025_name": "intact", "stratum": "AT51_intact", "lon": 25.514044526709288, "lat": -33.57745665580438}, "geometry": {"type": "Point", "coordinates": [25.514044526709288, -33.57745665580438]}}, {"type": "Feature", "properties": {"id": 2060, "source": "new", "mapcode": "AT51", "vegtype": "Sundays Valley Thicket", "efg": "ValleyThicket", "efg_id": 2, "cls2022": 1, "cls2022_name": "moderate", "cls2025": 0, "cls2025_name": "intact", "stratum": "AT51_moderate", "lon": 25.575459589949382, "lat": -33.421077471802285}, "geometry": {"type": "Point", "coordinates": [25.575459589949382, -33.421077471802285]}}, {"type": "Feature", "properties": {"id": 2061, "source": "new", "mapcode": "AT51", "vegtype": "Sundays Valley Thicket", "efg": "ValleyThicket", "efg_id": 2, "cls2022": 1, "cls2022_name": "moderate", "cls2025": 1, "cls2025_name": "moderate", "stratum": "AT51_moderate", "lon": 25.753577640275026, "lat": -33.507683759913476}, "geometry": {"type": "Point", "coordinates": [25.753577640275026, -33.507683759913476]}}, {"type": "Feature", "properties": {"id": 2062, "source": "new", "mapcode": "AT51", "vegtype": "Sundays Valley Thicket", "efg": "ValleyThicket", "efg_id": 2, "cls2022": 1, "cls2022_name": "moderate", "cls2025": 1, "cls2025_name": "moderate", "stratum": "AT51_moderate", "lon": 24.903786827706718, "lat": -33.84212405810386}, "geometry": {"type": "Point", "coordinates": [24.903786827706718, -33.84212405810386]}}, {"type": "Feature", "properties": {"id": 2063, "source": "new", "mapcode": "AT51", "vegtype": "Sundays Valley Thicket", "efg": "ValleyThicket", "efg_id": 2, "cls2022": 1, "cls2022_name": "moderate", "cls2025": 1, "cls2025_name": "moderate", "stratum": "AT51_moderate", "lon": 25.302087217148998, "lat": -33.59095332539295}, "geometry": {"type": "Point", "coordinates": [25.302087217148998, -33.59095332539295]}}, {"type": "Feature", "properties": {"id": 2064, "source": "new", "mapcode": "AT51", "vegtype": "Sundays Valley Thicket", "efg": "ValleyThicket", "efg_id": 2, "cls2022": 1, "cls2022_name": "moderate", "cls2025": 1, "cls2025_name": "moderate", "stratum": "AT51_moderate", "lon": 25.333543419007054, "lat": -33.5815490395101}, "geometry": {"type": "Point", "coordinates": [25.333543419007054, -33.5815490395101]}}, {"type": "Feature", "properties": {"id": 2065, "source": "new", "mapcode": "AT51", "vegtype": "Sundays Valley Thicket", "efg": "ValleyThicket", "efg_id": 2, "cls2022": 1, "cls2022_name": "moderate", "cls2025": 0, "cls2025_name": "intact", "stratum": "AT51_moderate", "lon": 25.754760785420487, "lat": -33.4936773722488}, "geometry": {"type": "Point", "coordinates": [25.754760785420487, -33.4936773722488]}}, {"type": "Feature", "properties": {"id": 2066, "source": "new", "mapcode": "AT51", "vegtype": "Sundays Valley Thicket", "efg": "ValleyThicket", "efg_id": 2, "cls2022": 1, "cls2022_name": "moderate", "cls2025": 0, "cls2025_name": "intact", "stratum": "AT51_moderate", "lon": 25.421200606164515, "lat": -33.526369597874805}, "geometry": {"type": "Point", "coordinates": [25.421200606164515, -33.526369597874805]}}, {"type": "Feature", "properties": {"id": 2067, "source": "new", "mapcode": "AT51", "vegtype": "Sundays Valley Thicket", "efg": "ValleyThicket", "efg_id": 2, "cls2022": 1, "cls2022_name": "moderate", "cls2025": 0, "cls2025_name": "intact", "stratum": "AT51_moderate", "lon": 24.78746307800278, "lat": -33.779633052970816}, "geometry": {"type": "Point", "coordinates": [24.78746307800278, -33.779633052970816]}}, {"type": "Feature", "properties": {"id": 2068, "source": "new", "mapcode": "AT51", "vegtype": "Sundays Valley Thicket", "efg": "ValleyThicket", "efg_id": 2, "cls2022": 1, "cls2022_name": "moderate", "cls2025": 1, "cls2025_name": "moderate", "stratum": "AT51_moderate", "lon": 25.42256521211033, "lat": -33.70169685514175}, "geometry": {"type": "Point", "coordinates": [25.42256521211033, -33.70169685514175]}}, {"type": "Feature", "properties": {"id": 2069, "source": "new", "mapcode": "AT51", "vegtype": "Sundays Valley Thicket", "efg": "ValleyThicket", "efg_id": 2, "cls2022": 1, "cls2022_name": "moderate", "cls2025": 0, "cls2025_name": "intact", "stratum": "AT51_moderate", "lon": 24.924896290447304, "lat": -33.776221273721255}, "geometry": {"type": "Point", "coordinates": [24.924896290447304, -33.776221273721255]}}, {"type": "Feature", "properties": {"id": 2070, "source": "new", "mapcode": "AT51", "vegtype": "Sundays Valley Thicket", "efg": "ValleyThicket", "efg_id": 2, "cls2022": 1, "cls2022_name": "moderate", "cls2025": 0, "cls2025_name": "intact", "stratum": "AT51_moderate", "lon": 24.778012808462652, "lat": -33.84483529111434}, "geometry": {"type": "Point", "coordinates": [24.778012808462652, -33.84483529111434]}}, {"type": "Feature", "properties": {"id": 2071, "source": "new", "mapcode": "AT51", "vegtype": "Sundays Valley Thicket", "efg": "ValleyThicket", "efg_id": 2, "cls2022": 2, "cls2022_name": "severe", "cls2025": 1, "cls2025_name": "moderate", "stratum": "AT51_severe", "lon": 24.84028555891082, "lat": -33.4110417849162}, "geometry": {"type": "Point", "coordinates": [24.84028555891082, -33.4110417849162]}}, {"type": "Feature", "properties": {"id": 2072, "source": "new", "mapcode": "AT51", "vegtype": "Sundays Valley Thicket", "efg": "ValleyThicket", "efg_id": 2, "cls2022": 2, "cls2022_name": "severe", "cls2025": 2, "cls2025_name": "severe", "stratum": "AT51_severe", "lon": 24.781767289906686, "lat": -33.342507522345564}, "geometry": {"type": "Point", "coordinates": [24.781767289906686, -33.342507522345564]}}, {"type": "Feature", "properties": {"id": 2073, "source": "new", "mapcode": "AT51", "vegtype": "Sundays Valley Thicket", "efg": "ValleyThicket", "efg_id": 2, "cls2022": 2, "cls2022_name": "severe", "cls2025": 2, "cls2025_name": "severe", "stratum": "AT51_severe", "lon": 24.91175444478606, "lat": -33.46074058125176}, "geometry": {"type": "Point", "coordinates": [24.91175444478606, -33.46074058125176]}}, {"type": "Feature", "properties": {"id": 2074, "source": "new", "mapcode": "AT51", "vegtype": "Sundays Valley Thicket", "efg": "ValleyThicket", "efg_id": 2, "cls2022": 2, "cls2022_name": "severe", "cls2025": -1, "cls2025_name": null, "stratum": "AT51_severe", "lon": 24.70219158801259, "lat": -33.77405410914103}, "geometry": {"type": "Point", "coordinates": [24.70219158801259, -33.77405410914103]}}, {"type": "Feature", "properties": {"id": 2075, "source": "new", "mapcode": "AT51", "vegtype": "Sundays Valley Thicket", "efg": "ValleyThicket", "efg_id": 2, "cls2022": 2, "cls2022_name": "severe", "cls2025": 2, "cls2025_name": "severe", "stratum": "AT51_severe", "lon": 24.82514548576593, "lat": -33.4112196023033}, "geometry": {"type": "Point", "coordinates": [24.82514548576593, -33.4112196023033]}}, {"type": "Feature", "properties": {"id": 2076, "source": "new", "mapcode": "AT51", "vegtype": "Sundays Valley Thicket", "efg": "ValleyThicket", "efg_id": 2, "cls2022": 2, "cls2022_name": "severe", "cls2025": 2, "cls2025_name": "severe", "stratum": "AT51_severe", "lon": 25.156049808070303, "lat": -33.40796190724379}, "geometry": {"type": "Point", "coordinates": [25.156049808070303, -33.40796190724379]}}, {"type": "Feature", "properties": {"id": 2077, "source": "new", "mapcode": "AT51", "vegtype": "Sundays Valley Thicket", "efg": "ValleyThicket", "efg_id": 2, "cls2022": 2, "cls2022_name": "severe", "cls2025": 2, "cls2025_name": "severe", "stratum": "AT51_severe", "lon": 24.71424356638541, "lat": -33.34855433095725}, "geometry": {"type": "Point", "coordinates": [24.71424356638541, -33.34855433095725]}}, {"type": "Feature", "properties": {"id": 2078, "source": "new", "mapcode": "AT51", "vegtype": "Sundays Valley Thicket", "efg": "ValleyThicket", "efg_id": 2, "cls2022": 2, "cls2022_name": "severe", "cls2025": 2, "cls2025_name": "severe", "stratum": "AT51_severe", "lon": 24.951177951385123, "lat": -33.414111677606655}, "geometry": {"type": "Point", "coordinates": [24.951177951385123, -33.414111677606655]}}, {"type": "Feature", "properties": {"id": 2079, "source": "new", "mapcode": "AT51", "vegtype": "Sundays Valley Thicket", "efg": "ValleyThicket", "efg_id": 2, "cls2022": 2, "cls2022_name": "severe", "cls2025": 2, "cls2025_name": "severe", "stratum": "AT51_severe", "lon": 25.731227343760725, "lat": -33.509893928029}, "geometry": {"type": "Point", "coordinates": [25.731227343760725, -33.509893928029]}}, {"type": "Feature", "properties": {"id": 2080, "source": "new", "mapcode": "AT51", "vegtype": "Sundays Valley Thicket", "efg": "ValleyThicket", "efg_id": 2, "cls2022": 2, "cls2022_name": "severe", "cls2025": 2, "cls2025_name": "severe", "stratum": "AT51_severe", "lon": 24.88525742331424, "lat": -33.4490118023536}, "geometry": {"type": "Point", "coordinates": [24.88525742331424, -33.4490118023536]}}, {"type": "Feature", "properties": {"id": 2081, "source": "new", "mapcode": "AT51", "vegtype": "Sundays Valley Thicket", "efg": "ValleyThicket", "efg_id": 2, "cls2022": 2, "cls2022_name": "severe", "cls2025": 2, "cls2025_name": "severe", "stratum": "AT51_severe", "lon": 25.295838610438107, "lat": -33.5014141502197}, "geometry": {"type": "Point", "coordinates": [25.295838610438107, -33.5014141502197]}}, {"type": "Feature", "properties": {"id": 2082, "source": "new", "mapcode": "AT51", "vegtype": "Sundays Valley Thicket", "efg": "ValleyThicket", "efg_id": 2, "cls2022": 2, "cls2022_name": "severe", "cls2025": 2, "cls2025_name": "severe", "stratum": "AT51_severe", "lon": 24.826086821593247, "lat": -33.410956642543354}, "geometry": {"type": "Point", "coordinates": [24.826086821593247, -33.410956642543354]}}, {"type": "Feature", "properties": {"id": 2083, "source": "new", "mapcode": "AT51", "vegtype": "Sundays Valley Thicket", "efg": "ValleyThicket", "efg_id": 2, "cls2022": 2, "cls2022_name": "severe", "cls2025": 2, "cls2025_name": "severe", "stratum": "AT51_severe", "lon": 24.956314152308813, "lat": -33.420820583484414}, "geometry": {"type": "Point", "coordinates": [24.956314152308813, -33.420820583484414]}}, {"type": "Feature", "properties": {"id": 2084, "source": "new", "mapcode": "AT51", "vegtype": "Sundays Valley Thicket", "efg": "ValleyThicket", "efg_id": 2, "cls2022": 2, "cls2022_name": "severe", "cls2025": 2, "cls2025_name": "severe", "stratum": "AT51_severe", "lon": 25.069291540608443, "lat": -33.38465643004677}, "geometry": {"type": "Point", "coordinates": [25.069291540608443, -33.38465643004677]}}, {"type": "Feature", "properties": {"id": 2085, "source": "new", "mapcode": "AT51", "vegtype": "Sundays Valley Thicket", "efg": "ValleyThicket", "efg_id": 2, "cls2022": 2, "cls2022_name": "severe", "cls2025": -1, "cls2025_name": null, "stratum": "AT51_severe", "lon": 25.498507336023895, "lat": -33.73357842105967}, "geometry": {"type": "Point", "coordinates": [25.498507336023895, -33.73357842105967]}}, {"type": "Feature", "properties": {"id": 2086, "source": "new", "mapcode": "AT51", "vegtype": "Sundays Valley Thicket", "efg": "ValleyThicket", "efg_id": 2, "cls2022": 2, "cls2022_name": "severe", "cls2025": 0, "cls2025_name": "intact", "stratum": "AT51_severe", "lon": 25.464311534707498, "lat": -33.756860135288676}, "geometry": {"type": "Point", "coordinates": [25.464311534707498, -33.756860135288676]}}, {"type": "Feature", "properties": {"id": 2087, "source": "new", "mapcode": "AT51", "vegtype": "Sundays Valley Thicket", "efg": "ValleyThicket", "efg_id": 2, "cls2022": 2, "cls2022_name": "severe", "cls2025": 2, "cls2025_name": "severe", "stratum": "AT51_severe", "lon": 24.840399761537277, "lat": -33.390830638413156}, "geometry": {"type": "Point", "coordinates": [24.840399761537277, -33.390830638413156]}}, {"type": "Feature", "properties": {"id": 2088, "source": "new", "mapcode": "AT51", "vegtype": "Sundays Valley Thicket", "efg": "ValleyThicket", "efg_id": 2, "cls2022": 2, "cls2022_name": "severe", "cls2025": 1, "cls2025_name": "moderate", "stratum": "AT51_severe", "lon": 24.84756771647988, "lat": -33.40515729469817}, "geometry": {"type": "Point", "coordinates": [24.84756771647988, -33.40515729469817]}}, {"type": "Feature", "properties": {"id": 2089, "source": "new", "mapcode": "AT51", "vegtype": "Sundays Valley Thicket", "efg": "ValleyThicket", "efg_id": 2, "cls2022": 2, "cls2022_name": "severe", "cls2025": 2, "cls2025_name": "severe", "stratum": "AT51_severe", "lon": 25.769162516667926, "lat": -33.433422390160466}, "geometry": {"type": "Point", "coordinates": [25.769162516667926, -33.433422390160466]}}, {"type": "Feature", "properties": {"id": 2090, "source": "new", "mapcode": "AT51", "vegtype": "Sundays Valley Thicket", "efg": "ValleyThicket", "efg_id": 2, "cls2022": 2, "cls2022_name": "severe", "cls2025": 2, "cls2025_name": "severe", "stratum": "AT51_severe", "lon": 25.528482579527722, "lat": -33.595267038328494}, "geometry": {"type": "Point", "coordinates": [25.528482579527722, -33.595267038328494]}}, {"type": "Feature", "properties": {"id": 2091, "source": "new", "mapcode": "AT51", "vegtype": "Sundays Valley Thicket", "efg": "ValleyThicket", "efg_id": 2, "cls2022": 2, "cls2022_name": "severe", "cls2025": 2, "cls2025_name": "severe", "stratum": "AT51_severe", "lon": 24.785449656339598, "lat": -33.3411105230662}, "geometry": {"type": "Point", "coordinates": [24.785449656339598, -33.3411105230662]}}, {"type": "Feature", "properties": {"id": 2092, "source": "new", "mapcode": "AT51", "vegtype": "Sundays Valley Thicket", "efg": "ValleyThicket", "efg_id": 2, "cls2022": 2, "cls2022_name": "severe", "cls2025": 2, "cls2025_name": "severe", "stratum": "AT51_severe", "lon": 25.442406919173226, "lat": -33.6230164005366}, "geometry": {"type": "Point", "coordinates": [25.442406919173226, -33.6230164005366]}}, {"type": "Feature", "properties": {"id": 2093, "source": "new", "mapcode": "AT51", "vegtype": "Sundays Valley Thicket", "efg": "ValleyThicket", "efg_id": 2, "cls2022": 2, "cls2022_name": "severe", "cls2025": 1, "cls2025_name": "moderate", "stratum": "AT51_severe", "lon": 25.619570377464186, "lat": -33.53816403015244}, "geometry": {"type": "Point", "coordinates": [25.619570377464186, -33.53816403015244]}}, {"type": "Feature", "properties": {"id": 2094, "source": "new", "mapcode": "AT51", "vegtype": "Sundays Valley Thicket", "efg": "ValleyThicket", "efg_id": 2, "cls2022": 2, "cls2022_name": "severe", "cls2025": 2, "cls2025_name": "severe", "stratum": "AT51_severe", "lon": 25.735476036726276, "lat": -33.62956421632644}, "geometry": {"type": "Point", "coordinates": [25.735476036726276, -33.62956421632644]}}, {"type": "Feature", "properties": {"id": 2095, "source": "new", "mapcode": "AT51", "vegtype": "Sundays Valley Thicket", "efg": "ValleyThicket", "efg_id": 2, "cls2022": 2, "cls2022_name": "severe", "cls2025": 2, "cls2025_name": "severe", "stratum": "AT51_severe", "lon": 24.925890675063386, "lat": -33.47848723114121}, "geometry": {"type": "Point", "coordinates": [24.925890675063386, -33.47848723114121]}}, {"type": "Feature", "properties": {"id": 2096, "source": "new", "mapcode": "AT51", "vegtype": "Sundays Valley Thicket", "efg": "ValleyThicket", "efg_id": 2, "cls2022": 2, "cls2022_name": "severe", "cls2025": 2, "cls2025_name": "severe", "stratum": "AT51_severe", "lon": 25.54114009213008, "lat": -33.41825311632703}, "geometry": {"type": "Point", "coordinates": [25.54114009213008, -33.41825311632703]}}, {"type": "Feature", "properties": {"id": 2097, "source": "new", "mapcode": "AT51", "vegtype": "Sundays Valley Thicket", "efg": "ValleyThicket", "efg_id": 2, "cls2022": 2, "cls2022_name": "severe", "cls2025": 2, "cls2025_name": "severe", "stratum": "AT51_severe", "lon": 25.620000124510376, "lat": -33.62183443685472}, "geometry": {"type": "Point", "coordinates": [25.620000124510376, -33.62183443685472]}}]}