id,source,round,mapcode,vegtype,efg,efg_id,cls2022,cls2022_name,cls2025,cls2025_name,stratum,lon,lat
0,existing,1,AT18,Albany Valley Thicket,ValleyThicket,2,0,intact,0,intact,AT18_intact,26.874674,-33.326644
1,existing,1,AT28,Escarpment Mesic Thicket,MesicThicket,3,0,intact,0,intact,AT28_intact,25.296783,-32.58715
2,existing,1,AT29,Escarpment Valley Thicket,ValleyThicket,2,0,intact,1,moderate,AT29_intact,25.048848,-32.422489
3,existing,1,AT17,Albany Mesic Thicket,MesicThicket,3,0,intact,0,intact,AT17_intact,26.784124,-33.528495
4,existing,1,AT18,Albany Valley Thicket,ValleyThicket,2,0,intact,0,intact,AT18_intact,26.120358,-33.247143
5,existing,1,AT50,Sundays Mesic Thicket,MesicThicket,3,0,intact,0,intact,AT50_intact,25.675692,-33.384315
6,existing,1,AT32,Fish Valley Thicket,ValleyThicket,2,0,intact,0,intact,AT32_intact,26.88734,-33.125601
7,existing,1,AT32,Fish Valley Thicket,ValleyThicket,2,0,intact,0,intact,AT32_intact,26.951749,-33.158479
8,existing,1,AT50,Sundays Mesic Thicket,MesicThicket,3,0,intact,0,intact,AT50_intact,25.38922,-33.327722
9,existing,1,AT50,Sundays Mesic Thicket,MesicThicket,3,0,intact,0,intact,AT50_intact,25.768668,-33.404258
10,existing,1,AT50,Sundays Mesic Thicket,MesicThicket,3,0,intact,0,intact,AT50_intact,25.660331,-33.329608
11,existing,1,AT51,Sundays Valley Thicket,ValleyThicket,2,0,intact,0,intact,AT51_intact,24.848883,-33.74975
12,existing,1,AT32,Fish Valley Thicket,ValleyThicket,2,0,intact,1,moderate,AT32_intact,26.642639,-32.660723
13,existing,1,AT49,Sundays Arid Thicket,AridThicket,1,0,intact,0,intact,AT49_intact,24.772347,-32.926444
14,existing,1,AT17,Albany Mesic Thicket,MesicThicket,3,0,intact,0,intact,AT17_intact,26.941778,-33.500468
15,existing,1,AT18,Albany Valley Thicket,ValleyThicket,2,0,intact,0,intact,AT18_intact,25.839276,-33.346047
16,existing,1,AT18,Albany Valley Thicket,ValleyThicket,2,0,intact,0,intact,AT18_intact,26.774961,-33.549246
17,existing,1,AT32,Fish Valley Thicket,ValleyThicket,2,0,intact,0,intact,AT32_intact,26.746664,-33.079787
18,existing,1,AT51,Sundays Valley Thicket,ValleyThicket,2,0,intact,0,intact,AT51_intact,25.516421,-33.784784
19,existing,1,AT50,Sundays Mesic Thicket,MesicThicket,3,0,intact,0,intact,AT50_intact,25.6288,-33.380812
20,existing,1,AT21,Buffels Mesic Thicket,MesicThicket,3,0,intact,0,intact,AT21_intact,27.685583,-32.993009
21,existing,1,AT33,Gamka Arid Thicket,AridThicket,1,0,intact,0,intact,AT33_intact,21.742688,-33.456001
22,existing,1,AT34,Gamka Valley Thicket,ValleyThicket,2,0,intact,0,intact,AT34_intact,22.276018,-33.513134
23,existing,1,AT51,Sundays Valley Thicket,ValleyThicket,2,0,intact,0,intact,AT51_intact,25.463061,-33.453576
24,existing,1,AT17,Albany Mesic Thicket,MesicThicket,3,0,intact,0,intact,AT17_intact,26.78062,-33.55787
25,existing,1,AT32,Fish Valley Thicket,ValleyThicket,2,0,intact,0,intact,AT32_intact,26.563677,-32.994357
26,existing,1,AT33,Gamka Arid Thicket,AridThicket,1,0,intact,0,intact,AT33_intact,21.621955,-33.457079
27,existing,1,AT32,Fish Valley Thicket,ValleyThicket,2,0,intact,0,intact,AT32_intact,25.893983,-32.514926
28,existing,1,AT32,Fish Valley Thicket,ValleyThicket,2,0,intact,0,intact,AT32_intact,26.80218,-33.048795
29,existing,1,AT18,Albany Valley Thicket,ValleyThicket,2,0,intact,0,intact,AT18_intact,26.075892,-33.28056
30,existing,1,AT51,Sundays Valley Thicket,ValleyThicket,2,0,intact,0,intact,AT51_intact,25.459288,-33.738162
31,existing,1,,,,,0,intact,0,intact,outside_intact,25.531782,-33.339849
32,existing,1,AT28,Escarpment Mesic Thicket,MesicThicket,3,0,intact,0,intact,AT28_intact,26.811882,-32.531365
33,existing,1,AT51,Sundays Valley Thicket,ValleyThicket,2,0,intact,0,intact,AT51_intact,25.476805,-33.600181
34,existing,1,AT18,Albany Valley Thicket,ValleyThicket,2,0,intact,0,intact,AT18_intact,25.832538,-33.321523
35,existing,1,AT17,Albany Mesic Thicket,MesicThicket,3,0,intact,0,intact,AT17_intact,26.910517,-33.491574
36,existing,1,AT19,Baviaans Valley Thicket,ValleyThicket,2,0,intact,0,intact,AT19_intact,24.687186,-33.591287
37,existing,1,AT51,Sundays Valley Thicket,ValleyThicket,2,0,intact,0,intact,AT51_intact,25.439076,-33.443604
38,existing,1,AT51,Sundays Valley Thicket,ValleyThicket,2,0,intact,0,intact,AT51_intact,25.563583,-33.589401
39,existing,1,AT32,Fish Valley Thicket,ValleyThicket,2,0,intact,0,intact,AT32_intact,26.387428,-33.02993
40,existing,1,AT21,Buffels Mesic Thicket,MesicThicket,3,0,intact,0,intact,AT21_intact,27.770474,-32.870659
41,existing,1,AT17,Albany Mesic Thicket,MesicThicket,3,0,intact,0,intact,AT17_intact,26.422192,-33.53631
42,existing,1,AT51,Sundays Valley Thicket,ValleyThicket,2,0,intact,0,intact,AT51_intact,25.899912,-33.671058
43,existing,1,,,,,0,intact,0,intact,outside_intact,24.153048,-33.55248
44,existing,1,AT32,Fish Valley Thicket,ValleyThicket,2,0,intact,0,intact,AT32_intact,26.313047,-33.018342
45,existing,1,AT19,Baviaans Valley Thicket,ValleyThicket,2,0,intact,0,intact,AT19_intact,24.32283,-33.751637
46,existing,1,AT28,Escarpment Mesic Thicket,MesicThicket,3,0,intact,0,intact,AT28_intact,26.759061,-32.503607
47,existing,1,AT30,Fish Arid Thicket,AridThicket,1,0,intact,0,intact,AT30_intact,26.864433,-33.188393
48,existing,1,AT32,Fish Valley Thicket,ValleyThicket,2,0,intact,0,intact,AT32_intact,26.698155,-32.617603
49,existing,1,AT30,Fish Arid Thicket,AridThicket,1,0,intact,0,intact,AT30_intact,26.692765,-33.225314
50,existing,1,AT32,Fish Valley Thicket,ValleyThicket,2,0,intact,0,intact,AT32_intact,26.756096,-32.959592
51,existing,1,AT32,Fish Valley Thicket,ValleyThicket,2,0,intact,1,moderate,AT32_intact,25.908536,-32.393114
52,existing,1,AT32,Fish Valley Thicket,ValleyThicket,2,0,intact,0,intact,AT32_intact,26.532955,-32.993818
53,existing,1,AT51,Sundays Valley Thicket,ValleyThicket,2,0,intact,0,intact,AT51_intact,25.466565,-33.849733
54,existing,1,AT32,Fish Valley Thicket,ValleyThicket,2,0,intact,0,intact,AT32_intact,26.364521,-33.053646
55,existing,1,AT32,Fish Valley Thicket,ValleyThicket,2,0,intact,0,intact,AT32_intact,26.383924,-32.68336
56,existing,1,AT49,Sundays Arid Thicket,AridThicket,1,0,intact,0,intact,AT49_intact,25.141554,-32.904615
57,existing,1,AT51,Sundays Valley Thicket,ValleyThicket,2,0,intact,0,intact,AT51_intact,24.594211,-33.661625
58,existing,1,AT51,Sundays Valley Thicket,ValleyThicket,2,0,intact,0,intact,AT51_intact,25.771632,-33.678334
59,existing,1,AT51,Sundays Valley Thicket,ValleyThicket,2,0,intact,0,intact,AT51_intact,24.677484,-33.78694
60,existing,1,AT32,Fish Valley Thicket,ValleyThicket,2,0,intact,0,intact,AT32_intact,26.693304,-33.021845
61,existing,1,AT32,Fish Valley Thicket,ValleyThicket,2,0,intact,0,intact,AT32_intact,26.767954,-33.026427
62,existing,1,AT17,Albany Mesic Thicket,MesicThicket,3,0,intact,0,intact,AT17_intact,26.902971,-33.494
63,existing,1,AT50,Sundays Mesic Thicket,MesicThicket,3,0,intact,0,intact,AT50_intact,25.54903,-33.372188
64,existing,1,AT50,Sundays Mesic Thicket,MesicThicket,3,0,intact,0,intact,AT50_intact,25.495131,-33.389436
65,existing,1,AT32,Fish Valley Thicket,ValleyThicket,2,0,intact,0,intact,AT32_intact,26.705701,-32.633234
66,existing,1,AT17,Albany Mesic Thicket,MesicThicket,3,0,intact,0,intact,AT17_intact,26.710282,-33.607996
67,existing,1,AT19,Baviaans Valley Thicket,ValleyThicket,2,0,intact,0,intact,AT19_intact,24.412841,-33.646264
68,existing,1,AT51,Sundays Valley Thicket,ValleyThicket,2,0,intact,1,moderate,AT51_intact,25.814482,-33.48322
69,existing,1,AT50,Sundays Mesic Thicket,MesicThicket,3,0,intact,0,intact,AT50_intact,25.805319,-33.597486
70,existing,1,AT33,Gamka Arid Thicket,AridThicket,1,0,intact,0,intact,AT33_intact,22.818511,-33.301581
71,existing,1,AT49,Sundays Arid Thicket,AridThicket,1,0,intact,0,intact,AT49_intact,23.634271,-33.062
72,existing,1,AT50,Sundays Mesic Thicket,MesicThicket,3,0,intact,0,intact,AT50_intact,25.328853,-33.348742
73,existing,1,AT50,Sundays Mesic Thicket,MesicThicket,3,0,intact,0,intact,AT50_intact,25.63985,-33.396982
74,existing,1,AT51,Sundays Valley Thicket,ValleyThicket,2,0,intact,0,intact,AT51_intact,25.480039,-33.633867
75,existing,1,AT51,Sundays Valley Thicket,ValleyThicket,2,0,intact,0,intact,AT51_intact,24.612536,-33.777778
76,existing,1,AT29,Escarpment Valley Thicket,ValleyThicket,2,0,intact,0,intact,AT29_intact,24.980396,-32.352151
77,existing,1,AT51,Sundays Valley Thicket,ValleyThicket,2,0,intact,0,intact,AT51_intact,25.605893,-33.435789
78,existing,1,AT17,Albany Mesic Thicket,MesicThicket,3,0,intact,0,intact,AT17_intact,25.804511,-33.303467
79,existing,1,AT30,Fish Arid Thicket,AridThicket,1,0,intact,0,intact,AT30_intact,26.788166,-33.146621
80,existing,1,AT49,Sundays Arid Thicket,AridThicket,1,0,intact,0,intact,AT49_intact,25.123228,-33.225044
81,existing,1,AT49,Sundays Arid Thicket,AridThicket,1,0,intact,0,intact,AT49_intact,23.860377,-33.21103
82,existing,1,AT22,Buffels Valley Thicket,ValleyThicket,2,0,intact,0,intact,AT22_intact,27.116949,-32.697913
83,existing,1,AT22,Buffels Valley Thicket,ValleyThicket,2,0,intact,-1,transformed,AT22_intact,27.162224,-32.650212
84,existing,1,AT17,Albany Mesic Thicket,MesicThicket,3,0,intact,0,intact,AT17_intact,26.405484,-33.597755
85,existing,1,AT28,Escarpment Mesic Thicket,MesicThicket,3,0,intact,0,intact,AT28_intact,26.941239,-32.769329
86,existing,1,,,,,0,intact,0,intact,outside_intact,24.520369,-33.697199
87,existing,1,AT32,Fish Valley Thicket,ValleyThicket,2,0,intact,0,intact,AT32_intact,26.925069,-33.148508
88,existing,1,AT50,Sundays Mesic Thicket,MesicThicket,3,0,intact,0,intact,AT50_intact,25.317804,-33.711482
89,existing,1,AT49,Sundays Arid Thicket,AridThicket,1,0,intact,1,moderate,AT49_intact,25.418595,-33.049603
90,existing,1,AT27,Escarpment Arid Thicket,AridThicket,1,0,intact,0,intact,AT27_intact,23.757969,-32.969833
91,existing,1,AT18,Albany Valley Thicket,ValleyThicket,2,0,intact,1,moderate,AT18_intact,26.118741,-33.404258
92,existing,1,AT32,Fish Valley Thicket,ValleyThicket,2,0,intact,0,intact,AT32_intact,26.822661,-33.092183
93,existing,1,AT51,Sundays Valley Thicket,ValleyThicket,2,0,intact,1,moderate,AT51_intact,25.477075,-33.475944
94,existing,1,AT49,Sundays Arid Thicket,AridThicket,1,0,intact,0,intact,AT49_intact,23.478503,-33.117516
95,existing,1,AT32,Fish Valley Thicket,ValleyThicket,2,0,intact,0,intact,AT32_intact,26.821044,-33.111587
96,existing,1,AT49,Sundays Arid Thicket,AridThicket,1,0,intact,0,intact,AT49_intact,24.963688,-32.877396
97,existing,1,AT29,Escarpment Valley Thicket,ValleyThicket,2,0,intact,0,intact,AT29_intact,25.014083,-32.275615
98,existing,1,AT17,Albany Mesic Thicket,MesicThicket,3,0,intact,0,intact,AT17_intact,26.991634,-33.503163
99,existing,1,AT18,Albany Valley Thicket,ValleyThicket,2,0,intact,0,intact,AT18_intact,26.830207,-33.260078
100,existing,1,AT32,Fish Valley Thicket,ValleyThicket,2,0,intact,0,intact,AT32_intact,25.9274,-32.441084
101,existing,1,AT37,Gouritz Valley Thicket,ValleyThicket,2,0,intact,0,intact,AT37_intact,21.764517,-34.045655
102,existing,1,AT32,Fish Valley Thicket,ValleyThicket,2,0,intact,0,intact,AT32_intact,26.699233,-33.065234
103,existing,1,AT33,Gamka Arid Thicket,AridThicket,1,0,intact,0,intact,AT33_intact,21.597431,-33.453306
104,existing,1,AT32,Fish Valley Thicket,ValleyThicket,2,0,intact,0,intact,AT32_intact,25.256898,-32.841014
105,existing,1,AT51,Sundays Valley Thicket,ValleyThicket,2,0,intact,0,intact,AT51_intact,24.897661,-33.764572
106,existing,1,AT51,Sundays Valley Thicket,ValleyThicket,2,0,intact,0,intact,AT51_intact,25.554959,-33.745169
107,existing,1,AT19,Baviaans Valley Thicket,ValleyThicket,2,0,intact,0,intact,AT19_intact,24.426046,-33.651654
108,existing,1,AT27,Escarpment Arid Thicket,AridThicket,1,0,intact,0,intact,AT27_intact,24.401252,-32.530287
109,existing,1,AT32,Fish Valley Thicket,ValleyThicket,2,0,intact,0,intact,AT32_intact,26.74882,-33.032086
110,existing,1,AT49,Sundays Arid Thicket,AridThicket,1,0,intact,-1,transformed,AT49_intact,25.206772,-33.121289
111,existing,1,AT31,Fish Mesic Thicket,MesicThicket,3,0,intact,0,intact,AT31_intact,26.999719,-33.153628
112,existing,1,AT32,Fish Valley Thicket,ValleyThicket,2,0,intact,0,intact,AT32_intact,26.802449,-33.007023
113,existing,1,AT51,Sundays Valley Thicket,ValleyThicket,2,0,intact,0,intact,AT51_intact,24.869095,-33.762147
114,existing,1,AT18,Albany Valley Thicket,ValleyThicket,2,0,intact,0,intact,AT18_intact,26.07131,-33.382699
115,existing,1,AT50,Sundays Mesic Thicket,MesicThicket,3,0,intact,0,intact,AT50_intact,25.313761,-33.736545
116,existing,1,AT49,Sundays Arid Thicket,AridThicket,1,0,intact,0,intact,AT49_intact,25.086847,-32.898417
117,existing,1,AT50,Sundays Mesic Thicket,MesicThicket,3,0,intact,0,intact,AT50_intact,25.41024,-33.380004
118,existing,1,AT19,Baviaans Valley Thicket,ValleyThicket,2,0,intact,0,intact,AT19_intact,24.320674,-33.657313
119,existing,1,AT19,Baviaans Valley Thicket,ValleyThicket,2,0,intact,0,intact,AT19_intact,24.230662,-33.172223
120,existing,1,AT32,Fish Valley Thicket,ValleyThicket,2,0,intact,0,intact,AT32_intact,26.768762,-33.002981
121,existing,1,,,,,0,intact,0,intact,outside_intact,24.900626,-33.753523
122,existing,1,AT18,Albany Valley Thicket,ValleyThicket,2,0,intact,0,intact,AT18_intact,26.330564,-33.518254
123,existing,1,AT15,Albany Arid Thicket,AridThicket,1,0,intact,0,intact,AT15_intact,26.59413,-33.211569
124,existing,1,AT51,Sundays Valley Thicket,ValleyThicket,2,0,intact,0,intact,AT51_intact,25.531513,-33.624166
125,existing,1,AT51,Sundays Valley Thicket,ValleyThicket,2,0,intact,0,intact,AT51_intact,24.662932,-33.778047
126,existing,1,AT21,Buffels Mesic Thicket,MesicThicket,3,0,intact,0,intact,AT21_intact,28.000892,-32.816221
127,existing,1,AT51,Sundays Valley Thicket,ValleyThicket,2,0,intact,0,intact,AT51_intact,25.734442,-33.580238
128,existing,1,AT32,Fish Valley Thicket,ValleyThicket,2,0,intact,0,intact,AT32_intact,25.446891,-32.652099
129,existing,1,AT15,Albany Arid Thicket,AridThicket,1,0,intact,1,moderate,AT15_intact,26.89812,-33.259539
130,existing,1,AT18,Albany Valley Thicket,ValleyThicket,2,0,intact,0,intact,AT18_intact,26.956061,-33.325566
131,existing,1,AT18,Albany Valley Thicket,ValleyThicket,2,0,intact,0,intact,AT18_intact,26.114969,-33.149586
132,existing,1,AT19,Baviaans Valley Thicket,ValleyThicket,2,0,intact,0,intact,AT19_intact,23.874391,-33.104311
133,existing,1,AT32,Fish Valley Thicket,ValleyThicket,2,0,intact,0,intact,AT32_intact,26.985436,-33.167372
134,existing,1,AT18,Albany Valley Thicket,ValleyThicket,2,0,intact,0,intact,AT18_intact,26.310622,-33.53658
135,existing,1,AT17,Albany Mesic Thicket,MesicThicket,3,0,intact,0,intact,AT17_intact,25.865147,-33.305084
136,existing,1,AT51,Sundays Valley Thicket,ValleyThicket,2,0,intact,1,moderate,AT51_intact,25.238303,-33.394556
137,existing,1,AT29,Escarpment Valley Thicket,ValleyThicket,2,0,intact,0,intact,AT29_intact,25.187907,-32.453751
138,existing,1,AT51,Sundays Valley Thicket,ValleyThicket,2,0,intact,0,intact,AT51_intact,24.833522,-33.722531
139,existing,1,AT50,Sundays Mesic Thicket,MesicThicket,3,0,intact,0,intact,AT50_intact,25.470607,-33.32314
140,existing,1,,,,,0,intact,0,intact,outside_intact,26.804875,-33.541431
141,existing,1,AT28,Escarpment Mesic Thicket,MesicThicket,3,0,intact,0,intact,AT28_intact,26.763912,-32.529479
142,existing,1,AT49,Sundays Arid Thicket,AridThicket,1,0,intact,0,intact,AT49_intact,23.209278,-33.368685
143,existing,1,AT21,Buffels Mesic Thicket,MesicThicket,3,0,intact,0,intact,AT21_intact,27.803352,-32.728635
144,existing,1,AT51,Sundays Valley Thicket,ValleyThicket,2,0,intact,0,intact,AT51_intact,25.336399,-33.385932
145,existing,1,AT30,Fish Arid Thicket,AridThicket,1,0,intact,0,intact,AT30_intact,26.546429,-33.185698
146,existing,1,AT30,Fish Arid Thicket,AridThicket,1,0,intact,1,moderate,AT30_intact,26.890843,-33.20079
147,existing,1,AT29,Escarpment Valley Thicket,ValleyThicket,2,0,intact,1,moderate,AT29_intact,24.908711,-32.345414
148,existing,1,AT18,Albany Valley Thicket,ValleyThicket,2,0,intact,0,intact,AT18_intact,26.632398,-33.354402
149,existing,1,AT17,Albany Mesic Thicket,MesicThicket,3,0,intact,0,intact,AT17_intact,26.319515,-33.361947
150,existing,1,AT19,Baviaans Valley Thicket,ValleyThicket,2,0,intact,0,intact,AT19_intact,23.824804,-33.52607
151,existing,1,AT32,Fish Valley Thicket,ValleyThicket,2,0,intact,0,intact,AT32_intact,26.784393,-33.047178
152,existing,1,AT28,Escarpment Mesic Thicket,MesicThicket,3,0,intact,0,intact,AT28_intact,25.288159,-32.535408
153,existing,1,AT18,Albany Valley Thicket,ValleyThicket,2,0,intact,0,intact,AT18_intact,26.110926,-33.151203
154,existing,1,AT30,Fish Arid Thicket,AridThicket,1,0,intact,0,intact,AT30_intact,26.819966,-33.236902
155,existing,1,AT32,Fish Valley Thicket,ValleyThicket,2,0,intact,1,moderate,AT32_intact,26.690339,-32.586612
156,existing,1,AT18,Albany Valley Thicket,ValleyThicket,2,0,intact,0,intact,AT18_intact,26.858235,-33.434711
157,existing,1,AT30,Fish Arid Thicket,AridThicket,1,0,intact,1,moderate,AT30_intact,26.746394,-33.218307
158,existing,1,AT32,Fish Valley Thicket,ValleyThicket,2,0,intact,0,intact,AT32_intact,26.529451,-32.993279
159,existing,1,AT17,Albany Mesic Thicket,MesicThicket,3,0,intact,0,intact,AT17_intact,26.825626,-33.530651
160,existing,1,AT51,Sundays Valley Thicket,ValleyThicket,2,0,intact,0,intact,AT51_intact,25.716656,-33.470015
161,existing,1,AT51,Sundays Valley Thicket,ValleyThicket,2,0,intact,0,intact,AT51_intact,25.556845,-33.581316
162,existing,1,AT28,Escarpment Mesic Thicket,MesicThicket,3,0,intact,0,intact,AT28_intact,26.966571,-32.738876
163,existing,1,AT32,Fish Valley Thicket,ValleyThicket,2,0,intact,0,intact,AT32_intact,26.569606,-33.000555
164,existing,1,AT30,Fish Arid Thicket,AridThicket,1,0,intact,0,intact,AT30_intact,26.849341,-33.235824
165,existing,1,AT32,Fish Valley Thicket,ValleyThicket,2,0,intact,0,intact,AT32_intact,25.086308,-32.918898
166,existing,1,AT17,Albany Mesic Thicket,MesicThicket,3,0,intact,0,intact,AT17_intact,26.707857,-33.45654
167,existing,1,AT49,Sundays Arid Thicket,AridThicket,1,0,intact,0,intact,AT49_intact,23.74692,-33.057149
168,existing,1,AT32,Fish Valley Thicket,ValleyThicket,2,0,intact,0,intact,AT32_intact,26.741274,-32.620568
169,existing,1,AT21,Buffels Mesic Thicket,MesicThicket,3,0,intact,0,intact,AT21_intact,27.969361,-32.730252
170,existing,1,AT28,Escarpment Mesic Thicket,MesicThicket,3,0,intact,0,intact,AT28_intact,26.318976,-32.580413
171,existing,1,AT30,Fish Arid Thicket,AridThicket,1,0,intact,0,intact,AT30_intact,26.703275,-33.183812
172,existing,1,AT33,Gamka Arid Thicket,AridThicket,1,0,intact,0,intact,AT33_intact,23.154301,-33.278943
173,existing,1,AT51,Sundays Valley Thicket,ValleyThicket,2,0,intact,0,intact,AT51_intact,25.635538,-33.443065
174,existing,1,AT27,Escarpment Arid Thicket,AridThicket,1,0,intact,0,intact,AT27_intact,24.392898,-32.207702
175,existing,1,AT49,Sundays Arid Thicket,AridThicket,1,0,intact,0,intact,AT49_intact,25.147213,-33.548168
176,existing,1,AT50,Sundays Mesic Thicket,MesicThicket,3,0,intact,0,intact,AT50_intact,25.464409,-33.346856
177,existing,1,AT32,Fish Valley Thicket,ValleyThicket,2,0,intact,0,intact,AT32_intact,26.712708,-32.622454
178,existing,1,AT18,Albany Valley Thicket,ValleyThicket,2,0,intact,0,intact,AT18_intact,26.824817,-33.455732
179,existing,1,AT17,Albany Mesic Thicket,MesicThicket,3,0,intact,0,intact,AT17_intact,26.429199,-33.532538
180,existing,1,AT51,Sundays Valley Thicket,ValleyThicket,2,0,intact,0,intact,AT51_intact,24.794445,-33.729269
181,existing,1,AT28,Escarpment Mesic Thicket,MesicThicket,3,0,intact,1,moderate,AT28_intact,25.61856,-32.718125
182,existing,1,AT51,Sundays Valley Thicket,ValleyThicket,2,0,intact,1,moderate,AT51_intact,25.626914,-33.784515
183,existing,1,AT21,Buffels Mesic Thicket,MesicThicket,3,0,intact,0,intact,AT21_intact,27.838386,-32.935607
184,existing,1,AT51,Sundays Valley Thicket,ValleyThicket,2,0,intact,0,intact,AT51_intact,25.20785,-33.500468
185,existing,1,AT51,Sundays Valley Thicket,ValleyThicket,2,0,intact,0,intact,AT51_intact,25.809631,-33.682107
186,existing,1,AT32,Fish Valley Thicket,ValleyThicket,2,0,intact,0,intact,AT32_intact,26.667702,-33.134225
187,existing,1,AT51,Sundays Valley Thicket,ValleyThicket,2,0,intact,0,intact,AT51_intact,25.780795,-33.644378
188,existing,1,AT51,Sundays Valley Thicket,ValleyThicket,2,0,intact,0,intact,AT51_intact,25.515613,-33.678065
189,existing,1,AT18,Albany Valley Thicket,ValleyThicket,2,0,intact,0,intact,AT18_intact,25.928209,-33.380812
190,existing,1,AT33,Gamka Arid Thicket,AridThicket,1,0,intact,0,intact,AT33_intact,21.755894,-33.497234
191,existing,1,AT32,Fish Valley Thicket,ValleyThicket,2,0,intact,1,moderate,AT32_intact,26.793017,-32.566399
192,existing,1,AT30,Fish Arid Thicket,AridThicket,1,0,intact,0,intact,AT30_intact,26.804336,-33.206449
193,existing,1,AT19,Baviaans Valley Thicket,ValleyThicket,2,0,intact,0,intact,AT19_intact,24.303695,-33.796642
194,existing,1,AT21,Buffels Mesic Thicket,MesicThicket,3,0,intact,0,intact,AT21_intact,27.903874,-32.828887
195,existing,1,AT32,Fish Valley Thicket,ValleyThicket,2,0,intact,1,moderate,AT32_intact,24.976893,-32.895991
196,existing,1,AT17,Albany Mesic Thicket,MesicThicket,3,0,intact,0,intact,AT17_intact,26.619732,-33.661086
197,existing,1,AT18,Albany Valley Thicket,ValleyThicket,2,0,intact,0,intact,AT18_intact,26.745586,-33.261695
198,existing,1,AT31,Fish Mesic Thicket,MesicThicket,3,0,intact,0,intact,AT31_intact,27.23418,-33.235015
199,existing,1,AT28,Escarpment Mesic Thicket,MesicThicket,3,0,intact,0,intact,AT28_intact,26.494686,-32.735642
200,existing,1,AT49,Sundays Arid Thicket,AridThicket,1,0,intact,0,intact,AT49_intact,25.342597,-33.247412
201,existing,1,AT21,Buffels Mesic Thicket,MesicThicket,3,0,intact,0,intact,AT21_intact,28.281436,-32.60359
202,existing,1,AT51,Sundays Valley Thicket,ValleyThicket,2,0,intact,0,intact,AT51_intact,25.814752,-33.463008
203,existing,1,AT50,Sundays Mesic Thicket,MesicThicket,3,0,intact,0,intact,AT50_intact,25.451742,-33.33392
204,existing,1,,,,,0,intact,0,intact,outside_intact,25.534747,-32.69926
205,existing,1,AT19,Baviaans Valley Thicket,ValleyThicket,2,0,intact,0,intact,AT19_intact,25.264983,-33.588053
206,existing,1,AT17,Albany Mesic Thicket,MesicThicket,3,0,intact,-1,transformed,AT17_intact,26.45561,-33.400216
207,existing,1,AT51,Sundays Valley Thicket,ValleyThicket,2,0,intact,0,intact,AT51_intact,25.768399,-33.460852
208,existing,1,AT19,Baviaans Valley Thicket,ValleyThicket,2,0,intact,1,moderate,AT19_intact,25.265522,-33.245795
209,existing,1,AT49,Sundays Arid Thicket,AridThicket,1,0,intact,0,intact,AT49_intact,23.740452,-33.058497
210,existing,1,AT37,Gouritz Valley Thicket,ValleyThicket,2,0,intact,0,intact,AT37_intact,21.701725,-34.099824
211,existing,1,AT19,Baviaans Valley Thicket,ValleyThicket,2,0,intact,0,intact,AT19_intact,24.052257,-33.79233
212,existing,1,AT21,Buffels Mesic Thicket,MesicThicket,3,0,intact,0,intact,AT21_intact,27.93783,-32.69414
213,existing,1,AT31,Fish Mesic Thicket,MesicThicket,3,0,intact,0,intact,AT31_intact,27.0741,-33.445491
214,existing,1,AT17,Albany Mesic Thicket,MesicThicket,3,0,intact,0,intact,AT17_intact,26.494417,-33.62174
215,existing,1,AT29,Escarpment Valley Thicket,ValleyThicket,2,0,intact,0,intact,AT29_intact,25.05828,-32.424106
216,existing,1,AT32,Fish Valley Thicket,ValleyThicket,2,0,intact,0,intact,AT32_intact,26.763912,-33.025349
217,existing,1,AT32,Fish Valley Thicket,ValleyThicket,2,0,intact,0,intact,AT32_intact,26.647759,-32.984655
218,existing,1,AT18,Albany Valley Thicket,ValleyThicket,2,0,intact,0,intact,AT18_intact,25.965399,-33.358175
219,existing,1,AT32,Fish Valley Thicket,ValleyThicket,2,0,intact,0,intact,AT32_intact,25.752768,-32.666112
220,existing,1,AT28,Escarpment Mesic Thicket,MesicThicket,3,0,intact,1,moderate,AT28_intact,26.806761,-32.574215
221,existing,1,AT49,Sundays Arid Thicket,AridThicket,1,0,intact,1,moderate,AT49_intact,25.356072,-33.028852
222,existing,1,,,,,0,intact,0,intact,outside_intact,26.040049,-33.372727
223,existing,1,AT51,Sundays Valley Thicket,ValleyThicket,2,0,intact,0,intact,AT51_intact,25.656558,-33.547629
224,existing,1,AT32,Fish Valley Thicket,ValleyThicket,2,0,intact,0,intact,AT32_intact,27.028825,-33.256036
225,existing,1,AT27,Escarpment Arid Thicket,AridThicket,1,0,intact,1,moderate,AT27_intact,25.777831,-32.348378
226,existing,1,AT19,Baviaans Valley Thicket,ValleyThicket,2,0,intact,0,intact,AT19_intact,24.630592,-33.356558
227,existing,1,AT18,Albany Valley Thicket,ValleyThicket,2,0,intact,0,intact,AT18_intact,26.234355,-33.146621
228,existing,1,AT28,Escarpment Mesic Thicket,MesicThicket,3,0,intact,0,intact,AT28_intact,25.255281,-32.53945
229,existing,1,AT32,Fish Valley Thicket,ValleyThicket,2,0,intact,0,intact,AT32_intact,26.393087,-32.689828
230,existing,1,AT27,Escarpment Arid Thicket,AridThicket,1,0,intact,0,intact,AT27_intact,25.658445,-32.268877
231,existing,1,AT50,Sundays Mesic Thicket,MesicThicket,3,0,intact,0,intact,AT50_intact,25.061514,-33.902554
232,existing,1,AT32,Fish Valley Thicket,ValleyThicket,2,1,moderate,1,moderate,AT32_moderate,25.32508,-32.809214
233,existing,1,AT33,Gamka Arid Thicket,AridThicket,1,1,moderate,1,moderate,AT33_moderate,21.767482,-33.482142
234,existing,1,AT32,Fish Valley Thicket,ValleyThicket,2,1,moderate,1,moderate,AT32_moderate,25.938719,-32.437312
235,existing,1,AT32,Fish Valley Thicket,ValleyThicket,2,1,moderate,1,moderate,AT32_moderate,25.934677,-32.474771
236,existing,1,AT18,Albany Valley Thicket,ValleyThicket,2,1,moderate,2,severe,AT18_moderate,26.729955,-33.388897
237,existing,1,AT27,Escarpment Arid Thicket,AridThicket,1,1,moderate,1,moderate,AT27_moderate,24.543546,-32.102869
238,existing,1,AT32,Fish Valley Thicket,ValleyThicket,2,1,moderate,1,moderate,AT32_moderate,26.674709,-32.705728
239,existing,1,AT49,Sundays Arid Thicket,AridThicket,1,1,moderate,1,moderate,AT49_moderate,24.142268,-33.253341
240,existing,1,AT28,Escarpment Mesic Thicket,MesicThicket,3,1,moderate,1,moderate,AT28_moderate,25.818524,-32.693601
241,existing,1,AT49,Sundays Arid Thicket,AridThicket,1,1,moderate,1,moderate,AT49_moderate,25.176319,-33.548168
242,existing,1,AT32,Fish Valley Thicket,ValleyThicket,2,1,moderate,1,moderate,AT32_moderate,25.848977,-32.935876
243,existing,1,AT49,Sundays Arid Thicket,AridThicket,1,1,moderate,1,moderate,AT49_moderate,25.316726,-33.018881
244,existing,1,AT32,Fish Valley Thicket,ValleyThicket,2,1,moderate,1,moderate,AT32_moderate,26.11955,-32.412788
245,existing,1,AT28,Escarpment Mesic Thicket,MesicThicket,3,1,moderate,2,severe,AT28_moderate,26.78601,-32.520046
246,existing,1,AT30,Fish Arid Thicket,AridThicket,1,1,moderate,1,moderate,AT30_moderate,26.640752,-33.074127
247,existing,1,AT32,Fish Valley Thicket,ValleyThicket,2,1,moderate,1,moderate,AT32_moderate,25.60751,-32.40093
248,existing,1,AT30,Fish Arid Thicket,AridThicket,1,1,moderate,1,moderate,AT30_moderate,26.382307,-33.112126
249,existing,1,AT27,Escarpment Arid Thicket,AridThicket,1,1,moderate,2,severe,AT27_moderate,24.580736,-32.264835
250,existing,1,AT32,Fish Valley Thicket,ValleyThicket,2,1,moderate,1,moderate,AT32_moderate,25.866764,-32.414404
251,existing,1,AT32,Fish Valley Thicket,ValleyThicket,2,1,moderate,1,moderate,AT32_moderate,26.507892,-33.011874
252,existing,1,AT28,Escarpment Mesic Thicket,MesicThicket,3,1,moderate,-1,transformed,AT28_moderate,26.244056,-32.398774
253,existing,1,AT28,Escarpment Mesic Thicket,MesicThicket,3,1,moderate,2,severe,AT28_moderate,26.223575,-32.475041
254,existing,1,AT32,Fish Valley Thicket,ValleyThicket,2,1,moderate,2,severe,AT32_moderate,26.112543,-32.351343
255,existing,1,AT17,Albany Mesic Thicket,MesicThicket,3,1,moderate,1,moderate,AT17_moderate,26.582542,-33.623357
256,existing,1,AT32,Fish Valley Thicket,ValleyThicket,2,1,moderate,1,moderate,AT32_moderate,25.738754,-32.655063
257,existing,1,AT32,Fish Valley Thicket,ValleyThicket,2,1,moderate,1,moderate,AT32_moderate,25.89021,-32.447283
258,existing,1,AT37,Gouritz Valley Thicket,ValleyThicket,2,1,moderate,1,moderate,AT37_moderate,21.712505,-34.159112
259,existing,1,AT32,Fish Valley Thicket,ValleyThicket,2,1,moderate,1,moderate,AT32_moderate,26.376378,-32.631078
260,existing,1,AT17,Albany Mesic Thicket,MesicThicket,3,1,moderate,2,severe,AT17_moderate,25.909075,-33.322871
261,existing,1,AT28,Escarpment Mesic Thicket,MesicThicket,3,1,moderate,1,moderate,AT28_moderate,25.742527,-32.702764
262,existing,1,AT50,Sundays Mesic Thicket,MesicThicket,3,1,moderate,0,intact,AT50_moderate,25.404042,-33.701241
263,existing,1,AT29,Escarpment Valley Thicket,ValleyThicket,2,1,moderate,1,moderate,AT29_moderate,24.7171,-32.39527
264,existing,1,AT27,Escarpment Arid Thicket,AridThicket,1,1,moderate,2,severe,AT27_moderate,25.925514,-32.241658
265,existing,1,AT32,Fish Valley Thicket,ValleyThicket,2,1,moderate,2,severe,AT32_moderate,26.685758,-32.574484
266,existing,1,AT27,Escarpment Arid Thicket,AridThicket,1,1,moderate,2,severe,AT27_moderate,24.672634,-32.26726
267,existing,1,AT32,Fish Valley Thicket,ValleyThicket,2,1,moderate,2,severe,AT32_moderate,25.300286,-32.857454
268,existing,1,AT32,Fish Valley Thicket,ValleyThicket,2,1,moderate,1,moderate,AT32_moderate,26.858774,-33.015916
269,existing,1,AT51,Sundays Valley Thicket,ValleyThicket,2,1,moderate,0,intact,AT51_moderate,25.4159,-33.608265
270,existing,1,AT32,Fish Valley Thicket,ValleyThicket,2,1,moderate,-1,transformed,AT32_moderate,26.097451,-32.581222
271,existing,1,AT33,Gamka Arid Thicket,AridThicket,1,1,moderate,2,severe,AT33_moderate,23.113877,-33.288645
272,existing,1,AT28,Escarpment Mesic Thicket,MesicThicket,3,1,moderate,2,severe,AT28_moderate,26.875213,-32.695218
273,existing,1,AT49,Sundays Arid Thicket,AridThicket,1,1,moderate,1,moderate,AT49_moderate,24.92488,-33.245256
274,existing,1,AT17,Albany Mesic Thicket,MesicThicket,3,1,moderate,1,moderate,AT17_moderate,26.629973,-33.619315
275,existing,1,AT32,Fish Valley Thicket,ValleyThicket,2,1,moderate,1,moderate,AT32_moderate,25.773519,-32.936954
276,existing,1,AT32,Fish Valley Thicket,ValleyThicket,2,1,moderate,1,moderate,AT32_moderate,25.340711,-32.817029
277,existing,1,AT19,Baviaans Valley Thicket,ValleyThicket,2,1,moderate,0,intact,AT19_moderate,23.966288,-33.541161
278,existing,1,,,,,1,moderate,2,severe,outside_moderate,26.533494,-33.688036
279,existing,1,AT51,Sundays Valley Thicket,ValleyThicket,2,1,moderate,0,intact,AT51_moderate,25.412666,-33.55275
280,existing,1,,,,,1,moderate,1,moderate,outside_moderate,24.794445,-33.324488
281,existing,1,AT50,Sundays Mesic Thicket,MesicThicket,3,1,moderate,1,moderate,AT50_moderate,25.280074,-33.332303
282,existing,1,AT32,Fish Valley Thicket,ValleyThicket,2,1,moderate,1,moderate,AT32_moderate,26.79679,-32.928331
283,existing,1,AT19,Baviaans Valley Thicket,ValleyThicket,2,1,moderate,1,moderate,AT19_moderate,25.216204,-33.343083
284,existing,1,AT49,Sundays Arid Thicket,AridThicket,1,1,moderate,1,moderate,AT49_moderate,24.86667,-32.945848
285,existing,1,AT32,Fish Valley Thicket,ValleyThicket,2,1,moderate,1,moderate,AT32_moderate,25.184404,-32.926983
286,existing,1,AT32,Fish Valley Thicket,ValleyThicket,2,1,moderate,1,moderate,AT32_moderate,26.781698,-32.596583
287,existing,1,AT28,Escarpment Mesic Thicket,MesicThicket,3,1,moderate,1,moderate,AT28_moderate,25.432339,-32.851255
288,existing,1,AT19,Baviaans Valley Thicket,ValleyThicket,2,1,moderate,1,moderate,AT19_moderate,23.820492,-33.08329
289,existing,1,AT19,Baviaans Valley Thicket,ValleyThicket,2,1,moderate,1,moderate,AT19_moderate,23.359925,-33.206719
290,existing,1,AT32,Fish Valley Thicket,ValleyThicket,2,1,moderate,1,moderate,AT32_moderate,26.715941,-32.875779
291,existing,1,AT19,Baviaans Valley Thicket,ValleyThicket,2,1,moderate,0,intact,AT19_moderate,23.72536,-33.460582
292,existing,1,AT32,Fish Valley Thicket,ValleyThicket,2,1,moderate,1,moderate,AT32_moderate,25.617751,-32.404433
293,existing,1,AT29,Escarpment Valley Thicket,ValleyThicket,2,1,moderate,1,moderate,AT29_moderate,24.713327,-32.414404
294,existing,1,AT18,Albany Valley Thicket,ValleyThicket,2,1,moderate,1,moderate,AT18_moderate,25.922549,-33.115629
295,existing,1,AT28,Escarpment Mesic Thicket,MesicThicket,3,1,moderate,1,moderate,AT28_moderate,25.745222,-32.727557
296,existing,1,AT32,Fish Valley Thicket,ValleyThicket,2,1,moderate,1,moderate,AT32_moderate,25.899373,-32.493636
297,existing,1,AT50,Sundays Mesic Thicket,MesicThicket,3,1,moderate,1,moderate,AT50_moderate,25.395687,-33.374344
298,existing,1,AT32,Fish Valley Thicket,ValleyThicket,2,1,moderate,1,moderate,AT32_moderate,26.597633,-32.713543
299,existing,1,AT18,Albany Valley Thicket,ValleyThicket,2,1,moderate,1,moderate,AT18_moderate,26.036546,-33.150125
300,existing,1,AT49,Sundays Arid Thicket,AridThicket,1,1,moderate,1,moderate,AT49_moderate,25.318073,-33.22181
301,existing,1,AT32,Fish Valley Thicket,ValleyThicket,2,1,moderate,1,moderate,AT32_moderate,26.683872,-32.980882
302,existing,1,AT49,Sundays Arid Thicket,AridThicket,1,1,moderate,1,moderate,AT49_moderate,23.178286,-33.370302
303,existing,1,AT32,Fish Valley Thicket,ValleyThicket,2,1,moderate,0,intact,AT32_moderate,26.717289,-33.017264
304,existing,1,AT22,Buffels Valley Thicket,ValleyThicket,2,1,moderate,-1,transformed,AT22_moderate,27.460824,-32.876318
305,existing,1,AT32,Fish Valley Thicket,ValleyThicket,2,1,moderate,1,moderate,AT32_moderate,25.318612,-32.867425
306,existing,1,AT49,Sundays Arid Thicket,AridThicket,1,1,moderate,2,severe,AT49_moderate,24.572921,-33.052029
307,existing,1,AT49,Sundays Arid Thicket,AridThicket,1,1,moderate,2,severe,AT49_moderate,23.923978,-33.234746
308,existing,1,AT32,Fish Valley Thicket,ValleyThicket,2,1,moderate,1,moderate,AT32_moderate,26.54616,-32.962287
309,existing,1,AT27,Escarpment Arid Thicket,AridThicket,1,1,moderate,1,moderate,AT27_moderate,24.344659,-32.136556
310,existing,1,AT32,Fish Valley Thicket,ValleyThicket,2,1,moderate,1,moderate,AT32_moderate,25.307293,-32.854489
311,existing,1,AT32,Fish Valley Thicket,ValleyThicket,2,1,moderate,1,moderate,AT32_moderate,25.956236,-32.598739
312,existing,1,AT21,Buffels Mesic Thicket,MesicThicket,3,1,moderate,1,moderate,AT21_moderate,27.986339,-32.777953
313,existing,1,AT28,Escarpment Mesic Thicket,MesicThicket,3,1,moderate,1,moderate,AT28_moderate,26.344847,-32.691714
314,existing,1,AT29,Escarpment Valley Thicket,ValleyThicket,2,1,moderate,1,moderate,AT29_moderate,25.144788,-32.415752
315,existing,1,AT49,Sundays Arid Thicket,AridThicket,1,1,moderate,1,moderate,AT49_moderate,24.143346,-33.201329
316,existing,1,AT17,Albany Mesic Thicket,MesicThicket,3,1,moderate,1,moderate,AT17_moderate,25.923088,-33.540892
317,existing,1,AT30,Fish Arid Thicket,AridThicket,1,1,moderate,0,intact,AT30_moderate,26.640213,-33.15255
318,existing,1,AT28,Escarpment Mesic Thicket,MesicThicket,3,1,moderate,1,moderate,AT28_moderate,26.308196,-32.593349
319,existing,1,AT27,Escarpment Arid Thicket,AridThicket,1,1,moderate,1,moderate,AT27_moderate,24.694732,-32.423837
320,existing,1,AT17,Albany Mesic Thicket,MesicThicket,3,1,moderate,1,moderate,AT17_moderate,26.522175,-33.548977
321,existing,1,AT32,Fish Valley Thicket,ValleyThicket,2,1,moderate,1,moderate,AT32_moderate,25.401347,-32.639971
322,existing,1,AT21,Buffels Mesic Thicket,MesicThicket,3,1,moderate,1,moderate,AT21_moderate,27.910611,-32.679857
323,existing,1,AT49,Sundays Arid Thicket,AridThicket,1,1,moderate,1,moderate,AT49_moderate,24.52522,-32.941266
324,existing,1,AT49,Sundays Arid Thicket,AridThicket,1,1,moderate,1,moderate,AT49_moderate,24.561063,-33.512325
325,existing,1,AT29,Escarpment Valley Thicket,ValleyThicket,2,1,moderate,2,severe,AT29_moderate,24.982552,-32.298791
326,existing,1,AT32,Fish Valley Thicket,ValleyThicket,2,1,moderate,1,moderate,AT32_moderate,26.741543,-32.853142
327,existing,1,AT32,Fish Valley Thicket,ValleyThicket,2,1,moderate,1,moderate,AT32_moderate,25.791306,-32.669077
328,existing,1,AT49,Sundays Arid Thicket,AridThicket,1,1,moderate,1,moderate,AT49_moderate,24.100766,-33.01915
329,existing,1,AT32,Fish Valley Thicket,ValleyThicket,2,1,moderate,2,severe,AT32_moderate,25.82095,-32.556428
330,existing,1,,,,,1,moderate,1,moderate,outside_moderate,25.136703,-33.540353
331,existing,1,AT30,Fish Arid Thicket,AridThicket,1,1,moderate,0,intact,AT30_moderate,26.80218,-33.142579
332,existing,1,AT28,Escarpment Mesic Thicket,MesicThicket,3,1,moderate,2,severe,AT28_moderate,26.982741,-32.662878
333,existing,1,AT28,Escarpment Mesic Thicket,MesicThicket,3,1,moderate,1,moderate,AT28_moderate,26.612456,-32.742918
334,existing,1,AT32,Fish Valley Thicket,ValleyThicket,2,1,moderate,1,moderate,AT32_moderate,26.658539,-32.871737
335,existing,1,AT32,Fish Valley Thicket,ValleyThicket,2,1,moderate,2,severe,AT32_moderate,25.85275,-32.45429
336,existing,1,,,,,1,moderate,1,moderate,outside_moderate,25.829304,-33.000555
337,existing,1,AT32,Fish Valley Thicket,ValleyThicket,2,1,moderate,2,severe,AT32_moderate,25.304868,-32.945578
338,existing,1,AT19,Baviaans Valley Thicket,ValleyThicket,2,1,moderate,1,moderate,AT19_moderate,24.10373,-33.818202
339,existing,1,AT34,Gamka Valley Thicket,ValleyThicket,2,1,moderate,1,moderate,AT34_moderate,22.181965,-33.516098
340,existing,1,AT29,Escarpment Valley Thicket,ValleyThicket,2,1,moderate,1,moderate,AT29_moderate,25.014892,-32.346492
341,existing,1,AT29,Escarpment Valley Thicket,ValleyThicket,2,1,moderate,1,moderate,AT29_moderate,24.894697,-32.404433
342,existing,1,AT18,Albany Valley Thicket,ValleyThicket,2,1,moderate,2,severe,AT18_moderate,26.626739,-33.414768
343,existing,1,AT49,Sundays Arid Thicket,AridThicket,1,1,moderate,2,severe,AT49_moderate,24.119631,-33.060922
344,existing,1,AT32,Fish Valley Thicket,ValleyThicket,2,1,moderate,-1,transformed,AT32_moderate,25.70345,-32.945578
345,existing,1,AT19,Baviaans Valley Thicket,ValleyThicket,2,1,moderate,2,severe,AT19_moderate,23.81591,-33.517176
346,existing,1,AT32,Fish Valley Thicket,ValleyThicket,2,1,moderate,2,severe,AT32_moderate,25.796156,-32.588228
347,existing,1,AT50,Sundays Mesic Thicket,MesicThicket,3,1,moderate,1,moderate,AT50_moderate,25.017317,-33.880725
348,existing,1,AT51,Sundays Valley Thicket,ValleyThicket,2,1,moderate,0,intact,AT51_moderate,24.641372,-33.736006
349,existing,1,AT27,Escarpment Arid Thicket,AridThicket,1,1,moderate,2,severe,AT27_moderate,24.526567,-32.074033
350,existing,1,AT19,Baviaans Valley Thicket,ValleyThicket,2,1,moderate,1,moderate,AT19_moderate,24.192394,-33.659739
351,existing,1,AT50,Sundays Mesic Thicket,MesicThicket,3,1,moderate,1,moderate,AT50_moderate,25.797773,-33.575926
352,existing,1,AT28,Escarpment Mesic Thicket,MesicThicket,3,1,moderate,1,moderate,AT28_moderate,25.70345,-32.713274
353,existing,1,AT32,Fish Valley Thicket,ValleyThicket,2,1,moderate,1,moderate,AT32_moderate,25.674345,-32.578796
354,existing,1,AT32,Fish Valley Thicket,ValleyThicket,2,1,moderate,1,moderate,AT32_moderate,26.783046,-33.068737
355,existing,1,AT49,Sundays Arid Thicket,AridThicket,1,1,moderate,1,moderate,AT49_moderate,24.411763,-33.292148
356,existing,1,AT28,Escarpment Mesic Thicket,MesicThicket,3,1,moderate,1,moderate,AT28_moderate,26.921835,-32.771215
357,existing,1,AT17,Albany Mesic Thicket,MesicThicket,3,1,moderate,1,moderate,AT17_moderate,26.620001,-33.558678
358,existing,1,AT32,Fish Valley Thicket,ValleyThicket,2,1,moderate,2,severe,AT32_moderate,26.243517,-32.548343
359,existing,1,AT19,Baviaans Valley Thicket,ValleyThicket,2,1,moderate,1,moderate,AT19_moderate,24.27486,-33.203215
360,existing,1,AT27,Escarpment Arid Thicket,AridThicket,1,1,moderate,1,moderate,AT27_moderate,25.461444,-32.00612
361,existing,1,AT51,Sundays Valley Thicket,ValleyThicket,2,1,moderate,1,moderate,AT51_moderate,25.645509,-33.607996
362,existing,1,AT32,Fish Valley Thicket,ValleyThicket,2,1,moderate,1,moderate,AT32_moderate,25.622063,-32.449439
363,existing,1,AT32,Fish Valley Thicket,ValleyThicket,2,1,moderate,2,severe,AT32_moderate,26.04463,-32.500104
364,existing,1,AT28,Escarpment Mesic Thicket,MesicThicket,3,1,moderate,1,moderate,AT28_moderate,25.357958,-32.638893
365,existing,1,AT49,Sundays Arid Thicket,AridThicket,1,1,moderate,1,moderate,AT49_moderate,24.496115,-32.975762
366,existing,1,,,,,1,moderate,1,moderate,outside_moderate,25.050195,-33.89905
367,existing,1,AT32,Fish Valley Thicket,ValleyThicket,2,1,moderate,1,moderate,AT32_moderate,25.788341,-32.72082
368,existing,1,AT19,Baviaans Valley Thicket,ValleyThicket,2,1,moderate,1,moderate,AT19_moderate,24.150353,-33.197286
369,existing,1,AT49,Sundays Arid Thicket,AridThicket,1,1,moderate,1,moderate,AT49_moderate,24.74378,-33.060113
370,existing,1,AT22,Buffels Valley Thicket,ValleyThicket,2,1,moderate,0,intact,AT22_moderate,27.170848,-32.655063
371,existing,1,AT29,Escarpment Valley Thicket,ValleyThicket,2,1,moderate,1,moderate,AT29_moderate,25.077953,-32.392845
372,existing,1,AT19,Baviaans Valley Thicket,ValleyThicket,2,1,moderate,1,moderate,AT19_moderate,23.950658,-33.124523
373,existing,1,AT34,Gamka Valley Thicket,ValleyThicket,2,1,moderate,1,moderate,AT34_moderate,22.11486,-33.525531
374,existing,1,AT32,Fish Valley Thicket,ValleyThicket,2,1,moderate,1,moderate,AT32_moderate,26.720253,-32.646709
375,existing,1,AT51,Sundays Valley Thicket,ValleyThicket,2,1,moderate,0,intact,AT51_moderate,25.513726,-33.538736
376,existing,1,AT27,Escarpment Arid Thicket,AridThicket,1,1,moderate,1,moderate,AT27_moderate,24.395593,-32.549421
377,existing,1,AT32,Fish Valley Thicket,ValleyThicket,2,1,moderate,1,moderate,AT32_moderate,26.707048,-33.046639
378,existing,1,AT32,Fish Valley Thicket,ValleyThicket,2,1,moderate,2,severe,AT32_moderate,24.894428,-32.932643
379,existing,1,AT49,Sundays Arid Thicket,AridThicket,1,1,moderate,0,intact,AT49_moderate,25.389759,-33.197017
380,existing,1,AT17,Albany Mesic Thicket,MesicThicket,3,1,moderate,1,moderate,AT17_moderate,26.137606,-33.594252
381,existing,1,AT28,Escarpment Mesic Thicket,MesicThicket,3,1,moderate,2,severe,AT28_moderate,25.612092,-32.632965
382,existing,1,AT49,Sundays Arid Thicket,AridThicket,1,1,moderate,1,moderate,AT49_moderate,25.200573,-33.029391
383,existing,1,AT19,Baviaans Valley Thicket,ValleyThicket,2,1,moderate,1,moderate,AT19_moderate,24.350318,-33.645995
384,existing,1,AT32,Fish Valley Thicket,ValleyThicket,2,1,moderate,1,moderate,AT32_moderate,26.743699,-33.022115
385,existing,1,AT31,Fish Mesic Thicket,MesicThicket,3,1,moderate,1,moderate,AT31_moderate,27.250888,-33.262504
386,existing,1,AT27,Escarpment Arid Thicket,AridThicket,1,1,moderate,1,moderate,AT27_moderate,24.640564,-32.256211
387,existing,1,AT28,Escarpment Mesic Thicket,MesicThicket,3,1,moderate,2,severe,AT28_moderate,26.11928,-32.61383
388,existing,1,AT32,Fish Valley Thicket,ValleyThicket,2,1,moderate,1,moderate,AT32_moderate,25.881856,-32.432461
389,existing,1,AT18,Albany Valley Thicket,ValleyThicket,2,1,moderate,1,moderate,AT18_moderate,26.825087,-33.258192
390,existing,1,AT32,Fish Valley Thicket,ValleyThicket,2,1,moderate,1,moderate,AT32_moderate,26.981124,-33.256306
391,existing,1,AT32,Fish Valley Thicket,ValleyThicket,2,1,moderate,1,moderate,AT32_moderate,25.798582,-32.621107
392,existing,1,AT49,Sundays Arid Thicket,AridThicket,1,1,moderate,2,severe,AT49_moderate,24.621699,-32.93426
393,existing,1,AT49,Sundays Arid Thicket,AridThicket,1,1,moderate,1,moderate,AT49_moderate,24.176494,-33.137189
394,existing,1,AT27,Escarpment Arid Thicket,AridThicket,1,1,moderate,1,moderate,AT27_moderate,24.715214,-32.304451
395,existing,1,AT30,Fish Arid Thicket,AridThicket,1,1,moderate,1,moderate,AT30_moderate,26.666354,-33.167642
396,existing,1,AT32,Fish Valley Thicket,ValleyThicket,2,1,moderate,1,moderate,AT32_moderate,25.759775,-32.570442
397,existing,1,AT32,Fish Valley Thicket,ValleyThicket,2,1,moderate,1,moderate,AT32_moderate,26.39147,-33.038015
398,existing,1,AT28,Escarpment Mesic Thicket,MesicThicket,3,1,moderate,2,severe,AT28_moderate,25.750612,-32.701955
399,existing,1,AT28,Escarpment Mesic Thicket,MesicThicket,3,1,moderate,0,intact,AT28_moderate,26.097182,-32.663417
400,existing,1,AT32,Fish Valley Thicket,ValleyThicket,2,1,moderate,1,moderate,AT32_moderate,25.772441,-32.936146
401,existing,1,AT19,Baviaans Valley Thicket,ValleyThicket,2,1,moderate,1,moderate,AT19_moderate,23.791386,-33.532538
402,existing,1,AT32,Fish Valley Thicket,ValleyThicket,2,1,moderate,1,moderate,AT32_moderate,25.327505,-32.796278
403,existing,1,AT49,Sundays Arid Thicket,AridThicket,1,1,moderate,1,moderate,AT49_moderate,24.740277,-33.021306
404,existing,1,AT19,Baviaans Valley Thicket,ValleyThicket,2,1,moderate,1,moderate,AT19_moderate,24.45057,-33.683454
405,existing,1,AT27,Escarpment Arid Thicket,AridThicket,1,1,moderate,2,severe,AT27_moderate,25.679465,-32.275884
406,existing,1,AT32,Fish Valley Thicket,ValleyThicket,2,1,moderate,1,moderate,AT32_moderate,26.377187,-32.65156
407,existing,1,AT32,Fish Valley Thicket,ValleyThicket,2,1,moderate,1,moderate,AT32_moderate,26.695729,-32.937224
408,existing,1,AT32,Fish Valley Thicket,ValleyThicket,2,1,moderate,1,moderate,AT32_moderate,26.684141,-32.596313
409,existing,1,AT30,Fish Arid Thicket,AridThicket,1,1,moderate,1,moderate,AT30_moderate,26.337032,-33.097573
410,existing,1,AT49,Sundays Arid Thicket,AridThicket,1,1,moderate,1,moderate,AT49_moderate,24.286178,-33.289453
411,existing,1,AT29,Escarpment Valley Thicket,ValleyThicket,2,1,moderate,1,moderate,AT29_moderate,24.966383,-32.401738
412,existing,1,AT49,Sundays Arid Thicket,AridThicket,1,1,moderate,2,severe,AT49_moderate,24.713597,-32.898417
413,existing,1,AT32,Fish Valley Thicket,ValleyThicket,2,1,moderate,2,severe,AT32_moderate,25.20785,-32.537294
414,existing,1,AT33,Gamka Arid Thicket,AridThicket,1,1,moderate,2,severe,AT33_moderate,22.186546,-33.157132
415,existing,1,AT49,Sundays Arid Thicket,AridThicket,1,1,moderate,1,moderate,AT49_moderate,24.597984,-32.881439
416,existing,1,AT32,Fish Valley Thicket,ValleyThicket,2,1,moderate,1,moderate,AT32_moderate,25.702642,-32.480161
417,existing,1,AT19,Baviaans Valley Thicket,ValleyThicket,2,1,moderate,1,moderate,AT19_moderate,23.808095,-33.448994
418,existing,1,AT49,Sundays Arid Thicket,AridThicket,1,1,moderate,2,severe,AT49_moderate,24.038513,-33.01403
419,existing,1,AT28,Escarpment Mesic Thicket,MesicThicket,3,1,moderate,2,severe,AT28_moderate,26.769301,-32.605476
420,existing,1,AT37,Gouritz Valley Thicket,ValleyThicket,2,1,moderate,2,severe,AT37_moderate,21.730831,-34.026252
421,existing,1,AT51,Sundays Valley Thicket,ValleyThicket,2,1,moderate,1,moderate,AT51_moderate,25.398113,-33.578891
422,existing,1,AT17,Albany Mesic Thicket,MesicThicket,3,1,moderate,-1,transformed,AT17_moderate,26.665007,-33.572153
423,existing,1,AT51,Sundays Valley Thicket,ValleyThicket,2,1,moderate,1,moderate,AT51_moderate,24.587473,-33.78182
424,existing,1,AT28,Escarpment Mesic Thicket,MesicThicket,3,1,moderate,1,moderate,AT28_moderate,26.603832,-32.56586
425,existing,1,AT28,Escarpment Mesic Thicket,MesicThicket,3,1,moderate,1,moderate,AT28_moderate,26.536458,-32.66746
426,existing,1,AT32,Fish Valley Thicket,ValleyThicket,2,1,moderate,1,moderate,AT32_moderate,26.641561,-32.689828
427,existing,1,AT32,Fish Valley Thicket,ValleyThicket,2,1,moderate,1,moderate,AT32_moderate,25.220516,-32.971719
428,existing,1,AT49,Sundays Arid Thicket,AridThicket,1,1,moderate,1,moderate,AT49_moderate,24.776119,-32.774449
429,existing,1,AT49,Sundays Arid Thicket,AridThicket,1,1,moderate,2,severe,AT49_moderate,23.218171,-33.363834
430,existing,1,AT32,Fish Valley Thicket,ValleyThicket,2,1,moderate,1,moderate,AT32_moderate,25.642545,-32.538372
431,existing,1,AT51,Sundays Valley Thicket,ValleyThicket,2,1,moderate,0,intact,AT51_moderate,24.657003,-33.769962
432,existing,1,AT28,Escarpment Mesic Thicket,MesicThicket,3,1,moderate,2,severe,AT28_moderate,26.72214,-32.762861
433,existing,1,AT18,Albany Valley Thicket,ValleyThicket,2,1,moderate,1,moderate,AT18_moderate,26.265077,-33.27544
434,existing,1,AT18,Albany Valley Thicket,ValleyThicket,2,1,moderate,1,moderate,AT18_moderate,25.642275,-33.240675
435,existing,1,AT34,Gamka Valley Thicket,ValleyThicket,2,1,moderate,0,intact,AT34_moderate,22.054763,-33.514212
436,existing,1,AT18,Albany Valley Thicket,ValleyThicket,2,1,moderate,1,moderate,AT18_moderate,26.341883,-33.507205
437,existing,1,AT28,Escarpment Mesic Thicket,MesicThicket,3,1,moderate,2,severe,AT28_moderate,25.646856,-32.690097
438,existing,1,AT49,Sundays Arid Thicket,AridThicket,1,1,moderate,1,moderate,AT49_moderate,24.596367,-33.50478
439,existing,1,AT19,Baviaans Valley Thicket,ValleyThicket,2,1,moderate,1,moderate,AT19_moderate,24.978779,-33.249838
440,existing,1,AT21,Buffels Mesic Thicket,MesicThicket,3,1,moderate,-1,transformed,AT21_moderate,27.965588,-32.885212
441,existing,1,AT28,Escarpment Mesic Thicket,MesicThicket,3,1,moderate,1,moderate,AT28_moderate,26.582542,-32.610327
442,existing,1,AT19,Baviaans Valley Thicket,ValleyThicket,2,1,moderate,0,intact,AT19_moderate,25.347717,-33.607996
443,existing,1,AT51,Sundays Valley Thicket,ValleyThicket,2,1,moderate,0,intact,AT51_moderate,24.85023,-33.731963
444,existing,1,AT32,Fish Valley Thicket,ValleyThicket,2,1,moderate,1,moderate,AT32_moderate,25.838198,-32.963634
445,existing,1,AT27,Escarpment Arid Thicket,AridThicket,1,1,moderate,2,severe,AT27_moderate,23.787613,-32.981152
446,existing,1,AT49,Sundays Arid Thicket,AridThicket,1,1,moderate,1,moderate,AT49_moderate,25.024054,-32.868503
447,existing,1,AT32,Fish Valley Thicket,ValleyThicket,2,1,moderate,2,severe,AT32_moderate,25.296783,-32.884403
448,existing,1,AT49,Sundays Arid Thicket,AridThicket,1,1,moderate,1,moderate,AT49_moderate,24.907902,-32.84344
449,existing,1,AT32,Fish Valley Thicket,ValleyThicket,2,1,moderate,1,moderate,AT32_moderate,26.043822,-32.417638
450,existing,1,AT32,Fish Valley Thicket,ValleyThicket,2,1,moderate,1,moderate,AT32_moderate,26.235972,-32.591193
451,existing,1,AT33,Gamka Arid Thicket,AridThicket,1,1,moderate,1,moderate,AT33_moderate,21.761823,-33.48834
452,existing,1,AT32,Fish Valley Thicket,ValleyThicket,2,1,moderate,2,severe,AT32_moderate,24.963688,-32.916742
453,existing,1,AT17,Albany Mesic Thicket,MesicThicket,3,1,moderate,-1,transformed,AT17_moderate,26.601406,-33.321254
454,existing,1,AT27,Escarpment Arid Thicket,AridThicket,1,1,moderate,1,moderate,AT27_moderate,25.641467,-32.297174
455,existing,1,AT30,Fish Arid Thicket,AridThicket,1,1,moderate,1,moderate,AT30_moderate,26.536728,-33.183003
456,existing,1,AT30,Fish Arid Thicket,AridThicket,1,1,moderate,1,moderate,AT30_moderate,26.51436,-33.178691
457,existing,1,AT28,Escarpment Mesic Thicket,MesicThicket,3,1,moderate,1,moderate,AT28_moderate,26.33811,-32.695218
458,existing,1,AT32,Fish Valley Thicket,ValleyThicket,2,1,moderate,1,moderate,AT32_moderate,26.258879,-33.002442
459,existing,1,AT31,Fish Mesic Thicket,MesicThicket,3,1,moderate,1,moderate,AT31_moderate,27.222861,-33.234476
460,existing,1,AT32,Fish Valley Thicket,ValleyThicket,2,1,moderate,1,moderate,AT32_moderate,25.753576,-32.535947
461,existing,1,AT32,Fish Valley Thicket,ValleyThicket,2,1,moderate,1,moderate,AT32_moderate,25.18117,-32.514926
462,existing,1,AT19,Baviaans Valley Thicket,ValleyThicket,2,1,moderate,1,moderate,AT19_moderate,23.469071,-33.235554
463,existing,1,AT32,Fish Valley Thicket,ValleyThicket,2,1,moderate,1,moderate,AT32_moderate,26.502502,-32.97145
464,existing,1,AT32,Fish Valley Thicket,ValleyThicket,2,1,moderate,1,moderate,AT32_moderate,26.712169,-33.099729
465,existing,1,AT32,Fish Valley Thicket,ValleyThicket,2,1,moderate,1,moderate,AT32_moderate,25.916082,-32.37937
466,existing,1,AT29,Escarpment Valley Thicket,ValleyThicket,2,1,moderate,1,moderate,AT29_moderate,24.523603,-32.26241
467,existing,1,AT27,Escarpment Arid Thicket,AridThicket,1,1,moderate,1,moderate,AT27_moderate,25.456863,-32.060558
468,existing,1,AT27,Escarpment Arid Thicket,AridThicket,1,1,moderate,1,moderate,AT27_moderate,23.754196,-32.925636
469,existing,1,AT28,Escarpment Mesic Thicket,MesicThicket,3,1,moderate,-1,transformed,AT28_moderate,26.938005,-32.73133
470,existing,1,AT22,Buffels Valley Thicket,ValleyThicket,2,1,moderate,2,severe,AT22_moderate,27.368388,-32.876049
471,existing,1,AT27,Escarpment Arid Thicket,AridThicket,1,1,moderate,1,moderate,AT27_moderate,24.643798,-32.140059
472,existing,1,AT49,Sundays Arid Thicket,AridThicket,1,1,moderate,2,severe,AT49_moderate,25.265252,-32.90192
473,existing,1,AT32,Fish Valley Thicket,ValleyThicket,2,1,moderate,1,moderate,AT32_moderate,26.494417,-33.084368
474,existing,1,AT19,Baviaans Valley Thicket,ValleyThicket,2,1,moderate,1,moderate,AT19_moderate,23.609208,-33.712021
475,existing,1,AT51,Sundays Valley Thicket,ValleyThicket,2,1,moderate,1,moderate,AT51_moderate,25.713152,-33.660547
476,existing,1,AT27,Escarpment Arid Thicket,AridThicket,1,1,moderate,1,moderate,AT27_moderate,25.66626,-32.340293
477,existing,1,AT49,Sundays Arid Thicket,AridThicket,1,1,moderate,1,moderate,AT49_moderate,25.299747,-33.483759
478,existing,1,AT33,Gamka Arid Thicket,AridThicket,1,1,moderate,1,moderate,AT33_moderate,21.609289,-33.479717
479,existing,1,AT28,Escarpment Mesic Thicket,MesicThicket,3,1,moderate,1,moderate,AT28_moderate,26.381499,-32.613022
480,existing,1,AT19,Baviaans Valley Thicket,ValleyThicket,2,1,moderate,1,moderate,AT19_moderate,25.050465,-33.320984
481,existing,1,AT32,Fish Valley Thicket,ValleyThicket,2,1,moderate,2,severe,AT32_moderate,25.789419,-33.005406
482,existing,1,AT22,Buffels Valley Thicket,ValleyThicket,2,1,moderate,-1,transformed,AT22_moderate,27.15953,-32.652099
483,existing,1,AT49,Sundays Arid Thicket,AridThicket,1,1,moderate,2,severe,AT49_moderate,24.773424,-32.850177
484,existing,1,AT32,Fish Valley Thicket,ValleyThicket,2,1,moderate,1,moderate,AT32_moderate,25.311875,-32.81137
485,existing,1,AT34,Gamka Valley Thicket,ValleyThicket,2,1,moderate,1,moderate,AT34_moderate,22.185198,-33.53119
486,existing,1,AT32,Fish Valley Thicket,ValleyThicket,2,1,moderate,0,intact,AT32_moderate,26.075083,-32.394731
487,existing,1,AT19,Baviaans Valley Thicket,ValleyThicket,2,1,moderate,1,moderate,AT19_moderate,24.121248,-33.596677
488,existing,1,AT49,Sundays Arid Thicket,AridThicket,1,1,moderate,2,severe,AT49_moderate,25.177936,-32.988697
489,existing,1,AT17,Albany Mesic Thicket,MesicThicket,3,1,moderate,2,severe,AT17_moderate,26.601406,-33.62174
490,existing,1,AT49,Sundays Arid Thicket,AridThicket,1,1,moderate,2,severe,AT49_moderate,23.973295,-33.244717
491,existing,1,AT28,Escarpment Mesic Thicket,MesicThicket,3,1,moderate,-1,transformed,AT28_moderate,26.92992,-32.760436
492,existing,1,AT28,Escarpment Mesic Thicket,MesicThicket,3,1,moderate,1,moderate,AT28_moderate,26.564216,-32.587689
493,existing,1,AT50,Sundays Mesic Thicket,MesicThicket,3,1,moderate,1,moderate,AT50_moderate,25.52208,-33.385124
494,existing,1,AT17,Albany Mesic Thicket,MesicThicket,3,1,moderate,1,moderate,AT17_moderate,26.719445,-33.345239
495,existing,1,AT51,Sundays Valley Thicket,ValleyThicket,2,1,moderate,1,moderate,AT51_moderate,24.906285,-33.394287
496,existing,1,AT30,Fish Arid Thicket,AridThicket,1,1,moderate,1,moderate,AT30_moderate,26.341074,-33.080865
497,existing,1,AT34,Gamka Valley Thicket,ValleyThicket,2,1,moderate,1,moderate,AT34_moderate,22.032395,-33.501276
498,existing,1,AT27,Escarpment Arid Thicket,AridThicket,1,1,moderate,2,severe,AT27_moderate,24.228237,-32.324124
499,existing,1,AT32,Fish Valley Thicket,ValleyThicket,2,1,moderate,1,moderate,AT32_moderate,25.932521,-32.814065
500,existing,1,AT49,Sundays Arid Thicket,AridThicket,1,1,moderate,1,moderate,AT49_moderate,24.604451,-32.873084
501,existing,1,AT51,Sundays Valley Thicket,ValleyThicket,2,1,moderate,0,intact,AT51_moderate,25.416169,-33.556523
502,existing,1,AT49,Sundays Arid Thicket,AridThicket,1,1,moderate,1,moderate,AT49_moderate,24.01857,-33.064156
503,existing,1,AT49,Sundays Arid Thicket,AridThicket,1,1,moderate,1,moderate,AT49_moderate,24.945901,-33.202137
504,existing,1,AT17,Albany Mesic Thicket,MesicThicket,3,1,moderate,0,intact,AT17_moderate,26.411952,-33.56838
505,existing,1,AT51,Sundays Valley Thicket,ValleyThicket,2,1,moderate,1,moderate,AT51_moderate,25.331278,-33.564068
506,existing,1,AT49,Sundays Arid Thicket,AridThicket,1,1,moderate,1,moderate,AT49_moderate,24.558907,-32.892218
507,existing,1,AT34,Gamka Valley Thicket,ValleyThicket,2,2,severe,2,severe,AT34_severe,22.276827,-33.524453
508,existing,1,AT49,Sundays Arid Thicket,AridThicket,1,2,severe,2,severe,AT49_severe,23.634271,-33.125601
509,existing,1,AT49,Sundays Arid Thicket,AridThicket,1,2,severe,2,severe,AT49_severe,23.479042,-33.111048
510,existing,1,,,,,2,severe,2,severe,outside_severe,25.716117,-33.234746
511,existing,1,,,,,2,severe,2,severe,outside_severe,24.284022,-33.159018
512,existing,1,AT37,Gouritz Valley Thicket,ValleyThicket,2,2,severe,2,severe,AT37_severe,21.783652,-34.038379
513,existing,1,AT49,Sundays Arid Thicket,AridThicket,1,2,severe,2,severe,AT49_severe,24.872868,-33.026157
514,existing,1,AT49,Sundays Arid Thicket,AridThicket,1,2,severe,2,severe,AT49_severe,24.866939,-33.203485
515,existing,1,AT49,Sundays Arid Thicket,AridThicket,1,2,severe,2,severe,AT49_severe,24.701739,-33.095148
516,existing,1,AT49,Sundays Arid Thicket,AridThicket,1,2,severe,2,severe,AT49_severe,24.983091,-33.113743
517,existing,1,AT49,Sundays Arid Thicket,AridThicket,1,2,severe,2,severe,AT49_severe,24.482909,-32.879013
518,existing,1,AT33,Gamka Arid Thicket,AridThicket,1,2,severe,2,severe,AT33_severe,22.135073,-33.215342
519,existing,1,AT49,Sundays Arid Thicket,AridThicket,1,2,severe,2,severe,AT49_severe,24.932426,-33.198903
520,existing,1,AT27,Escarpment Arid Thicket,AridThicket,1,2,severe,2,severe,AT27_severe,24.653499,-32.113918
521,existing,1,AT49,Sundays Arid Thicket,AridThicket,1,2,severe,2,severe,AT49_severe,24.362176,-33.458426
522,existing,1,AT49,Sundays Arid Thicket,AridThicket,1,2,severe,1,moderate,AT49_severe,25.401077,-33.030469
523,existing,1,AT49,Sundays Arid Thicket,AridThicket,1,2,severe,2,severe,AT49_severe,24.890655,-33.525261
524,existing,1,AT32,Fish Valley Thicket,ValleyThicket,2,2,severe,2,severe,AT32_severe,25.241267,-32.554003
525,existing,1,AT49,Sundays Arid Thicket,AridThicket,1,2,severe,2,severe,AT49_severe,23.736409,-33.050951
526,existing,1,AT19,Baviaans Valley Thicket,ValleyThicket,2,2,severe,1,moderate,AT19_severe,25.134278,-33.573231
527,existing,1,AT32,Fish Valley Thicket,ValleyThicket,2,2,severe,2,severe,AT32_severe,25.286542,-32.957436
528,existing,1,AT18,Albany Valley Thicket,ValleyThicket,2,2,severe,2,severe,AT18_severe,26.059722,-33.374344
529,existing,1,AT49,Sundays Arid Thicket,AridThicket,1,2,severe,2,severe,AT49_severe,24.412032,-33.043405
530,existing,1,AT49,Sundays Arid Thicket,AridThicket,1,2,severe,1,moderate,AT49_severe,25.10652,-33.567302
531,existing,1,AT49,Sundays Arid Thicket,AridThicket,1,2,severe,2,severe,AT49_severe,24.679371,-33.508822
532,existing,1,AT51,Sundays Valley Thicket,ValleyThicket,2,2,severe,2,severe,AT51_severe,25.316726,-33.581316
533,existing,1,AT18,Albany Valley Thicket,ValleyThicket,2,2,severe,1,moderate,AT18_severe,26.1783,-33.155245
534,existing,1,AT49,Sundays Arid Thicket,AridThicket,1,2,severe,2,severe,AT49_severe,25.377631,-32.987619
535,existing,1,AT32,Fish Valley Thicket,ValleyThicket,2,2,severe,2,severe,AT32_severe,26.568528,-32.987619
536,existing,1,AT49,Sundays Arid Thicket,AridThicket,1,2,severe,2,severe,AT49_severe,24.793637,-32.751273
537,existing,1,AT49,Sundays Arid Thicket,AridThicket,1,2,severe,2,severe,AT49_severe,25.127001,-33.00891
538,existing,1,AT32,Fish Valley Thicket,ValleyThicket,2,2,severe,2,severe,AT32_severe,25.931982,-32.585264
539,existing,1,AT51,Sundays Valley Thicket,ValleyThicket,2,2,severe,1,moderate,AT51_severe,24.536808,-33.679682
540,existing,1,AT30,Fish Arid Thicket,AridThicket,1,2,severe,2,severe,AT30_severe,26.369102,-33.126409
541,existing,1,AT49,Sundays Arid Thicket,AridThicket,1,2,severe,2,severe,AT49_severe,25.102747,-33.021576
542,existing,1,AT29,Escarpment Valley Thicket,ValleyThicket,2,2,severe,2,severe,AT29_severe,25.101399,-32.490402
543,existing,1,AT49,Sundays Arid Thicket,AridThicket,1,2,severe,2,severe,AT49_severe,25.195992,-32.824575
544,existing,1,AT32,Fish Valley Thicket,ValleyThicket,2,2,severe,2,severe,AT32_severe,25.342058,-32.916203
545,existing,1,AT27,Escarpment Arid Thicket,AridThicket,1,2,severe,2,severe,AT27_severe,24.362984,-32.546187
546,existing,1,AT49,Sundays Arid Thicket,AridThicket,1,2,severe,2,severe,AT49_severe,24.977162,-32.855567
547,existing,1,AT49,Sundays Arid Thicket,AridThicket,1,2,severe,2,severe,AT49_severe,24.184579,-33.146082
548,existing,1,AT49,Sundays Arid Thicket,AridThicket,1,2,severe,2,severe,AT49_severe,25.070677,-33.484028
549,existing,1,AT49,Sundays Arid Thicket,AridThicket,1,2,severe,2,severe,AT49_severe,25.190063,-33.215342
550,existing,1,AT49,Sundays Arid Thicket,AridThicket,1,2,severe,2,severe,AT49_severe,25.107328,-33.175457
551,existing,1,AT32,Fish Valley Thicket,ValleyThicket,2,2,severe,2,severe,AT32_severe,25.886168,-32.527862
552,existing,1,AT49,Sundays Arid Thicket,AridThicket,1,2,severe,2,severe,AT49_severe,24.59987,-33.479986
553,existing,1,AT49,Sundays Arid Thicket,AridThicket,1,2,severe,2,severe,AT49_severe,25.271989,-33.135033
554,existing,1,AT18,Albany Valley Thicket,ValleyThicket,2,2,severe,1,moderate,AT18_severe,25.683777,-33.240675
555,existing,1,AT49,Sundays Arid Thicket,AridThicket,1,2,severe,2,severe,AT49_severe,24.195898,-33.080865
556,existing,1,AT28,Escarpment Mesic Thicket,MesicThicket,3,2,severe,2,severe,AT28_severe,26.640483,-32.717586
557,existing,1,AT49,Sundays Arid Thicket,AridThicket,1,2,severe,2,severe,AT49_severe,25.169043,-33.004867
558,existing,1,AT49,Sundays Arid Thicket,AridThicket,1,2,severe,2,severe,AT49_severe,23.973026,-33.185967
559,existing,1,AT49,Sundays Arid Thicket,AridThicket,1,2,severe,2,severe,AT49_severe,24.181345,-32.80059
560,existing,1,AT49,Sundays Arid Thicket,AridThicket,1,2,severe,2,severe,AT49_severe,24.561063,-33.036937
561,existing,1,AT32,Fish Valley Thicket,ValleyThicket,2,2,severe,2,severe,AT32_severe,25.232374,-32.575293
562,existing,1,AT49,Sundays Arid Thicket,AridThicket,1,2,severe,2,severe,AT49_severe,24.31205,-33.215342
563,existing,1,AT49,Sundays Arid Thicket,AridThicket,1,2,severe,2,severe,AT49_severe,24.105078,-32.835355
564,existing,1,AT29,Escarpment Valley Thicket,ValleyThicket,2,2,severe,2,severe,AT29_severe,24.70632,-32.457254
565,existing,1,AT33,Gamka Arid Thicket,AridThicket,1,2,severe,2,severe,AT33_severe,21.605785,-33.258192
566,existing,1,AT32,Fish Valley Thicket,ValleyThicket,2,2,severe,2,severe,AT32_severe,26.777386,-32.559123
567,existing,1,AT49,Sundays Arid Thicket,AridThicket,1,2,severe,2,severe,AT49_severe,24.817622,-32.982499
568,existing,1,AT32,Fish Valley Thicket,ValleyThicket,2,2,severe,2,severe,AT32_severe,25.642006,-32.980882
569,existing,1,AT49,Sundays Arid Thicket,AridThicket,1,2,severe,2,severe,AT49_severe,24.661315,-32.985733
570,existing,1,AT32,Fish Valley Thicket,ValleyThicket,2,2,severe,2,severe,AT32_severe,25.837659,-32.695218
571,existing,1,AT49,Sundays Arid Thicket,AridThicket,1,2,severe,2,severe,AT49_severe,25.163114,-33.515559
572,existing,1,AT49,Sundays Arid Thicket,AridThicket,1,2,severe,2,severe,AT49_severe,25.070408,-33.486184
573,existing,1,AT49,Sundays Arid Thicket,AridThicket,1,2,severe,2,severe,AT49_severe,24.216649,-33.220193
574,existing,1,AT29,Escarpment Valley Thicket,ValleyThicket,2,2,severe,2,severe,AT29_severe,25.129966,-32.413865
575,existing,1,AT49,Sundays Arid Thicket,AridThicket,1,2,severe,2,severe,AT49_severe,25.045345,-33.011874
576,existing,1,AT49,Sundays Arid Thicket,AridThicket,1,2,severe,2,severe,AT49_severe,23.908077,-33.082212
577,existing,1,AT49,Sundays Arid Thicket,AridThicket,1,2,severe,2,severe,AT49_severe,24.609841,-33.461121
578,existing,1,,,,,2,severe,2,severe,outside_severe,24.066001,-33.300772
579,existing,1,AT49,Sundays Arid Thicket,AridThicket,1,2,severe,2,severe,AT49_severe,23.723474,-33.181117
580,existing,1,AT49,Sundays Arid Thicket,AridThicket,1,2,severe,2,severe,AT49_severe,24.954255,-33.063347
581,existing,1,AT49,Sundays Arid Thicket,AridThicket,1,2,severe,2,severe,AT49_severe,24.99441,-32.970372
582,existing,1,AT49,Sundays Arid Thicket,AridThicket,1,2,severe,2,severe,AT49_severe,24.910058,-33.164677
583,existing,1,AT49,Sundays Arid Thicket,AridThicket,1,2,severe,2,severe,AT49_severe,24.994949,-33.21642
584,existing,1,AT49,Sundays Arid Thicket,AridThicket,1,2,severe,2,severe,AT49_severe,24.735426,-33.50451
585,existing,1,AT49,Sundays Arid Thicket,AridThicket,1,2,severe,2,severe,AT49_severe,24.561332,-33.567841
586,existing,1,AT51,Sundays Valley Thicket,ValleyThicket,2,2,severe,1,moderate,AT51_severe,24.871251,-33.453037
587,existing,1,AT49,Sundays Arid Thicket,AridThicket,1,2,severe,2,severe,AT49_severe,24.49342,-33.450881
588,existing,1,AT27,Escarpment Arid Thicket,AridThicket,1,2,severe,2,severe,AT27_severe,24.390742,-32.521663
589,existing,1,AT49,Sundays Arid Thicket,AridThicket,1,2,severe,2,severe,AT49_severe,23.81079,-33.054185
590,existing,1,AT49,Sundays Arid Thicket,AridThicket,1,2,severe,2,severe,AT49_severe,23.760125,-33.183003
591,existing,1,AT49,Sundays Arid Thicket,AridThicket,1,2,severe,2,severe,AT49_severe,24.952908,-33.114012
592,existing,1,AT33,Gamka Arid Thicket,AridThicket,1,2,severe,2,severe,AT33_severe,21.647557,-33.544934
593,existing,1,,,,,2,severe,2,severe,outside_severe,25.105172,-32.468573
594,existing,1,AT30,Fish Arid Thicket,AridThicket,1,2,severe,2,severe,AT30_severe,26.544004,-33.130452
595,existing,1,AT21,Buffels Mesic Thicket,MesicThicket,3,2,severe,1,moderate,AT21_severe,27.747028,-33.002981
596,existing,1,AT32,Fish Valley Thicket,ValleyThicket,2,2,severe,2,severe,AT32_severe,25.95435,-32.672041
597,existing,1,AT49,Sundays Arid Thicket,AridThicket,1,2,severe,2,severe,AT49_severe,24.636791,-32.946926
598,existing,1,AT17,Albany Mesic Thicket,MesicThicket,3,2,severe,1,moderate,AT17_severe,25.859218,-33.543317
599,existing,1,AT33,Gamka Arid Thicket,AridThicket,1,2,severe,2,severe,AT33_severe,22.606149,-33.286758
600,existing,1,AT27,Escarpment Arid Thicket,AridThicket,1,2,severe,2,severe,AT27_severe,25.475458,-32.001808
601,existing,1,AT51,Sundays Valley Thicket,ValleyThicket,2,2,severe,0,intact,AT51_severe,24.748092,-33.752984
602,existing,1,AT49,Sundays Arid Thicket,AridThicket,1,2,severe,2,severe,AT49_severe,24.70632,-33.041249
603,existing,1,AT49,Sundays Arid Thicket,AridThicket,1,2,severe,2,severe,AT49_severe,24.793098,-33.182195
604,existing,1,,,,,2,severe,2,severe,outside_severe,25.140207,-33.38216
605,existing,1,AT49,Sundays Arid Thicket,AridThicket,1,2,severe,2,severe,AT49_severe,24.582083,-33.481873
606,existing,1,AT33,Gamka Arid Thicket,AridThicket,1,2,severe,2,severe,AT33_severe,22.652233,-33.294304
607,existing,1,AT49,Sundays Arid Thicket,AridThicket,1,2,severe,2,severe,AT49_severe,25.188716,-33.169528
608,existing,1,AT49,Sundays Arid Thicket,AridThicket,1,2,severe,1,moderate,AT49_severe,24.440329,-33.449803
609,existing,1,AT49,Sundays Arid Thicket,AridThicket,1,2,severe,2,severe,AT49_severe,24.039052,-33.057688
610,existing,1,AT49,Sundays Arid Thicket,AridThicket,1,2,severe,2,severe,AT49_severe,25.151795,-33.508822
611,existing,1,AT29,Escarpment Valley Thicket,ValleyThicket,2,2,severe,2,severe,AT29_severe,24.748361,-32.4807
612,existing,1,AT32,Fish Valley Thicket,ValleyThicket,2,2,severe,2,severe,AT32_severe,25.174702,-32.917012
613,existing,1,AT49,Sundays Arid Thicket,AridThicket,1,2,severe,2,severe,AT49_severe,25.035104,-33.075744
614,existing,1,AT51,Sundays Valley Thicket,ValleyThicket,2,2,severe,2,severe,AT51_severe,24.926228,-33.46732
615,existing,1,AT49,Sundays Arid Thicket,AridThicket,1,2,severe,2,severe,AT49_severe,25.145866,-33.433363
616,existing,1,AT32,Fish Valley Thicket,ValleyThicket,2,2,severe,2,severe,AT32_severe,25.942223,-32.536486
617,existing,1,AT51,Sundays Valley Thicket,ValleyThicket,2,2,severe,2,severe,AT51_severe,25.609397,-33.600181
618,existing,1,AT49,Sundays Arid Thicket,AridThicket,1,2,severe,2,severe,AT49_severe,25.349604,-33.457618
619,existing,1,AT34,Gamka Valley Thicket,ValleyThicket,2,2,severe,2,severe,AT34_severe,22.350129,-33.553019
620,existing,1,AT19,Baviaans Valley Thicket,ValleyThicket,2,2,severe,1,moderate,AT19_severe,25.252047,-33.252533
621,existing,1,AT49,Sundays Arid Thicket,AridThicket,1,2,severe,2,severe,AT49_severe,24.481023,-33.44064
622,existing,1,AT32,Fish Valley Thicket,ValleyThicket,2,2,severe,2,severe,AT32_severe,25.331548,-32.843979
623,existing,1,AT49,Sundays Arid Thicket,AridThicket,1,2,severe,2,severe,AT49_severe,24.284292,-33.287567
624,existing,1,AT32,Fish Valley Thicket,ValleyThicket,2,2,severe,2,severe,AT32_severe,26.837214,-33.098382
625,existing,1,AT49,Sundays Arid Thicket,AridThicket,1,2,severe,1,moderate,AT49_severe,24.46135,-33.203485
626,existing,1,AT49,Sundays Arid Thicket,AridThicket,1,2,severe,0,intact,AT49_severe,23.186101,-33.375422
627,existing,1,AT49,Sundays Arid Thicket,AridThicket,1,2,severe,2,severe,AT49_severe,24.725454,-33.0302
628,existing,1,AT49,Sundays Arid Thicket,AridThicket,1,2,severe,2,severe,AT49_severe,24.632209,-32.871467
629,existing,1,AT49,Sundays Arid Thicket,AridThicket,1,2,severe,2,severe,AT49_severe,24.676945,-33.21669
630,existing,1,AT29,Escarpment Valley Thicket,ValleyThicket,2,2,severe,2,severe,AT29_severe,24.991715,-32.42222
631,existing,1,AT49,Sundays Arid Thicket,AridThicket,1,2,severe,2,severe,AT49_severe,24.279441,-33.162252
632,existing,1,AT33,Gamka Arid Thicket,AridThicket,1,2,severe,2,severe,AT33_severe,21.58719,-33.432286
633,existing,1,AT32,Fish Valley Thicket,ValleyThicket,2,2,severe,2,severe,AT32_severe,25.054777,-32.915395
634,existing,1,AT49,Sundays Arid Thicket,AridThicket,1,2,severe,2,severe,AT49_severe,25.024054,-32.84883
635,existing,1,AT49,Sundays Arid Thicket,AridThicket,1,2,severe,2,severe,AT49_severe,25.069869,-33.456001
636,existing,1,,,,,2,severe,2,severe,outside_severe,23.800549,-33.143118
637,existing,1,AT51,Sundays Valley Thicket,ValleyThicket,2,2,severe,2,severe,AT51_severe,25.258784,-33.529304
638,existing,1,AT32,Fish Valley Thicket,ValleyThicket,2,2,severe,2,severe,AT32_severe,25.692671,-32.466147
639,existing,1,AT32,Fish Valley Thicket,ValleyThicket,2,2,severe,2,severe,AT32_severe,25.382482,-32.631348
640,existing,1,AT51,Sundays Valley Thicket,ValleyThicket,2,2,severe,2,severe,AT51_severe,24.905477,-33.374344
641,existing,1,,,,,2,severe,1,moderate,outside_severe,25.466026,-33.636293
642,existing,1,AT49,Sundays Arid Thicket,AridThicket,1,2,severe,2,severe,AT49_severe,24.707129,-32.890062
643,existing,1,AT49,Sundays Arid Thicket,AridThicket,1,2,severe,2,severe,AT49_severe,24.579927,-32.983308
644,existing,1,AT49,Sundays Arid Thicket,AridThicket,1,2,severe,2,severe,AT49_severe,25.058011,-33.096765
645,existing,1,AT49,Sundays Arid Thicket,AridThicket,1,2,severe,2,severe,AT49_severe,24.395324,-33.239327
646,existing,1,AT30,Fish Arid Thicket,AridThicket,1,2,severe,2,severe,AT30_severe,26.531338,-33.15794
647,existing,1,AT49,Sundays Arid Thicket,AridThicket,1,2,severe,2,severe,AT49_severe,25.119725,-33.052298
648,existing,1,AT49,Sundays Arid Thicket,AridThicket,1,2,severe,2,severe,AT49_severe,25.210275,-33.011874
649,existing,1,AT18,Albany Valley Thicket,ValleyThicket,2,2,severe,2,severe,AT18_severe,25.605893,-33.223427
650,existing,1,AT27,Escarpment Arid Thicket,AridThicket,1,2,severe,2,severe,AT27_severe,24.282675,-32.363739
651,existing,1,AT49,Sundays Arid Thicket,AridThicket,1,2,severe,2,severe,AT49_severe,24.419578,-32.800051
652,existing,1,AT51,Sundays Valley Thicket,ValleyThicket,2,2,severe,2,severe,AT51_severe,25.001417,-33.374344
653,existing,1,AT17,Albany Mesic Thicket,MesicThicket,3,2,severe,-1,transformed,AT17_severe,26.100416,-33.6433
654,existing,1,AT49,Sundays Arid Thicket,AridThicket,1,2,severe,2,severe,AT49_severe,24.568878,-33.077092
655,existing,1,AT49,Sundays Arid Thicket,AridThicket,1,2,severe,2,severe,AT49_severe,24.129602,-32.824306
656,existing,1,AT29,Escarpment Valley Thicket,ValleyThicket,2,2,severe,2,severe,AT29_severe,24.801991,-32.436234
657,existing,1,AT32,Fish Valley Thicket,ValleyThicket,2,2,severe,2,severe,AT32_severe,25.854367,-32.891679
658,existing,1,AT51,Sundays Valley Thicket,ValleyThicket,2,2,severe,2,severe,AT51_severe,25.652516,-33.558948
659,existing,1,AT49,Sundays Arid Thicket,AridThicket,1,2,severe,2,severe,AT49_severe,24.776389,-32.839667
660,existing,1,AT32,Fish Valley Thicket,ValleyThicket,2,2,severe,2,severe,AT32_severe,25.294358,-32.662339
661,existing,1,AT49,Sundays Arid Thicket,AridThicket,1,2,severe,2,severe,AT49_severe,24.37592,-33.229626
662,existing,1,AT49,Sundays Arid Thicket,AridThicket,1,2,severe,2,severe,AT49_severe,24.600409,-33.135841
663,existing,1,AT49,Sundays Arid Thicket,AridThicket,1,2,severe,2,severe,AT49_severe,25.203268,-33.073049
664,existing,1,AT32,Fish Valley Thicket,ValleyThicket,2,2,severe,2,severe,AT32_severe,25.651707,-32.920515
665,existing,1,AT30,Fish Arid Thicket,AridThicket,1,2,severe,1,moderate,AT30_severe,26.358053,-33.157132
666,existing,1,AT32,Fish Valley Thicket,ValleyThicket,2,2,severe,1,moderate,AT32_severe,26.517593,-33.086254
667,existing,1,AT51,Sundays Valley Thicket,ValleyThicket,2,2,severe,-1,transformed,AT51_severe,25.686742,-33.596677
668,existing,1,AT29,Escarpment Valley Thicket,ValleyThicket,2,2,severe,2,severe,AT29_severe,25.094932,-32.382874
669,existing,1,AT49,Sundays Arid Thicket,AridThicket,1,2,severe,2,severe,AT49_severe,25.177936,-32.809214
670,existing,1,AT32,Fish Valley Thicket,ValleyThicket,2,2,severe,2,severe,AT32_severe,25.243423,-32.647787
671,existing,1,AT49,Sundays Arid Thicket,AridThicket,1,2,severe,2,severe,AT49_severe,25.210275,-33.085446
672,existing,1,AT49,Sundays Arid Thicket,AridThicket,1,2,severe,2,severe,AT49_severe,25.357689,-33.438214
673,existing,1,AT29,Escarpment Valley Thicket,ValleyThicket,2,2,severe,2,severe,AT29_severe,24.972042,-32.405242
674,existing,1,AT49,Sundays Arid Thicket,AridThicket,1,2,severe,2,severe,AT49_severe,24.805494,-33.170606
675,existing,1,AT51,Sundays Valley Thicket,ValleyThicket,2,2,severe,2,severe,AT51_severe,25.330739,-33.409378
676,existing,1,AT32,Fish Valley Thicket,ValleyThicket,2,2,severe,2,severe,AT32_severe,25.765165,-32.926175
677,existing,1,AT32,Fish Valley Thicket,ValleyThicket,2,2,severe,2,severe,AT32_severe,25.797234,-32.679048
678,existing,1,AT49,Sundays Arid Thicket,AridThicket,1,2,severe,2,severe,AT49_severe,24.259768,-33.239058
679,existing,1,AT49,Sundays Arid Thicket,AridThicket,1,2,severe,2,severe,AT49_severe,24.820317,-33.05688
680,existing,1,AT49,Sundays Arid Thicket,AridThicket,1,2,severe,2,severe,AT49_severe,24.141999,-33.207258
681,existing,1,AT49,Sundays Arid Thicket,AridThicket,1,2,severe,2,severe,AT49_severe,25.194645,-32.767442
682,existing,1,AT32,Fish Valley Thicket,ValleyThicket,2,2,severe,2,severe,AT32_severe,25.721506,-32.869581
683,existing,1,AT49,Sundays Arid Thicket,AridThicket,1,2,severe,2,severe,AT49_severe,25.060706,-33.17411
684,existing,1,AT49,Sundays Arid Thicket,AridThicket,1,2,severe,2,severe,AT49_severe,25.17066,-33.098921
685,existing,1,AT49,Sundays Arid Thicket,AridThicket,1,2,severe,2,severe,AT49_severe,24.396671,-33.578891
686,existing,1,AT49,Sundays Arid Thicket,AridThicket,1,2,severe,2,severe,AT49_severe,24.641103,-32.917012
687,existing,1,AT37,Gouritz Valley Thicket,ValleyThicket,2,2,severe,-1,transformed,AT37_severe,21.75778,-34.23511
688,existing,1,AT49,Sundays Arid Thicket,AridThicket,1,2,severe,2,severe,AT49_severe,25.22914,-32.910813
689,existing,1,AT27,Escarpment Arid Thicket,AridThicket,1,2,severe,2,severe,AT27_severe,24.323369,-32.487438
690,existing,1,AT49,Sundays Arid Thicket,AridThicket,1,2,severe,2,severe,AT49_severe,24.881222,-33.07817
691,existing,1,AT32,Fish Valley Thicket,ValleyThicket,2,2,severe,2,severe,AT32_severe,25.196261,-32.916203
692,existing,1,AT18,Albany Valley Thicket,ValleyThicket,2,2,severe,2,severe,AT18_severe,25.85814,-33.114821
693,existing,1,AT49,Sundays Arid Thicket,AridThicket,1,2,severe,2,severe,AT49_severe,24.593402,-33.573231
694,existing,1,AT34,Gamka Valley Thicket,ValleyThicket,2,2,severe,2,severe,AT34_severe,22.252842,-33.53119
695,existing,1,AT51,Sundays Valley Thicket,ValleyThicket,2,2,severe,0,intact,AT51_severe,25.486238,-33.777508
696,existing,1,AT33,Gamka Arid Thicket,AridThicket,1,2,severe,2,severe,AT33_severe,22.059884,-33.154976
697,existing,1,AT49,Sundays Arid Thicket,AridThicket,1,2,severe,2,severe,AT49_severe,24.801991,-33.509091
698,existing,1,AT27,Escarpment Arid Thicket,AridThicket,1,2,severe,2,severe,AT27_severe,24.507703,-32.294749
699,existing,1,AT29,Escarpment Valley Thicket,ValleyThicket,2,2,severe,2,severe,AT29_severe,24.712788,-32.435964
700,existing,1,AT49,Sundays Arid Thicket,AridThicket,1,2,severe,2,severe,AT49_severe,24.188891,-33.128565
701,existing,1,AT29,Escarpment Valley Thicket,ValleyThicket,2,2,severe,2,severe,AT29_severe,25.104633,-32.43273
702,existing,1,AT49,Sundays Arid Thicket,AridThicket,1,2,severe,2,severe,AT49_severe,24.393707,-33.243639
703,existing,1,AT32,Fish Valley Thicket,ValleyThicket,2,2,severe,1,moderate,AT32_severe,25.213509,-32.936685
704,existing,1,AT49,Sundays Arid Thicket,AridThicket,1,2,severe,2,severe,AT49_severe,24.759411,-32.966868
705,existing,1,AT32,Fish Valley Thicket,ValleyThicket,2,2,severe,2,severe,AT32_severe,25.682699,-32.93911
706,existing,1,AT33,Gamka Arid Thicket,AridThicket,1,2,severe,2,severe,AT33_severe,21.747809,-33.257923
707,existing,1,AT49,Sundays Arid Thicket,AridThicket,1,2,severe,2,severe,AT49_severe,24.987134,-33.167642
708,existing,1,AT51,Sundays Valley Thicket,ValleyThicket,2,2,severe,2,severe,AT51_severe,25.110832,-33.392939
709,existing,1,AT49,Sundays Arid Thicket,AridThicket,1,2,severe,2,severe,AT49_severe,24.722221,-33.09919
710,existing,1,AT32,Fish Valley Thicket,ValleyThicket,2,2,severe,2,severe,AT32_severe,25.907458,-32.396618
711,existing,1,AT27,Escarpment Arid Thicket,AridThicket,1,2,severe,2,severe,AT27_severe,24.404217,-32.50738
712,existing,1,AT27,Escarpment Arid Thicket,AridThicket,1,2,severe,2,severe,AT27_severe,24.499349,-32.289089
713,existing,1,AT49,Sundays Arid Thicket,AridThicket,1,2,severe,2,severe,AT49_severe,23.078034,-33.375422
714,existing,1,AT49,Sundays Arid Thicket,AridThicket,1,2,severe,2,severe,AT49_severe,24.660776,-33.018611
715,existing,1,AT49,Sundays Arid Thicket,AridThicket,1,2,severe,2,severe,AT49_severe,24.47698,-33.208066
716,existing,1,AT49,Sundays Arid Thicket,AridThicket,1,2,severe,2,severe,AT49_severe,24.38104,-33.571614
717,existing,1,AT49,Sundays Arid Thicket,AridThicket,1,2,severe,2,severe,AT49_severe,24.511476,-32.92348
718,existing,1,AT49,Sundays Arid Thicket,AridThicket,1,2,severe,2,severe,AT49_severe,24.692576,-33.289184
719,existing,1,AT19,Baviaans Valley Thicket,ValleyThicket,2,2,severe,2,severe,AT19_severe,23.857412,-33.446299
720,existing,1,AT51,Sundays Valley Thicket,ValleyThicket,2,2,severe,2,severe,AT51_severe,25.171737,-33.3924
721,existing,1,AT49,Sundays Arid Thicket,AridThicket,1,2,severe,2,severe,AT49_severe,24.833522,-32.817568
722,existing,1,AT49,Sundays Arid Thicket,AridThicket,1,2,severe,2,severe,AT49_severe,24.398288,-33.190279
723,existing,1,AT32,Fish Valley Thicket,ValleyThicket,2,2,severe,2,severe,AT32_severe,25.313492,-32.683899
724,existing,1,AT18,Albany Valley Thicket,ValleyThicket,2,2,severe,0,intact,AT18_severe,26.186924,-33.299964
725,existing,1,AT49,Sundays Arid Thicket,AridThicket,1,2,severe,2,severe,AT49_severe,25.204616,-33.161443
726,existing,1,AT49,Sundays Arid Thicket,AridThicket,1,2,severe,2,severe,AT49_severe,24.581814,-32.919437
727,existing,1,AT49,Sundays Arid Thicket,AridThicket,1,2,severe,2,severe,AT49_severe,25.298939,-33.022654
728,existing,1,AT32,Fish Valley Thicket,ValleyThicket,2,2,severe,2,severe,AT32_severe,25.022976,-32.917281
729,existing,1,AT49,Sundays Arid Thicket,AridThicket,1,2,severe,2,severe,AT49_severe,24.200749,-33.333651
730,existing,1,AT32,Fish Valley Thicket,ValleyThicket,2,2,severe,2,severe,AT32_severe,25.303251,-32.617873
731,existing,1,AT29,Escarpment Valley Thicket,ValleyThicket,2,2,severe,2,severe,AT29_severe,24.67425,-32.455907
732,existing,1,AT29,Escarpment Valley Thicket,ValleyThicket,2,2,severe,2,severe,AT29_severe,25.015161,-32.398504
733,existing,1,AT49,Sundays Arid Thicket,AridThicket,1,2,severe,2,severe,AT49_severe,24.443833,-33.446299
734,existing,1,AT51,Sundays Valley Thicket,ValleyThicket,2,2,severe,2,severe,AT51_severe,24.942667,-33.414768
735,existing,1,AT49,Sundays Arid Thicket,AridThicket,1,2,severe,2,severe,AT49_severe,24.560793,-33.157671
736,existing,1,AT29,Escarpment Valley Thicket,ValleyThicket,2,2,severe,2,severe,AT29_severe,25.243962,-32.629731
737,existing,1,AT49,Sundays Arid Thicket,AridThicket,1,2,severe,2,severe,AT49_severe,25.224289,-32.905963
738,existing,1,AT18,Albany Valley Thicket,ValleyThicket,2,2,severe,2,severe,AT18_severe,26.089097,-33.443874
739,existing,1,AT18,Albany Valley Thicket,ValleyThicket,2,2,severe,2,severe,AT18_severe,26.14111,-33.464355
740,existing,1,AT29,Escarpment Valley Thicket,ValleyThicket,2,2,severe,2,severe,AT29_severe,24.806303,-32.488515
741,existing,1,AT29,Escarpment Valley Thicket,ValleyThicket,2,2,severe,2,severe,AT29_severe,25.110293,-32.480161
742,existing,1,AT27,Escarpment Arid Thicket,AridThicket,1,2,severe,2,severe,AT27_severe,24.323369,-32.514117
743,existing,1,AT49,Sundays Arid Thicket,AridThicket,1,2,severe,2,severe,AT49_severe,24.430627,-33.270589
744,existing,1,AT27,Escarpment Arid Thicket,AridThicket,1,2,severe,2,severe,AT27_severe,25.53825,-32.170781
745,existing,1,AT49,Sundays Arid Thicket,AridThicket,1,2,severe,2,severe,AT49_severe,24.775041,-32.982499
746,existing,1,AT49,Sundays Arid Thicket,AridThicket,1,2,severe,2,severe,AT49_severe,24.138226,-33.022923
747,existing,1,AT49,Sundays Arid Thicket,AridThicket,1,2,severe,2,severe,AT49_severe,24.489108,-33.235015
748,existing,1,AT29,Escarpment Valley Thicket,ValleyThicket,2,2,severe,2,severe,AT29_severe,24.718178,-32.474502
749,existing,1,AT27,Escarpment Arid Thicket,AridThicket,1,2,severe,2,severe,AT27_severe,25.28789,-32.802477
750,existing,1,AT27,Escarpment Arid Thicket,AridThicket,1,2,severe,2,severe,AT27_severe,24.362715,-32.55023
751,existing,1,AT49,Sundays Arid Thicket,AridThicket,1,2,severe,2,severe,AT49_severe,24.651074,-33.025349
752,existing,1,AT49,Sundays Arid Thicket,AridThicket,1,2,severe,2,severe,AT49_severe,25.022707,-33.172493
753,existing,1,AT51,Sundays Valley Thicket,ValleyThicket,2,2,severe,2,severe,AT51_severe,24.764531,-33.335267
754,existing,1,AT29,Escarpment Valley Thicket,ValleyThicket,2,2,severe,2,severe,AT29_severe,25.046153,-32.494175
755,existing,1,AT32,Fish Valley Thicket,ValleyThicket,2,2,severe,2,severe,AT32_severe,25.872423,-32.564243
756,existing,1,AT49,Sundays Arid Thicket,AridThicket,1,2,severe,2,severe,AT49_severe,25.155568,-33.4781
757,existing,1,AT49,Sundays Arid Thicket,AridThicket,1,2,severe,2,severe,AT49_severe,24.455421,-33.527148
758,existing,1,AT29,Escarpment Valley Thicket,ValleyThicket,2,2,severe,2,severe,AT29_severe,24.897123,-32.456446
759,existing,1,AT29,Escarpment Valley Thicket,ValleyThicket,2,2,severe,2,severe,AT29_severe,25.062323,-32.486899
760,existing,1,AT19,Baviaans Valley Thicket,ValleyThicket,2,2,severe,1,moderate,AT19_severe,25.486238,-33.242292
761,existing,1,AT19,Baviaans Valley Thicket,ValleyThicket,2,2,severe,1,moderate,AT19_severe,23.452093,-33.220732
762,existing,1,AT49,Sundays Arid Thicket,AridThicket,1,2,severe,1,moderate,AT49_severe,24.258959,-33.215612
763,existing,1,AT29,Escarpment Valley Thicket,ValleyThicket,2,2,severe,2,severe,AT29_severe,24.798218,-32.334095
764,existing,1,AT18,Albany Valley Thicket,ValleyThicket,2,2,severe,1,moderate,AT18_severe,25.773249,-33.224775
765,existing,1,AT49,Sundays Arid Thicket,AridThicket,1,2,severe,2,severe,AT49_severe,24.997644,-32.87524
766,existing,1,AT49,Sundays Arid Thicket,AridThicket,1,2,severe,1,moderate,AT49_severe,25.121611,-33.544665
767,existing,1,AT18,Albany Valley Thicket,ValleyThicket,2,2,severe,2,severe,AT18_severe,25.718812,-33.132608
768,existing,1,AT51,Sundays Valley Thicket,ValleyThicket,2,2,severe,2,severe,AT51_severe,24.890385,-33.363564
769,existing,1,AT49,Sundays Arid Thicket,AridThicket,1,2,severe,2,severe,AT49_severe,24.864783,-33.506397
770,existing,1,,,,,2,severe,2,severe,outside_severe,25.098704,-32.524089
771,existing,1,AT27,Escarpment Arid Thicket,AridThicket,1,2,severe,1,moderate,AT27_severe,25.672728,-32.329244
772,existing,1,AT19,Baviaans Valley Thicket,ValleyThicket,2,2,severe,2,severe,AT19_severe,23.739374,-33.448455
773,existing,1,AT32,Fish Valley Thicket,ValleyThicket,2,2,severe,2,severe,AT32_severe,25.765165,-32.98708
774,existing,1,AT32,Fish Valley Thicket,ValleyThicket,2,2,severe,2,severe,AT32_severe,25.557384,-32.922402
775,existing,1,AT49,Sundays Arid Thicket,AridThicket,1,2,severe,2,severe,AT49_severe,24.465662,-33.258462
776,existing,1,AT32,Fish Valley Thicket,ValleyThicket,2,2,severe,2,severe,AT32_severe,26.353471,-33.061191
777,existing,1,AT49,Sundays Arid Thicket,AridThicket,1,2,severe,1,moderate,AT49_severe,24.448145,-33.202137
778,existing,1,AT34,Gamka Valley Thicket,ValleyThicket,2,2,severe,2,severe,AT34_severe,22.243679,-33.486993
779,existing,1,AT19,Baviaans Valley Thicket,ValleyThicket,2,2,severe,1,moderate,AT19_severe,24.59475,-33.391861
780,existing,1,AT50,Sundays Mesic Thicket,MesicThicket,3,2,severe,2,severe,AT50_severe,24.884726,-34.103327
781,existing,1,AT49,Sundays Arid Thicket,AridThicket,1,2,severe,2,severe,AT49_severe,24.309085,-33.187584
782,existing,1,AT29,Escarpment Valley Thicket,ValleyThicket,2,2,severe,2,severe,AT29_severe,24.919221,-32.456985
783,existing,1,AT49,Sundays Arid Thicket,AridThicket,1,2,severe,2,severe,AT49_severe,25.238303,-33.543587
784,existing,1,AT49,Sundays Arid Thicket,AridThicket,1,2,severe,2,severe,AT49_severe,23.422987,-33.123445
785,existing,1,AT32,Fish Valley Thicket,ValleyThicket,2,2,severe,2,severe,AT32_severe,25.757888,-32.935338
786,existing,1,AT49,Sundays Arid Thicket,AridThicket,1,2,severe,2,severe,AT49_severe,24.761297,-33.015377
787,existing,1,AT33,Gamka Arid Thicket,AridThicket,1,2,severe,2,severe,AT33_severe,21.653216,-33.545204
788,existing,1,AT32,Fish Valley Thicket,ValleyThicket,2,2,severe,2,severe,AT32_severe,25.005459,-32.930487
789,existing,1,AT49,Sundays Arid Thicket,AridThicket,1,2,severe,2,severe,AT49_severe,24.452995,-33.260887
790,existing,1,AT49,Sundays Arid Thicket,AridThicket,1,2,severe,2,severe,AT49_severe,25.416708,-33.020498
791,existing,1,AT29,Escarpment Valley Thicket,ValleyThicket,2,2,severe,2,severe,AT29_severe,25.17551,-32.57125
792,existing,1,AT32,Fish Valley Thicket,ValleyThicket,2,2,severe,1,moderate,AT32_severe,26.714055,-32.846943
793,existing,1,AT27,Escarpment Arid Thicket,AridThicket,1,2,severe,2,severe,AT27_severe,25.862991,-32.237347
794,existing,1,AT49,Sundays Arid Thicket,AridThicket,1,2,severe,2,severe,AT49_severe,25.092506,-33.053107
795,existing,1,AT51,Sundays Valley Thicket,ValleyThicket,2,2,severe,-1,transformed,AT51_severe,25.706145,-33.517446
796,existing,1,AT49,Sundays Arid Thicket,AridThicket,1,2,severe,2,severe,AT49_severe,24.634096,-33.14177
797,existing,1,AT51,Sundays Valley Thicket,ValleyThicket,2,2,severe,-1,transformed,AT51_severe,25.452012,-33.532807
798,existing,1,AT32,Fish Valley Thicket,ValleyThicket,2,2,severe,2,severe,AT32_severe,26.020376,-32.513039
799,existing,1,AT49,Sundays Arid Thicket,AridThicket,1,2,severe,2,severe,AT49_severe,25.014622,-33.126948
800,existing,1,AT49,Sundays Arid Thicket,AridThicket,1,2,severe,2,severe,AT49_severe,24.091873,-33.259001
801,existing,1,AT32,Fish Valley Thicket,ValleyThicket,2,2,severe,2,severe,AT32_severe,26.632129,-33.037745
802,existing,1,AT49,Sundays Arid Thicket,AridThicket,1,2,severe,2,severe,AT49_severe,24.920569,-33.178422
803,existing,1,AT27,Escarpment Arid Thicket,AridThicket,1,2,severe,2,severe,AT27_severe,24.647301,-32.134939
804,existing,1,AT49,Sundays Arid Thicket,AridThicket,1,2,severe,2,severe,AT49_severe,25.207311,-33.183542
805,existing,1,AT33,Gamka Arid Thicket,AridThicket,1,2,severe,2,severe,AT33_severe,21.772602,-33.255228
806,existing,1,AT49,Sundays Arid Thicket,AridThicket,1,2,severe,2,severe,AT49_severe,24.395593,-33.038015
807,existing,1,AT49,Sundays Arid Thicket,AridThicket,1,2,severe,2,severe,AT49_severe,23.977876,-33.101077
808,existing,1,AT49,Sundays Arid Thicket,AridThicket,1,2,severe,2,severe,AT49_severe,25.175241,-32.839128
809,existing,1,AT49,Sundays Arid Thicket,AridThicket,1,2,severe,2,severe,AT49_severe,24.389934,-33.212917
810,existing,1,AT49,Sundays Arid Thicket,AridThicket,1,2,severe,2,severe,AT49_severe,24.072469,-33.581316
811,existing,1,AT19,Baviaans Valley Thicket,ValleyThicket,2,2,severe,2,severe,AT19_severe,23.53348,-33.169798
812,existing,1,AT49,Sundays Arid Thicket,AridThicket,1,2,severe,2,severe,AT49_severe,24.47698,-33.01942
813,existing,1,AT51,Sundays Valley Thicket,ValleyThicket,2,2,severe,2,severe,AT51_severe,25.267139,-33.520949
814,existing,1,,,,,2,severe,2,severe,outside_severe,21.718973,-33.256306
815,existing,1,AT32,Fish Valley Thicket,ValleyThicket,2,2,severe,2,severe,AT32_severe,26.981663,-33.182734
816,existing,1,AT37,Gouritz Valley Thicket,ValleyThicket,2,2,severe,1,moderate,AT37_severe,21.690676,-33.990409
817,existing,1,AT49,Sundays Arid Thicket,AridThicket,1,2,severe,2,severe,AT49_severe,24.737582,-33.179769
818,existing,1,AT49,Sundays Arid Thicket,AridThicket,1,2,severe,2,severe,AT49_severe,25.225636,-33.540622
819,existing,1,AT49,Sundays Arid Thicket,AridThicket,1,2,severe,2,severe,AT49_severe,24.412841,-33.212917
820,existing,1,AT49,Sundays Arid Thicket,AridThicket,1,2,severe,2,severe,AT49_severe,24.80792,-32.943422
821,existing,1,AT27,Escarpment Arid Thicket,AridThicket,1,2,severe,2,severe,AT27_severe,24.620352,-32.153264
822,existing,1,AT49,Sundays Arid Thicket,AridThicket,1,2,severe,2,severe,AT49_severe,24.198593,-33.21669
823,existing,1,AT27,Escarpment Arid Thicket,AridThicket,1,2,severe,1,moderate,AT27_severe,24.356516,-32.514387
824,existing,1,AT51,Sundays Valley Thicket,ValleyThicket,2,2,severe,2,severe,AT51_severe,25.898834,-33.439292
825,existing,1,AT49,Sundays Arid Thicket,AridThicket,1,2,severe,2,severe,AT49_severe,25.219708,-32.890871
826,existing,1,AT22,Buffels Valley Thicket,ValleyThicket,2,2,severe,2,severe,AT22_severe,27.433336,-32.908927
827,existing,1,AT27,Escarpment Arid Thicket,AridThicket,1,2,severe,2,severe,AT27_severe,24.384274,-32.513578
828,existing,1,AT19,Baviaans Valley Thicket,ValleyThicket,2,2,severe,2,severe,AT19_severe,24.690151,-33.37138
829,existing,1,AT19,Baviaans Valley Thicket,ValleyThicket,2,2,severe,1,moderate,AT19_severe,23.454787,-33.223427
830,existing,1,AT49,Sundays Arid Thicket,AridThicket,1,2,severe,2,severe,AT49_severe,24.731922,-33.11509
831,existing,1,AT32,Fish Valley Thicket,ValleyThicket,2,2,severe,2,severe,AT32_severe,25.340441,-32.845865
832,existing,1,AT27,Escarpment Arid Thicket,AridThicket,1,2,severe,2,severe,AT27_severe,24.056299,-32.244084
833,existing,1,AT19,Baviaans Valley Thicket,ValleyThicket,2,2,severe,2,severe,AT19_severe,24.153856,-33.201329
834,existing,1,AT49,Sundays Arid Thicket,AridThicket,1,2,severe,2,severe,AT49_severe,25.083882,-32.890871
835,existing,1,AT49,Sundays Arid Thicket,AridThicket,1,2,severe,-1,transformed,AT49_severe,25.150717,-33.12048
836,existing,1,AT18,Albany Valley Thicket,ValleyThicket,2,2,severe,2,severe,AT18_severe,26.154045,-33.139345
837,existing,1,AT49,Sundays Arid Thicket,AridThicket,1,2,severe,2,severe,AT49_severe,24.910867,-33.521219
838,existing,1,AT27,Escarpment Arid Thicket,AridThicket,1,2,severe,2,severe,AT27_severe,24.562949,-32.121733
839,existing,1,AT49,Sundays Arid Thicket,AridThicket,1,2,severe,2,severe,AT49_severe,24.42416,-33.044752
840,existing,1,AT18,Albany Valley Thicket,ValleyThicket,2,2,severe,1,moderate,AT18_severe,26.197164,-33.132069
841,existing,1,AT49,Sundays Arid Thicket,AridThicket,1,2,severe,2,severe,AT49_severe,24.055221,-33.072241
842,existing,1,AT49,Sundays Arid Thicket,AridThicket,1,2,severe,1,moderate,AT49_severe,24.534922,-33.045561
843,existing,1,AT49,Sundays Arid Thicket,AridThicket,1,2,severe,2,severe,AT49_severe,25.022976,-33.152281
844,existing,1,AT27,Escarpment Arid Thicket,AridThicket,1,2,severe,2,severe,AT27_severe,25.886168,-32.234921
845,existing,1,AT49,Sundays Arid Thicket,AridThicket,1,2,severe,2,severe,AT49_severe,25.246387,-33.457349
846,new,2,AT15,Albany Arid Thicket,AridThicket,1,0,intact,0,intact,AT15_intact,26.643418,-33.223995
847,new,2,AT15,Albany Arid Thicket,AridThicket,1,0,intact,0,intact,AT15_intact,26.670781,-33.229689
848,new,2,AT15,Albany Arid Thicket,AridThicket,1,0,intact,0,intact,AT15_intact,26.837511,-33.251836
849,new,2,AT15,Albany Arid Thicket,AridThicket,1,0,intact,0,intact,AT15_intact,26.558269,-33.206344
850,new,2,AT15,Albany Arid Thicket,AridThicket,1,0,intact,0,intact,AT15_intact,26.673979,-33.230734
851,new,2,AT15,Albany Arid Thicket,AridThicket,1,0,intact,0,intact,AT15_intact,26.780094,-33.248428
852,new,2,AT15,Albany Arid Thicket,AridThicket,1,0,intact,0,intact,AT15_intact,26.607993,-33.215677
853,new,2,AT15,Albany Arid Thicket,AridThicket,1,0,intact,0,intact,AT15_intact,26.821257,-33.249019
854,new,2,AT15,Albany Arid Thicket,AridThicket,1,0,intact,0,intact,AT15_intact,26.651058,-33.224772
855,new,2,AT15,Albany Arid Thicket,AridThicket,1,0,intact,0,intact,AT15_intact,26.742443,-33.244742
856,new,2,AT15,Albany Arid Thicket,AridThicket,1,0,intact,0,intact,AT15_intact,26.779244,-33.250628
857,new,2,AT15,Albany Arid Thicket,AridThicket,1,0,intact,1,moderate,AT15_intact,26.858049,-33.253214
858,new,2,AT15,Albany Arid Thicket,AridThicket,1,0,intact,0,intact,AT15_intact,26.697551,-33.239052
859,new,2,AT15,Albany Arid Thicket,AridThicket,1,0,intact,0,intact,AT15_intact,26.588222,-33.213759
860,new,2,AT15,Albany Arid Thicket,AridThicket,1,0,intact,0,intact,AT15_intact,26.706451,-33.240049
861,new,2,AT15,Albany Arid Thicket,AridThicket,1,0,intact,0,intact,AT15_intact,26.667813,-33.228962
862,new,2,AT15,Albany Arid Thicket,AridThicket,1,0,intact,0,intact,AT15_intact,26.613326,-33.214306
863,new,2,AT15,Albany Arid Thicket,AridThicket,1,0,intact,0,intact,AT15_intact,26.566609,-33.211058
864,new,2,AT15,Albany Arid Thicket,AridThicket,1,0,intact,0,intact,AT15_intact,26.754218,-33.246842
865,new,2,AT15,Albany Arid Thicket,AridThicket,1,0,intact,0,intact,AT15_intact,26.629168,-33.219653
866,new,2,AT15,Albany Arid Thicket,AridThicket,1,0,intact,0,intact,AT15_intact,26.916984,-33.263502
867,new,2,AT15,Albany Arid Thicket,AridThicket,1,0,intact,0,intact,AT15_intact,26.642195,-33.221908
868,new,2,AT15,Albany Arid Thicket,AridThicket,1,0,intact,0,intact,AT15_intact,26.60652,-33.215325
869,new,2,AT15,Albany Arid Thicket,AridThicket,1,0,intact,0,intact,AT15_intact,26.828863,-33.250593
870,new,2,AT15,Albany Arid Thicket,AridThicket,1,0,intact,0,intact,AT15_intact,26.851984,-33.253088
871,new,2,AT15,Albany Arid Thicket,AridThicket,1,0,intact,0,intact,AT15_intact,26.788742,-33.249534
872,new,2,AT15,Albany Arid Thicket,AridThicket,1,0,intact,0,intact,AT15_intact,26.836794,-33.252214
873,new,2,AT15,Albany Arid Thicket,AridThicket,1,0,intact,0,intact,AT15_intact,26.908038,-33.262518
874,new,2,AT15,Albany Arid Thicket,AridThicket,1,0,intact,0,intact,AT15_intact,26.580486,-33.212814
875,new,2,AT15,Albany Arid Thicket,AridThicket,1,0,intact,1,moderate,AT15_intact,26.65737,-33.229421
876,new,2,AT15,Albany Arid Thicket,AridThicket,1,0,intact,0,intact,AT15_intact,26.794859,-33.249409
877,new,2,AT15,Albany Arid Thicket,AridThicket,1,0,intact,0,intact,AT15_intact,26.59893,-33.213339
878,new,2,AT15,Albany Arid Thicket,AridThicket,1,0,intact,1,moderate,AT15_intact,26.565308,-33.210656
879,new,2,AT15,Albany Arid Thicket,AridThicket,1,0,intact,0,intact,AT15_intact,26.66591,-33.229434
880,new,2,AT15,Albany Arid Thicket,AridThicket,1,0,intact,0,intact,AT15_intact,26.762504,-33.249295
881,new,2,AT15,Albany Arid Thicket,AridThicket,1,0,intact,0,intact,AT15_intact,26.832906,-33.248977
882,new,2,AT15,Albany Arid Thicket,AridThicket,1,0,intact,0,intact,AT15_intact,26.623967,-33.218418
883,new,2,AT15,Albany Arid Thicket,AridThicket,1,0,intact,0,intact,AT15_intact,26.674165,-33.231979
884,new,2,AT15,Albany Arid Thicket,AridThicket,1,0,intact,1,moderate,AT15_intact,26.887055,-33.257887
885,new,2,AT15,Albany Arid Thicket,AridThicket,1,0,intact,0,intact,AT15_intact,26.581751,-33.207975
886,new,2,AT15,Albany Arid Thicket,AridThicket,1,0,intact,0,intact,AT15_intact,26.700716,-33.237225
887,new,2,AT15,Albany Arid Thicket,AridThicket,1,0,intact,0,intact,AT15_intact,26.728233,-33.244295
888,new,2,AT15,Albany Arid Thicket,AridThicket,1,0,intact,0,intact,AT15_intact,26.67632,-33.234816
889,new,2,AT15,Albany Arid Thicket,AridThicket,1,0,intact,0,intact,AT15_intact,26.59077,-33.211238
890,new,2,AT15,Albany Arid Thicket,AridThicket,1,0,intact,0,intact,AT15_intact,26.574595,-33.207686
891,new,2,AT15,Albany Arid Thicket,AridThicket,1,0,intact,0,intact,AT15_intact,26.57268,-33.209568
892,new,2,AT15,Albany Arid Thicket,AridThicket,1,0,intact,0,intact,AT15_intact,26.6998,-33.238945
893,new,2,AT15,Albany Arid Thicket,AridThicket,1,0,intact,0,intact,AT15_intact,26.589449,-33.212696
894,new,2,AT15,Albany Arid Thicket,AridThicket,1,0,intact,0,intact,AT15_intact,26.904246,-33.260247
895,new,2,AT15,Albany Arid Thicket,AridThicket,1,0,intact,0,intact,AT15_intact,26.587253,-33.208608
896,new,2,AT15,Albany Arid Thicket,AridThicket,1,1,moderate,1,moderate,AT15_moderate,26.896547,-33.258133
897,new,2,AT15,Albany Arid Thicket,AridThicket,1,1,moderate,1,moderate,AT15_moderate,26.566067,-33.206365
898,new,2,AT15,Albany Arid Thicket,AridThicket,1,1,moderate,0,intact,AT15_moderate,26.565337,-33.204393
899,new,2,AT15,Albany Arid Thicket,AridThicket,1,1,moderate,1,moderate,AT15_moderate,26.891301,-33.257328
900,new,2,AT15,Albany Arid Thicket,AridThicket,1,2,severe,1,moderate,AT15_severe,26.905333,-33.263317
901,new,2,AT17,Albany Mesic Thicket,MesicThicket,3,0,intact,0,intact,AT17_intact,26.557128,-33.532555
902,new,2,AT17,Albany Mesic Thicket,MesicThicket,3,0,intact,0,intact,AT17_intact,26.588359,-33.590774
903,new,2,AT17,Albany Mesic Thicket,MesicThicket,3,0,intact,0,intact,AT17_intact,26.500236,-33.592215
904,new,2,AT17,Albany Mesic Thicket,MesicThicket,3,0,intact,0,intact,AT17_intact,26.52532,-33.633812
905,new,2,AT17,Albany Mesic Thicket,MesicThicket,3,0,intact,0,intact,AT17_intact,26.704322,-33.446781
906,new,2,AT17,Albany Mesic Thicket,MesicThicket,3,0,intact,0,intact,AT17_intact,26.86048,-33.566876
907,new,2,AT17,Albany Mesic Thicket,MesicThicket,3,0,intact,0,intact,AT17_intact,26.599041,-33.658321
908,new,2,AT17,Albany Mesic Thicket,MesicThicket,3,0,intact,0,intact,AT17_intact,25.876678,-33.325052
909,new,2,AT17,Albany Mesic Thicket,MesicThicket,3,0,intact,0,intact,AT17_intact,26.811234,-33.476868
910,new,2,AT17,Albany Mesic Thicket,MesicThicket,3,0,intact,0,intact,AT17_intact,26.645667,-33.323071
911,new,2,AT17,Albany Mesic Thicket,MesicThicket,3,0,intact,0,intact,AT17_intact,26.568221,-33.540446
912,new,2,AT17,Albany Mesic Thicket,MesicThicket,3,0,intact,0,intact,AT17_intact,25.847436,-33.309215
913,new,2,AT17,Albany Mesic Thicket,MesicThicket,3,0,intact,0,intact,AT17_intact,26.547778,-33.58544
914,new,2,AT17,Albany Mesic Thicket,MesicThicket,3,0,intact,0,intact,AT17_intact,26.636194,-33.622707
915,new,2,AT17,Albany Mesic Thicket,MesicThicket,3,0,intact,0,intact,AT17_intact,26.7312,-33.582217
916,new,2,AT17,Albany Mesic Thicket,MesicThicket,3,0,intact,0,intact,AT17_intact,26.422367,-33.375955
917,new,2,AT17,Albany Mesic Thicket,MesicThicket,3,0,intact,0,intact,AT17_intact,26.873984,-33.558088
918,new,2,AT17,Albany Mesic Thicket,MesicThicket,3,0,intact,0,intact,AT17_intact,26.484958,-33.622449
919,new,2,AT17,Albany Mesic Thicket,MesicThicket,3,1,moderate,-1,transformed,AT17_moderate,26.665422,-33.324832
920,new,2,AT17,Albany Mesic Thicket,MesicThicket,3,1,moderate,1,moderate,AT17_moderate,26.485199,-33.577126
921,new,2,AT17,Albany Mesic Thicket,MesicThicket,3,1,moderate,1,moderate,AT17_moderate,26.564317,-33.531524
922,new,2,AT17,Albany Mesic Thicket,MesicThicket,3,1,moderate,0,intact,AT17_moderate,26.572801,-33.573752
923,new,2,AT17,Albany Mesic Thicket,MesicThicket,3,1,moderate,-1,transformed,AT17_moderate,25.918971,-33.329928
924,new,2,AT17,Albany Mesic Thicket,MesicThicket,3,1,moderate,1,moderate,AT17_moderate,25.932087,-33.332572
925,new,2,AT17,Albany Mesic Thicket,MesicThicket,3,1,moderate,1,moderate,AT17_moderate,26.418173,-33.394862
926,new,2,AT17,Albany Mesic Thicket,MesicThicket,3,1,moderate,0,intact,AT17_moderate,26.346258,-33.411931
927,new,2,AT17,Albany Mesic Thicket,MesicThicket,3,1,moderate,1,moderate,AT17_moderate,25.833999,-33.308339
928,new,2,AT17,Albany Mesic Thicket,MesicThicket,3,1,moderate,1,moderate,AT17_moderate,26.560527,-33.619543
929,new,2,AT17,Albany Mesic Thicket,MesicThicket,3,2,severe,1,moderate,AT17_severe,26.677663,-33.585324
930,new,2,AT17,Albany Mesic Thicket,MesicThicket,3,2,severe,2,severe,AT17_severe,26.451126,-33.607353
939,new,2,AT17,Albany Mesic Thicket,MesicThicket,3,2,severe,2,severe,AT17_severe,26.383639,-33.608586
945,new,2,AT17,Albany Mesic Thicket,MesicThicket,3,2,severe,-1,transformed,AT17_severe,26.333648,-33.414076
947,new,2,AT17,Albany Mesic Thicket,MesicThicket,3,2,severe,2,severe,AT17_severe,26.81638,-33.573661
948,new,2,AT17,Albany Mesic Thicket,MesicThicket,3,2,severe,2,severe,AT17_severe,26.647166,-33.547891
950,new,2,AT18,Albany Valley Thicket,ValleyThicket,2,0,intact,0,intact,AT18_intact,25.98546,-33.367264
951,new,2,AT18,Albany Valley Thicket,ValleyThicket,2,0,intact,0,intact,AT18_intact,26.902989,-33.332932
952,new,2,AT18,Albany Valley Thicket,ValleyThicket,2,0,intact,0,intact,AT18_intact,25.875237,-33.595466
953,new,2,AT18,Albany Valley Thicket,ValleyThicket,2,0,intact,0,intact,AT18_intact,25.900519,-33.374052
954,new,2,AT18,Albany Valley Thicket,ValleyThicket,2,0,intact,0,intact,AT18_intact,26.72639,-33.519575
955,new,2,AT18,Albany Valley Thicket,ValleyThicket,2,0,intact,0,intact,AT18_intact,25.976754,-33.412344
956,new,2,AT18,Albany Valley Thicket,ValleyThicket,2,0,intact,0,intact,AT18_intact,26.519031,-33.224881
957,new,2,AT18,Albany Valley Thicket,ValleyThicket,2,0,intact,-1,transformed,AT18_intact,26.700882,-33.348009
958,new,2,AT18,Albany Valley Thicket,ValleyThicket,2,0,intact,0,intact,AT18_intact,26.727204,-33.246191
959,new,2,AT18,Albany Valley Thicket,ValleyThicket,2,0,intact,0,intact,AT18_intact,26.7404,-33.514606
960,new,2,AT18,Albany Valley Thicket,ValleyThicket,2,0,intact,0,intact,AT18_intact,26.532977,-33.229715
961,new,2,AT18,Albany Valley Thicket,ValleyThicket,2,0,intact,0,intact,AT18_intact,26.708176,-33.252369
962,new,2,AT18,Albany Valley Thicket,ValleyThicket,2,0,intact,1,moderate,AT18_intact,26.050051,-33.411971
963,new,2,AT18,Albany Valley Thicket,ValleyThicket,2,0,intact,0,intact,AT18_intact,26.69526,-33.392899
964,new,2,AT18,Albany Valley Thicket,ValleyThicket,2,0,intact,0,intact,AT18_intact,26.829377,-33.440631
965,new,2,AT18,Albany Valley Thicket,ValleyThicket,2,0,intact,0,intact,AT18_intact,25.950737,-33.346127
966,new,2,AT18,Albany Valley Thicket,ValleyThicket,2,0,intact,0,intact,AT18_intact,26.670156,-33.465756
967,new,2,AT18,Albany Valley Thicket,ValleyThicket,2,0,intact,0,intact,AT18_intact,25.889645,-33.397184
968,new,2,AT18,Albany Valley Thicket,ValleyThicket,2,0,intact,0,intact,AT18_intact,26.083195,-33.377294
969,new,2,AT18,Albany Valley Thicket,ValleyThicket,2,0,intact,0,intact,AT18_intact,26.67121,-33.375628
970,new,2,AT18,Albany Valley Thicket,ValleyThicket,2,0,intact,0,intact,AT18_intact,26.654163,-33.448276
971,new,2,AT18,Albany Valley Thicket,ValleyThicket,2,0,intact,0,intact,AT18_intact,26.704624,-33.383775
972,new,2,AT18,Albany Valley Thicket,ValleyThicket,2,0,intact,0,intact,AT18_intact,26.275117,-33.517939
973,new,2,AT18,Albany Valley Thicket,ValleyThicket,2,0,intact,0,intact,AT18_intact,26.033062,-33.396448
974,new,2,AT18,Albany Valley Thicket,ValleyThicket,2,0,intact,0,intact,AT18_intact,25.981556,-33.364907
975,new,2,AT18,Albany Valley Thicket,ValleyThicket,2,0,intact,0,intact,AT18_intact,26.642044,-33.354952
976,new,2,AT18,Albany Valley Thicket,ValleyThicket,2,1,moderate,1,moderate,AT18_moderate,25.948491,-33.298573
977,new,2,AT18,Albany Valley Thicket,ValleyThicket,2,1,moderate,1,moderate,AT18_moderate,26.113022,-33.138026
978,new,2,AT18,Albany Valley Thicket,ValleyThicket,2,1,moderate,1,moderate,AT18_moderate,25.760437,-33.248597
979,new,2,AT18,Albany Valley Thicket,ValleyThicket,2,1,moderate,1,moderate,AT18_moderate,26.050242,-33.1914
980,new,2,AT18,Albany Valley Thicket,ValleyThicket,2,1,moderate,1,moderate,AT18_moderate,26.287697,-33.184783
981,new,2,AT18,Albany Valley Thicket,ValleyThicket,2,1,moderate,1,moderate,AT18_moderate,26.469505,-33.211065
982,new,2,AT18,Albany Valley Thicket,ValleyThicket,2,1,moderate,1,moderate,AT18_moderate,26.330808,-33.1703
983,new,2,AT18,Albany Valley Thicket,ValleyThicket,2,1,moderate,1,moderate,AT18_moderate,26.077169,-33.227723
984,new,2,AT18,Albany Valley Thicket,ValleyThicket,2,1,moderate,2,severe,AT18_moderate,25.63498,-33.131671
985,new,2,AT18,Albany Valley Thicket,ValleyThicket,2,1,moderate,1,moderate,AT18_moderate,26.283945,-33.176377
986,new,2,AT18,Albany Valley Thicket,ValleyThicket,2,1,moderate,0,intact,AT18_moderate,26.131602,-33.466533
987,new,2,AT18,Albany Valley Thicket,ValleyThicket,2,2,severe,2,severe,AT18_severe,25.712509,-33.221296
988,new,2,AT18,Albany Valley Thicket,ValleyThicket,2,2,severe,2,severe,AT18_severe,25.714478,-33.234825
989,new,2,AT18,Albany Valley Thicket,ValleyThicket,2,2,severe,2,severe,AT18_severe,25.998687,-33.352553
990,new,2,AT18,Albany Valley Thicket,ValleyThicket,2,2,severe,2,severe,AT18_severe,25.839423,-33.104286
991,new,2,AT18,Albany Valley Thicket,ValleyThicket,2,2,severe,2,severe,AT18_severe,26.210272,-33.218462
992,new,2,AT18,Albany Valley Thicket,ValleyThicket,2,2,severe,1,moderate,AT18_severe,26.274143,-33.237594
993,new,2,AT18,Albany Valley Thicket,ValleyThicket,2,2,severe,1,moderate,AT18_severe,26.170173,-33.213492
994,new,2,AT18,Albany Valley Thicket,ValleyThicket,2,2,severe,2,severe,AT18_severe,26.635554,-33.392592
995,new,2,AT18,Albany Valley Thicket,ValleyThicket,2,2,severe,2,severe,AT18_severe,26.256982,-33.215054
996,new,2,AT18,Albany Valley Thicket,ValleyThicket,2,2,severe,2,severe,AT18_severe,25.549673,-33.231853
997,new,2,AT18,Albany Valley Thicket,ValleyThicket,2,2,severe,2,severe,AT18_severe,26.387907,-33.178471
998,new,2,AT18,Albany Valley Thicket,ValleyThicket,2,2,severe,2,severe,AT18_severe,26.253061,-33.148031
999,new,2,AT18,Albany Valley Thicket,ValleyThicket,2,2,severe,2,severe,AT18_severe,25.558404,-33.203361
1000,new,2,AT18,Albany Valley Thicket,ValleyThicket,2,2,severe,2,severe,AT18_severe,25.843315,-33.238234
1001,new,2,AT18,Albany Valley Thicket,ValleyThicket,2,2,severe,2,severe,AT18_severe,25.833067,-33.263634
1002,new,2,AT19,Baviaans Valley Thicket,ValleyThicket,2,0,intact,1,moderate,AT19_intact,23.946196,-33.111509
1003,new,2,AT19,Baviaans Valley Thicket,ValleyThicket,2,0,intact,0,intact,AT19_intact,25.187285,-33.243459
1004,new,2,AT19,Baviaans Valley Thicket,ValleyThicket,2,0,intact,0,intact,AT19_intact,24.251684,-33.605173
1005,new,2,AT19,Baviaans Valley Thicket,ValleyThicket,2,0,intact,0,intact,AT19_intact,25.369373,-33.29499
1006,new,2,AT19,Baviaans Valley Thicket,ValleyThicket,2,0,intact,0,intact,AT19_intact,24.328807,-33.687359
1007,new,2,AT19,Baviaans Valley Thicket,ValleyThicket,2,0,intact,1,moderate,AT19_intact,25.051868,-33.269311
1008,new,2,AT19,Baviaans Valley Thicket,ValleyThicket,2,0,intact,0,intact,AT19_intact,25.121802,-33.234278
1009,new,2,AT19,Baviaans Valley Thicket,ValleyThicket,2,0,intact,0,intact,AT19_intact,25.037721,-33.257354
1010,new,2,AT19,Baviaans Valley Thicket,ValleyThicket,2,0,intact,1,moderate,AT19_intact,25.055401,-33.269616
1011,new,2,AT19,Baviaans Valley Thicket,ValleyThicket,2,0,intact,0,intact,AT19_intact,24.175328,-33.581827
1012,new,2,AT19,Baviaans Valley Thicket,ValleyThicket,2,0,intact,0,intact,AT19_intact,24.365341,-33.659336
1013,new,2,AT19,Baviaans Valley Thicket,ValleyThicket,2,0,intact,0,intact,AT19_intact,24.410406,-33.645735
1014,new,2,AT19,Baviaans Valley Thicket,ValleyThicket,2,0,intact,0,intact,AT19_intact,25.294293,-33.251302
1015,new,2,AT19,Baviaans Valley Thicket,ValleyThicket,2,0,intact,0,intact,AT19_intact,25.42606,-33.269191
1016,new,2,AT19,Baviaans Valley Thicket,ValleyThicket,2,0,intact,0,intact,AT19_intact,24.490517,-33.688683
1017,new,2,AT19,Baviaans Valley Thicket,ValleyThicket,2,0,intact,0,intact,AT19_intact,24.63072,-33.358198
1018,new,2,AT19,Baviaans Valley Thicket,ValleyThicket,2,0,intact,0,intact,AT19_intact,24.277506,-33.784366
1019,new,2,AT19,Baviaans Valley Thicket,ValleyThicket,2,1,moderate,1,moderate,AT19_moderate,23.915936,-33.772878
1020,new,2,AT19,Baviaans Valley Thicket,ValleyThicket,2,1,moderate,1,moderate,AT19_moderate,24.198688,-33.610662
1021,new,2,AT19,Baviaans Valley Thicket,ValleyThicket,2,1,moderate,1,moderate,AT19_moderate,24.096676,-33.159261
1022,new,2,AT19,Baviaans Valley Thicket,ValleyThicket,2,1,moderate,1,moderate,AT19_moderate,24.162315,-33.601604
1023,new,2,AT19,Baviaans Valley Thicket,ValleyThicket,2,1,moderate,1,moderate,AT19_moderate,23.333612,-33.210805
1024,new,2,AT19,Baviaans Valley Thicket,ValleyThicket,2,1,moderate,1,moderate,AT19_moderate,23.937036,-33.130043
1025,new,2,AT19,Baviaans Valley Thicket,ValleyThicket,2,1,moderate,1,moderate,AT19_moderate,24.169777,-33.583869
1026,new,2,AT19,Baviaans Valley Thicket,ValleyThicket,2,1,moderate,1,moderate,AT19_moderate,24.593675,-33.520382
1027,new,2,AT19,Baviaans Valley Thicket,ValleyThicket,2,1,moderate,0,intact,AT19_moderate,24.227495,-33.797359
1028,new,2,AT19,Baviaans Valley Thicket,ValleyThicket,2,1,moderate,1,moderate,AT19_moderate,23.720076,-33.581235
1029,new,2,AT19,Baviaans Valley Thicket,ValleyThicket,2,1,moderate,1,moderate,AT19_moderate,24.240624,-33.811103
1030,new,2,AT19,Baviaans Valley Thicket,ValleyThicket,2,1,moderate,1,moderate,AT19_moderate,23.796871,-33.116252
1031,new,2,AT19,Baviaans Valley Thicket,ValleyThicket,2,1,moderate,1,moderate,AT19_moderate,23.768369,-33.551282
1032,new,2,AT19,Baviaans Valley Thicket,ValleyThicket,2,1,moderate,1,moderate,AT19_moderate,23.824313,-33.121911
1033,new,2,AT19,Baviaans Valley Thicket,ValleyThicket,2,1,moderate,1,moderate,AT19_moderate,23.456905,-33.23231
1034,new,2,AT19,Baviaans Valley Thicket,ValleyThicket,2,1,moderate,1,moderate,AT19_moderate,24.499097,-33.715104
1035,new,2,AT19,Baviaans Valley Thicket,ValleyThicket,2,1,moderate,1,moderate,AT19_moderate,23.319922,-33.220641
1036,new,2,AT19,Baviaans Valley Thicket,ValleyThicket,2,1,moderate,0,intact,AT19_moderate,24.308644,-33.661001
1037,new,2,AT19,Baviaans Valley Thicket,ValleyThicket,2,2,severe,1,moderate,AT19_severe,24.27083,-33.532362
1038,new,2,AT19,Baviaans Valley Thicket,ValleyThicket,2,2,severe,1,moderate,AT19_severe,23.736238,-33.100024
1039,new,2,AT19,Baviaans Valley Thicket,ValleyThicket,2,2,severe,2,severe,AT19_severe,24.227174,-33.203467
1040,new,2,AT19,Baviaans Valley Thicket,ValleyThicket,2,2,severe,2,severe,AT19_severe,23.781824,-33.426368
1041,new,2,AT19,Baviaans Valley Thicket,ValleyThicket,2,2,severe,2,severe,AT19_severe,23.892905,-33.543054
1042,new,2,AT19,Baviaans Valley Thicket,ValleyThicket,2,2,severe,2,severe,AT19_severe,23.720379,-33.460029
1043,new,2,AT19,Baviaans Valley Thicket,ValleyThicket,2,2,severe,2,severe,AT19_severe,25.01265,-33.25499
1044,new,2,AT19,Baviaans Valley Thicket,ValleyThicket,2,2,severe,1,moderate,AT19_severe,24.324195,-33.570472
1045,new,2,AT19,Baviaans Valley Thicket,ValleyThicket,2,2,severe,2,severe,AT19_severe,24.873469,-33.548476
1046,new,2,AT19,Baviaans Valley Thicket,ValleyThicket,2,2,severe,1,moderate,AT19_severe,23.421186,-33.22138
1047,new,2,AT19,Baviaans Valley Thicket,ValleyThicket,2,2,severe,2,severe,AT19_severe,23.32131,-33.218356
1048,new,2,AT19,Baviaans Valley Thicket,ValleyThicket,2,2,severe,2,severe,AT19_severe,24.091677,-33.59336
1049,new,2,AT19,Baviaans Valley Thicket,ValleyThicket,2,2,severe,2,severe,AT19_severe,23.930512,-33.468058
1050,new,2,AT19,Baviaans Valley Thicket,ValleyThicket,2,2,severe,2,severe,AT19_severe,23.871702,-33.125145
1051,new,2,AT19,Baviaans Valley Thicket,ValleyThicket,2,2,severe,2,severe,AT19_severe,25.093261,-33.244602
1052,new,2,AT19,Baviaans Valley Thicket,ValleyThicket,2,2,severe,2,severe,AT19_severe,23.37157,-33.19878
1053,new,2,AT21,Buffels Mesic Thicket,MesicThicket,3,0,intact,0,intact,AT21_intact,27.699666,-32.839453
1054,new,2,AT21,Buffels Mesic Thicket,MesicThicket,3,0,intact,1,moderate,AT21_intact,27.981438,-32.736422
1055,new,2,AT21,Buffels Mesic Thicket,MesicThicket,3,0,intact,0,intact,AT21_intact,28.292811,-32.616692
1056,new,2,AT21,Buffels Mesic Thicket,MesicThicket,3,0,intact,0,intact,AT21_intact,27.607734,-32.750794
1057,new,2,AT21,Buffels Mesic Thicket,MesicThicket,3,0,intact,0,intact,AT21_intact,27.685173,-32.853551
1058,new,2,AT21,Buffels Mesic Thicket,MesicThicket,3,0,intact,0,intact,AT21_intact,27.736809,-32.892983
1059,new,2,AT21,Buffels Mesic Thicket,MesicThicket,3,0,intact,0,intact,AT21_intact,27.730047,-33.001348
1060,new,2,AT21,Buffels Mesic Thicket,MesicThicket,3,0,intact,0,intact,AT21_intact,27.663717,-32.841622
1061,new,2,AT21,Buffels Mesic Thicket,MesicThicket,3,0,intact,0,intact,AT21_intact,27.992764,-32.810311
1062,new,2,AT21,Buffels Mesic Thicket,MesicThicket,3,0,intact,0,intact,AT21_intact,27.829699,-32.810853
1063,new,2,AT21,Buffels Mesic Thicket,MesicThicket,3,0,intact,0,intact,AT21_intact,27.580732,-32.985704
1064,new,2,AT21,Buffels Mesic Thicket,MesicThicket,3,0,intact,0,intact,AT21_intact,27.706703,-32.851647
1065,new,2,AT21,Buffels Mesic Thicket,MesicThicket,3,0,intact,0,intact,AT21_intact,27.655765,-32.978687
1066,new,2,AT21,Buffels Mesic Thicket,MesicThicket,3,0,intact,0,intact,AT21_intact,27.805969,-32.772431
1067,new,2,AT21,Buffels Mesic Thicket,MesicThicket,3,0,intact,0,intact,AT21_intact,27.915713,-32.622972
1068,new,2,AT21,Buffels Mesic Thicket,MesicThicket,3,0,intact,0,intact,AT21_intact,27.869381,-32.79165
1069,new,2,AT21,Buffels Mesic Thicket,MesicThicket,3,0,intact,0,intact,AT21_intact,27.884469,-32.953998
1070,new,2,AT21,Buffels Mesic Thicket,MesicThicket,3,0,intact,0,intact,AT21_intact,27.760037,-32.710457
1071,new,2,AT21,Buffels Mesic Thicket,MesicThicket,3,0,intact,0,intact,AT21_intact,27.63353,-32.805649
1072,new,2,AT21,Buffels Mesic Thicket,MesicThicket,3,0,intact,0,intact,AT21_intact,27.740725,-32.711643
1073,new,2,AT21,Buffels Mesic Thicket,MesicThicket,3,0,intact,0,intact,AT21_intact,27.615482,-32.99991
1074,new,2,AT21,Buffels Mesic Thicket,MesicThicket,3,0,intact,0,intact,AT21_intact,27.75353,-32.997695
1075,new,2,AT21,Buffels Mesic Thicket,MesicThicket,3,0,intact,0,intact,AT21_intact,27.725199,-32.992223
1076,new,2,AT21,Buffels Mesic Thicket,MesicThicket,3,0,intact,0,intact,AT21_intact,27.810634,-32.727194
1077,new,2,AT21,Buffels Mesic Thicket,MesicThicket,3,0,intact,0,intact,AT21_intact,27.727578,-32.689491
1078,new,2,AT21,Buffels Mesic Thicket,MesicThicket,3,0,intact,0,intact,AT21_intact,27.749569,-32.690614
1079,new,2,AT21,Buffels Mesic Thicket,MesicThicket,3,0,intact,0,intact,AT21_intact,27.658494,-33.002497
1080,new,2,AT21,Buffels Mesic Thicket,MesicThicket,3,0,intact,0,intact,AT21_intact,27.921954,-32.688117
1081,new,2,AT21,Buffels Mesic Thicket,MesicThicket,3,0,intact,0,intact,AT21_intact,27.871578,-32.827192
1082,new,2,AT21,Buffels Mesic Thicket,MesicThicket,3,0,intact,-1,transformed,AT21_intact,28.005621,-32.924131
1083,new,2,AT21,Buffels Mesic Thicket,MesicThicket,3,1,moderate,1,moderate,AT21_moderate,27.764621,-32.979444
1084,new,2,AT21,Buffels Mesic Thicket,MesicThicket,3,1,moderate,1,moderate,AT21_moderate,27.899191,-32.690063
1085,new,2,AT21,Buffels Mesic Thicket,MesicThicket,3,1,moderate,1,moderate,AT21_moderate,27.641378,-32.814852
1086,new,2,AT21,Buffels Mesic Thicket,MesicThicket,3,1,moderate,2,severe,AT21_moderate,27.711871,-32.973726
1087,new,2,AT21,Buffels Mesic Thicket,MesicThicket,3,1,moderate,1,moderate,AT21_moderate,27.621171,-32.996901
1088,new,2,AT21,Buffels Mesic Thicket,MesicThicket,3,1,moderate,0,intact,AT21_moderate,27.653324,-32.839412
1089,new,2,AT21,Buffels Mesic Thicket,MesicThicket,3,1,moderate,2,severe,AT21_moderate,27.717829,-32.835
1090,new,2,AT21,Buffels Mesic Thicket,MesicThicket,3,1,moderate,1,moderate,AT21_moderate,27.718107,-32.970134
1091,new,2,AT21,Buffels Mesic Thicket,MesicThicket,3,1,moderate,0,intact,AT21_moderate,27.77485,-32.974216
1092,new,2,AT21,Buffels Mesic Thicket,MesicThicket,3,1,moderate,1,moderate,AT21_moderate,27.912396,-32.712165
1093,new,2,AT21,Buffels Mesic Thicket,MesicThicket,3,1,moderate,1,moderate,AT21_moderate,27.805084,-32.987179
1094,new,2,AT21,Buffels Mesic Thicket,MesicThicket,3,2,severe,2,severe,AT21_severe,27.984989,-32.739698
1097,new,2,AT21,Buffels Mesic Thicket,MesicThicket,3,2,severe,1,moderate,AT21_severe,27.993883,-32.929902
1098,new,2,AT21,Buffels Mesic Thicket,MesicThicket,3,2,severe,2,severe,AT21_severe,27.638736,-32.817623
1099,new,2,AT22,Buffels Valley Thicket,ValleyThicket,2,0,intact,0,intact,AT22_intact,27.527225,-32.966047
1100,new,2,AT22,Buffels Valley Thicket,ValleyThicket,2,0,intact,0,intact,AT22_intact,27.523057,-32.973975
1101,new,2,AT22,Buffels Valley Thicket,ValleyThicket,2,0,intact,0,intact,AT22_intact,27.395174,-32.815524
1102,new,2,AT22,Buffels Valley Thicket,ValleyThicket,2,0,intact,-1,transformed,AT22_intact,27.5543,-32.95989
1103,new,2,AT22,Buffels Valley Thicket,ValleyThicket,2,0,intact,0,intact,AT22_intact,27.150987,-32.703571
1104,new,2,AT22,Buffels Valley Thicket,ValleyThicket,2,0,intact,-1,transformed,AT22_intact,27.532726,-32.955301
1105,new,2,AT22,Buffels Valley Thicket,ValleyThicket,2,0,intact,0,intact,AT22_intact,27.459176,-32.872339
1106,new,2,AT22,Buffels Valley Thicket,ValleyThicket,2,0,intact,-1,transformed,AT22_intact,27.111051,-32.756746
1107,new,2,AT22,Buffels Valley Thicket,ValleyThicket,2,0,intact,0,intact,AT22_intact,27.362245,-32.873675
1108,new,2,AT22,Buffels Valley Thicket,ValleyThicket,2,0,intact,0,intact,AT22_intact,27.376118,-32.789451
1109,new,2,AT22,Buffels Valley Thicket,ValleyThicket,2,0,intact,0,intact,AT22_intact,27.182922,-32.694835
1110,new,2,AT22,Buffels Valley Thicket,ValleyThicket,2,0,intact,0,intact,AT22_intact,27.144081,-32.704392
1111,new,2,AT22,Buffels Valley Thicket,ValleyThicket,2,0,intact,0,intact,AT22_intact,27.06393,-32.757073
1112,new,2,AT22,Buffels Valley Thicket,ValleyThicket,2,0,intact,-1,transformed,AT22_intact,27.187615,-32.735069
1113,new,2,AT22,Buffels Valley Thicket,ValleyThicket,2,0,intact,-1,transformed,AT22_intact,27.187362,-32.652145
1114,new,2,AT22,Buffels Valley Thicket,ValleyThicket,2,0,intact,0,intact,AT22_intact,27.046272,-32.780001
1115,new,2,AT22,Buffels Valley Thicket,ValleyThicket,2,0,intact,0,intact,AT22_intact,27.142297,-32.71179
1116,new,2,AT22,Buffels Valley Thicket,ValleyThicket,2,0,intact,0,intact,AT22_intact,27.380453,-32.757455
1117,new,2,AT22,Buffels Valley Thicket,ValleyThicket,2,0,intact,-1,transformed,AT22_intact,27.13621,-32.723459
1118,new,2,AT22,Buffels Valley Thicket,ValleyThicket,2,1,moderate,1,moderate,AT22_moderate,27.163905,-32.686878
1119,new,2,AT22,Buffels Valley Thicket,ValleyThicket,2,1,moderate,2,severe,AT22_moderate,27.417164,-32.887541
1120,new,2,AT22,Buffels Valley Thicket,ValleyThicket,2,1,moderate,-1,transformed,AT22_moderate,27.185666,-32.682741
1121,new,2,AT22,Buffels Valley Thicket,ValleyThicket,2,1,moderate,1,moderate,AT22_moderate,27.110973,-32.711676
1122,new,2,AT22,Buffels Valley Thicket,ValleyThicket,2,1,moderate,1,moderate,AT22_moderate,27.536054,-32.960608
1123,new,2,AT22,Buffels Valley Thicket,ValleyThicket,2,1,moderate,1,moderate,AT22_moderate,27.061462,-32.758299
1124,new,2,AT22,Buffels Valley Thicket,ValleyThicket,2,1,moderate,1,moderate,AT22_moderate,27.164502,-32.655825
1125,new,2,AT22,Buffels Valley Thicket,ValleyThicket,2,1,moderate,-1,transformed,AT22_moderate,27.155177,-32.687011
1126,new,2,AT22,Buffels Valley Thicket,ValleyThicket,2,1,moderate,1,moderate,AT22_moderate,27.073728,-32.766188
1127,new,2,AT22,Buffels Valley Thicket,ValleyThicket,2,1,moderate,-1,transformed,AT22_moderate,27.190994,-32.653052
1128,new,2,AT22,Buffels Valley Thicket,ValleyThicket,2,1,moderate,1,moderate,AT22_moderate,27.373695,-32.76966
1129,new,2,AT22,Buffels Valley Thicket,ValleyThicket,2,1,moderate,1,moderate,AT22_moderate,27.092728,-32.764373
1130,new,2,AT22,Buffels Valley Thicket,ValleyThicket,2,1,moderate,1,moderate,AT22_moderate,27.069339,-32.780525
1131,new,2,AT22,Buffels Valley Thicket,ValleyThicket,2,1,moderate,-1,transformed,AT22_moderate,27.365676,-32.793845
1132,new,2,AT22,Buffels Valley Thicket,ValleyThicket,2,1,moderate,-1,transformed,AT22_moderate,27.385803,-32.7822
1133,new,2,AT22,Buffels Valley Thicket,ValleyThicket,2,1,moderate,1,moderate,AT22_moderate,27.088038,-32.758908
1134,new,2,AT22,Buffels Valley Thicket,ValleyThicket,2,1,moderate,1,moderate,AT22_moderate,27.148192,-32.674086
1135,new,2,AT22,Buffels Valley Thicket,ValleyThicket,2,1,moderate,2,severe,AT22_moderate,27.48346,-32.95249
1136,new,2,AT22,Buffels Valley Thicket,ValleyThicket,2,1,moderate,-1,transformed,AT22_moderate,27.145781,-32.740997
1137,new,2,AT22,Buffels Valley Thicket,ValleyThicket,2,1,moderate,1,moderate,AT22_moderate,27.374357,-32.792271
1138,new,2,AT22,Buffels Valley Thicket,ValleyThicket,2,1,moderate,0,intact,AT22_moderate,27.081157,-32.76333
1139,new,2,AT22,Buffels Valley Thicket,ValleyThicket,2,2,severe,-1,transformed,AT22_severe,27.48088,-32.92162
1140,new,2,AT22,Buffels Valley Thicket,ValleyThicket,2,2,severe,-1,transformed,AT22_severe,27.052863,-32.764564
1141,new,2,AT22,Buffels Valley Thicket,ValleyThicket,2,2,severe,2,severe,AT22_severe,27.44244,-32.926485
1142,new,2,AT22,Buffels Valley Thicket,ValleyThicket,2,2,severe,-1,transformed,AT22_severe,27.440876,-32.925075
1143,new,2,AT22,Buffels Valley Thicket,ValleyThicket,2,2,severe,2,severe,AT22_severe,27.500579,-32.901826
1144,new,2,AT22,Buffels Valley Thicket,ValleyThicket,2,2,severe,-1,transformed,AT22_severe,27.429423,-32.927508
1145,new,2,AT22,Buffels Valley Thicket,ValleyThicket,2,2,severe,2,severe,AT22_severe,27.06334,-32.769239
1146,new,2,AT22,Buffels Valley Thicket,ValleyThicket,2,2,severe,-1,transformed,AT22_severe,27.383184,-32.894402
1147,new,2,AT22,Buffels Valley Thicket,ValleyThicket,2,2,severe,-1,transformed,AT22_severe,27.397911,-32.901558
1149,new,2,AT27,Escarpment Arid Thicket,AridThicket,1,0,intact,1,moderate,AT27_intact,24.272689,-32.35721
1151,new,2,AT27,Escarpment Arid Thicket,AridThicket,1,0,intact,1,moderate,AT27_intact,25.800612,-32.385798
1152,new,2,AT27,Escarpment Arid Thicket,AridThicket,1,0,intact,1,moderate,AT27_intact,24.411563,-32.239235
1153,new,2,AT27,Escarpment Arid Thicket,AridThicket,1,0,intact,2,severe,AT27_intact,24.646837,-32.234616
1155,new,2,AT27,Escarpment Arid Thicket,AridThicket,1,1,moderate,1,moderate,AT27_moderate,25.475999,-32.014206
1156,new,2,AT27,Escarpment Arid Thicket,AridThicket,1,1,moderate,1,moderate,AT27_moderate,24.389266,-32.50646
1157,new,2,AT27,Escarpment Arid Thicket,AridThicket,1,1,moderate,2,severe,AT27_moderate,25.480639,-32.031778
1158,new,2,AT27,Escarpment Arid Thicket,AridThicket,1,1,moderate,1,moderate,AT27_moderate,23.76031,-32.975453
1159,new,2,AT27,Escarpment Arid Thicket,AridThicket,1,1,moderate,1,moderate,AT27_moderate,24.672509,-32.252585
1160,new,2,AT27,Escarpment Arid Thicket,AridThicket,1,1,moderate,1,moderate,AT27_moderate,24.158471,-32.353585
1161,new,2,AT27,Escarpment Arid Thicket,AridThicket,1,1,moderate,1,moderate,AT27_moderate,24.413867,-32.14636
1162,new,2,AT27,Escarpment Arid Thicket,AridThicket,1,1,moderate,2,severe,AT27_moderate,23.705321,-32.951003
1163,new,2,AT27,Escarpment Arid Thicket,AridThicket,1,1,moderate,2,severe,AT27_moderate,23.760293,-32.94703
1164,new,2,AT27,Escarpment Arid Thicket,AridThicket,1,1,moderate,1,moderate,AT27_moderate,24.516044,-32.342155
1165,new,2,AT27,Escarpment Arid Thicket,AridThicket,1,1,moderate,1,moderate,AT27_moderate,24.589747,-32.280799
1166,new,2,AT27,Escarpment Arid Thicket,AridThicket,1,1,moderate,1,moderate,AT27_moderate,24.425658,-32.449302
1167,new,2,AT27,Escarpment Arid Thicket,AridThicket,1,1,moderate,1,moderate,AT27_moderate,24.664303,-32.096439
1168,new,2,AT27,Escarpment Arid Thicket,AridThicket,1,1,moderate,2,severe,AT27_moderate,24.427046,-32.514459
1169,new,2,AT27,Escarpment Arid Thicket,AridThicket,1,1,moderate,1,moderate,AT27_moderate,24.469912,-32.27326
1170,new,2,AT27,Escarpment Arid Thicket,AridThicket,1,1,moderate,1,moderate,AT27_moderate,23.751139,-32.964515
1171,new,2,AT27,Escarpment Arid Thicket,AridThicket,1,1,moderate,2,severe,AT27_moderate,25.27061,-32.774964
1172,new,2,AT27,Escarpment Arid Thicket,AridThicket,1,1,moderate,1,moderate,AT27_moderate,24.26658,-32.346846
1173,new,2,AT27,Escarpment Arid Thicket,AridThicket,1,1,moderate,1,moderate,AT27_moderate,24.647796,-32.26895
1174,new,2,AT27,Escarpment Arid Thicket,AridThicket,1,2,severe,2,severe,AT27_severe,25.863155,-32.224733
1175,new,2,AT27,Escarpment Arid Thicket,AridThicket,1,2,severe,2,severe,AT27_severe,24.508941,-32.333934
1176,new,2,AT27,Escarpment Arid Thicket,AridThicket,1,2,severe,2,severe,AT27_severe,24.628016,-32.253428
1177,new,2,AT27,Escarpment Arid Thicket,AridThicket,1,2,severe,2,severe,AT27_severe,25.896318,-32.255528
1178,new,2,AT27,Escarpment Arid Thicket,AridThicket,1,2,severe,2,severe,AT27_severe,25.836661,-32.284074
1179,new,2,AT27,Escarpment Arid Thicket,AridThicket,1,2,severe,2,severe,AT27_severe,24.343248,-32.409847
1180,new,2,AT27,Escarpment Arid Thicket,AridThicket,1,2,severe,2,severe,AT27_severe,25.872824,-32.259032
1181,new,2,AT27,Escarpment Arid Thicket,AridThicket,1,2,severe,2,severe,AT27_severe,24.366386,-32.200531
1182,new,2,AT27,Escarpment Arid Thicket,AridThicket,1,2,severe,2,severe,AT27_severe,23.744217,-32.961046
1183,new,2,AT27,Escarpment Arid Thicket,AridThicket,1,2,severe,1,moderate,AT27_severe,24.278824,-32.327205
1184,new,2,AT27,Escarpment Arid Thicket,AridThicket,1,2,severe,2,severe,AT27_severe,24.599934,-32.12655
1185,new,2,AT27,Escarpment Arid Thicket,AridThicket,1,2,severe,2,severe,AT27_severe,24.353982,-32.188525
1186,new,2,AT27,Escarpment Arid Thicket,AridThicket,1,2,severe,2,severe,AT27_severe,24.402722,-32.516221
1187,new,2,AT27,Escarpment Arid Thicket,AridThicket,1,2,severe,2,severe,AT27_severe,25.901927,-32.241927
1188,new,2,AT27,Escarpment Arid Thicket,AridThicket,1,2,severe,2,severe,AT27_severe,24.307695,-32.504417
1189,new,2,AT27,Escarpment Arid Thicket,AridThicket,1,2,severe,2,severe,AT27_severe,23.719854,-32.929927
1190,new,2,AT27,Escarpment Arid Thicket,AridThicket,1,2,severe,2,severe,AT27_severe,24.538781,-32.135496
1191,new,2,AT27,Escarpment Arid Thicket,AridThicket,1,2,severe,1,moderate,AT27_severe,24.373911,-32.49497
1192,new,2,AT27,Escarpment Arid Thicket,AridThicket,1,2,severe,2,severe,AT27_severe,24.3544,-32.549794
1193,new,2,AT27,Escarpment Arid Thicket,AridThicket,1,2,severe,2,severe,AT27_severe,24.642706,-32.158003
1194,new,2,AT27,Escarpment Arid Thicket,AridThicket,1,2,severe,2,severe,AT27_severe,25.4825,-32.168073
1195,new,2,AT27,Escarpment Arid Thicket,AridThicket,1,2,severe,1,moderate,AT27_severe,24.491293,-32.247469
1196,new,2,AT27,Escarpment Arid Thicket,AridThicket,1,2,severe,2,severe,AT27_severe,25.841198,-32.255924
1197,new,2,AT27,Escarpment Arid Thicket,AridThicket,1,2,severe,2,severe,AT27_severe,24.241618,-32.323824
1198,new,2,AT27,Escarpment Arid Thicket,AridThicket,1,2,severe,2,severe,AT27_severe,23.738179,-32.959623
1199,new,2,AT27,Escarpment Arid Thicket,AridThicket,1,2,severe,2,severe,AT27_severe,25.428635,-32.060347
1200,new,2,AT27,Escarpment Arid Thicket,AridThicket,1,2,severe,2,severe,AT27_severe,24.276091,-32.482348
1201,new,2,AT27,Escarpment Arid Thicket,AridThicket,1,2,severe,2,severe,AT27_severe,24.455734,-32.391216
1202,new,2,AT27,Escarpment Arid Thicket,AridThicket,1,2,severe,2,severe,AT27_severe,24.594146,-32.190941
1203,new,2,AT27,Escarpment Arid Thicket,AridThicket,1,2,severe,2,severe,AT27_severe,25.721313,-32.185607
1204,new,2,AT27,Escarpment Arid Thicket,AridThicket,1,2,severe,2,severe,AT27_severe,24.369171,-32.556751
1205,new,2,AT27,Escarpment Arid Thicket,AridThicket,1,2,severe,2,severe,AT27_severe,25.536622,-32.173215
1206,new,2,AT27,Escarpment Arid Thicket,AridThicket,1,2,severe,2,severe,AT27_severe,24.311755,-32.262995
1207,new,2,AT28,Escarpment Mesic Thicket,MesicThicket,3,0,intact,0,intact,AT28_intact,25.571669,-32.692796
1208,new,2,AT28,Escarpment Mesic Thicket,MesicThicket,3,0,intact,0,intact,AT28_intact,26.238865,-32.558873
1209,new,2,AT28,Escarpment Mesic Thicket,MesicThicket,3,0,intact,0,intact,AT28_intact,26.763894,-32.67658
1210,new,2,AT28,Escarpment Mesic Thicket,MesicThicket,3,0,intact,0,intact,AT28_intact,25.696368,-32.698471
1211,new,2,AT28,Escarpment Mesic Thicket,MesicThicket,3,0,intact,0,intact,AT28_intact,26.454645,-32.75045
1212,new,2,AT28,Escarpment Mesic Thicket,MesicThicket,3,0,intact,0,intact,AT28_intact,26.263017,-32.516507
1213,new,2,AT28,Escarpment Mesic Thicket,MesicThicket,3,0,intact,0,intact,AT28_intact,26.233549,-32.500027
1214,new,2,AT28,Escarpment Mesic Thicket,MesicThicket,3,0,intact,0,intact,AT28_intact,25.731481,-32.744757
1215,new,2,AT28,Escarpment Mesic Thicket,MesicThicket,3,0,intact,0,intact,AT28_intact,25.576545,-32.714431
1216,new,2,AT28,Escarpment Mesic Thicket,MesicThicket,3,0,intact,0,intact,AT28_intact,26.677534,-32.746856
1217,new,2,AT28,Escarpment Mesic Thicket,MesicThicket,3,0,intact,0,intact,AT28_intact,26.579894,-32.688258
1218,new,2,AT28,Escarpment Mesic Thicket,MesicThicket,3,0,intact,0,intact,AT28_intact,25.710835,-32.747624
1219,new,2,AT28,Escarpment Mesic Thicket,MesicThicket,3,0,intact,0,intact,AT28_intact,25.633904,-32.700755
1220,new,2,AT28,Escarpment Mesic Thicket,MesicThicket,3,0,intact,0,intact,AT28_intact,26.485846,-32.760368
1221,new,2,AT28,Escarpment Mesic Thicket,MesicThicket,3,0,intact,1,moderate,AT28_intact,26.819004,-32.548007
1222,new,2,AT28,Escarpment Mesic Thicket,MesicThicket,3,0,intact,0,intact,AT28_intact,25.218701,-32.53859
1223,new,2,AT28,Escarpment Mesic Thicket,MesicThicket,3,0,intact,0,intact,AT28_intact,26.671576,-32.740197
1224,new,2,AT28,Escarpment Mesic Thicket,MesicThicket,3,0,intact,0,intact,AT28_intact,25.352582,-32.646958
1225,new,2,AT28,Escarpment Mesic Thicket,MesicThicket,3,1,moderate,1,moderate,AT28_moderate,26.346036,-32.826221
1226,new,2,AT28,Escarpment Mesic Thicket,MesicThicket,3,1,moderate,1,moderate,AT28_moderate,26.236167,-32.612297
1227,new,2,AT28,Escarpment Mesic Thicket,MesicThicket,3,1,moderate,1,moderate,AT28_moderate,26.827134,-32.733958
1228,new,2,AT28,Escarpment Mesic Thicket,MesicThicket,3,1,moderate,1,moderate,AT28_moderate,26.777945,-32.50282
1229,new,2,AT28,Escarpment Mesic Thicket,MesicThicket,3,1,moderate,1,moderate,AT28_moderate,26.520481,-32.732626
1230,new,2,AT28,Escarpment Mesic Thicket,MesicThicket,3,1,moderate,1,moderate,AT28_moderate,25.773974,-32.71092
1231,new,2,AT28,Escarpment Mesic Thicket,MesicThicket,3,1,moderate,1,moderate,AT28_moderate,25.626287,-32.721539
1232,new,2,AT28,Escarpment Mesic Thicket,MesicThicket,3,1,moderate,1,moderate,AT28_moderate,25.763694,-32.720259
1233,new,2,AT28,Escarpment Mesic Thicket,MesicThicket,3,1,moderate,2,severe,AT28_moderate,26.755964,-32.522973
1234,new,2,AT28,Escarpment Mesic Thicket,MesicThicket,3,1,moderate,1,moderate,AT28_moderate,26.818901,-32.619019
1235,new,2,AT28,Escarpment Mesic Thicket,MesicThicket,3,1,moderate,-1,transformed,AT28_moderate,26.954352,-32.693549
1236,new,2,AT28,Escarpment Mesic Thicket,MesicThicket,3,1,moderate,-1,transformed,AT28_moderate,26.917353,-32.78461
1237,new,2,AT28,Escarpment Mesic Thicket,MesicThicket,3,1,moderate,2,severe,AT28_moderate,26.47314,-32.741685
1238,new,2,AT28,Escarpment Mesic Thicket,MesicThicket,3,1,moderate,2,severe,AT28_moderate,26.523879,-32.74934
1239,new,2,AT28,Escarpment Mesic Thicket,MesicThicket,3,1,moderate,1,moderate,AT28_moderate,26.758158,-32.786787
1240,new,2,AT28,Escarpment Mesic Thicket,MesicThicket,3,1,moderate,-1,transformed,AT28_moderate,26.742256,-32.759456
1241,new,2,AT28,Escarpment Mesic Thicket,MesicThicket,3,1,moderate,1,moderate,AT28_moderate,25.703284,-32.674889
1242,new,2,AT28,Escarpment Mesic Thicket,MesicThicket,3,1,moderate,2,severe,AT28_moderate,25.758709,-32.678609
1243,new,2,AT28,Escarpment Mesic Thicket,MesicThicket,3,1,moderate,1,moderate,AT28_moderate,26.77788,-32.623253
1244,new,2,AT28,Escarpment Mesic Thicket,MesicThicket,3,1,moderate,2,severe,AT28_moderate,26.591996,-32.579935
1245,new,2,AT28,Escarpment Mesic Thicket,MesicThicket,3,1,moderate,1,moderate,AT28_moderate,26.339646,-32.627305
1249,new,2,AT28,Escarpment Mesic Thicket,MesicThicket,3,2,severe,2,severe,AT28_severe,26.757471,-32.543486
1250,new,2,AT28,Escarpment Mesic Thicket,MesicThicket,3,2,severe,1,moderate,AT28_severe,26.228021,-32.476106
1258,new,2,AT28,Escarpment Mesic Thicket,MesicThicket,3,2,severe,2,severe,AT28_severe,26.238156,-32.454834
1261,new,2,AT28,Escarpment Mesic Thicket,MesicThicket,3,2,severe,2,severe,AT28_severe,26.7557,-32.491852
1262,new,2,AT28,Escarpment Mesic Thicket,MesicThicket,3,2,severe,2,severe,AT28_severe,26.246286,-32.509737
1266,new,2,AT28,Escarpment Mesic Thicket,MesicThicket,3,2,severe,2,severe,AT28_severe,26.262889,-32.399117
1270,new,2,AT28,Escarpment Mesic Thicket,MesicThicket,3,2,severe,2,severe,AT28_severe,26.561488,-32.590842
1277,new,2,AT28,Escarpment Mesic Thicket,MesicThicket,3,2,severe,2,severe,AT28_severe,26.470842,-32.746084
1280,new,2,AT28,Escarpment Mesic Thicket,MesicThicket,3,2,severe,2,severe,AT28_severe,26.262936,-32.481257
1287,new,2,AT28,Escarpment Mesic Thicket,MesicThicket,3,2,severe,2,severe,AT28_severe,26.186208,-32.45557
1291,new,2,AT28,Escarpment Mesic Thicket,MesicThicket,3,2,severe,2,severe,AT28_severe,26.907949,-32.617433
1292,new,2,AT28,Escarpment Mesic Thicket,MesicThicket,3,2,severe,2,severe,AT28_severe,26.220107,-32.475957
1293,new,2,AT28,Escarpment Mesic Thicket,MesicThicket,3,2,severe,2,severe,AT28_severe,26.758153,-32.722187
1295,new,2,AT28,Escarpment Mesic Thicket,MesicThicket,3,2,severe,2,severe,AT28_severe,26.236049,-32.429042
1298,new,2,AT28,Escarpment Mesic Thicket,MesicThicket,3,2,severe,2,severe,AT28_severe,25.74905,-32.73052
1303,new,2,AT29,Escarpment Valley Thicket,ValleyThicket,2,1,moderate,2,severe,AT29_moderate,24.93383,-32.413039
1304,new,2,AT29,Escarpment Valley Thicket,ValleyThicket,2,1,moderate,1,moderate,AT29_moderate,25.225739,-32.490711
1305,new,2,AT29,Escarpment Valley Thicket,ValleyThicket,2,1,moderate,1,moderate,AT29_moderate,25.017212,-32.27898
1306,new,2,AT29,Escarpment Valley Thicket,ValleyThicket,2,1,moderate,1,moderate,AT29_moderate,25.028133,-32.323637
1307,new,2,AT29,Escarpment Valley Thicket,ValleyThicket,2,1,moderate,1,moderate,AT29_moderate,24.913209,-32.332081
1308,new,2,AT29,Escarpment Valley Thicket,ValleyThicket,2,1,moderate,1,moderate,AT29_moderate,25.076704,-32.440683
1309,new,2,AT29,Escarpment Valley Thicket,ValleyThicket,2,1,moderate,1,moderate,AT29_moderate,25.07751,-32.395139
1310,new,2,AT29,Escarpment Valley Thicket,ValleyThicket,2,1,moderate,1,moderate,AT29_moderate,24.712973,-32.416241
1311,new,2,AT29,Escarpment Valley Thicket,ValleyThicket,2,1,moderate,1,moderate,AT29_moderate,24.954993,-32.276557
1312,new,2,AT29,Escarpment Valley Thicket,ValleyThicket,2,2,severe,2,severe,AT29_severe,24.874714,-32.417218
1313,new,2,AT29,Escarpment Valley Thicket,ValleyThicket,2,2,severe,2,severe,AT29_severe,25.094329,-32.48876
1314,new,2,AT29,Escarpment Valley Thicket,ValleyThicket,2,2,severe,2,severe,AT29_severe,24.794138,-32.390813
1315,new,2,AT29,Escarpment Valley Thicket,ValleyThicket,2,2,severe,2,severe,AT29_severe,24.66181,-32.420187
1316,new,2,AT29,Escarpment Valley Thicket,ValleyThicket,2,2,severe,2,severe,AT29_severe,25.146127,-32.516422
1317,new,2,AT29,Escarpment Valley Thicket,ValleyThicket,2,2,severe,2,severe,AT29_severe,24.979436,-32.319115
1318,new,2,AT29,Escarpment Valley Thicket,ValleyThicket,2,2,severe,2,severe,AT29_severe,24.942676,-32.293112
1319,new,2,AT29,Escarpment Valley Thicket,ValleyThicket,2,2,severe,2,severe,AT29_severe,24.73311,-32.471974
1320,new,2,AT29,Escarpment Valley Thicket,ValleyThicket,2,2,severe,2,severe,AT29_severe,24.564782,-32.298627
1321,new,2,AT29,Escarpment Valley Thicket,ValleyThicket,2,2,severe,2,severe,AT29_severe,24.638475,-32.36568
1322,new,2,AT29,Escarpment Valley Thicket,ValleyThicket,2,2,severe,2,severe,AT29_severe,24.937897,-32.422124
1323,new,2,AT29,Escarpment Valley Thicket,ValleyThicket,2,2,severe,2,severe,AT29_severe,25.085669,-32.515694
1324,new,2,AT29,Escarpment Valley Thicket,ValleyThicket,2,2,severe,2,severe,AT29_severe,25.071479,-32.512688
1325,new,2,AT29,Escarpment Valley Thicket,ValleyThicket,2,2,severe,2,severe,AT29_severe,24.776517,-32.389068
1326,new,2,AT29,Escarpment Valley Thicket,ValleyThicket,2,2,severe,2,severe,AT29_severe,24.739897,-32.454773
1327,new,2,AT29,Escarpment Valley Thicket,ValleyThicket,2,2,severe,2,severe,AT29_severe,25.028744,-32.511914
1328,new,2,AT29,Escarpment Valley Thicket,ValleyThicket,2,2,severe,2,severe,AT29_severe,24.704795,-32.46562
1329,new,2,AT29,Escarpment Valley Thicket,ValleyThicket,2,2,severe,2,severe,AT29_severe,24.872122,-32.464686
1330,new,2,AT29,Escarpment Valley Thicket,ValleyThicket,2,2,severe,2,severe,AT29_severe,24.9154,-32.480299
1331,new,2,AT29,Escarpment Valley Thicket,ValleyThicket,2,2,severe,1,moderate,AT29_severe,25.082635,-32.437046
1332,new,2,AT29,Escarpment Valley Thicket,ValleyThicket,2,2,severe,2,severe,AT29_severe,25.217088,-32.637169
1333,new,2,AT29,Escarpment Valley Thicket,ValleyThicket,2,2,severe,2,severe,AT29_severe,24.664227,-32.357731
1334,new,2,AT29,Escarpment Valley Thicket,ValleyThicket,2,2,severe,2,severe,AT29_severe,24.689852,-32.459887
1335,new,2,AT29,Escarpment Valley Thicket,ValleyThicket,2,2,severe,2,severe,AT29_severe,24.913316,-32.442698
1336,new,2,AT29,Escarpment Valley Thicket,ValleyThicket,2,2,severe,2,severe,AT29_severe,24.960497,-32.418467
1337,new,2,AT30,Fish Arid Thicket,AridThicket,1,0,intact,0,intact,AT30_intact,26.708379,-33.190202
1338,new,2,AT30,Fish Arid Thicket,AridThicket,1,0,intact,1,moderate,AT30_intact,26.483293,-33.167821
1339,new,2,AT30,Fish Arid Thicket,AridThicket,1,0,intact,0,intact,AT30_intact,26.927201,-33.194357
1340,new,2,AT30,Fish Arid Thicket,AridThicket,1,0,intact,0,intact,AT30_intact,26.645924,-33.109858
1341,new,2,AT30,Fish Arid Thicket,AridThicket,1,0,intact,0,intact,AT30_intact,26.812705,-33.218171
1342,new,2,AT30,Fish Arid Thicket,AridThicket,1,0,intact,0,intact,AT30_intact,26.742786,-33.237254
1343,new,2,AT30,Fish Arid Thicket,AridThicket,1,0,intact,0,intact,AT30_intact,26.658143,-33.166405
1344,new,2,AT30,Fish Arid Thicket,AridThicket,1,0,intact,1,moderate,AT30_intact,26.770737,-33.216678
1345,new,2,AT30,Fish Arid Thicket,AridThicket,1,0,intact,0,intact,AT30_intact,26.562952,-33.179827
1346,new,2,AT30,Fish Arid Thicket,AridThicket,1,0,intact,0,intact,AT30_intact,26.835142,-33.228013
1347,new,2,AT30,Fish Arid Thicket,AridThicket,1,0,intact,1,moderate,AT30_intact,26.774589,-33.191521
1348,new,2,AT30,Fish Arid Thicket,AridThicket,1,1,moderate,1,moderate,AT30_moderate,26.510261,-33.182276
1349,new,2,AT30,Fish Arid Thicket,AridThicket,1,1,moderate,1,moderate,AT30_moderate,26.601266,-33.144685
1350,new,2,AT30,Fish Arid Thicket,AridThicket,1,1,moderate,1,moderate,AT30_moderate,26.365388,-33.109066
1351,new,2,AT30,Fish Arid Thicket,AridThicket,1,1,moderate,1,moderate,AT30_moderate,26.47436,-33.146778
1352,new,2,AT30,Fish Arid Thicket,AridThicket,1,1,moderate,0,intact,AT30_moderate,26.391785,-33.168333
1353,new,2,AT30,Fish Arid Thicket,AridThicket,1,1,moderate,1,moderate,AT30_moderate,26.44793,-33.108888
1354,new,2,AT30,Fish Arid Thicket,AridThicket,1,1,moderate,1,moderate,AT30_moderate,26.629751,-33.137195
1355,new,2,AT30,Fish Arid Thicket,AridThicket,1,1,moderate,1,moderate,AT30_moderate,26.944927,-33.184348
1356,new,2,AT30,Fish Arid Thicket,AridThicket,1,1,moderate,1,moderate,AT30_moderate,26.531223,-33.09412
1357,new,2,AT30,Fish Arid Thicket,AridThicket,1,1,moderate,1,moderate,AT30_moderate,26.479094,-33.180181
1358,new,2,AT30,Fish Arid Thicket,AridThicket,1,1,moderate,1,moderate,AT30_moderate,26.66664,-33.118532
1359,new,2,AT30,Fish Arid Thicket,AridThicket,1,2,severe,2,severe,AT30_severe,26.4597,-33.100244
1360,new,2,AT30,Fish Arid Thicket,AridThicket,1,2,severe,2,severe,AT30_severe,26.415018,-33.094161
1361,new,2,AT30,Fish Arid Thicket,AridThicket,1,2,severe,2,severe,AT30_severe,26.394209,-33.119018
1362,new,2,AT30,Fish Arid Thicket,AridThicket,1,2,severe,2,severe,AT30_severe,26.344469,-33.142894
1363,new,2,AT30,Fish Arid Thicket,AridThicket,1,2,severe,2,severe,AT30_severe,26.373515,-33.117203
1364,new,2,AT30,Fish Arid Thicket,AridThicket,1,2,severe,2,severe,AT30_severe,26.37822,-33.108336
1365,new,2,AT30,Fish Arid Thicket,AridThicket,1,2,severe,1,moderate,AT30_severe,26.526066,-33.137976
1366,new,2,AT30,Fish Arid Thicket,AridThicket,1,2,severe,1,moderate,AT30_severe,26.35284,-33.088217
1367,new,2,AT30,Fish Arid Thicket,AridThicket,1,2,severe,2,severe,AT30_severe,26.945195,-33.200574
1368,new,2,AT30,Fish Arid Thicket,AridThicket,1,2,severe,2,severe,AT30_severe,26.507263,-33.151049
1369,new,2,AT31,Fish Mesic Thicket,MesicThicket,3,0,intact,0,intact,AT31_intact,26.989907,-33.304846
1370,new,2,AT31,Fish Mesic Thicket,MesicThicket,3,0,intact,1,moderate,AT31_intact,27.086363,-33.213653
1371,new,2,AT31,Fish Mesic Thicket,MesicThicket,3,0,intact,0,intact,AT31_intact,27.216891,-33.357829
1372,new,2,AT31,Fish Mesic Thicket,MesicThicket,3,0,intact,0,intact,AT31_intact,27.081044,-33.163935
1373,new,2,AT31,Fish Mesic Thicket,MesicThicket,3,0,intact,0,intact,AT31_intact,26.917475,-33.355431
1374,new,2,AT31,Fish Mesic Thicket,MesicThicket,3,0,intact,0,intact,AT31_intact,26.965962,-33.342452
1375,new,2,AT31,Fish Mesic Thicket,MesicThicket,3,0,intact,0,intact,AT31_intact,27.20165,-33.339609
1376,new,2,AT31,Fish Mesic Thicket,MesicThicket,3,0,intact,0,intact,AT31_intact,26.934648,-33.364835
1377,new,2,AT31,Fish Mesic Thicket,MesicThicket,3,0,intact,-1,transformed,AT31_intact,27.256121,-33.344327
1378,new,2,AT31,Fish Mesic Thicket,MesicThicket,3,0,intact,0,intact,AT31_intact,27.016961,-33.2709
1379,new,2,AT31,Fish Mesic Thicket,MesicThicket,3,0,intact,0,intact,AT31_intact,26.992102,-33.155575
1380,new,2,AT31,Fish Mesic Thicket,MesicThicket,3,0,intact,0,intact,AT31_intact,26.972519,-33.159995
1381,new,2,AT31,Fish Mesic Thicket,MesicThicket,3,0,intact,0,intact,AT31_intact,27.212078,-33.218068
1382,new,2,AT31,Fish Mesic Thicket,MesicThicket,3,0,intact,0,intact,AT31_intact,26.97311,-33.364927
1383,new,2,AT31,Fish Mesic Thicket,MesicThicket,3,0,intact,0,intact,AT31_intact,26.993813,-33.377875
1384,new,2,AT31,Fish Mesic Thicket,MesicThicket,3,0,intact,-1,transformed,AT31_intact,27.278496,-33.354029
1385,new,2,AT31,Fish Mesic Thicket,MesicThicket,3,0,intact,0,intact,AT31_intact,27.167312,-33.316492
1386,new,2,AT31,Fish Mesic Thicket,MesicThicket,3,0,intact,0,intact,AT31_intact,27.079195,-33.467716
1387,new,2,AT31,Fish Mesic Thicket,MesicThicket,3,0,intact,0,intact,AT31_intact,26.983996,-33.288828
1388,new,2,AT31,Fish Mesic Thicket,MesicThicket,3,0,intact,0,intact,AT31_intact,27.000411,-33.202497
1389,new,2,AT31,Fish Mesic Thicket,MesicThicket,3,0,intact,0,intact,AT31_intact,27.061174,-33.175329
1390,new,2,AT31,Fish Mesic Thicket,MesicThicket,3,0,intact,0,intact,AT31_intact,27.003985,-33.352628
1391,new,2,AT31,Fish Mesic Thicket,MesicThicket,3,0,intact,0,intact,AT31_intact,27.077105,-33.454924
1392,new,2,AT31,Fish Mesic Thicket,MesicThicket,3,0,intact,0,intact,AT31_intact,27.214026,-33.317879
1393,new,2,AT31,Fish Mesic Thicket,MesicThicket,3,0,intact,0,intact,AT31_intact,27.001255,-33.181072
1394,new,2,AT31,Fish Mesic Thicket,MesicThicket,3,0,intact,-1,transformed,AT31_intact,27.272548,-33.352645
1395,new,2,AT31,Fish Mesic Thicket,MesicThicket,3,0,intact,0,intact,AT31_intact,27.04713,-33.230411
1396,new,2,AT31,Fish Mesic Thicket,MesicThicket,3,0,intact,0,intact,AT31_intact,27.004381,-33.17388
1397,new,2,AT31,Fish Mesic Thicket,MesicThicket,3,0,intact,1,moderate,AT31_intact,27.184734,-33.382744
1398,new,2,AT31,Fish Mesic Thicket,MesicThicket,3,1,moderate,-1,transformed,AT31_moderate,27.275619,-33.348241
1399,new,2,AT31,Fish Mesic Thicket,MesicThicket,3,1,moderate,1,moderate,AT31_moderate,27.063583,-33.167693
1400,new,2,AT31,Fish Mesic Thicket,MesicThicket,3,1,moderate,2,severe,AT31_moderate,27.062425,-33.394697
1401,new,2,AT31,Fish Mesic Thicket,MesicThicket,3,1,moderate,1,moderate,AT31_moderate,27.104775,-33.164011
1402,new,2,AT31,Fish Mesic Thicket,MesicThicket,3,1,moderate,-1,transformed,AT31_moderate,27.012541,-33.364986
1403,new,2,AT31,Fish Mesic Thicket,MesicThicket,3,1,moderate,-1,transformed,AT31_moderate,27.075367,-33.43952
1404,new,2,AT31,Fish Mesic Thicket,MesicThicket,3,1,moderate,1,moderate,AT31_moderate,26.992916,-33.370846
1405,new,2,AT31,Fish Mesic Thicket,MesicThicket,3,1,moderate,1,moderate,AT31_moderate,27.04641,-33.232769
1406,new,2,AT31,Fish Mesic Thicket,MesicThicket,3,1,moderate,1,moderate,AT31_moderate,26.996423,-33.195037
1407,new,2,AT31,Fish Mesic Thicket,MesicThicket,3,1,moderate,-1,transformed,AT31_moderate,27.069422,-33.453556
1408,new,2,AT31,Fish Mesic Thicket,MesicThicket,3,1,moderate,1,moderate,AT31_moderate,27.059345,-33.183873
1409,new,2,AT31,Fish Mesic Thicket,MesicThicket,3,1,moderate,1,moderate,AT31_moderate,27.054247,-33.215911
1410,new,2,AT31,Fish Mesic Thicket,MesicThicket,3,1,moderate,1,moderate,AT31_moderate,27.071005,-33.168836
1411,new,2,AT31,Fish Mesic Thicket,MesicThicket,3,1,moderate,1,moderate,AT31_moderate,27.041664,-33.299636
1412,new,2,AT31,Fish Mesic Thicket,MesicThicket,3,1,moderate,1,moderate,AT31_moderate,27.170751,-33.329585
1413,new,2,AT31,Fish Mesic Thicket,MesicThicket,3,1,moderate,0,intact,AT31_moderate,27.218742,-33.210843
1414,new,2,AT31,Fish Mesic Thicket,MesicThicket,3,1,moderate,-1,transformed,AT31_moderate,27.267344,-33.294958
1415,new,2,AT31,Fish Mesic Thicket,MesicThicket,3,1,moderate,-1,transformed,AT31_moderate,27.343961,-33.352159
1416,new,2,AT31,Fish Mesic Thicket,MesicThicket,3,1,moderate,-1,transformed,AT31_moderate,27.048776,-33.135292
1417,new,2,AT31,Fish Mesic Thicket,MesicThicket,3,2,severe,1,moderate,AT31_severe,27.271005,-33.306017
1418,new,2,AT31,Fish Mesic Thicket,MesicThicket,3,2,severe,2,severe,AT31_severe,27.058855,-33.383467
1419,new,2,AT31,Fish Mesic Thicket,MesicThicket,3,2,severe,1,moderate,AT31_severe,27.069729,-33.123823
1420,new,2,AT31,Fish Mesic Thicket,MesicThicket,3,2,severe,1,moderate,AT31_severe,27.059254,-33.13068
1421,new,2,AT31,Fish Mesic Thicket,MesicThicket,3,2,severe,1,moderate,AT31_severe,27.270535,-33.305093
1422,new,2,AT31,Fish Mesic Thicket,MesicThicket,3,2,severe,1,moderate,AT31_severe,27.034602,-33.257179
1423,new,2,AT31,Fish Mesic Thicket,MesicThicket,3,2,severe,2,severe,AT31_severe,27.213725,-33.170543
1586,new,2,AT33,Gamka Arid Thicket,AridThicket,1,0,intact,0,intact,AT33_intact,21.628679,-33.433534
1587,new,2,AT33,Gamka Arid Thicket,AridThicket,1,0,intact,0,intact,AT33_intact,21.772081,-33.457769
1588,new,2,AT33,Gamka Arid Thicket,AridThicket,1,0,intact,0,intact,AT33_intact,21.584967,-33.508659
1589,new,2,AT33,Gamka Arid Thicket,AridThicket,1,0,intact,0,intact,AT33_intact,21.626164,-33.517451
1590,new,2,AT33,Gamka Arid Thicket,AridThicket,1,0,intact,0,intact,AT33_intact,21.622714,-33.449667
1591,new,2,AT33,Gamka Arid Thicket,AridThicket,1,0,intact,0,intact,AT33_intact,21.650901,-33.445499
1592,new,2,AT33,Gamka Arid Thicket,AridThicket,1,0,intact,0,intact,AT33_intact,21.658467,-33.441217
1593,new,2,AT33,Gamka Arid Thicket,AridThicket,1,1,moderate,1,moderate,AT33_moderate,21.64583,-33.49229
1594,new,2,AT33,Gamka Arid Thicket,AridThicket,1,1,moderate,1,moderate,AT33_moderate,21.630088,-33.500101
1595,new,2,AT33,Gamka Arid Thicket,AridThicket,1,1,moderate,2,severe,AT33_moderate,22.391297,-33.107916
1596,new,2,AT33,Gamka Arid Thicket,AridThicket,1,1,moderate,1,moderate,AT33_moderate,21.710172,-33.514452
1597,new,2,AT33,Gamka Arid Thicket,AridThicket,1,1,moderate,0,intact,AT33_moderate,21.657803,-33.446325
1598,new,2,AT33,Gamka Arid Thicket,AridThicket,1,1,moderate,2,severe,AT33_moderate,22.292013,-33.136864
1599,new,2,AT33,Gamka Arid Thicket,AridThicket,1,1,moderate,1,moderate,AT33_moderate,21.620527,-33.273205
1600,new,2,AT33,Gamka Arid Thicket,AridThicket,1,2,severe,2,severe,AT33_severe,21.571139,-33.468855
1601,new,2,AT33,Gamka Arid Thicket,AridThicket,1,2,severe,2,severe,AT33_severe,22.085613,-33.251655
1602,new,2,AT33,Gamka Arid Thicket,AridThicket,1,2,severe,2,severe,AT33_severe,22.235107,-33.213494
1603,new,2,AT33,Gamka Arid Thicket,AridThicket,1,2,severe,1,moderate,AT33_severe,21.506366,-33.281743
1604,new,2,AT33,Gamka Arid Thicket,AridThicket,1,2,severe,2,severe,AT33_severe,22.252826,-33.152306
1605,new,2,AT33,Gamka Arid Thicket,AridThicket,1,2,severe,2,severe,AT33_severe,22.213849,-33.162072
1606,new,2,AT33,Gamka Arid Thicket,AridThicket,1,2,severe,2,severe,AT33_severe,21.761271,-33.25659
1607,new,2,AT33,Gamka Arid Thicket,AridThicket,1,2,severe,2,severe,AT33_severe,21.606483,-33.466575
1608,new,2,AT33,Gamka Arid Thicket,AridThicket,1,2,severe,2,severe,AT33_severe,21.805539,-33.2588
1609,new,2,AT33,Gamka Arid Thicket,AridThicket,1,2,severe,2,severe,AT33_severe,22.374155,-33.236077
1610,new,2,AT33,Gamka Arid Thicket,AridThicket,1,2,severe,2,severe,AT33_severe,22.391633,-33.117588
1611,new,2,AT33,Gamka Arid Thicket,AridThicket,1,2,severe,2,severe,AT33_severe,22.263524,-33.125483
1612,new,2,AT33,Gamka Arid Thicket,AridThicket,1,2,severe,2,severe,AT33_severe,22.103027,-33.154792
1613,new,2,AT33,Gamka Arid Thicket,AridThicket,1,2,severe,2,severe,AT33_severe,22.306851,-33.140743
1614,new,2,AT33,Gamka Arid Thicket,AridThicket,1,2,severe,2,severe,AT33_severe,23.107684,-33.267909
1615,new,2,AT33,Gamka Arid Thicket,AridThicket,1,2,severe,2,severe,AT33_severe,22.320329,-33.154229
1616,new,2,AT33,Gamka Arid Thicket,AridThicket,1,2,severe,2,severe,AT33_severe,22.43201,-33.130351
1617,new,2,AT33,Gamka Arid Thicket,AridThicket,1,2,severe,2,severe,AT33_severe,22.485505,-33.247495
1618,new,2,AT33,Gamka Arid Thicket,AridThicket,1,2,severe,2,severe,AT33_severe,22.692819,-33.362261
1619,new,2,AT33,Gamka Arid Thicket,AridThicket,1,2,severe,2,severe,AT33_severe,21.579932,-33.502412
1620,new,2,AT34,Gamka Valley Thicket,ValleyThicket,2,0,intact,0,intact,AT34_intact,22.289616,-33.497591
1621,new,2,AT34,Gamka Valley Thicket,ValleyThicket,2,0,intact,0,intact,AT34_intact,22.060072,-33.520305
1622,new,2,AT34,Gamka Valley Thicket,ValleyThicket,2,0,intact,0,intact,AT34_intact,22.038576,-33.502135
1623,new,2,AT34,Gamka Valley Thicket,ValleyThicket,2,0,intact,0,intact,AT34_intact,22.039616,-33.518824
1624,new,2,AT34,Gamka Valley Thicket,ValleyThicket,2,0,intact,0,intact,AT34_intact,22.029902,-33.513799
1625,new,2,AT34,Gamka Valley Thicket,ValleyThicket,2,1,moderate,0,intact,AT34_moderate,22.441058,-33.539
1626,new,2,AT34,Gamka Valley Thicket,ValleyThicket,2,1,moderate,1,moderate,AT34_moderate,22.246826,-33.514488
1627,new,2,AT34,Gamka Valley Thicket,ValleyThicket,2,1,moderate,1,moderate,AT34_moderate,22.271971,-33.494609
1628,new,2,AT34,Gamka Valley Thicket,ValleyThicket,2,1,moderate,1,moderate,AT34_moderate,22.280592,-33.489464
1629,new,2,AT34,Gamka Valley Thicket,ValleyThicket,2,1,moderate,2,severe,AT34_moderate,22.055788,-33.536081
1630,new,2,AT34,Gamka Valley Thicket,ValleyThicket,2,1,moderate,1,moderate,AT34_moderate,22.100343,-33.512097
1631,new,2,AT34,Gamka Valley Thicket,ValleyThicket,2,1,moderate,1,moderate,AT34_moderate,22.156652,-33.518166
1632,new,2,AT34,Gamka Valley Thicket,ValleyThicket,2,1,moderate,1,moderate,AT34_moderate,22.043458,-33.491974
1633,new,2,AT34,Gamka Valley Thicket,ValleyThicket,2,1,moderate,1,moderate,AT34_moderate,22.178758,-33.50785
1634,new,2,AT34,Gamka Valley Thicket,ValleyThicket,2,1,moderate,1,moderate,AT34_moderate,22.263208,-33.505545
1635,new,2,AT34,Gamka Valley Thicket,ValleyThicket,2,1,moderate,2,severe,AT34_moderate,22.124312,-33.517689
1636,new,2,AT34,Gamka Valley Thicket,ValleyThicket,2,1,moderate,1,moderate,AT34_moderate,22.114507,-33.53116
1637,new,2,AT34,Gamka Valley Thicket,ValleyThicket,2,2,severe,2,severe,AT34_severe,22.411318,-33.535184
1638,new,2,AT34,Gamka Valley Thicket,ValleyThicket,2,2,severe,2,severe,AT34_severe,22.36048,-33.544922
1639,new,2,AT34,Gamka Valley Thicket,ValleyThicket,2,2,severe,-1,transformed,AT34_severe,22.177679,-33.524213
1640,new,2,AT34,Gamka Valley Thicket,ValleyThicket,2,2,severe,1,moderate,AT34_severe,22.139771,-33.543029
1641,new,2,AT34,Gamka Valley Thicket,ValleyThicket,2,2,severe,2,severe,AT34_severe,22.32679,-33.538641
1642,new,2,AT34,Gamka Valley Thicket,ValleyThicket,2,2,severe,2,severe,AT34_severe,22.203028,-33.512991
1643,new,2,AT34,Gamka Valley Thicket,ValleyThicket,2,2,severe,2,severe,AT34_severe,22.19934,-33.522846
1644,new,2,AT34,Gamka Valley Thicket,ValleyThicket,2,2,severe,2,severe,AT34_severe,22.19438,-33.502044
1645,new,2,AT34,Gamka Valley Thicket,ValleyThicket,2,2,severe,2,severe,AT34_severe,22.425171,-33.523586
1646,new,2,AT34,Gamka Valley Thicket,ValleyThicket,2,2,severe,2,severe,AT34_severe,22.171883,-33.532303
1647,new,2,AT34,Gamka Valley Thicket,ValleyThicket,2,2,severe,2,severe,AT34_severe,22.384515,-33.550672
1648,new,2,AT34,Gamka Valley Thicket,ValleyThicket,2,2,severe,2,severe,AT34_severe,22.125405,-33.522416
1649,new,2,AT34,Gamka Valley Thicket,ValleyThicket,2,2,severe,2,severe,AT34_severe,22.334845,-33.534759
1650,new,2,AT34,Gamka Valley Thicket,ValleyThicket,2,2,severe,2,severe,AT34_severe,22.177068,-33.542508
1651,new,2,AT34,Gamka Valley Thicket,ValleyThicket,2,2,severe,2,severe,AT34_severe,22.118555,-33.531292
1652,new,2,AT34,Gamka Valley Thicket,ValleyThicket,2,2,severe,1,moderate,AT34_severe,22.169706,-33.513938
1653,new,2,AT34,Gamka Valley Thicket,ValleyThicket,2,2,severe,1,moderate,AT34_severe,22.166984,-33.539285
1654,new,2,AT34,Gamka Valley Thicket,ValleyThicket,2,2,severe,2,severe,AT34_severe,22.412109,-33.531622
1655,new,2,AT34,Gamka Valley Thicket,ValleyThicket,2,2,severe,2,severe,AT34_severe,22.172807,-33.59222
1656,new,2,AT34,Gamka Valley Thicket,ValleyThicket,2,2,severe,2,severe,AT34_severe,22.22193,-33.51421
1657,new,2,AT34,Gamka Valley Thicket,ValleyThicket,2,2,severe,2,severe,AT34_severe,22.198331,-33.530476
1658,new,2,AT34,Gamka Valley Thicket,ValleyThicket,2,2,severe,2,severe,AT34_severe,22.082574,-33.521575
1659,new,2,AT34,Gamka Valley Thicket,ValleyThicket,2,2,severe,2,severe,AT34_severe,22.150072,-33.549127
1660,new,2,AT34,Gamka Valley Thicket,ValleyThicket,2,2,severe,1,moderate,AT34_severe,22.42052,-33.508143
1661,new,2,AT34,Gamka Valley Thicket,ValleyThicket,2,2,severe,2,severe,AT34_severe,22.121064,-33.525438
1662,new,2,AT34,Gamka Valley Thicket,ValleyThicket,2,2,severe,1,moderate,AT34_severe,22.171006,-33.525797
1663,new,2,AT34,Gamka Valley Thicket,ValleyThicket,2,2,severe,2,severe,AT34_severe,22.427735,-33.526291
1664,new,2,AT34,Gamka Valley Thicket,ValleyThicket,2,2,severe,2,severe,AT34_severe,22.41467,-33.522689
1665,new,2,AT37,Gouritz Valley Thicket,ValleyThicket,2,0,intact,2,severe,AT37_intact,21.81425,-34.227558
1666,new,2,AT37,Gouritz Valley Thicket,ValleyThicket,2,0,intact,0,intact,AT37_intact,21.719768,-34.04557
1667,new,2,AT37,Gouritz Valley Thicket,ValleyThicket,2,0,intact,0,intact,AT37_intact,21.750685,-34.046231
1668,new,2,AT37,Gouritz Valley Thicket,ValleyThicket,2,0,intact,0,intact,AT37_intact,21.739094,-34.195977
1669,new,2,AT37,Gouritz Valley Thicket,ValleyThicket,2,0,intact,0,intact,AT37_intact,21.355259,-34.313251
1670,new,2,AT37,Gouritz Valley Thicket,ValleyThicket,2,0,intact,0,intact,AT37_intact,21.704467,-34.158213
1671,new,2,AT37,Gouritz Valley Thicket,ValleyThicket,2,0,intact,0,intact,AT37_intact,21.718623,-34.065225
1672,new,2,AT37,Gouritz Valley Thicket,ValleyThicket,2,0,intact,0,intact,AT37_intact,21.398565,-34.333168
1673,new,2,AT37,Gouritz Valley Thicket,ValleyThicket,2,0,intact,2,severe,AT37_intact,21.367029,-34.319399
1674,new,2,AT37,Gouritz Valley Thicket,ValleyThicket,2,0,intact,0,intact,AT37_intact,21.811436,-34.243112
1675,new,2,AT37,Gouritz Valley Thicket,ValleyThicket,2,0,intact,-1,transformed,AT37_intact,21.379857,-34.319165
1676,new,2,AT37,Gouritz Valley Thicket,ValleyThicket,2,0,intact,1,moderate,AT37_intact,21.720941,-34.137393
1677,new,2,AT37,Gouritz Valley Thicket,ValleyThicket,2,0,intact,0,intact,AT37_intact,21.661467,-33.942798
1678,new,2,AT37,Gouritz Valley Thicket,ValleyThicket,2,0,intact,0,intact,AT37_intact,21.647905,-33.97367
1679,new,2,AT37,Gouritz Valley Thicket,ValleyThicket,2,0,intact,0,intact,AT37_intact,21.854267,-34.311009
1680,new,2,AT37,Gouritz Valley Thicket,ValleyThicket,2,0,intact,0,intact,AT37_intact,21.735757,-34.013476
1681,new,2,AT37,Gouritz Valley Thicket,ValleyThicket,2,1,moderate,-1,transformed,AT37_moderate,21.64938,-34.12261
1682,new,2,AT37,Gouritz Valley Thicket,ValleyThicket,2,1,moderate,2,severe,AT37_moderate,21.781981,-34.159492
1683,new,2,AT37,Gouritz Valley Thicket,ValleyThicket,2,1,moderate,1,moderate,AT37_moderate,21.806892,-34.06189
1684,new,2,AT37,Gouritz Valley Thicket,ValleyThicket,2,1,moderate,2,severe,AT37_moderate,21.640178,-34.122199
1685,new,2,AT37,Gouritz Valley Thicket,ValleyThicket,2,1,moderate,1,moderate,AT37_moderate,21.714733,-34.133323
1686,new,2,AT37,Gouritz Valley Thicket,ValleyThicket,2,1,moderate,1,moderate,AT37_moderate,21.742737,-34.103011
1687,new,2,AT37,Gouritz Valley Thicket,ValleyThicket,2,1,moderate,1,moderate,AT37_moderate,21.673687,-34.143239
1688,new,2,AT37,Gouritz Valley Thicket,ValleyThicket,2,1,moderate,1,moderate,AT37_moderate,21.787765,-34.177432
1689,new,2,AT37,Gouritz Valley Thicket,ValleyThicket,2,1,moderate,0,intact,AT37_moderate,21.763732,-34.048317
1690,new,2,AT37,Gouritz Valley Thicket,ValleyThicket,2,1,moderate,1,moderate,AT37_moderate,21.754459,-34.22261
1691,new,2,AT37,Gouritz Valley Thicket,ValleyThicket,2,2,severe,1,moderate,AT37_severe,21.827968,-34.062143
1692,new,2,AT37,Gouritz Valley Thicket,ValleyThicket,2,2,severe,1,moderate,AT37_severe,21.729575,-34.134595
1693,new,2,AT37,Gouritz Valley Thicket,ValleyThicket,2,2,severe,2,severe,AT37_severe,21.625719,-33.987517
1694,new,2,AT37,Gouritz Valley Thicket,ValleyThicket,2,2,severe,2,severe,AT37_severe,21.873986,-34.152614
1695,new,2,AT37,Gouritz Valley Thicket,ValleyThicket,2,2,severe,2,severe,AT37_severe,21.739156,-34.13393
1696,new,2,AT37,Gouritz Valley Thicket,ValleyThicket,2,2,severe,2,severe,AT37_severe,21.753707,-34.153789
1697,new,2,AT37,Gouritz Valley Thicket,ValleyThicket,2,2,severe,2,severe,AT37_severe,21.731448,-34.09287
1698,new,2,AT37,Gouritz Valley Thicket,ValleyThicket,2,2,severe,1,moderate,AT37_severe,21.626494,-33.993639
1699,new,2,AT37,Gouritz Valley Thicket,ValleyThicket,2,2,severe,2,severe,AT37_severe,21.760073,-34.163583
1700,new,2,AT37,Gouritz Valley Thicket,ValleyThicket,2,2,severe,2,severe,AT37_severe,21.658801,-34.019007
1701,new,2,AT37,Gouritz Valley Thicket,ValleyThicket,2,2,severe,2,severe,AT37_severe,21.306932,-34.283485
1702,new,2,AT37,Gouritz Valley Thicket,ValleyThicket,2,2,severe,-1,transformed,AT37_severe,21.676296,-34.138204
1703,new,2,AT37,Gouritz Valley Thicket,ValleyThicket,2,2,severe,2,severe,AT37_severe,21.747621,-34.157569
1704,new,2,AT37,Gouritz Valley Thicket,ValleyThicket,2,2,severe,-1,transformed,AT37_severe,21.803089,-34.146951
1705,new,2,AT37,Gouritz Valley Thicket,ValleyThicket,2,2,severe,2,severe,AT37_severe,21.379666,-34.327503
1706,new,2,AT37,Gouritz Valley Thicket,ValleyThicket,2,2,severe,2,severe,AT37_severe,21.750399,-34.185636
1707,new,2,AT37,Gouritz Valley Thicket,ValleyThicket,2,2,severe,2,severe,AT37_severe,21.702494,-34.104406
1708,new,2,AT37,Gouritz Valley Thicket,ValleyThicket,2,2,severe,2,severe,AT37_severe,21.796324,-34.247547
1709,new,2,AT37,Gouritz Valley Thicket,ValleyThicket,2,2,severe,2,severe,AT37_severe,21.797304,-34.160927
1710,new,2,AT37,Gouritz Valley Thicket,ValleyThicket,2,2,severe,2,severe,AT37_severe,21.614115,-34.030987
1711,new,2,AT37,Gouritz Valley Thicket,ValleyThicket,2,2,severe,2,severe,AT37_severe,21.793037,-34.151196
1712,new,2,AT37,Gouritz Valley Thicket,ValleyThicket,2,2,severe,2,severe,AT37_severe,21.724738,-34.154561
1970,new,2,AT50,Sundays Mesic Thicket,MesicThicket,3,0,intact,0,intact,AT50_intact,25.328859,-33.355014
1971,new,2,AT50,Sundays Mesic Thicket,MesicThicket,3,0,intact,0,intact,AT50_intact,25.681298,-33.36797
1972,new,2,AT50,Sundays Mesic Thicket,MesicThicket,3,0,intact,0,intact,AT50_intact,25.815587,-33.389297
1973,new,2,AT50,Sundays Mesic Thicket,MesicThicket,3,0,intact,0,intact,AT50_intact,25.264738,-33.812976
1974,new,2,AT50,Sundays Mesic Thicket,MesicThicket,3,0,intact,0,intact,AT50_intact,25.226682,-33.820234
1975,new,2,AT50,Sundays Mesic Thicket,MesicThicket,3,0,intact,0,intact,AT50_intact,25.27216,-33.798253
1976,new,2,AT50,Sundays Mesic Thicket,MesicThicket,3,0,intact,0,intact,AT50_intact,25.53718,-33.363705
1977,new,2,AT50,Sundays Mesic Thicket,MesicThicket,3,0,intact,2,severe,AT50_intact,25.386122,-33.720754
1978,new,2,AT50,Sundays Mesic Thicket,MesicThicket,3,0,intact,0,intact,AT50_intact,25.650364,-33.388319
1979,new,2,AT50,Sundays Mesic Thicket,MesicThicket,3,0,intact,0,intact,AT50_intact,25.235802,-33.800585
1980,new,2,AT50,Sundays Mesic Thicket,MesicThicket,3,0,intact,0,intact,AT50_intact,25.660675,-33.362308
1981,new,2,AT50,Sundays Mesic Thicket,MesicThicket,3,0,intact,0,intact,AT50_intact,25.557906,-33.363512
1982,new,2,AT50,Sundays Mesic Thicket,MesicThicket,3,0,intact,0,intact,AT50_intact,25.313788,-33.766634
1983,new,2,AT50,Sundays Mesic Thicket,MesicThicket,3,0,intact,0,intact,AT50_intact,25.750418,-33.405016
1984,new,2,AT50,Sundays Mesic Thicket,MesicThicket,3,0,intact,0,intact,AT50_intact,25.674043,-33.336328
1985,new,2,AT50,Sundays Mesic Thicket,MesicThicket,3,0,intact,0,intact,AT50_intact,25.833113,-33.404848
1986,new,2,AT50,Sundays Mesic Thicket,MesicThicket,3,0,intact,0,intact,AT50_intact,25.304127,-33.721093
1987,new,2,AT50,Sundays Mesic Thicket,MesicThicket,3,0,intact,0,intact,AT50_intact,25.587243,-33.365803
1988,new,2,AT50,Sundays Mesic Thicket,MesicThicket,3,1,moderate,1,moderate,AT50_moderate,25.65244,-33.379273
1989,new,2,AT50,Sundays Mesic Thicket,MesicThicket,3,1,moderate,1,moderate,AT50_moderate,25.605082,-33.364736
1990,new,2,AT50,Sundays Mesic Thicket,MesicThicket,3,1,moderate,1,moderate,AT50_moderate,25.286224,-33.752646
1991,new,2,AT50,Sundays Mesic Thicket,MesicThicket,3,1,moderate,1,moderate,AT50_moderate,24.887167,-34.083797
1992,new,2,AT50,Sundays Mesic Thicket,MesicThicket,3,1,moderate,1,moderate,AT50_moderate,24.932804,-33.912899
1993,new,2,AT50,Sundays Mesic Thicket,MesicThicket,3,1,moderate,1,moderate,AT50_moderate,25.266953,-33.334429
1994,new,2,AT50,Sundays Mesic Thicket,MesicThicket,3,1,moderate,1,moderate,AT50_moderate,25.331265,-33.354023
1995,new,2,AT50,Sundays Mesic Thicket,MesicThicket,3,1,moderate,0,intact,AT50_moderate,25.798684,-33.378934
1996,new,2,AT50,Sundays Mesic Thicket,MesicThicket,3,1,moderate,2,severe,AT50_moderate,25.488349,-33.379624
1997,new,2,AT50,Sundays Mesic Thicket,MesicThicket,3,2,severe,-1,transformed,AT50_severe,25.72525,-33.421733
1999,new,2,AT50,Sundays Mesic Thicket,MesicThicket,3,2,severe,2,severe,AT50_severe,24.851209,-34.124285
2003,new,2,AT50,Sundays Mesic Thicket,MesicThicket,3,2,severe,1,moderate,AT50_severe,25.815817,-33.576476
2004,new,2,AT50,Sundays Mesic Thicket,MesicThicket,3,2,severe,1,moderate,AT50_severe,24.870851,-33.951052
2007,new,2,AT50,Sundays Mesic Thicket,MesicThicket,3,2,severe,-1,transformed,AT50_severe,24.908993,-34.066254
2010,new,2,AT50,Sundays Mesic Thicket,MesicThicket,3,2,severe,2,severe,AT50_severe,24.919762,-34.006487
2013,new,2,AT50,Sundays Mesic Thicket,MesicThicket,3,2,severe,1,moderate,AT50_severe,25.81344,-33.574261
2018,new,2,AT51,Sundays Valley Thicket,ValleyThicket,2,0,intact,0,intact,AT51_intact,24.899452,-33.855916
2019,new,2,AT51,Sundays Valley Thicket,ValleyThicket,2,0,intact,0,intact,AT51_intact,25.437422,-33.769709
2022,new,2,AT51,Sundays Valley Thicket,ValleyThicket,2,0,intact,0,intact,AT51_intact,25.622995,-33.610838
2024,new,2,AT51,Sundays Valley Thicket,ValleyThicket,2,0,intact,0,intact,AT51_intact,25.72584,-33.472715
2026,new,2,AT51,Sundays Valley Thicket,ValleyThicket,2,0,intact,-1,transformed,AT51_intact,25.301322,-33.838028
2027,new,2,AT51,Sundays Valley Thicket,ValleyThicket,2,0,intact,0,intact,AT51_intact,25.528695,-33.656298
2028,new,2,AT51,Sundays Valley Thicket,ValleyThicket,2,0,intact,0,intact,AT51_intact,25.47282,-33.569894
2030,new,2,AT51,Sundays Valley Thicket,ValleyThicket,2,0,intact,0,intact,AT51_intact,24.757097,-33.698762
2031,new,2,AT51,Sundays Valley Thicket,ValleyThicket,2,0,intact,0,intact,AT51_intact,25.421918,-33.452701
2033,new,2,AT51,Sundays Valley Thicket,ValleyThicket,2,0,intact,0,intact,AT51_intact,24.666616,-33.799632
2034,new,2,AT51,Sundays Valley Thicket,ValleyThicket,2,0,intact,0,intact,AT51_intact,24.565126,-33.684809
2035,new,2,AT51,Sundays Valley Thicket,ValleyThicket,2,0,intact,0,intact,AT51_intact,24.564528,-33.670075
2036,new,2,AT51,Sundays Valley Thicket,ValleyThicket,2,0,intact,0,intact,AT51_intact,25.467151,-33.761906
2037,new,2,AT51,Sundays Valley Thicket,ValleyThicket,2,0,intact,0,intact,AT51_intact,24.654487,-33.800173
2038,new,2,AT51,Sundays Valley Thicket,ValleyThicket,2,0,intact,0,intact,AT51_intact,25.462038,-33.696096
2041,new,2,AT51,Sundays Valley Thicket,ValleyThicket,2,0,intact,0,intact,AT51_intact,25.311347,-33.813415
2042,new,2,AT51,Sundays Valley Thicket,ValleyThicket,2,0,intact,0,intact,AT51_intact,25.823552,-33.656853
2043,new,2,AT51,Sundays Valley Thicket,ValleyThicket,2,0,intact,0,intact,AT51_intact,25.759383,-33.48737
2044,new,2,AT51,Sundays Valley Thicket,ValleyThicket,2,0,intact,0,intact,AT51_intact,25.537654,-33.700524
2046,new,2,AT51,Sundays Valley Thicket,ValleyThicket,2,0,intact,0,intact,AT51_intact,25.565132,-33.72625
2047,new,2,AT51,Sundays Valley Thicket,ValleyThicket,2,0,intact,0,intact,AT51_intact,25.370782,-33.587363
2049,new,2,AT51,Sundays Valley Thicket,ValleyThicket,2,0,intact,0,intact,AT51_intact,24.754139,-33.710243
2050,new,2,AT51,Sundays Valley Thicket,ValleyThicket,2,0,intact,0,intact,AT51_intact,25.330217,-33.556563
2051,new,2,AT51,Sundays Valley Thicket,ValleyThicket,2,0,intact,0,intact,AT51_intact,25.524847,-33.788757
2052,new,2,AT51,Sundays Valley Thicket,ValleyThicket,2,0,intact,0,intact,AT51_intact,25.496169,-33.52927
2054,new,2,AT51,Sundays Valley Thicket,ValleyThicket,2,0,intact,0,intact,AT51_intact,25.781227,-33.642899
2057,new,2,AT51,Sundays Valley Thicket,ValleyThicket,2,0,intact,0,intact,AT51_intact,25.410961,-33.654197
2058,new,2,AT51,Sundays Valley Thicket,ValleyThicket,2,0,intact,0,intact,AT51_intact,25.781737,-33.539908
2061,new,2,AT51,Sundays Valley Thicket,ValleyThicket,2,1,moderate,1,moderate,AT51_moderate,25.753578,-33.507684
2062,new,2,AT51,Sundays Valley Thicket,ValleyThicket,2,1,moderate,1,moderate,AT51_moderate,24.903787,-33.842124
2063,new,2,AT51,Sundays Valley Thicket,ValleyThicket,2,1,moderate,1,moderate,AT51_moderate,25.302087,-33.590953
2064,new,2,AT51,Sundays Valley Thicket,ValleyThicket,2,1,moderate,1,moderate,AT51_moderate,25.333543,-33.581549
2065,new,2,AT51,Sundays Valley Thicket,ValleyThicket,2,1,moderate,0,intact,AT51_moderate,25.754761,-33.493677
2066,new,2,AT51,Sundays Valley Thicket,ValleyThicket,2,1,moderate,0,intact,AT51_moderate,25.421201,-33.52637
2068,new,2,AT51,Sundays Valley Thicket,ValleyThicket,2,1,moderate,1,moderate,AT51_moderate,25.422565,-33.701697
2070,new,2,AT51,Sundays Valley Thicket,ValleyThicket,2,1,moderate,0,intact,AT51_moderate,24.778013,-33.844835
2073,new,2,AT51,Sundays Valley Thicket,ValleyThicket,2,2,severe,2,severe,AT51_severe,24.911754,-33.460741
2076,new,2,AT51,Sundays Valley Thicket,ValleyThicket,2,2,severe,2,severe,AT51_severe,25.15605,-33.407962
2077,new,2,AT51,Sundays Valley Thicket,ValleyThicket,2,2,severe,2,severe,AT51_severe,24.714244,-33.348554
2080,new,2,AT51,Sundays Valley Thicket,ValleyThicket,2,2,severe,2,severe,AT51_severe,24.885257,-33.449012
2082,new,2,AT51,Sundays Valley Thicket,ValleyThicket,2,2,severe,2,severe,AT51_severe,24.826087,-33.410957
2083,new,2,AT51,Sundays Valley Thicket,ValleyThicket,2,2,severe,2,severe,AT51_severe,24.956314,-33.420821
2091,new,2,AT51,Sundays Valley Thicket,ValleyThicket,2,2,severe,2,severe,AT51_severe,24.78545,-33.341111
2093,new,2,AT51,Sundays Valley Thicket,ValleyThicket,2,2,severe,1,moderate,AT51_severe,25.61957,-33.538164
2098,new,3,AT15,Albany Arid Thicket,AridThicket,1,0,intact,0,intact,AT15_intact,26.617572,-33.215841
2099,new,3,AT15,Albany Arid Thicket,AridThicket,1,0,intact,0,intact,AT15_intact,26.581063,-33.211077
2100,new,3,AT15,Albany Arid Thicket,AridThicket,1,0,intact,0,intact,AT15_intact,26.731329,-33.246341
2101,new,3,AT15,Albany Arid Thicket,AridThicket,1,0,intact,0,intact,AT15_intact,26.818326,-33.247872
2102,new,3,AT15,Albany Arid Thicket,AridThicket,1,0,intact,0,intact,AT15_intact,26.766137,-33.250033
2103,new,3,AT15,Albany Arid Thicket,AridThicket,1,0,intact,0,intact,AT15_intact,26.772123,-33.248202
2104,new,3,AT15,Albany Arid Thicket,AridThicket,1,0,intact,0,intact,AT15_intact,26.640368,-33.220314
2105,new,3,AT15,Albany Arid Thicket,AridThicket,1,0,intact,0,intact,AT15_intact,26.619176,-33.214881
2106,new,3,AT15,Albany Arid Thicket,AridThicket,1,0,intact,0,intact,AT15_intact,26.909624,-33.262907
2107,new,3,AT15,Albany Arid Thicket,AridThicket,1,0,intact,0,intact,AT15_intact,26.866577,-33.253958
2108,new,3,AT15,Albany Arid Thicket,AridThicket,1,0,intact,0,intact,AT15_intact,26.568393,-33.211085
2109,new,3,AT15,Albany Arid Thicket,AridThicket,1,0,intact,0,intact,AT15_intact,26.773565,-33.248274
2110,new,3,AT15,Albany Arid Thicket,AridThicket,1,0,intact,0,intact,AT15_intact,26.624593,-33.21722
2111,new,3,AT15,Albany Arid Thicket,AridThicket,1,0,intact,0,intact,AT15_intact,26.726513,-33.242095
2112,new,3,AT15,Albany Arid Thicket,AridThicket,1,0,intact,0,intact,AT15_intact,26.764275,-33.249992
2113,new,3,AT15,Albany Arid Thicket,AridThicket,1,0,intact,0,intact,AT15_intact,26.85032,-33.253218
2114,new,3,AT15,Albany Arid Thicket,AridThicket,1,0,intact,0,intact,AT15_intact,26.768444,-33.249166
2115,new,3,AT15,Albany Arid Thicket,AridThicket,1,0,intact,0,intact,AT15_intact,26.594843,-33.211511
2116,new,3,AT15,Albany Arid Thicket,AridThicket,1,0,intact,1,moderate,AT15_intact,26.896991,-33.259839
2117,new,3,AT15,Albany Arid Thicket,AridThicket,1,0,intact,0,intact,AT15_intact,26.775499,-33.247965
2118,new,3,AT15,Albany Arid Thicket,AridThicket,1,0,intact,0,intact,AT15_intact,26.663413,-33.22905
2119,new,3,AT15,Albany Arid Thicket,AridThicket,1,0,intact,0,intact,AT15_intact,26.799338,-33.247852
2120,new,3,AT15,Albany Arid Thicket,AridThicket,1,0,intact,0,intact,AT15_intact,26.598127,-33.216188
2121,new,3,AT15,Albany Arid Thicket,AridThicket,1,0,intact,0,intact,AT15_intact,26.716761,-33.241101
2122,new,3,AT15,Albany Arid Thicket,AridThicket,1,0,intact,0,intact,AT15_intact,26.734064,-33.24409
2123,new,3,AT15,Albany Arid Thicket,AridThicket,1,0,intact,0,intact,AT15_intact,26.675342,-33.235206
2124,new,3,AT15,Albany Arid Thicket,AridThicket,1,0,intact,0,intact,AT15_intact,26.641436,-33.220873
2125,new,3,AT15,Albany Arid Thicket,AridThicket,1,0,intact,0,intact,AT15_intact,26.830293,-33.249684
2126,new,3,AT15,Albany Arid Thicket,AridThicket,1,2,severe,2,severe,AT15_severe,26.820609,-33.248668
2127,new,3,AT15,Albany Arid Thicket,AridThicket,1,2,severe,2,severe,AT15_severe,26.590318,-33.216618
2128,new,3,AT15,Albany Arid Thicket,AridThicket,1,2,severe,1,moderate,AT15_severe,26.561695,-33.204022
2129,new,3,AT17,Albany Mesic Thicket,MesicThicket,3,0,intact,0,intact,AT17_intact,26.585923,-33.556356
2130,new,3,AT17,Albany Mesic Thicket,MesicThicket,3,0,intact,0,intact,AT17_intact,26.629378,-33.580985
2131,new,3,AT17,Albany Mesic Thicket,MesicThicket,3,0,intact,0,intact,AT17_intact,26.764193,-33.489161
2132,new,3,AT17,Albany Mesic Thicket,MesicThicket,3,0,intact,0,intact,AT17_intact,26.830515,-33.537248
2133,new,3,AT17,Albany Mesic Thicket,MesicThicket,3,0,intact,0,intact,AT17_intact,26.767564,-33.541151
2134,new,3,AT17,Albany Mesic Thicket,MesicThicket,3,0,intact,0,intact,AT17_intact,25.915134,-33.361578
2135,new,3,AT17,Albany Mesic Thicket,MesicThicket,3,0,intact,0,intact,AT17_intact,26.80646,-33.545882
2136,new,3,AT17,Albany Mesic Thicket,MesicThicket,3,0,intact,0,intact,AT17_intact,26.560765,-33.622912
2137,new,3,AT17,Albany Mesic Thicket,MesicThicket,3,0,intact,0,intact,AT17_intact,26.940245,-33.46247
2138,new,3,AT17,Albany Mesic Thicket,MesicThicket,3,0,intact,0,intact,AT17_intact,26.565122,-33.53442
2139,new,3,AT17,Albany Mesic Thicket,MesicThicket,3,0,intact,0,intact,AT17_intact,26.79294,-33.509575
2140,new,3,AT17,Albany Mesic Thicket,MesicThicket,3,0,intact,0,intact,AT17_intact,26.927526,-33.475638
2141,new,3,AT17,Albany Mesic Thicket,MesicThicket,3,0,intact,0,intact,AT17_intact,25.777112,-33.296145
2142,new,3,AT17,Albany Mesic Thicket,MesicThicket,3,0,intact,1,moderate,AT17_intact,26.718327,-33.414287
2143,new,3,AT17,Albany Mesic Thicket,MesicThicket,3,0,intact,0,intact,AT17_intact,26.797031,-33.482324
2144,new,3,AT17,Albany Mesic Thicket,MesicThicket,3,0,intact,0,intact,AT17_intact,26.701058,-33.454318
2145,new,3,AT17,Albany Mesic Thicket,MesicThicket,3,0,intact,0,intact,AT17_intact,26.692451,-33.435934
2146,new,3,AT17,Albany Mesic Thicket,MesicThicket,3,0,intact,0,intact,AT17_intact,26.89052,-33.48526
2147,new,3,AT17,Albany Mesic Thicket,MesicThicket,3,0,intact,0,intact,AT17_intact,26.84385,-33.554516
2148,new,3,AT17,Albany Mesic Thicket,MesicThicket,3,0,intact,1,moderate,AT17_intact,26.695811,-33.596567
2149,new,3,AT17,Albany Mesic Thicket,MesicThicket,3,0,intact,0,intact,AT17_intact,26.76875,-33.538474
2150,new,3,AT17,Albany Mesic Thicket,MesicThicket,3,0,intact,-1,transformed,AT17_intact,26.561248,-33.568619
2151,new,3,AT17,Albany Mesic Thicket,MesicThicket,3,0,intact,0,intact,AT17_intact,26.773144,-33.538231
2152,new,3,AT17,Albany Mesic Thicket,MesicThicket,3,0,intact,0,intact,AT17_intact,26.560146,-33.532223
2153,new,3,AT17,Albany Mesic Thicket,MesicThicket,3,0,intact,0,intact,AT17_intact,26.463598,-33.532319
2154,new,3,AT17,Albany Mesic Thicket,MesicThicket,3,0,intact,0,intact,AT17_intact,26.782957,-33.554401
2155,new,3,AT17,Albany Mesic Thicket,MesicThicket,3,0,intact,0,intact,AT17_intact,26.368395,-33.611757
2156,new,3,AT17,Albany Mesic Thicket,MesicThicket,3,0,intact,1,moderate,AT17_intact,26.699825,-33.43246
2157,new,3,AT17,Albany Mesic Thicket,MesicThicket,3,0,intact,1,moderate,AT17_intact,26.830957,-33.564459
2158,new,3,AT17,Albany Mesic Thicket,MesicThicket,3,0,intact,0,intact,AT17_intact,26.575107,-33.608731
2159,new,3,AT17,Albany Mesic Thicket,MesicThicket,3,0,intact,0,intact,AT17_intact,26.596821,-33.608549
2160,new,3,AT17,Albany Mesic Thicket,MesicThicket,3,0,intact,0,intact,AT17_intact,26.79953,-33.528447
2161,new,3,AT17,Albany Mesic Thicket,MesicThicket,3,0,intact,0,intact,AT17_intact,26.506816,-33.541808
2162,new,3,AT17,Albany Mesic Thicket,MesicThicket,3,0,intact,0,intact,AT17_intact,26.775384,-33.473822
2163,new,3,AT17,Albany Mesic Thicket,MesicThicket,3,0,intact,0,intact,AT17_intact,25.899671,-33.35611
2164,new,3,AT17,Albany Mesic Thicket,MesicThicket,3,0,intact,0,intact,AT17_intact,26.767267,-33.531361
2165,new,3,AT17,Albany Mesic Thicket,MesicThicket,3,0,intact,1,moderate,AT17_intact,26.72641,-33.580954
2166,new,3,AT17,Albany Mesic Thicket,MesicThicket,3,0,intact,0,intact,AT17_intact,26.00302,-33.331312
2167,new,3,AT17,Albany Mesic Thicket,MesicThicket,3,0,intact,0,intact,AT17_intact,26.78778,-33.557967
2168,new,3,AT17,Albany Mesic Thicket,MesicThicket,3,0,intact,0,intact,AT17_intact,26.097591,-33.342733
2169,new,3,AT17,Albany Mesic Thicket,MesicThicket,3,0,intact,0,intact,AT17_intact,26.882612,-33.490867
2170,new,3,AT17,Albany Mesic Thicket,MesicThicket,3,0,intact,0,intact,AT17_intact,26.417616,-33.600398
2171,new,3,AT17,Albany Mesic Thicket,MesicThicket,3,1,moderate,1,moderate,AT17_moderate,26.338055,-33.362822
2172,new,3,AT17,Albany Mesic Thicket,MesicThicket,3,1,moderate,1,moderate,AT17_moderate,26.516909,-33.624961
2173,new,3,AT17,Albany Mesic Thicket,MesicThicket,3,1,moderate,1,moderate,AT17_moderate,26.519224,-33.592568
2174,new,3,AT17,Albany Mesic Thicket,MesicThicket,3,1,moderate,1,moderate,AT17_moderate,26.53496,-33.533137
2175,new,3,AT17,Albany Mesic Thicket,MesicThicket,3,1,moderate,1,moderate,AT17_moderate,26.799239,-33.487139
2176,new,3,AT17,Albany Mesic Thicket,MesicThicket,3,1,moderate,2,severe,AT17_moderate,26.673135,-33.605083
2177,new,3,AT17,Albany Mesic Thicket,MesicThicket,3,1,moderate,0,intact,AT17_moderate,25.82197,-33.292041
2178,new,3,AT17,Albany Mesic Thicket,MesicThicket,3,1,moderate,1,moderate,AT17_moderate,26.988906,-33.515288
2179,new,3,AT17,Albany Mesic Thicket,MesicThicket,3,1,moderate,1,moderate,AT17_moderate,26.428159,-33.380922
2180,new,3,AT17,Albany Mesic Thicket,MesicThicket,3,1,moderate,1,moderate,AT17_moderate,26.412822,-33.43667
2181,new,3,AT17,Albany Mesic Thicket,MesicThicket,3,1,moderate,1,moderate,AT17_moderate,26.51859,-33.566134
2182,new,3,AT17,Albany Mesic Thicket,MesicThicket,3,1,moderate,-1,transformed,AT17_moderate,26.751026,-33.560841
2183,new,3,AT17,Albany Mesic Thicket,MesicThicket,3,1,moderate,1,moderate,AT17_moderate,25.883192,-33.57136
2184,new,3,AT17,Albany Mesic Thicket,MesicThicket,3,1,moderate,2,severe,AT17_moderate,26.565885,-33.63625
2185,new,3,AT17,Albany Mesic Thicket,MesicThicket,3,1,moderate,1,moderate,AT17_moderate,26.564136,-33.60474
2186,new,3,AT17,Albany Mesic Thicket,MesicThicket,3,1,moderate,1,moderate,AT17_moderate,26.704471,-33.628466
2187,new,3,AT17,Albany Mesic Thicket,MesicThicket,3,1,moderate,1,moderate,AT17_moderate,26.726106,-33.598704
2188,new,3,AT17,Albany Mesic Thicket,MesicThicket,3,1,moderate,1,moderate,AT17_moderate,25.845425,-33.308937
2189,new,3,AT17,Albany Mesic Thicket,MesicThicket,3,1,moderate,0,intact,AT17_moderate,26.775596,-33.383161
2190,new,3,AT17,Albany Mesic Thicket,MesicThicket,3,1,moderate,-1,transformed,AT17_moderate,26.845297,-33.57469
2191,new,3,AT17,Albany Mesic Thicket,MesicThicket,3,1,moderate,-1,transformed,AT17_moderate,26.467046,-33.68191
2192,new,3,AT17,Albany Mesic Thicket,MesicThicket,3,1,moderate,1,moderate,AT17_moderate,26.437276,-33.566674
2193,new,3,AT17,Albany Mesic Thicket,MesicThicket,3,1,moderate,1,moderate,AT17_moderate,26.661509,-33.596043
2194,new,3,AT17,Albany Mesic Thicket,MesicThicket,3,1,moderate,1,moderate,AT17_moderate,26.595144,-33.548858
2195,new,3,AT17,Albany Mesic Thicket,MesicThicket,3,1,moderate,1,moderate,AT17_moderate,26.71821,-33.600087
2196,new,3,AT17,Albany Mesic Thicket,MesicThicket,3,1,moderate,2,severe,AT17_moderate,26.544274,-33.700254
2197,new,3,AT17,Albany Mesic Thicket,MesicThicket,3,1,moderate,1,moderate,AT17_moderate,26.900433,-33.492912
2198,new,3,AT17,Albany Mesic Thicket,MesicThicket,3,1,moderate,2,severe,AT17_moderate,26.595102,-33.632954
2199,new,3,AT17,Albany Mesic Thicket,MesicThicket,3,1,moderate,1,moderate,AT17_moderate,26.43431,-33.563225
2200,new,3,AT17,Albany Mesic Thicket,MesicThicket,3,1,moderate,-1,transformed,AT17_moderate,25.784629,-33.296869
2201,new,3,AT17,Albany Mesic Thicket,MesicThicket,3,-1,transformed,-1,transformed,AT17_transformed,26.724925,-33.549708
2202,new,3,AT17,Albany Mesic Thicket,MesicThicket,3,-1,transformed,-1,transformed,AT17_transformed,26.457804,-33.69486
2203,new,3,AT17,Albany Mesic Thicket,MesicThicket,3,-1,transformed,-1,transformed,AT17_transformed,25.921813,-33.593882
2204,new,3,AT17,Albany Mesic Thicket,MesicThicket,3,-1,transformed,-1,transformed,AT17_transformed,25.915981,-33.577076
2205,new,3,AT17,Albany Mesic Thicket,MesicThicket,3,-1,transformed,-1,transformed,AT17_transformed,26.62192,-33.602587
2206,new,3,AT17,Albany Mesic Thicket,MesicThicket,3,-1,transformed,-1,transformed,AT17_transformed,26.995382,-33.504121
2207,new,3,AT17,Albany Mesic Thicket,MesicThicket,3,-1,transformed,-1,transformed,AT17_transformed,26.522675,-33.616643
2208,new,3,AT17,Albany Mesic Thicket,MesicThicket,3,-1,transformed,-1,transformed,AT17_transformed,25.859178,-33.310174
2209,new,3,AT17,Albany Mesic Thicket,MesicThicket,3,-1,transformed,-1,transformed,AT17_transformed,26.806861,-33.566622
2210,new,3,AT17,Albany Mesic Thicket,MesicThicket,3,-1,transformed,-1,transformed,AT17_transformed,26.702026,-33.417456
2211,new,3,AT17,Albany Mesic Thicket,MesicThicket,3,-1,transformed,-1,transformed,AT17_transformed,26.984323,-33.492228
2212,new,3,AT17,Albany Mesic Thicket,MesicThicket,3,-1,transformed,-1,transformed,AT17_transformed,25.855607,-33.335923
2213,new,3,AT17,Albany Mesic Thicket,MesicThicket,3,-1,transformed,-1,transformed,AT17_transformed,26.696824,-33.32271
2214,new,3,AT17,Albany Mesic Thicket,MesicThicket,3,-1,transformed,-1,transformed,AT17_transformed,26.636031,-33.636565
2215,new,3,AT17,Albany Mesic Thicket,MesicThicket,3,-1,transformed,-1,transformed,AT17_transformed,26.366899,-33.670669
2216,new,3,AT17,Albany Mesic Thicket,MesicThicket,3,-1,transformed,-1,transformed,AT17_transformed,27.010514,-33.515037
2217,new,3,AT17,Albany Mesic Thicket,MesicThicket,3,-1,transformed,-1,transformed,AT17_transformed,26.718951,-33.552634
2218,new,3,AT17,Albany Mesic Thicket,MesicThicket,3,-1,transformed,-1,transformed,AT17_transformed,26.66613,-33.650622
2219,new,3,AT17,Albany Mesic Thicket,MesicThicket,3,-1,transformed,-1,transformed,AT17_transformed,26.528355,-33.693482
2220,new,3,AT17,Albany Mesic Thicket,MesicThicket,3,-1,transformed,-1,transformed,AT17_transformed,26.77183,-33.567871
2221,new,3,AT17,Albany Mesic Thicket,MesicThicket,3,-1,transformed,-1,transformed,AT17_transformed,26.651127,-33.612242
2222,new,3,AT17,Albany Mesic Thicket,MesicThicket,3,-1,transformed,-1,transformed,AT17_transformed,25.862249,-33.338645
2223,new,3,AT17,Albany Mesic Thicket,MesicThicket,3,-1,transformed,-1,transformed,AT17_transformed,26.426274,-33.692466
2224,new,3,AT17,Albany Mesic Thicket,MesicThicket,3,-1,transformed,-1,transformed,AT17_transformed,26.584107,-33.607681
2225,new,3,AT17,Albany Mesic Thicket,MesicThicket,3,-1,transformed,-1,transformed,AT17_transformed,26.690585,-33.421303
2226,new,3,AT17,Albany Mesic Thicket,MesicThicket,3,-1,transformed,-1,transformed,AT17_transformed,26.696156,-33.5804
2227,new,3,AT17,Albany Mesic Thicket,MesicThicket,3,-1,transformed,-1,transformed,AT17_transformed,26.694292,-33.578621
2228,new,3,AT17,Albany Mesic Thicket,MesicThicket,3,-1,transformed,-1,transformed,AT17_transformed,26.601827,-33.646446
2229,new,3,AT17,Albany Mesic Thicket,MesicThicket,3,-1,transformed,-1,transformed,AT17_transformed,26.410676,-33.381877
2230,new,3,AT17,Albany Mesic Thicket,MesicThicket,3,-1,transformed,-1,transformed,AT17_transformed,26.837606,-33.560627
2231,new,3,AT17,Albany Mesic Thicket,MesicThicket,3,-1,transformed,-1,transformed,AT17_transformed,25.940733,-33.55528
2232,new,3,AT17,Albany Mesic Thicket,MesicThicket,3,-1,transformed,-1,transformed,AT17_transformed,26.770888,-33.466798
2233,new,3,AT17,Albany Mesic Thicket,MesicThicket,3,-1,transformed,-1,transformed,AT17_transformed,26.729741,-33.445025
2234,new,3,AT18,Albany Valley Thicket,ValleyThicket,2,0,intact,0,intact,AT18_intact,26.124358,-33.48013
2235,new,3,AT18,Albany Valley Thicket,ValleyThicket,2,0,intact,0,intact,AT18_intact,26.018619,-33.222091
2236,new,3,AT18,Albany Valley Thicket,ValleyThicket,2,0,intact,0,intact,AT18_intact,26.66494,-33.391017
2237,new,3,AT18,Albany Valley Thicket,ValleyThicket,2,0,intact,0,intact,AT18_intact,25.943522,-33.348063
2238,new,3,AT18,Albany Valley Thicket,ValleyThicket,2,0,intact,0,intact,AT18_intact,26.707705,-33.482375
2239,new,3,AT18,Albany Valley Thicket,ValleyThicket,2,0,intact,0,intact,AT18_intact,26.816561,-33.34305
2240,new,3,AT18,Albany Valley Thicket,ValleyThicket,2,0,intact,0,intact,AT18_intact,25.982512,-33.391035
2241,new,3,AT18,Albany Valley Thicket,ValleyThicket,2,0,intact,0,intact,AT18_intact,25.939248,-33.357113
2242,new,3,AT18,Albany Valley Thicket,ValleyThicket,2,0,intact,0,intact,AT18_intact,26.790572,-33.325562
2243,new,3,AT18,Albany Valley Thicket,ValleyThicket,2,0,intact,0,intact,AT18_intact,26.009153,-33.365129
2244,new,3,AT18,Albany Valley Thicket,ValleyThicket,2,0,intact,0,intact,AT18_intact,26.097846,-33.401445
2245,new,3,AT18,Albany Valley Thicket,ValleyThicket,2,0,intact,0,intact,AT18_intact,26.850941,-33.30111
2246,new,3,AT18,Albany Valley Thicket,ValleyThicket,2,0,intact,0,intact,AT18_intact,26.706229,-33.347115
2247,new,3,AT18,Albany Valley Thicket,ValleyThicket,2,0,intact,0,intact,AT18_intact,26.650286,-33.394683
2248,new,3,AT18,Albany Valley Thicket,ValleyThicket,2,0,intact,0,intact,AT18_intact,26.490734,-33.201341
2249,new,3,AT18,Albany Valley Thicket,ValleyThicket,2,0,intact,1,moderate,AT18_intact,26.631029,-33.433909
2250,new,3,AT18,Albany Valley Thicket,ValleyThicket,2,0,intact,0,intact,AT18_intact,26.020952,-33.214902
2251,new,3,AT18,Albany Valley Thicket,ValleyThicket,2,0,intact,0,intact,AT18_intact,26.927023,-33.272609
2252,new,3,AT18,Albany Valley Thicket,ValleyThicket,2,0,intact,0,intact,AT18_intact,26.7438,-33.513629
2253,new,3,AT18,Albany Valley Thicket,ValleyThicket,2,0,intact,0,intact,AT18_intact,25.730973,-33.294787
2254,new,3,AT18,Albany Valley Thicket,ValleyThicket,2,0,intact,0,intact,AT18_intact,25.777894,-33.306567
2255,new,3,AT18,Albany Valley Thicket,ValleyThicket,2,0,intact,0,intact,AT18_intact,26.040047,-33.37159
2256,new,3,AT18,Albany Valley Thicket,ValleyThicket,2,0,intact,0,intact,AT18_intact,26.036179,-33.389552
2257,new,3,AT18,Albany Valley Thicket,ValleyThicket,2,0,intact,0,intact,AT18_intact,26.097274,-33.363083
2258,new,3,AT18,Albany Valley Thicket,ValleyThicket,2,0,intact,0,intact,AT18_intact,26.813316,-33.25065
2259,new,3,AT18,Albany Valley Thicket,ValleyThicket,2,0,intact,0,intact,AT18_intact,26.680999,-33.408998
2260,new,3,AT18,Albany Valley Thicket,ValleyThicket,2,1,moderate,1,moderate,AT18_moderate,26.062458,-33.394918
2261,new,3,AT18,Albany Valley Thicket,ValleyThicket,2,1,moderate,-1,transformed,AT18_moderate,26.793991,-33.328265
2262,new,3,AT18,Albany Valley Thicket,ValleyThicket,2,1,moderate,1,moderate,AT18_moderate,26.709964,-33.393085
2263,new,3,AT18,Albany Valley Thicket,ValleyThicket,2,1,moderate,1,moderate,AT18_moderate,26.034806,-33.15153
2264,new,3,AT18,Albany Valley Thicket,ValleyThicket,2,1,moderate,1,moderate,AT18_moderate,26.248182,-33.300472
2265,new,3,AT18,Albany Valley Thicket,ValleyThicket,2,1,moderate,1,moderate,AT18_moderate,26.108554,-33.405599
2266,new,3,AT18,Albany Valley Thicket,ValleyThicket,2,1,moderate,-1,transformed,AT18_moderate,26.832681,-33.30592
2267,new,3,AT18,Albany Valley Thicket,ValleyThicket,2,1,moderate,1,moderate,AT18_moderate,26.045442,-33.202359
2268,new,3,AT18,Albany Valley Thicket,ValleyThicket,2,1,moderate,1,moderate,AT18_moderate,26.656076,-33.25003
2269,new,3,AT18,Albany Valley Thicket,ValleyThicket,2,1,moderate,1,moderate,AT18_moderate,25.803519,-33.268236
2270,new,3,AT18,Albany Valley Thicket,ValleyThicket,2,1,moderate,1,moderate,AT18_moderate,25.86811,-33.355606
2271,new,3,AT18,Albany Valley Thicket,ValleyThicket,2,1,moderate,1,moderate,AT18_moderate,26.00001,-33.307577
2272,new,3,AT18,Albany Valley Thicket,ValleyThicket,2,1,moderate,1,moderate,AT18_moderate,26.265126,-33.204012
2273,new,3,AT18,Albany Valley Thicket,ValleyThicket,2,1,moderate,-1,transformed,AT18_moderate,25.919496,-33.363625
2274,new,3,AT18,Albany Valley Thicket,ValleyThicket,2,1,moderate,0,intact,AT18_moderate,26.059825,-33.285496
2275,new,3,AT18,Albany Valley Thicket,ValleyThicket,2,1,moderate,1,moderate,AT18_moderate,26.042773,-33.345075
2276,new,3,AT18,Albany Valley Thicket,ValleyThicket,2,1,moderate,1,moderate,AT18_moderate,26.55982,-33.226452
2277,new,3,AT18,Albany Valley Thicket,ValleyThicket,2,2,severe,2,severe,AT18_severe,25.86573,-33.103059
2278,new,3,AT18,Albany Valley Thicket,ValleyThicket,2,-1,transformed,-1,transformed,AT18_transformed,26.687612,-33.472787
2279,new,3,AT18,Albany Valley Thicket,ValleyThicket,2,-1,transformed,-1,transformed,AT18_transformed,25.912744,-33.592597
2280,new,3,AT18,Albany Valley Thicket,ValleyThicket,2,-1,transformed,-1,transformed,AT18_transformed,26.827763,-33.333451
2281,new,3,AT18,Albany Valley Thicket,ValleyThicket,2,-1,transformed,-1,transformed,AT18_transformed,26.835365,-33.349786
2282,new,3,AT18,Albany Valley Thicket,ValleyThicket,2,-1,transformed,-1,transformed,AT18_transformed,25.90246,-33.290367
2283,new,3,AT18,Albany Valley Thicket,ValleyThicket,2,-1,transformed,-1,transformed,AT18_transformed,26.025999,-33.356962
2284,new,3,AT18,Albany Valley Thicket,ValleyThicket,2,-1,transformed,-1,transformed,AT18_transformed,26.817328,-33.437919
2285,new,3,AT18,Albany Valley Thicket,ValleyThicket,2,-1,transformed,-1,transformed,AT18_transformed,26.193514,-33.203789
2286,new,3,AT18,Albany Valley Thicket,ValleyThicket,2,-1,transformed,-1,transformed,AT18_transformed,25.907623,-33.376331
2287,new,3,AT18,Albany Valley Thicket,ValleyThicket,2,-1,transformed,-1,transformed,AT18_transformed,25.975834,-33.360209
2288,new,3,AT18,Albany Valley Thicket,ValleyThicket,2,-1,transformed,-1,transformed,AT18_transformed,25.865618,-33.345713
2289,new,3,AT18,Albany Valley Thicket,ValleyThicket,2,-1,transformed,-1,transformed,AT18_transformed,25.956706,-33.330609
2290,new,3,AT18,Albany Valley Thicket,ValleyThicket,2,-1,transformed,-1,transformed,AT18_transformed,26.218111,-33.153902
2291,new,3,AT18,Albany Valley Thicket,ValleyThicket,2,-1,transformed,-1,transformed,AT18_transformed,26.856207,-33.441089
2292,new,3,AT18,Albany Valley Thicket,ValleyThicket,2,-1,transformed,-1,transformed,AT18_transformed,26.763504,-33.420669
2293,new,3,AT18,Albany Valley Thicket,ValleyThicket,2,-1,transformed,-1,transformed,AT18_transformed,26.105453,-33.452666
2294,new,3,AT18,Albany Valley Thicket,ValleyThicket,2,-1,transformed,-1,transformed,AT18_transformed,25.840975,-33.318524
2295,new,3,AT18,Albany Valley Thicket,ValleyThicket,2,-1,transformed,-1,transformed,AT18_transformed,26.800048,-33.284338
2296,new,3,AT18,Albany Valley Thicket,ValleyThicket,2,-1,transformed,-1,transformed,AT18_transformed,26.342926,-33.528696
2297,new,3,AT18,Albany Valley Thicket,ValleyThicket,2,-1,transformed,-1,transformed,AT18_transformed,26.169039,-33.200852
2298,new,3,AT18,Albany Valley Thicket,ValleyThicket,2,-1,transformed,-1,transformed,AT18_transformed,26.67203,-33.380977
2299,new,3,AT18,Albany Valley Thicket,ValleyThicket,2,-1,transformed,-1,transformed,AT18_transformed,26.782634,-33.419312
2300,new,3,AT18,Albany Valley Thicket,ValleyThicket,2,-1,transformed,-1,transformed,AT18_transformed,26.825467,-33.442861
2301,new,3,AT18,Albany Valley Thicket,ValleyThicket,2,-1,transformed,-1,transformed,AT18_transformed,25.930646,-33.356449
2302,new,3,AT18,Albany Valley Thicket,ValleyThicket,2,-1,transformed,-1,transformed,AT18_transformed,25.913338,-33.590505
2303,new,3,AT18,Albany Valley Thicket,ValleyThicket,2,-1,transformed,-1,transformed,AT18_transformed,26.028681,-33.357019
2304,new,3,AT18,Albany Valley Thicket,ValleyThicket,2,-1,transformed,-1,transformed,AT18_transformed,26.849132,-33.307946
2305,new,3,AT18,Albany Valley Thicket,ValleyThicket,2,-1,transformed,-1,transformed,AT18_transformed,26.094355,-33.477517
2306,new,3,AT18,Albany Valley Thicket,ValleyThicket,2,-1,transformed,-1,transformed,AT18_transformed,26.748935,-33.511536
2307,new,3,AT18,Albany Valley Thicket,ValleyThicket,2,-1,transformed,-1,transformed,AT18_transformed,25.907603,-33.587489
2308,new,3,AT19,Baviaans Valley Thicket,ValleyThicket,2,0,intact,0,intact,AT19_intact,25.42198,-33.242419
2309,new,3,AT19,Baviaans Valley Thicket,ValleyThicket,2,0,intact,0,intact,AT19_intact,24.68251,-33.574234
2310,new,3,AT19,Baviaans Valley Thicket,ValleyThicket,2,0,intact,0,intact,AT19_intact,24.308633,-33.644334
2311,new,3,AT19,Baviaans Valley Thicket,ValleyThicket,2,0,intact,1,moderate,AT19_intact,24.562722,-33.387573
2312,new,3,AT19,Baviaans Valley Thicket,ValleyThicket,2,0,intact,0,intact,AT19_intact,24.668007,-33.326911
2313,new,3,AT19,Baviaans Valley Thicket,ValleyThicket,2,0,intact,0,intact,AT19_intact,25.18652,-33.28413
2314,new,3,AT19,Baviaans Valley Thicket,ValleyThicket,2,0,intact,0,intact,AT19_intact,25.373714,-33.272387
2315,new,3,AT19,Baviaans Valley Thicket,ValleyThicket,2,0,intact,0,intact,AT19_intact,23.455509,-33.180056
2316,new,3,AT19,Baviaans Valley Thicket,ValleyThicket,2,0,intact,0,intact,AT19_intact,24.269519,-33.207619
2317,new,3,AT19,Baviaans Valley Thicket,ValleyThicket,2,0,intact,0,intact,AT19_intact,25.39356,-33.29253
2318,new,3,AT19,Baviaans Valley Thicket,ValleyThicket,2,0,intact,0,intact,AT19_intact,23.669993,-33.719386
2319,new,3,AT19,Baviaans Valley Thicket,ValleyThicket,2,0,intact,0,intact,AT19_intact,25.065388,-33.352649
2320,new,3,AT19,Baviaans Valley Thicket,ValleyThicket,2,0,intact,0,intact,AT19_intact,24.262725,-33.608719
2321,new,3,AT19,Baviaans Valley Thicket,ValleyThicket,2,0,intact,0,intact,AT19_intact,23.950499,-33.593051
2322,new,3,AT19,Baviaans Valley Thicket,ValleyThicket,2,0,intact,0,intact,AT19_intact,24.466139,-33.673115
2323,new,3,AT19,Baviaans Valley Thicket,ValleyThicket,2,0,intact,0,intact,AT19_intact,25.378858,-33.298279
2324,new,3,AT19,Baviaans Valley Thicket,ValleyThicket,2,0,intact,0,intact,AT19_intact,24.355547,-33.222004
2325,new,3,AT19,Baviaans Valley Thicket,ValleyThicket,2,0,intact,0,intact,AT19_intact,25.161133,-33.335837
2326,new,3,AT19,Baviaans Valley Thicket,ValleyThicket,2,0,intact,1,moderate,AT19_intact,23.776055,-33.102122
2327,new,3,AT19,Baviaans Valley Thicket,ValleyThicket,2,0,intact,1,moderate,AT19_intact,24.069563,-33.188535
2328,new,3,AT19,Baviaans Valley Thicket,ValleyThicket,2,0,intact,0,intact,AT19_intact,25.229726,-33.306669
2329,new,3,AT19,Baviaans Valley Thicket,ValleyThicket,2,0,intact,0,intact,AT19_intact,24.409189,-33.644302
2330,new,3,AT19,Baviaans Valley Thicket,ValleyThicket,2,0,intact,0,intact,AT19_intact,23.874568,-33.095388
2331,new,3,AT19,Baviaans Valley Thicket,ValleyThicket,2,0,intact,0,intact,AT19_intact,23.826193,-33.1255
2332,new,3,AT19,Baviaans Valley Thicket,ValleyThicket,2,0,intact,0,intact,AT19_intact,24.280974,-33.637475
2333,new,3,AT19,Baviaans Valley Thicket,ValleyThicket,2,0,intact,0,intact,AT19_intact,24.396246,-33.661035
2334,new,3,AT19,Baviaans Valley Thicket,ValleyThicket,2,0,intact,0,intact,AT19_intact,24.431727,-33.645225
2335,new,3,AT19,Baviaans Valley Thicket,ValleyThicket,2,1,moderate,2,severe,AT19_moderate,24.285181,-33.658351
2336,new,3,AT19,Baviaans Valley Thicket,ValleyThicket,2,1,moderate,1,moderate,AT19_moderate,24.088558,-33.607785
2337,new,3,AT19,Baviaans Valley Thicket,ValleyThicket,2,1,moderate,1,moderate,AT19_moderate,23.464419,-33.183413
2338,new,3,AT19,Baviaans Valley Thicket,ValleyThicket,2,1,moderate,1,moderate,AT19_moderate,25.164539,-33.248858
2339,new,3,AT19,Baviaans Valley Thicket,ValleyThicket,2,1,moderate,1,moderate,AT19_moderate,25.481098,-33.257513
2340,new,3,AT19,Baviaans Valley Thicket,ValleyThicket,2,1,moderate,1,moderate,AT19_moderate,23.829069,-33.525194
2341,new,3,AT19,Baviaans Valley Thicket,ValleyThicket,2,1,moderate,1,moderate,AT19_moderate,23.376405,-33.222451
2342,new,3,AT19,Baviaans Valley Thicket,ValleyThicket,2,1,moderate,0,intact,AT19_moderate,24.528729,-33.697405
2343,new,3,AT19,Baviaans Valley Thicket,ValleyThicket,2,1,moderate,1,moderate,AT19_moderate,23.901334,-33.743205
2344,new,3,AT19,Baviaans Valley Thicket,ValleyThicket,2,1,moderate,1,moderate,AT19_moderate,24.003788,-33.172124
2345,new,3,AT19,Baviaans Valley Thicket,ValleyThicket,2,1,moderate,1,moderate,AT19_moderate,24.0117,-33.49707
2346,new,3,AT19,Baviaans Valley Thicket,ValleyThicket,2,1,moderate,1,moderate,AT19_moderate,24.415978,-33.233445
2347,new,3,AT19,Baviaans Valley Thicket,ValleyThicket,2,1,moderate,1,moderate,AT19_moderate,24.403752,-33.639474
2348,new,3,AT19,Baviaans Valley Thicket,ValleyThicket,2,1,moderate,1,moderate,AT19_moderate,25.259738,-33.318813
2349,new,3,AT19,Baviaans Valley Thicket,ValleyThicket,2,1,moderate,1,moderate,AT19_moderate,24.756475,-33.328565
2350,new,3,AT19,Baviaans Valley Thicket,ValleyThicket,2,1,moderate,1,moderate,AT19_moderate,24.278236,-33.63762
2351,new,3,AT19,Baviaans Valley Thicket,ValleyThicket,2,1,moderate,1,moderate,AT19_moderate,25.113634,-33.288655
2352,new,3,AT19,Baviaans Valley Thicket,ValleyThicket,2,1,moderate,1,moderate,AT19_moderate,23.722227,-33.5417
2353,new,3,AT19,Baviaans Valley Thicket,ValleyThicket,2,1,moderate,0,intact,AT19_moderate,24.666913,-33.573567
2354,new,3,AT19,Baviaans Valley Thicket,ValleyThicket,2,1,moderate,1,moderate,AT19_moderate,23.784489,-33.09176
2355,new,3,AT19,Baviaans Valley Thicket,ValleyThicket,2,1,moderate,1,moderate,AT19_moderate,24.464504,-33.722592
2356,new,3,AT19,Baviaans Valley Thicket,ValleyThicket,2,1,moderate,1,moderate,AT19_moderate,25.062729,-33.275412
2357,new,3,AT19,Baviaans Valley Thicket,ValleyThicket,2,1,moderate,1,moderate,AT19_moderate,25.21391,-33.325603
2358,new,3,AT19,Baviaans Valley Thicket,ValleyThicket,2,1,moderate,1,moderate,AT19_moderate,25.484027,-33.241662
2359,new,3,AT19,Baviaans Valley Thicket,ValleyThicket,2,1,moderate,1,moderate,AT19_moderate,23.810023,-33.523895
2360,new,3,AT19,Baviaans Valley Thicket,ValleyThicket,2,1,moderate,1,moderate,AT19_moderate,25.324861,-33.327678
2361,new,3,AT19,Baviaans Valley Thicket,ValleyThicket,2,2,severe,2,severe,AT19_severe,23.358897,-33.19986
2362,new,3,AT19,Baviaans Valley Thicket,ValleyThicket,2,2,severe,2,severe,AT19_severe,23.924297,-33.472439
2363,new,3,AT19,Baviaans Valley Thicket,ValleyThicket,2,2,severe,2,severe,AT19_severe,23.925548,-33.469573
2364,new,3,AT19,Baviaans Valley Thicket,ValleyThicket,2,2,severe,1,moderate,AT19_severe,23.710276,-33.727517
2365,new,3,AT19,Baviaans Valley Thicket,ValleyThicket,2,2,severe,2,severe,AT19_severe,24.877149,-33.549088
2366,new,3,AT19,Baviaans Valley Thicket,ValleyThicket,2,2,severe,1,moderate,AT19_severe,24.075754,-33.154453
2367,new,3,AT19,Baviaans Valley Thicket,ValleyThicket,2,2,severe,1,moderate,AT19_severe,24.441981,-33.651015
2368,new,3,AT19,Baviaans Valley Thicket,ValleyThicket,2,2,severe,1,moderate,AT19_severe,24.271025,-33.809519
2369,new,3,AT19,Baviaans Valley Thicket,ValleyThicket,2,2,severe,1,moderate,AT19_severe,24.058419,-33.168785
2370,new,3,AT19,Baviaans Valley Thicket,ValleyThicket,2,2,severe,1,moderate,AT19_severe,24.598699,-33.383071
2371,new,3,AT19,Baviaans Valley Thicket,ValleyThicket,2,2,severe,1,moderate,AT19_severe,24.147481,-33.189791
2372,new,3,AT19,Baviaans Valley Thicket,ValleyThicket,2,2,severe,1,moderate,AT19_severe,24.038439,-33.7793
2373,new,3,AT19,Baviaans Valley Thicket,ValleyThicket,2,-1,transformed,-1,transformed,AT19_transformed,23.736423,-33.514377
2374,new,3,AT19,Baviaans Valley Thicket,ValleyThicket,2,-1,transformed,-1,transformed,AT19_transformed,23.901743,-33.756868
2375,new,3,AT19,Baviaans Valley Thicket,ValleyThicket,2,-1,transformed,-1,transformed,AT19_transformed,23.853048,-33.520716
2376,new,3,AT19,Baviaans Valley Thicket,ValleyThicket,2,-1,transformed,-1,transformed,AT19_transformed,23.894054,-33.114832
2377,new,3,AT19,Baviaans Valley Thicket,ValleyThicket,2,-1,transformed,-1,transformed,AT19_transformed,23.909894,-33.097864
2378,new,3,AT21,Buffels Mesic Thicket,MesicThicket,3,0,intact,0,intact,AT21_intact,27.60564,-32.749867
2379,new,3,AT21,Buffels Mesic Thicket,MesicThicket,3,0,intact,0,intact,AT21_intact,27.601379,-32.982993
2380,new,3,AT21,Buffels Mesic Thicket,MesicThicket,3,0,intact,0,intact,AT21_intact,27.72942,-33.000823
2381,new,3,AT21,Buffels Mesic Thicket,MesicThicket,3,0,intact,0,intact,AT21_intact,27.742683,-32.972918
2382,new,3,AT21,Buffels Mesic Thicket,MesicThicket,3,0,intact,0,intact,AT21_intact,27.717059,-32.846264
2383,new,3,AT21,Buffels Mesic Thicket,MesicThicket,3,0,intact,0,intact,AT21_intact,27.752177,-32.731214
2384,new,3,AT21,Buffels Mesic Thicket,MesicThicket,3,0,intact,0,intact,AT21_intact,27.808933,-32.765753
2385,new,3,AT21,Buffels Mesic Thicket,MesicThicket,3,0,intact,0,intact,AT21_intact,27.690168,-32.994554
2386,new,3,AT21,Buffels Mesic Thicket,MesicThicket,3,0,intact,0,intact,AT21_intact,27.741727,-32.706223
2387,new,3,AT21,Buffels Mesic Thicket,MesicThicket,3,0,intact,0,intact,AT21_intact,28.302276,-32.623886
2388,new,3,AT21,Buffels Mesic Thicket,MesicThicket,3,0,intact,0,intact,AT21_intact,27.672362,-32.851786
2389,new,3,AT21,Buffels Mesic Thicket,MesicThicket,3,0,intact,0,intact,AT21_intact,27.697408,-32.846814
2390,new,3,AT21,Buffels Mesic Thicket,MesicThicket,3,0,intact,0,intact,AT21_intact,27.60673,-32.991423
2391,new,3,AT21,Buffels Mesic Thicket,MesicThicket,3,0,intact,0,intact,AT21_intact,28.2628,-32.612099
2392,new,3,AT21,Buffels Mesic Thicket,MesicThicket,3,0,intact,0,intact,AT21_intact,27.798092,-32.918767
2393,new,3,AT21,Buffels Mesic Thicket,MesicThicket,3,0,intact,0,intact,AT21_intact,27.909011,-32.851672
2394,new,3,AT21,Buffels Mesic Thicket,MesicThicket,3,0,intact,0,intact,AT21_intact,27.993399,-32.808495
2395,new,3,AT21,Buffels Mesic Thicket,MesicThicket,3,0,intact,0,intact,AT21_intact,27.906895,-32.951376
2396,new,3,AT21,Buffels Mesic Thicket,MesicThicket,3,0,intact,0,intact,AT21_intact,27.58975,-32.990746
2397,new,3,AT21,Buffels Mesic Thicket,MesicThicket,3,0,intact,0,intact,AT21_intact,28.046563,-32.881155
2398,new,3,AT21,Buffels Mesic Thicket,MesicThicket,3,0,intact,0,intact,AT21_intact,27.6095,-32.732882
2399,new,3,AT21,Buffels Mesic Thicket,MesicThicket,3,0,intact,0,intact,AT21_intact,27.72259,-32.834494
2400,new,3,AT21,Buffels Mesic Thicket,MesicThicket,3,0,intact,0,intact,AT21_intact,27.685741,-32.850256
2401,new,3,AT21,Buffels Mesic Thicket,MesicThicket,3,0,intact,0,intact,AT21_intact,27.91912,-32.69332
2402,new,3,AT21,Buffels Mesic Thicket,MesicThicket,3,0,intact,0,intact,AT21_intact,28.026674,-32.864139
2403,new,3,AT21,Buffels Mesic Thicket,MesicThicket,3,0,intact,0,intact,AT21_intact,27.847203,-32.927862
2404,new,3,AT21,Buffels Mesic Thicket,MesicThicket,3,0,intact,0,intact,AT21_intact,27.925191,-32.686795
2405,new,3,AT21,Buffels Mesic Thicket,MesicThicket,3,0,intact,0,intact,AT21_intact,27.583859,-32.986775
2406,new,3,AT21,Buffels Mesic Thicket,MesicThicket,3,0,intact,0,intact,AT21_intact,27.765564,-32.992362
2407,new,3,AT21,Buffels Mesic Thicket,MesicThicket,3,0,intact,0,intact,AT21_intact,27.610893,-32.736823
2408,new,3,AT21,Buffels Mesic Thicket,MesicThicket,3,0,intact,0,intact,AT21_intact,27.577317,-32.720655
2409,new,3,AT21,Buffels Mesic Thicket,MesicThicket,3,0,intact,0,intact,AT21_intact,27.849051,-32.920716
2410,new,3,AT21,Buffels Mesic Thicket,MesicThicket,3,0,intact,0,intact,AT21_intact,27.614679,-32.997315
2411,new,3,AT21,Buffels Mesic Thicket,MesicThicket,3,0,intact,0,intact,AT21_intact,27.681628,-32.974481
2412,new,3,AT21,Buffels Mesic Thicket,MesicThicket,3,0,intact,0,intact,AT21_intact,27.763786,-32.959513
2413,new,3,AT21,Buffels Mesic Thicket,MesicThicket,3,0,intact,0,intact,AT21_intact,27.954677,-32.769561
2414,new,3,AT21,Buffels Mesic Thicket,MesicThicket,3,0,intact,0,intact,AT21_intact,27.551724,-32.99291
2415,new,3,AT21,Buffels Mesic Thicket,MesicThicket,3,0,intact,0,intact,AT21_intact,27.858773,-32.817431
2416,new,3,AT21,Buffels Mesic Thicket,MesicThicket,3,0,intact,1,moderate,AT21_intact,27.815648,-32.877906
2417,new,3,AT21,Buffels Mesic Thicket,MesicThicket,3,0,intact,0,intact,AT21_intact,27.798241,-32.9964
2418,new,3,AT21,Buffels Mesic Thicket,MesicThicket,3,0,intact,0,intact,AT21_intact,27.731839,-32.84386
2419,new,3,AT21,Buffels Mesic Thicket,MesicThicket,3,0,intact,0,intact,AT21_intact,27.751358,-33.002077
2420,new,3,AT21,Buffels Mesic Thicket,MesicThicket,3,0,intact,0,intact,AT21_intact,27.914464,-32.686367
2421,new,3,AT21,Buffels Mesic Thicket,MesicThicket,3,0,intact,0,intact,AT21_intact,27.953717,-32.668883
2422,new,3,AT21,Buffels Mesic Thicket,MesicThicket,3,0,intact,0,intact,AT21_intact,27.925523,-32.709498
2423,new,3,AT21,Buffels Mesic Thicket,MesicThicket,3,0,intact,1,moderate,AT21_intact,27.919046,-32.968654
2424,new,3,AT21,Buffels Mesic Thicket,MesicThicket,3,0,intact,0,intact,AT21_intact,27.843321,-32.905807
2425,new,3,AT21,Buffels Mesic Thicket,MesicThicket,3,0,intact,0,intact,AT21_intact,27.994099,-32.77855
2426,new,3,AT21,Buffels Mesic Thicket,MesicThicket,3,0,intact,0,intact,AT21_intact,27.915067,-32.701592
2427,new,3,AT21,Buffels Mesic Thicket,MesicThicket,3,0,intact,0,intact,AT21_intact,27.787904,-32.921345
2428,new,3,AT21,Buffels Mesic Thicket,MesicThicket,3,0,intact,0,intact,AT21_intact,27.761168,-33.004948
2429,new,3,AT21,Buffels Mesic Thicket,MesicThicket,3,0,intact,0,intact,AT21_intact,27.713217,-32.99602
2430,new,3,AT21,Buffels Mesic Thicket,MesicThicket,3,0,intact,0,intact,AT21_intact,27.59929,-32.991569
2431,new,3,AT21,Buffels Mesic Thicket,MesicThicket,3,0,intact,0,intact,AT21_intact,27.757331,-32.846324
2432,new,3,AT21,Buffels Mesic Thicket,MesicThicket,3,0,intact,0,intact,AT21_intact,27.649904,-32.816759
2433,new,3,AT21,Buffels Mesic Thicket,MesicThicket,3,0,intact,0,intact,AT21_intact,27.642782,-32.811471
2434,new,3,AT21,Buffels Mesic Thicket,MesicThicket,3,0,intact,0,intact,AT21_intact,27.742973,-32.681976
2435,new,3,AT21,Buffels Mesic Thicket,MesicThicket,3,0,intact,0,intact,AT21_intact,27.882939,-32.690327
2436,new,3,AT21,Buffels Mesic Thicket,MesicThicket,3,0,intact,0,intact,AT21_intact,27.563195,-32.993229
2437,new,3,AT21,Buffels Mesic Thicket,MesicThicket,3,0,intact,0,intact,AT21_intact,27.833174,-32.928329
2438,new,3,AT21,Buffels Mesic Thicket,MesicThicket,3,0,intact,0,intact,AT21_intact,27.59594,-32.738668
2439,new,3,AT21,Buffels Mesic Thicket,MesicThicket,3,0,intact,0,intact,AT21_intact,28.270478,-32.603849
2440,new,3,AT21,Buffels Mesic Thicket,MesicThicket,3,1,moderate,-1,transformed,AT21_moderate,27.708586,-32.972596
2441,new,3,AT21,Buffels Mesic Thicket,MesicThicket,3,1,moderate,1,moderate,AT21_moderate,27.80592,-32.785102
2442,new,3,AT21,Buffels Mesic Thicket,MesicThicket,3,1,moderate,0,intact,AT21_moderate,27.971734,-32.907894
2443,new,3,AT21,Buffels Mesic Thicket,MesicThicket,3,1,moderate,1,moderate,AT21_moderate,27.767304,-32.862233
2444,new,3,AT21,Buffels Mesic Thicket,MesicThicket,3,1,moderate,1,moderate,AT21_moderate,27.800815,-32.8861
2445,new,3,AT21,Buffels Mesic Thicket,MesicThicket,3,1,moderate,0,intact,AT21_moderate,27.749967,-32.966996
2446,new,3,AT21,Buffels Mesic Thicket,MesicThicket,3,1,moderate,0,intact,AT21_moderate,27.908881,-32.843407
2447,new,3,AT21,Buffels Mesic Thicket,MesicThicket,3,1,moderate,2,severe,AT21_moderate,27.959161,-32.671398
2448,new,3,AT21,Buffels Mesic Thicket,MesicThicket,3,1,moderate,2,severe,AT21_moderate,27.69821,-32.840723
2449,new,3,AT21,Buffels Mesic Thicket,MesicThicket,3,1,moderate,1,moderate,AT21_moderate,27.893671,-32.945223
2450,new,3,AT21,Buffels Mesic Thicket,MesicThicket,3,1,moderate,1,moderate,AT21_moderate,27.62893,-32.814403
2451,new,3,AT21,Buffels Mesic Thicket,MesicThicket,3,1,moderate,2,severe,AT21_moderate,27.904388,-32.691672
2452,new,3,AT21,Buffels Mesic Thicket,MesicThicket,3,1,moderate,0,intact,AT21_moderate,27.983492,-32.815101
2453,new,3,AT21,Buffels Mesic Thicket,MesicThicket,3,1,moderate,1,moderate,AT21_moderate,27.753651,-32.902317
2454,new,3,AT21,Buffels Mesic Thicket,MesicThicket,3,1,moderate,1,moderate,AT21_moderate,27.974728,-32.68146
2455,new,3,AT21,Buffels Mesic Thicket,MesicThicket,3,1,moderate,1,moderate,AT21_moderate,27.95982,-32.904501
2456,new,3,AT21,Buffels Mesic Thicket,MesicThicket,3,1,moderate,0,intact,AT21_moderate,27.855211,-32.937251
2457,new,3,AT21,Buffels Mesic Thicket,MesicThicket,3,1,moderate,2,severe,AT21_moderate,27.710551,-32.971446
2458,new,3,AT21,Buffels Mesic Thicket,MesicThicket,3,1,moderate,0,intact,AT21_moderate,27.759921,-32.966394
2459,new,3,AT21,Buffels Mesic Thicket,MesicThicket,3,1,moderate,0,intact,AT21_moderate,27.755388,-32.856296
2460,new,3,AT21,Buffels Mesic Thicket,MesicThicket,3,1,moderate,1,moderate,AT21_moderate,28.030561,-32.861299
2461,new,3,AT21,Buffels Mesic Thicket,MesicThicket,3,1,moderate,1,moderate,AT21_moderate,27.698522,-32.862814
2462,new,3,AT21,Buffels Mesic Thicket,MesicThicket,3,1,moderate,1,moderate,AT21_moderate,28.244701,-32.619801
2463,new,3,AT21,Buffels Mesic Thicket,MesicThicket,3,1,moderate,1,moderate,AT21_moderate,27.734885,-32.966873
2464,new,3,AT21,Buffels Mesic Thicket,MesicThicket,3,1,moderate,-1,transformed,AT21_moderate,27.975848,-32.739545
2465,new,3,AT21,Buffels Mesic Thicket,MesicThicket,3,1,moderate,1,moderate,AT21_moderate,27.924084,-32.836899
2466,new,3,AT21,Buffels Mesic Thicket,MesicThicket,3,-1,transformed,-1,transformed,AT21_transformed,27.745873,-32.865717
2467,new,3,AT21,Buffels Mesic Thicket,MesicThicket,3,-1,transformed,-1,transformed,AT21_transformed,27.869317,-32.637385
2468,new,3,AT21,Buffels Mesic Thicket,MesicThicket,3,-1,transformed,-1,transformed,AT21_transformed,27.94944,-32.735984
2469,new,3,AT21,Buffels Mesic Thicket,MesicThicket,3,-1,transformed,-1,transformed,AT21_transformed,27.864843,-32.962792
2470,new,3,AT21,Buffels Mesic Thicket,MesicThicket,3,-1,transformed,-1,transformed,AT21_transformed,27.649417,-32.972949
2471,new,3,AT21,Buffels Mesic Thicket,MesicThicket,3,-1,transformed,-1,transformed,AT21_transformed,27.645041,-33.002572
2472,new,3,AT21,Buffels Mesic Thicket,MesicThicket,3,-1,transformed,-1,transformed,AT21_transformed,27.9174,-32.961879
2473,new,3,AT21,Buffels Mesic Thicket,MesicThicket,3,-1,transformed,-1,transformed,AT21_transformed,27.61719,-32.981722
2474,new,3,AT21,Buffels Mesic Thicket,MesicThicket,3,-1,transformed,-1,transformed,AT21_transformed,27.772753,-32.970281
2475,new,3,AT21,Buffels Mesic Thicket,MesicThicket,3,-1,transformed,-1,transformed,AT21_transformed,27.981843,-32.814196
2476,new,3,AT21,Buffels Mesic Thicket,MesicThicket,3,-1,transformed,-1,transformed,AT21_transformed,27.758719,-32.898965
2477,new,3,AT21,Buffels Mesic Thicket,MesicThicket,3,-1,transformed,-1,transformed,AT21_transformed,27.582727,-32.997531
2478,new,3,AT21,Buffels Mesic Thicket,MesicThicket,3,-1,transformed,-1,transformed,AT21_transformed,28.014113,-32.937124
2479,new,3,AT21,Buffels Mesic Thicket,MesicThicket,3,-1,transformed,-1,transformed,AT21_transformed,27.938921,-32.736544
2480,new,3,AT21,Buffels Mesic Thicket,MesicThicket,3,-1,transformed,-1,transformed,AT21_transformed,27.910275,-32.95643
2481,new,3,AT22,Buffels Valley Thicket,ValleyThicket,2,0,intact,0,intact,AT22_intact,27.433261,-32.892944
2482,new,3,AT22,Buffels Valley Thicket,ValleyThicket,2,0,intact,0,intact,AT22_intact,27.407347,-32.935869
2483,new,3,AT22,Buffels Valley Thicket,ValleyThicket,2,0,intact,0,intact,AT22_intact,27.166071,-32.642727
2484,new,3,AT22,Buffels Valley Thicket,ValleyThicket,2,0,intact,0,intact,AT22_intact,27.021754,-32.734058
2485,new,3,AT22,Buffels Valley Thicket,ValleyThicket,2,0,intact,0,intact,AT22_intact,27.3776,-32.773472
2486,new,3,AT22,Buffels Valley Thicket,ValleyThicket,2,0,intact,0,intact,AT22_intact,27.438113,-32.883195
2487,new,3,AT22,Buffels Valley Thicket,ValleyThicket,2,0,intact,0,intact,AT22_intact,27.474941,-32.944264
2488,new,3,AT22,Buffels Valley Thicket,ValleyThicket,2,1,moderate,1,moderate,AT22_moderate,27.446558,-32.87495
2489,new,3,AT22,Buffels Valley Thicket,ValleyThicket,2,1,moderate,1,moderate,AT22_moderate,27.374814,-32.881418
2490,new,3,AT22,Buffels Valley Thicket,ValleyThicket,2,1,moderate,-1,transformed,AT22_moderate,27.434922,-32.879878
2491,new,3,AT22,Buffels Valley Thicket,ValleyThicket,2,1,moderate,0,intact,AT22_moderate,27.144308,-32.758856
2492,new,3,AT22,Buffels Valley Thicket,ValleyThicket,2,1,moderate,-1,transformed,AT22_moderate,27.16817,-32.696051
2493,new,3,AT22,Buffels Valley Thicket,ValleyThicket,2,1,moderate,-1,transformed,AT22_moderate,27.128759,-32.756108
2494,new,3,AT22,Buffels Valley Thicket,ValleyThicket,2,1,moderate,1,moderate,AT22_moderate,27.204829,-32.646657
2495,new,3,AT22,Buffels Valley Thicket,ValleyThicket,2,1,moderate,-1,transformed,AT22_moderate,27.144882,-32.693303
2496,new,3,AT22,Buffels Valley Thicket,ValleyThicket,2,1,moderate,-1,transformed,AT22_moderate,27.18273,-32.742075
2497,new,3,AT22,Buffels Valley Thicket,ValleyThicket,2,1,moderate,1,moderate,AT22_moderate,27.209954,-32.64406
2498,new,3,AT22,Buffels Valley Thicket,ValleyThicket,2,1,moderate,0,intact,AT22_moderate,27.184454,-32.662794
2499,new,3,AT22,Buffels Valley Thicket,ValleyThicket,2,1,moderate,-1,transformed,AT22_moderate,27.113067,-32.721882
2500,new,3,AT22,Buffels Valley Thicket,ValleyThicket,2,1,moderate,1,moderate,AT22_moderate,27.127425,-32.681799
2501,new,3,AT22,Buffels Valley Thicket,ValleyThicket,2,1,moderate,1,moderate,AT22_moderate,27.173291,-32.675125
2502,new,3,AT22,Buffels Valley Thicket,ValleyThicket,2,1,moderate,1,moderate,AT22_moderate,27.410044,-32.841747
2503,new,3,AT22,Buffels Valley Thicket,ValleyThicket,2,2,severe,-1,transformed,AT22_severe,27.376978,-32.830756
2504,new,3,AT22,Buffels Valley Thicket,ValleyThicket,2,2,severe,2,severe,AT22_severe,27.389397,-32.844118
2505,new,3,AT22,Buffels Valley Thicket,ValleyThicket,2,-1,transformed,-1,transformed,AT22_transformed,27.386837,-32.87597
2506,new,3,AT22,Buffels Valley Thicket,ValleyThicket,2,-1,transformed,-1,transformed,AT22_transformed,27.164753,-32.671153
2507,new,3,AT22,Buffels Valley Thicket,ValleyThicket,2,-1,transformed,-1,transformed,AT22_transformed,27.366304,-32.809313
2508,new,3,AT22,Buffels Valley Thicket,ValleyThicket,2,-1,transformed,-1,transformed,AT22_transformed,27.17721,-32.674674
2509,new,3,AT22,Buffels Valley Thicket,ValleyThicket,2,-1,transformed,-1,transformed,AT22_transformed,27.105924,-32.764358
2510,new,3,AT22,Buffels Valley Thicket,ValleyThicket,2,-1,transformed,-1,transformed,AT22_transformed,27.489681,-32.961688
2511,new,3,AT22,Buffels Valley Thicket,ValleyThicket,2,-1,transformed,-1,transformed,AT22_transformed,27.134267,-32.680254
2512,new,3,AT22,Buffels Valley Thicket,ValleyThicket,2,-1,transformed,-1,transformed,AT22_transformed,27.450578,-32.916805
2513,new,3,AT22,Buffels Valley Thicket,ValleyThicket,2,-1,transformed,-1,transformed,AT22_transformed,27.372957,-32.811005
2514,new,3,AT22,Buffels Valley Thicket,ValleyThicket,2,-1,transformed,-1,transformed,AT22_transformed,27.494549,-32.924978
2515,new,3,AT22,Buffels Valley Thicket,ValleyThicket,2,-1,transformed,-1,transformed,AT22_transformed,27.441105,-32.914464
2516,new,3,AT22,Buffels Valley Thicket,ValleyThicket,2,-1,transformed,-1,transformed,AT22_transformed,27.429078,-32.926827
2517,new,3,AT22,Buffels Valley Thicket,ValleyThicket,2,-1,transformed,-1,transformed,AT22_transformed,27.440156,-32.906453
2518,new,3,AT22,Buffels Valley Thicket,ValleyThicket,2,-1,transformed,-1,transformed,AT22_transformed,27.053814,-32.7688
2519,new,3,AT22,Buffels Valley Thicket,ValleyThicket,2,-1,transformed,-1,transformed,AT22_transformed,27.210871,-32.679057
2520,new,3,AT22,Buffels Valley Thicket,ValleyThicket,2,-1,transformed,-1,transformed,AT22_transformed,27.429912,-32.906286
2521,new,3,AT22,Buffels Valley Thicket,ValleyThicket,2,-1,transformed,-1,transformed,AT22_transformed,27.361949,-32.821832
2522,new,3,AT22,Buffels Valley Thicket,ValleyThicket,2,-1,transformed,-1,transformed,AT22_transformed,27.140162,-32.673544
2523,new,3,AT22,Buffels Valley Thicket,ValleyThicket,2,-1,transformed,-1,transformed,AT22_transformed,27.175802,-32.745653
2524,new,3,AT22,Buffels Valley Thicket,ValleyThicket,2,-1,transformed,-1,transformed,AT22_transformed,27.095457,-32.742874
2525,new,3,AT22,Buffels Valley Thicket,ValleyThicket,2,-1,transformed,-1,transformed,AT22_transformed,27.189097,-32.669396
2526,new,3,AT22,Buffels Valley Thicket,ValleyThicket,2,-1,transformed,-1,transformed,AT22_transformed,27.432608,-32.901245
2527,new,3,AT22,Buffels Valley Thicket,ValleyThicket,2,-1,transformed,-1,transformed,AT22_transformed,27.187916,-32.681783
2528,new,3,AT22,Buffels Valley Thicket,ValleyThicket,2,-1,transformed,-1,transformed,AT22_transformed,27.203797,-32.667845
2529,new,3,AT22,Buffels Valley Thicket,ValleyThicket,2,-1,transformed,-1,transformed,AT22_transformed,27.389538,-32.892374
2530,new,3,AT22,Buffels Valley Thicket,ValleyThicket,2,-1,transformed,-1,transformed,AT22_transformed,27.103609,-32.766794
2531,new,3,AT22,Buffels Valley Thicket,ValleyThicket,2,-1,transformed,-1,transformed,AT22_transformed,27.414307,-32.933916
2532,new,3,AT27,Escarpment Arid Thicket,AridThicket,1,1,moderate,2,severe,AT27_moderate,23.757411,-32.989392
2533,new,3,AT27,Escarpment Arid Thicket,AridThicket,1,1,moderate,1,moderate,AT27_moderate,25.780331,-32.35523
2534,new,3,AT27,Escarpment Arid Thicket,AridThicket,1,1,moderate,1,moderate,AT27_moderate,25.860139,-32.274912
2535,new,3,AT27,Escarpment Arid Thicket,AridThicket,1,1,moderate,1,moderate,AT27_moderate,24.502276,-32.093906
2536,new,3,AT27,Escarpment Arid Thicket,AridThicket,1,1,moderate,1,moderate,AT27_moderate,24.317877,-32.129764
2537,new,3,AT27,Escarpment Arid Thicket,AridThicket,1,1,moderate,1,moderate,AT27_moderate,25.909225,-32.335662
2538,new,3,AT27,Escarpment Arid Thicket,AridThicket,1,1,moderate,1,moderate,AT27_moderate,25.442158,-32.048371
2539,new,3,AT27,Escarpment Arid Thicket,AridThicket,1,1,moderate,1,moderate,AT27_moderate,24.222673,-32.275639
2540,new,3,AT27,Escarpment Arid Thicket,AridThicket,1,1,moderate,2,severe,AT27_moderate,24.236301,-32.311301
2541,new,3,AT27,Escarpment Arid Thicket,AridThicket,1,1,moderate,1,moderate,AT27_moderate,24.400568,-32.135893
2542,new,3,AT27,Escarpment Arid Thicket,AridThicket,1,1,moderate,1,moderate,AT27_moderate,25.425685,-32.050689
2543,new,3,AT27,Escarpment Arid Thicket,AridThicket,1,1,moderate,1,moderate,AT27_moderate,24.730954,-32.320954
2544,new,3,AT27,Escarpment Arid Thicket,AridThicket,1,1,moderate,1,moderate,AT27_moderate,24.425971,-32.447605
2545,new,3,AT27,Escarpment Arid Thicket,AridThicket,1,1,moderate,1,moderate,AT27_moderate,24.446931,-32.175621
2546,new,3,AT27,Escarpment Arid Thicket,AridThicket,1,1,moderate,1,moderate,AT27_moderate,23.711423,-32.91893
2547,new,3,AT27,Escarpment Arid Thicket,AridThicket,1,1,moderate,1,moderate,AT27_moderate,24.629848,-32.311906
2548,new,3,AT27,Escarpment Arid Thicket,AridThicket,1,1,moderate,1,moderate,AT27_moderate,24.412229,-32.244364
2549,new,3,AT27,Escarpment Arid Thicket,AridThicket,1,2,severe,2,severe,AT27_severe,24.670455,-32.177334
2550,new,3,AT27,Escarpment Arid Thicket,AridThicket,1,2,severe,1,moderate,AT27_severe,24.363149,-32.515639
2551,new,3,AT27,Escarpment Arid Thicket,AridThicket,1,2,severe,1,moderate,AT27_severe,25.926129,-32.239725
2552,new,3,AT27,Escarpment Arid Thicket,AridThicket,1,2,severe,2,severe,AT27_severe,25.57999,-32.229735
2553,new,3,AT27,Escarpment Arid Thicket,AridThicket,1,2,severe,2,severe,AT27_severe,24.419434,-32.530518
2554,new,3,AT27,Escarpment Arid Thicket,AridThicket,1,2,severe,2,severe,AT27_severe,25.960354,-32.249484
2555,new,3,AT27,Escarpment Arid Thicket,AridThicket,1,2,severe,2,severe,AT27_severe,25.835823,-32.349777
2556,new,3,AT27,Escarpment Arid Thicket,AridThicket,1,2,severe,2,severe,AT27_severe,24.406109,-32.542427
2557,new,3,AT27,Escarpment Arid Thicket,AridThicket,1,2,severe,2,severe,AT27_severe,24.664773,-32.369878
2558,new,3,AT27,Escarpment Arid Thicket,AridThicket,1,2,severe,2,severe,AT27_severe,24.536264,-32.329723
2559,new,3,AT27,Escarpment Arid Thicket,AridThicket,1,2,severe,2,severe,AT27_severe,24.256155,-32.491079
2560,new,3,AT27,Escarpment Arid Thicket,AridThicket,1,2,severe,2,severe,AT27_severe,24.360029,-32.504975
2561,new,3,AT27,Escarpment Arid Thicket,AridThicket,1,2,severe,2,severe,AT27_severe,24.40247,-32.519139
2562,new,3,AT27,Escarpment Arid Thicket,AridThicket,1,2,severe,2,severe,AT27_severe,24.394349,-32.218508
2563,new,3,AT27,Escarpment Arid Thicket,AridThicket,1,2,severe,2,severe,AT27_severe,24.393311,-32.49621
2564,new,3,AT27,Escarpment Arid Thicket,AridThicket,1,2,severe,2,severe,AT27_severe,24.465353,-32.106261
2565,new,3,AT27,Escarpment Arid Thicket,AridThicket,1,2,severe,2,severe,AT27_severe,24.374273,-32.492886
2566,new,3,AT27,Escarpment Arid Thicket,AridThicket,1,2,severe,2,severe,AT27_severe,24.587936,-32.14715
2567,new,3,AT27,Escarpment Arid Thicket,AridThicket,1,2,severe,2,severe,AT27_severe,24.30638,-32.490025
2568,new,3,AT27,Escarpment Arid Thicket,AridThicket,1,2,severe,2,severe,AT27_severe,24.620128,-32.273193
2569,new,3,AT27,Escarpment Arid Thicket,AridThicket,1,2,severe,2,severe,AT27_severe,25.550917,-32.1917
2570,new,3,AT27,Escarpment Arid Thicket,AridThicket,1,2,severe,2,severe,AT27_severe,24.36408,-32.316441
2571,new,3,AT27,Escarpment Arid Thicket,AridThicket,1,2,severe,2,severe,AT27_severe,24.60704,-32.246554
2572,new,3,AT27,Escarpment Arid Thicket,AridThicket,1,2,severe,2,severe,AT27_severe,24.498861,-32.13894
2573,new,3,AT27,Escarpment Arid Thicket,AridThicket,1,2,severe,2,severe,AT27_severe,25.746682,-32.185806
2574,new,3,AT27,Escarpment Arid Thicket,AridThicket,1,2,severe,2,severe,AT27_severe,24.406864,-32.405717
2575,new,3,AT27,Escarpment Arid Thicket,AridThicket,1,2,severe,2,severe,AT27_severe,25.241253,-32.699125
2576,new,3,AT27,Escarpment Arid Thicket,AridThicket,1,2,severe,2,severe,AT27_severe,24.003659,-32.682906
2577,new,3,AT27,Escarpment Arid Thicket,AridThicket,1,2,severe,1,moderate,AT27_severe,24.355015,-32.37142
2578,new,3,AT27,Escarpment Arid Thicket,AridThicket,1,2,severe,1,moderate,AT27_severe,24.740426,-32.313443
2579,new,3,AT27,Escarpment Arid Thicket,AridThicket,1,2,severe,2,severe,AT27_severe,25.286516,-32.805512
2580,new,3,AT27,Escarpment Arid Thicket,AridThicket,1,2,severe,2,severe,AT27_severe,24.384594,-32.517386
2581,new,3,AT27,Escarpment Arid Thicket,AridThicket,1,2,severe,2,severe,AT27_severe,24.340362,-32.517376
2582,new,3,AT27,Escarpment Arid Thicket,AridThicket,1,2,severe,2,severe,AT27_severe,24.615474,-32.309509
2583,new,3,AT27,Escarpment Arid Thicket,AridThicket,1,2,severe,2,severe,AT27_severe,24.240315,-32.325911
2584,new,3,AT27,Escarpment Arid Thicket,AridThicket,1,2,severe,2,severe,AT27_severe,24.746318,-32.333096
2585,new,3,AT27,Escarpment Arid Thicket,AridThicket,1,2,severe,2,severe,AT27_severe,24.497001,-32.286437
2586,new,3,AT27,Escarpment Arid Thicket,AridThicket,1,2,severe,2,severe,AT27_severe,23.849868,-32.962164
2587,new,3,AT27,Escarpment Arid Thicket,AridThicket,1,2,severe,2,severe,AT27_severe,23.692355,-32.927249
2588,new,3,AT27,Escarpment Arid Thicket,AridThicket,1,2,severe,2,severe,AT27_severe,24.673152,-32.181693
2589,new,3,AT27,Escarpment Arid Thicket,AridThicket,1,2,severe,2,severe,AT27_severe,25.875384,-32.270203
2590,new,3,AT27,Escarpment Arid Thicket,AridThicket,1,2,severe,2,severe,AT27_severe,24.393773,-32.523122
2591,new,3,AT27,Escarpment Arid Thicket,AridThicket,1,2,severe,1,moderate,AT27_severe,25.610432,-32.218347
2592,new,3,AT27,Escarpment Arid Thicket,AridThicket,1,2,severe,2,severe,AT27_severe,24.625715,-32.146751
2593,new,3,AT27,Escarpment Arid Thicket,AridThicket,1,2,severe,2,severe,AT27_severe,24.283407,-32.172137
2594,new,3,AT27,Escarpment Arid Thicket,AridThicket,1,2,severe,2,severe,AT27_severe,24.62211,-32.151226
2595,new,3,AT27,Escarpment Arid Thicket,AridThicket,1,2,severe,2,severe,AT27_severe,24.66813,-32.214864
2596,new,3,AT27,Escarpment Arid Thicket,AridThicket,1,-1,transformed,-1,transformed,AT27_transformed,25.701166,-32.283397
2597,new,3,AT27,Escarpment Arid Thicket,AridThicket,1,-1,transformed,-1,transformed,AT27_transformed,24.642752,-32.328318
2598,new,3,AT27,Escarpment Arid Thicket,AridThicket,1,-1,transformed,-1,transformed,AT27_transformed,24.045273,-32.572228
2599,new,3,AT27,Escarpment Arid Thicket,AridThicket,1,-1,transformed,-1,transformed,AT27_transformed,24.109014,-32.348529
2600,new,3,AT27,Escarpment Arid Thicket,AridThicket,1,-1,transformed,-1,transformed,AT27_transformed,25.570717,-32.235631
2601,new,3,AT28,Escarpment Mesic Thicket,MesicThicket,3,0,intact,0,intact,AT28_intact,26.844951,-32.72686
2602,new,3,AT28,Escarpment Mesic Thicket,MesicThicket,3,0,intact,0,intact,AT28_intact,26.374394,-32.622583
2603,new,3,AT28,Escarpment Mesic Thicket,MesicThicket,3,0,intact,0,intact,AT28_intact,26.241515,-32.665646
2604,new,3,AT28,Escarpment Mesic Thicket,MesicThicket,3,0,intact,0,intact,AT28_intact,25.651704,-32.59127
2605,new,3,AT28,Escarpment Mesic Thicket,MesicThicket,3,0,intact,0,intact,AT28_intact,26.189965,-32.63242
2606,new,3,AT28,Escarpment Mesic Thicket,MesicThicket,3,0,intact,0,intact,AT28_intact,26.358207,-32.829931
2607,new,3,AT28,Escarpment Mesic Thicket,MesicThicket,3,0,intact,0,intact,AT28_intact,25.752552,-32.689737
2608,new,3,AT28,Escarpment Mesic Thicket,MesicThicket,3,0,intact,0,intact,AT28_intact,26.75639,-32.624583
2609,new,3,AT28,Escarpment Mesic Thicket,MesicThicket,3,0,intact,0,intact,AT28_intact,25.623403,-32.5949
2610,new,3,AT28,Escarpment Mesic Thicket,MesicThicket,3,0,intact,0,intact,AT28_intact,26.804626,-32.738248
2611,new,3,AT28,Escarpment Mesic Thicket,MesicThicket,3,0,intact,1,moderate,AT28_intact,26.606085,-32.602546
2612,new,3,AT28,Escarpment Mesic Thicket,MesicThicket,3,0,intact,0,intact,AT28_intact,26.838086,-32.730747
2613,new,3,AT28,Escarpment Mesic Thicket,MesicThicket,3,0,intact,0,intact,AT28_intact,25.294367,-32.537513
2614,new,3,AT28,Escarpment Mesic Thicket,MesicThicket,3,0,intact,0,intact,AT28_intact,26.800605,-32.510894
2615,new,3,AT28,Escarpment Mesic Thicket,MesicThicket,3,0,intact,2,severe,AT28_intact,27.002387,-32.685755
2616,new,3,AT28,Escarpment Mesic Thicket,MesicThicket,3,0,intact,0,intact,AT28_intact,26.394734,-32.637322
2617,new,3,AT28,Escarpment Mesic Thicket,MesicThicket,3,0,intact,0,intact,AT28_intact,26.173177,-32.635994
2618,new,3,AT28,Escarpment Mesic Thicket,MesicThicket,3,0,intact,0,intact,AT28_intact,26.825609,-32.600246
2619,new,3,AT28,Escarpment Mesic Thicket,MesicThicket,3,0,intact,0,intact,AT28_intact,26.032659,-32.638794
2620,new,3,AT28,Escarpment Mesic Thicket,MesicThicket,3,0,intact,0,intact,AT28_intact,26.802424,-32.586147
2621,new,3,AT28,Escarpment Mesic Thicket,MesicThicket,3,0,intact,0,intact,AT28_intact,26.401202,-32.635006
2622,new,3,AT28,Escarpment Mesic Thicket,MesicThicket,3,0,intact,0,intact,AT28_intact,26.314647,-32.591526
2623,new,3,AT28,Escarpment Mesic Thicket,MesicThicket,3,0,intact,0,intact,AT28_intact,27.02347,-32.698513
2624,new,3,AT28,Escarpment Mesic Thicket,MesicThicket,3,0,intact,0,intact,AT28_intact,26.230673,-32.579981
2625,new,3,AT28,Escarpment Mesic Thicket,MesicThicket,3,0,intact,0,intact,AT28_intact,26.228607,-32.599354
2626,new,3,AT28,Escarpment Mesic Thicket,MesicThicket,3,0,intact,1,moderate,AT28_intact,25.722347,-32.586857
2627,new,3,AT28,Escarpment Mesic Thicket,MesicThicket,3,0,intact,0,intact,AT28_intact,27.020482,-32.707897
2628,new,3,AT28,Escarpment Mesic Thicket,MesicThicket,3,0,intact,1,moderate,AT28_intact,26.139482,-32.667266
2629,new,3,AT28,Escarpment Mesic Thicket,MesicThicket,3,0,intact,0,intact,AT28_intact,25.769356,-32.707241
2630,new,3,AT28,Escarpment Mesic Thicket,MesicThicket,3,0,intact,1,moderate,AT28_intact,26.815889,-32.731899
2631,new,3,AT28,Escarpment Mesic Thicket,MesicThicket,3,0,intact,0,intact,AT28_intact,25.618697,-32.610273
2632,new,3,AT28,Escarpment Mesic Thicket,MesicThicket,3,0,intact,0,intact,AT28_intact,25.104157,-32.330744
2633,new,3,AT28,Escarpment Mesic Thicket,MesicThicket,3,0,intact,0,intact,AT28_intact,26.323248,-32.789556
2634,new,3,AT28,Escarpment Mesic Thicket,MesicThicket,3,0,intact,0,intact,AT28_intact,26.819354,-32.532102
2635,new,3,AT28,Escarpment Mesic Thicket,MesicThicket,3,1,moderate,1,moderate,AT28_moderate,26.447025,-32.825697
2636,new,3,AT28,Escarpment Mesic Thicket,MesicThicket,3,1,moderate,1,moderate,AT28_moderate,26.421353,-32.742959
2637,new,3,AT28,Escarpment Mesic Thicket,MesicThicket,3,1,moderate,1,moderate,AT28_moderate,26.796165,-32.621316
2638,new,3,AT28,Escarpment Mesic Thicket,MesicThicket,3,1,moderate,2,severe,AT28_moderate,25.101225,-32.344199
2639,new,3,AT28,Escarpment Mesic Thicket,MesicThicket,3,1,moderate,1,moderate,AT28_moderate,26.607006,-32.565398
2640,new,3,AT28,Escarpment Mesic Thicket,MesicThicket,3,1,moderate,2,severe,AT28_moderate,26.416137,-32.672611
2641,new,3,AT28,Escarpment Mesic Thicket,MesicThicket,3,1,moderate,1,moderate,AT28_moderate,26.53234,-32.736133
2642,new,3,AT28,Escarpment Mesic Thicket,MesicThicket,3,1,moderate,1,moderate,AT28_moderate,26.413808,-32.630668
2643,new,3,AT28,Escarpment Mesic Thicket,MesicThicket,3,1,moderate,2,severe,AT28_moderate,26.756984,-32.604541
2644,new,3,AT28,Escarpment Mesic Thicket,MesicThicket,3,1,moderate,1,moderate,AT28_moderate,25.194404,-32.436068
2645,new,3,AT28,Escarpment Mesic Thicket,MesicThicket,3,1,moderate,2,severe,AT28_moderate,26.194894,-32.596698
2646,new,3,AT28,Escarpment Mesic Thicket,MesicThicket,3,1,moderate,2,severe,AT28_moderate,25.221011,-32.53804
2647,new,3,AT28,Escarpment Mesic Thicket,MesicThicket,3,1,moderate,1,moderate,AT28_moderate,26.695366,-32.775862
2648,new,3,AT28,Escarpment Mesic Thicket,MesicThicket,3,1,moderate,2,severe,AT28_moderate,26.206724,-32.482413
2649,new,3,AT28,Escarpment Mesic Thicket,MesicThicket,3,1,moderate,2,severe,AT28_moderate,26.931191,-32.760482
2650,new,3,AT28,Escarpment Mesic Thicket,MesicThicket,3,1,moderate,1,moderate,AT28_moderate,26.334897,-32.813485
2651,new,3,AT28,Escarpment Mesic Thicket,MesicThicket,3,1,moderate,1,moderate,AT28_moderate,26.80416,-32.721416
2652,new,3,AT28,Escarpment Mesic Thicket,MesicThicket,3,1,moderate,1,moderate,AT28_moderate,26.802244,-32.623561
2653,new,3,AT28,Escarpment Mesic Thicket,MesicThicket,3,1,moderate,2,severe,AT28_moderate,25.744133,-32.695741
2654,new,3,AT28,Escarpment Mesic Thicket,MesicThicket,3,1,moderate,2,severe,AT28_moderate,26.249882,-32.456246
2655,new,3,AT28,Escarpment Mesic Thicket,MesicThicket,3,1,moderate,1,moderate,AT28_moderate,26.191016,-32.453095
2656,new,3,AT28,Escarpment Mesic Thicket,MesicThicket,3,1,moderate,1,moderate,AT28_moderate,26.787294,-32.526864
2657,new,3,AT28,Escarpment Mesic Thicket,MesicThicket,3,1,moderate,1,moderate,AT28_moderate,26.019988,-32.633608
2658,new,3,AT28,Escarpment Mesic Thicket,MesicThicket,3,1,moderate,1,moderate,AT28_moderate,26.727628,-32.617412
2659,new,3,AT28,Escarpment Mesic Thicket,MesicThicket,3,1,moderate,1,moderate,AT28_moderate,26.57717,-32.619708
2660,new,3,AT28,Escarpment Mesic Thicket,MesicThicket,3,1,moderate,1,moderate,AT28_moderate,26.696454,-32.532445
2661,new,3,AT28,Escarpment Mesic Thicket,MesicThicket,3,1,moderate,2,severe,AT28_moderate,25.083734,-32.333645
2662,new,3,AT28,Escarpment Mesic Thicket,MesicThicket,3,1,moderate,1,moderate,AT28_moderate,26.486606,-32.85042
2663,new,3,AT28,Escarpment Mesic Thicket,MesicThicket,3,1,moderate,1,moderate,AT28_moderate,26.835921,-32.550796
2664,new,3,AT28,Escarpment Mesic Thicket,MesicThicket,3,1,moderate,1,moderate,AT28_moderate,26.432745,-32.740174
2665,new,3,AT28,Escarpment Mesic Thicket,MesicThicket,3,1,moderate,1,moderate,AT28_moderate,26.350427,-32.712279
2666,new,3,AT28,Escarpment Mesic Thicket,MesicThicket,3,1,moderate,2,severe,AT28_moderate,26.765041,-32.53262
2667,new,3,AT28,Escarpment Mesic Thicket,MesicThicket,3,1,moderate,2,severe,AT28_moderate,26.7776,-32.50922
2668,new,3,AT28,Escarpment Mesic Thicket,MesicThicket,3,1,moderate,1,moderate,AT28_moderate,26.503761,-32.743573
2669,new,3,AT28,Escarpment Mesic Thicket,MesicThicket,3,1,moderate,1,moderate,AT28_moderate,26.232449,-32.462175
2670,new,3,AT28,Escarpment Mesic Thicket,MesicThicket,3,-1,transformed,-1,transformed,AT28_transformed,26.61139,-32.736279
2671,new,3,AT28,Escarpment Mesic Thicket,MesicThicket,3,-1,transformed,-1,transformed,AT28_transformed,26.941387,-32.652316
2672,new,3,AT28,Escarpment Mesic Thicket,MesicThicket,3,-1,transformed,-1,transformed,AT28_transformed,26.932687,-32.728008
2673,new,3,AT28,Escarpment Mesic Thicket,MesicThicket,3,-1,transformed,-1,transformed,AT28_transformed,26.938176,-32.792907
2674,new,3,AT28,Escarpment Mesic Thicket,MesicThicket,3,-1,transformed,-1,transformed,AT28_transformed,26.932826,-32.738605
2675,new,3,AT28,Escarpment Mesic Thicket,MesicThicket,3,-1,transformed,-1,transformed,AT28_transformed,26.940509,-32.619695
2676,new,3,AT28,Escarpment Mesic Thicket,MesicThicket,3,-1,transformed,-1,transformed,AT28_transformed,26.856097,-32.700752
2677,new,3,AT28,Escarpment Mesic Thicket,MesicThicket,3,-1,transformed,-1,transformed,AT28_transformed,26.948338,-32.781097
2678,new,3,AT28,Escarpment Mesic Thicket,MesicThicket,3,-1,transformed,-1,transformed,AT28_transformed,26.975959,-32.751134
2679,new,3,AT28,Escarpment Mesic Thicket,MesicThicket,3,-1,transformed,-1,transformed,AT28_transformed,26.235564,-32.466986
2680,new,3,AT28,Escarpment Mesic Thicket,MesicThicket,3,-1,transformed,-1,transformed,AT28_transformed,26.989946,-32.774474
2681,new,3,AT28,Escarpment Mesic Thicket,MesicThicket,3,-1,transformed,-1,transformed,AT28_transformed,26.908275,-32.63959
2682,new,3,AT28,Escarpment Mesic Thicket,MesicThicket,3,-1,transformed,-1,transformed,AT28_transformed,26.94404,-32.674426
2683,new,3,AT28,Escarpment Mesic Thicket,MesicThicket,3,-1,transformed,-1,transformed,AT28_transformed,26.860879,-32.696014
2684,new,3,AT28,Escarpment Mesic Thicket,MesicThicket,3,-1,transformed,-1,transformed,AT28_transformed,26.95455,-32.757706
2685,new,3,AT28,Escarpment Mesic Thicket,MesicThicket,3,-1,transformed,-1,transformed,AT28_transformed,26.932755,-32.717304
2686,new,3,AT28,Escarpment Mesic Thicket,MesicThicket,3,-1,transformed,-1,transformed,AT28_transformed,27.011878,-32.697765
2687,new,3,AT28,Escarpment Mesic Thicket,MesicThicket,3,-1,transformed,-1,transformed,AT28_transformed,26.987604,-32.681353
2688,new,3,AT28,Escarpment Mesic Thicket,MesicThicket,3,-1,transformed,-1,transformed,AT28_transformed,26.625813,-32.574766
2689,new,3,AT28,Escarpment Mesic Thicket,MesicThicket,3,-1,transformed,-1,transformed,AT28_transformed,26.996979,-32.699483
2690,new,3,AT29,Escarpment Valley Thicket,ValleyThicket,2,1,moderate,1,moderate,AT29_moderate,24.899192,-32.364554
2691,new,3,AT29,Escarpment Valley Thicket,ValleyThicket,2,1,moderate,1,moderate,AT29_moderate,24.980146,-32.391207
2692,new,3,AT29,Escarpment Valley Thicket,ValleyThicket,2,1,moderate,1,moderate,AT29_moderate,24.714951,-32.389636
2693,new,3,AT29,Escarpment Valley Thicket,ValleyThicket,2,1,moderate,1,moderate,AT29_moderate,25.027207,-32.320773
2694,new,3,AT29,Escarpment Valley Thicket,ValleyThicket,2,1,moderate,2,severe,AT29_moderate,24.97592,-32.390165
2695,new,3,AT29,Escarpment Valley Thicket,ValleyThicket,2,1,moderate,1,moderate,AT29_moderate,25.018247,-32.346475
2696,new,3,AT29,Escarpment Valley Thicket,ValleyThicket,2,1,moderate,1,moderate,AT29_moderate,24.95563,-32.284324
2697,new,3,AT29,Escarpment Valley Thicket,ValleyThicket,2,1,moderate,1,moderate,AT29_moderate,24.949492,-32.409527
2698,new,3,AT29,Escarpment Valley Thicket,ValleyThicket,2,1,moderate,1,moderate,AT29_moderate,24.915964,-32.398068
2699,new,3,AT29,Escarpment Valley Thicket,ValleyThicket,2,1,moderate,1,moderate,AT29_moderate,25.124092,-32.38886
2700,new,3,AT29,Escarpment Valley Thicket,ValleyThicket,2,1,moderate,1,moderate,AT29_moderate,25.083987,-32.366563
2701,new,3,AT29,Escarpment Valley Thicket,ValleyThicket,2,1,moderate,2,severe,AT29_moderate,24.953161,-32.322336
2702,new,3,AT29,Escarpment Valley Thicket,ValleyThicket,2,1,moderate,1,moderate,AT29_moderate,25.02891,-32.407286
2703,new,3,AT29,Escarpment Valley Thicket,ValleyThicket,2,1,moderate,1,moderate,AT29_moderate,24.730109,-32.361451
2704,new,3,AT29,Escarpment Valley Thicket,ValleyThicket,2,1,moderate,1,moderate,AT29_moderate,24.922688,-32.380093
2705,new,3,AT29,Escarpment Valley Thicket,ValleyThicket,2,1,moderate,1,moderate,AT29_moderate,25.021633,-32.34538
2706,new,3,AT29,Escarpment Valley Thicket,ValleyThicket,2,1,moderate,2,severe,AT29_moderate,24.987725,-32.29997
2707,new,3,AT29,Escarpment Valley Thicket,ValleyThicket,2,1,moderate,2,severe,AT29_moderate,25.010237,-32.435547
2708,new,3,AT29,Escarpment Valley Thicket,ValleyThicket,2,1,moderate,1,moderate,AT29_moderate,24.742133,-32.354228
2709,new,3,AT29,Escarpment Valley Thicket,ValleyThicket,2,1,moderate,1,moderate,AT29_moderate,24.781489,-32.375918
2710,new,3,AT29,Escarpment Valley Thicket,ValleyThicket,2,1,moderate,1,moderate,AT29_moderate,25.080764,-32.441625
2711,new,3,AT29,Escarpment Valley Thicket,ValleyThicket,2,1,moderate,1,moderate,AT29_moderate,24.894435,-32.400359
2712,new,3,AT29,Escarpment Valley Thicket,ValleyThicket,2,1,moderate,1,moderate,AT29_moderate,25.140733,-32.415075
2713,new,3,AT29,Escarpment Valley Thicket,ValleyThicket,2,1,moderate,1,moderate,AT29_moderate,25.063408,-32.497559
2714,new,3,AT29,Escarpment Valley Thicket,ValleyThicket,2,1,moderate,2,severe,AT29_moderate,24.996718,-32.41865
2715,new,3,AT29,Escarpment Valley Thicket,ValleyThicket,2,1,moderate,1,moderate,AT29_moderate,25.007703,-32.363659
2716,new,3,AT29,Escarpment Valley Thicket,ValleyThicket,2,1,moderate,1,moderate,AT29_moderate,24.944555,-32.415102
2717,new,3,AT29,Escarpment Valley Thicket,ValleyThicket,2,2,severe,2,severe,AT29_severe,25.050576,-32.468204
2718,new,3,AT29,Escarpment Valley Thicket,ValleyThicket,2,2,severe,2,severe,AT29_severe,25.121515,-32.525556
2719,new,3,AT29,Escarpment Valley Thicket,ValleyThicket,2,2,severe,2,severe,AT29_severe,25.120506,-32.394693
2720,new,3,AT29,Escarpment Valley Thicket,ValleyThicket,2,2,severe,2,severe,AT29_severe,24.931049,-32.441085
2721,new,3,AT29,Escarpment Valley Thicket,ValleyThicket,2,2,severe,2,severe,AT29_severe,24.670423,-32.345265
2722,new,3,AT29,Escarpment Valley Thicket,ValleyThicket,2,2,severe,2,severe,AT29_severe,24.591667,-32.29946
2723,new,3,AT29,Escarpment Valley Thicket,ValleyThicket,2,2,severe,2,severe,AT29_severe,25.046633,-32.503617
2724,new,3,AT29,Escarpment Valley Thicket,ValleyThicket,2,2,severe,2,severe,AT29_severe,25.14692,-32.421324
2725,new,3,AT29,Escarpment Valley Thicket,ValleyThicket,2,2,severe,2,severe,AT29_severe,24.857013,-32.480518
2726,new,3,AT29,Escarpment Valley Thicket,ValleyThicket,2,2,severe,2,severe,AT29_severe,24.77079,-32.467667
2727,new,3,AT29,Escarpment Valley Thicket,ValleyThicket,2,2,severe,2,severe,AT29_severe,24.890546,-32.474297
2728,new,3,AT29,Escarpment Valley Thicket,ValleyThicket,2,2,severe,2,severe,AT29_severe,24.951891,-32.329991
2729,new,3,AT29,Escarpment Valley Thicket,ValleyThicket,2,2,severe,2,severe,AT29_severe,24.81911,-32.432669
2730,new,3,AT29,Escarpment Valley Thicket,ValleyThicket,2,2,severe,2,severe,AT29_severe,24.672236,-32.459954
2731,new,3,AT29,Escarpment Valley Thicket,ValleyThicket,2,2,severe,2,severe,AT29_severe,24.919278,-32.427139
2732,new,3,AT29,Escarpment Valley Thicket,ValleyThicket,2,2,severe,2,severe,AT29_severe,24.754528,-32.439703
2733,new,3,AT29,Escarpment Valley Thicket,ValleyThicket,2,2,severe,2,severe,AT29_severe,24.951657,-32.415342
2734,new,3,AT29,Escarpment Valley Thicket,ValleyThicket,2,2,severe,2,severe,AT29_severe,25.033378,-32.494771
2735,new,3,AT29,Escarpment Valley Thicket,ValleyThicket,2,2,severe,2,severe,AT29_severe,24.774115,-32.394277
2736,new,3,AT29,Escarpment Valley Thicket,ValleyThicket,2,2,severe,2,severe,AT29_severe,24.637956,-32.388556
2737,new,3,AT29,Escarpment Valley Thicket,ValleyThicket,2,2,severe,2,severe,AT29_severe,24.75515,-32.43754
2738,new,3,AT29,Escarpment Valley Thicket,ValleyThicket,2,2,severe,2,severe,AT29_severe,24.838788,-32.372309
2739,new,3,AT29,Escarpment Valley Thicket,ValleyThicket,2,2,severe,2,severe,AT29_severe,24.724345,-32.434066
2740,new,3,AT29,Escarpment Valley Thicket,ValleyThicket,2,2,severe,2,severe,AT29_severe,25.077387,-32.512842
2741,new,3,AT29,Escarpment Valley Thicket,ValleyThicket,2,2,severe,2,severe,AT29_severe,24.855198,-32.465334
2742,new,3,AT29,Escarpment Valley Thicket,ValleyThicket,2,2,severe,2,severe,AT29_severe,25.103513,-32.503075
2743,new,3,AT29,Escarpment Valley Thicket,ValleyThicket,2,2,severe,2,severe,AT29_severe,25.001846,-32.322214
2744,new,3,AT29,Escarpment Valley Thicket,ValleyThicket,2,2,severe,2,severe,AT29_severe,25.06959,-32.512439
2745,new,3,AT29,Escarpment Valley Thicket,ValleyThicket,2,2,severe,2,severe,AT29_severe,24.897915,-32.421287
2746,new,3,AT29,Escarpment Valley Thicket,ValleyThicket,2,2,severe,2,severe,AT29_severe,25.091544,-32.420586
2747,new,3,AT29,Escarpment Valley Thicket,ValleyThicket,2,2,severe,2,severe,AT29_severe,24.782596,-32.471982
2748,new,3,AT29,Escarpment Valley Thicket,ValleyThicket,2,2,severe,2,severe,AT29_severe,24.957678,-32.311078
2749,new,3,AT29,Escarpment Valley Thicket,ValleyThicket,2,2,severe,2,severe,AT29_severe,24.780155,-32.447449
2750,new,3,AT29,Escarpment Valley Thicket,ValleyThicket,2,2,severe,2,severe,AT29_severe,25.125366,-32.396184
2751,new,3,AT29,Escarpment Valley Thicket,ValleyThicket,2,2,severe,2,severe,AT29_severe,24.78573,-32.398535
2752,new,3,AT29,Escarpment Valley Thicket,ValleyThicket,2,2,severe,2,severe,AT29_severe,24.864692,-32.486037
2753,new,3,AT29,Escarpment Valley Thicket,ValleyThicket,2,2,severe,2,severe,AT29_severe,24.984053,-32.303539
2754,new,3,AT29,Escarpment Valley Thicket,ValleyThicket,2,2,severe,2,severe,AT29_severe,25.171227,-32.570734
2755,new,3,AT29,Escarpment Valley Thicket,ValleyThicket,2,2,severe,2,severe,AT29_severe,25.14464,-32.544499
2756,new,3,AT29,Escarpment Valley Thicket,ValleyThicket,2,2,severe,2,severe,AT29_severe,25.095206,-32.420433
2757,new,3,AT29,Escarpment Valley Thicket,ValleyThicket,2,2,severe,2,severe,AT29_severe,24.859402,-32.470988
2758,new,3,AT29,Escarpment Valley Thicket,ValleyThicket,2,2,severe,2,severe,AT29_severe,24.842647,-32.370741
2759,new,3,AT29,Escarpment Valley Thicket,ValleyThicket,2,2,severe,2,severe,AT29_severe,24.736287,-32.402207
2760,new,3,AT29,Escarpment Valley Thicket,ValleyThicket,2,2,severe,2,severe,AT29_severe,24.765063,-32.392732
2761,new,3,AT29,Escarpment Valley Thicket,ValleyThicket,2,2,severe,2,severe,AT29_severe,25.019174,-32.44148
2762,new,3,AT29,Escarpment Valley Thicket,ValleyThicket,2,2,severe,2,severe,AT29_severe,25.093691,-32.432607
2763,new,3,AT29,Escarpment Valley Thicket,ValleyThicket,2,2,severe,2,severe,AT29_severe,25.091559,-32.39526
2764,new,3,AT29,Escarpment Valley Thicket,ValleyThicket,2,2,severe,2,severe,AT29_severe,25.257951,-32.59821
2765,new,3,AT29,Escarpment Valley Thicket,ValleyThicket,2,2,severe,2,severe,AT29_severe,24.743859,-32.428456
2766,new,3,AT29,Escarpment Valley Thicket,ValleyThicket,2,2,severe,2,severe,AT29_severe,25.005179,-32.333038
2767,new,3,AT29,Escarpment Valley Thicket,ValleyThicket,2,2,severe,2,severe,AT29_severe,24.574138,-32.296535
2768,new,3,AT29,Escarpment Valley Thicket,ValleyThicket,2,2,severe,2,severe,AT29_severe,24.640042,-32.360284
2769,new,3,AT29,Escarpment Valley Thicket,ValleyThicket,2,2,severe,2,severe,AT29_severe,25.155949,-32.386537
2770,new,3,AT29,Escarpment Valley Thicket,ValleyThicket,2,2,severe,2,severe,AT29_severe,24.774813,-32.484671
2771,new,3,AT29,Escarpment Valley Thicket,ValleyThicket,2,2,severe,2,severe,AT29_severe,24.650509,-32.380584
2772,new,3,AT29,Escarpment Valley Thicket,ValleyThicket,2,2,severe,2,severe,AT29_severe,24.667202,-32.450983
2773,new,3,AT29,Escarpment Valley Thicket,ValleyThicket,2,2,severe,2,severe,AT29_severe,24.604979,-32.323934
2774,new,3,AT29,Escarpment Valley Thicket,ValleyThicket,2,2,severe,2,severe,AT29_severe,25.134507,-32.523745
2775,new,3,AT29,Escarpment Valley Thicket,ValleyThicket,2,2,severe,2,severe,AT29_severe,24.790312,-32.475242
2776,new,3,AT29,Escarpment Valley Thicket,ValleyThicket,2,2,severe,2,severe,AT29_severe,24.792464,-32.431451
2777,new,3,AT29,Escarpment Valley Thicket,ValleyThicket,2,2,severe,2,severe,AT29_severe,24.868118,-32.461247
2778,new,3,AT29,Escarpment Valley Thicket,ValleyThicket,2,2,severe,2,severe,AT29_severe,25.101368,-32.394744
2779,new,3,AT29,Escarpment Valley Thicket,ValleyThicket,2,2,severe,2,severe,AT29_severe,25.220603,-32.483089
2780,new,3,AT29,Escarpment Valley Thicket,ValleyThicket,2,2,severe,2,severe,AT29_severe,24.782315,-32.482307
2781,new,3,AT29,Escarpment Valley Thicket,ValleyThicket,2,2,severe,2,severe,AT29_severe,25.097123,-32.378294
2782,new,3,AT29,Escarpment Valley Thicket,ValleyThicket,2,2,severe,2,severe,AT29_severe,24.847185,-32.490286
2783,new,3,AT29,Escarpment Valley Thicket,ValleyThicket,2,2,severe,2,severe,AT29_severe,25.080647,-32.535418
2784,new,3,AT29,Escarpment Valley Thicket,ValleyThicket,2,2,severe,2,severe,AT29_severe,25.228745,-32.606464
2785,new,3,AT29,Escarpment Valley Thicket,ValleyThicket,2,2,severe,2,severe,AT29_severe,25.078654,-32.484541
2786,new,3,AT29,Escarpment Valley Thicket,ValleyThicket,2,2,severe,2,severe,AT29_severe,25.047837,-32.479291
2787,new,3,AT29,Escarpment Valley Thicket,ValleyThicket,2,2,severe,2,severe,AT29_severe,24.625373,-32.328224
2788,new,3,AT29,Escarpment Valley Thicket,ValleyThicket,2,2,severe,2,severe,AT29_severe,24.802485,-32.478794
2789,new,3,AT29,Escarpment Valley Thicket,ValleyThicket,2,2,severe,2,severe,AT29_severe,24.756271,-32.366326
2790,new,3,AT29,Escarpment Valley Thicket,ValleyThicket,2,2,severe,2,severe,AT29_severe,24.789564,-32.479437
2791,new,3,AT29,Escarpment Valley Thicket,ValleyThicket,2,2,severe,2,severe,AT29_severe,24.983469,-32.469502
2792,new,3,AT29,Escarpment Valley Thicket,ValleyThicket,2,-1,transformed,-1,transformed,AT29_transformed,24.540534,-32.262458
2793,new,3,AT29,Escarpment Valley Thicket,ValleyThicket,2,-1,transformed,-1,transformed,AT29_transformed,24.762108,-32.474886
2794,new,3,AT29,Escarpment Valley Thicket,ValleyThicket,2,-1,transformed,-1,transformed,AT29_transformed,25.002972,-32.305146
2795,new,3,AT29,Escarpment Valley Thicket,ValleyThicket,2,-1,transformed,-1,transformed,AT29_transformed,24.966268,-32.314497
2796,new,3,AT29,Escarpment Valley Thicket,ValleyThicket,2,-1,transformed,-1,transformed,AT29_transformed,24.557986,-32.27965
2797,new,3,AT30,Fish Arid Thicket,AridThicket,1,0,intact,0,intact,AT30_intact,26.798132,-33.240785
2798,new,3,AT30,Fish Arid Thicket,AridThicket,1,0,intact,1,moderate,AT30_intact,26.755601,-33.17908
2799,new,3,AT30,Fish Arid Thicket,AridThicket,1,0,intact,0,intact,AT30_intact,26.690734,-33.199401
2800,new,3,AT30,Fish Arid Thicket,AridThicket,1,0,intact,0,intact,AT30_intact,26.855499,-33.219317
2801,new,3,AT30,Fish Arid Thicket,AridThicket,1,0,intact,0,intact,AT30_intact,26.926491,-33.245308
2802,new,3,AT30,Fish Arid Thicket,AridThicket,1,0,intact,0,intact,AT30_intact,26.652154,-33.142665
2803,new,3,AT30,Fish Arid Thicket,AridThicket,1,0,intact,0,intact,AT30_intact,26.419898,-33.15677
2804,new,3,AT30,Fish Arid Thicket,AridThicket,1,0,intact,0,intact,AT30_intact,26.781951,-33.232097
2805,new,3,AT30,Fish Arid Thicket,AridThicket,1,0,intact,0,intact,AT30_intact,26.730274,-33.176272
2806,new,3,AT30,Fish Arid Thicket,AridThicket,1,0,intact,0,intact,AT30_intact,26.884138,-33.22407
2807,new,3,AT30,Fish Arid Thicket,AridThicket,1,0,intact,0,intact,AT30_intact,26.648637,-33.20412
2808,new,3,AT30,Fish Arid Thicket,AridThicket,1,0,intact,0,intact,AT30_intact,26.652604,-33.15784
2809,new,3,AT30,Fish Arid Thicket,AridThicket,1,0,intact,0,intact,AT30_intact,26.725536,-33.181146
2810,new,3,AT30,Fish Arid Thicket,AridThicket,1,0,intact,0,intact,AT30_intact,26.937604,-33.25484
2811,new,3,AT30,Fish Arid Thicket,AridThicket,1,0,intact,0,intact,AT30_intact,26.763615,-33.23378
2812,new,3,AT30,Fish Arid Thicket,AridThicket,1,0,intact,0,intact,AT30_intact,26.498438,-33.179841
2813,new,3,AT30,Fish Arid Thicket,AridThicket,1,0,intact,1,moderate,AT30_intact,26.761444,-33.2106
2814,new,3,AT30,Fish Arid Thicket,AridThicket,1,0,intact,0,intact,AT30_intact,26.749132,-33.235908
2815,new,3,AT30,Fish Arid Thicket,AridThicket,1,0,intact,0,intact,AT30_intact,26.933275,-33.250177
2816,new,3,AT30,Fish Arid Thicket,AridThicket,1,0,intact,1,moderate,AT30_intact,26.718056,-33.200326
2817,new,3,AT30,Fish Arid Thicket,AridThicket,1,0,intact,0,intact,AT30_intact,26.926052,-33.255554
2818,new,3,AT30,Fish Arid Thicket,AridThicket,1,0,intact,0,intact,AT30_intact,26.949257,-33.246034
2819,new,3,AT30,Fish Arid Thicket,AridThicket,1,0,intact,0,intact,AT30_intact,26.603567,-33.144592
2820,new,3,AT30,Fish Arid Thicket,AridThicket,1,0,intact,0,intact,AT30_intact,26.777529,-33.175221
2821,new,3,AT30,Fish Arid Thicket,AridThicket,1,0,intact,0,intact,AT30_intact,26.923932,-33.254046
2822,new,3,AT30,Fish Arid Thicket,AridThicket,1,0,intact,0,intact,AT30_intact,26.873401,-33.21564
2823,new,3,AT30,Fish Arid Thicket,AridThicket,1,0,intact,0,intact,AT30_intact,26.802849,-33.221613
2824,new,3,AT30,Fish Arid Thicket,AridThicket,1,0,intact,0,intact,AT30_intact,26.840947,-33.207882
2825,new,3,AT30,Fish Arid Thicket,AridThicket,1,0,intact,0,intact,AT30_intact,26.314034,-33.149456
2826,new,3,AT30,Fish Arid Thicket,AridThicket,1,1,moderate,1,moderate,AT30_moderate,26.439565,-33.158101
2827,new,3,AT30,Fish Arid Thicket,AridThicket,1,1,moderate,0,intact,AT30_moderate,26.654218,-33.067845
2828,new,3,AT30,Fish Arid Thicket,AridThicket,1,1,moderate,1,moderate,AT30_moderate,26.748689,-33.2189
2829,new,3,AT30,Fish Arid Thicket,AridThicket,1,1,moderate,1,moderate,AT30_moderate,26.65374,-33.101661
2830,new,3,AT30,Fish Arid Thicket,AridThicket,1,1,moderate,2,severe,AT30_moderate,26.786665,-33.179685
2831,new,3,AT30,Fish Arid Thicket,AridThicket,1,1,moderate,1,moderate,AT30_moderate,26.630878,-33.071971
2832,new,3,AT30,Fish Arid Thicket,AridThicket,1,1,moderate,1,moderate,AT30_moderate,26.332193,-33.145612
2833,new,3,AT30,Fish Arid Thicket,AridThicket,1,1,moderate,1,moderate,AT30_moderate,26.544184,-33.098188
2834,new,3,AT30,Fish Arid Thicket,AridThicket,1,1,moderate,1,moderate,AT30_moderate,26.988785,-33.246913
2835,new,3,AT30,Fish Arid Thicket,AridThicket,1,1,moderate,1,moderate,AT30_moderate,26.806688,-33.152439
2836,new,3,AT30,Fish Arid Thicket,AridThicket,1,1,moderate,1,moderate,AT30_moderate,26.40608,-33.149083
2837,new,3,AT30,Fish Arid Thicket,AridThicket,1,1,moderate,1,moderate,AT30_moderate,26.63082,-33.104119
2838,new,3,AT30,Fish Arid Thicket,AridThicket,1,1,moderate,1,moderate,AT30_moderate,26.464345,-33.137328
2839,new,3,AT30,Fish Arid Thicket,AridThicket,1,1,moderate,1,moderate,AT30_moderate,26.807549,-33.176658
2840,new,3,AT30,Fish Arid Thicket,AridThicket,1,1,moderate,1,moderate,AT30_moderate,26.637291,-33.116655
2841,new,3,AT30,Fish Arid Thicket,AridThicket,1,1,moderate,1,moderate,AT30_moderate,26.744505,-33.205833
2842,new,3,AT30,Fish Arid Thicket,AridThicket,1,1,moderate,1,moderate,AT30_moderate,26.659887,-33.080579
2843,new,3,AT30,Fish Arid Thicket,AridThicket,1,1,moderate,1,moderate,AT30_moderate,26.972096,-33.225388
2844,new,3,AT30,Fish Arid Thicket,AridThicket,1,1,moderate,2,severe,AT30_moderate,26.867854,-33.206662
2845,new,3,AT30,Fish Arid Thicket,AridThicket,1,1,moderate,1,moderate,AT30_moderate,26.555326,-33.127488
2846,new,3,AT30,Fish Arid Thicket,AridThicket,1,1,moderate,1,moderate,AT30_moderate,26.766521,-33.149995
2847,new,3,AT30,Fish Arid Thicket,AridThicket,1,1,moderate,1,moderate,AT30_moderate,26.796038,-33.192501
2848,new,3,AT30,Fish Arid Thicket,AridThicket,1,1,moderate,-1,transformed,AT30_moderate,26.59677,-33.185713
2849,new,3,AT30,Fish Arid Thicket,AridThicket,1,1,moderate,1,moderate,AT30_moderate,26.576499,-33.095746
2850,new,3,AT30,Fish Arid Thicket,AridThicket,1,1,moderate,1,moderate,AT30_moderate,26.876225,-33.236275
2851,new,3,AT30,Fish Arid Thicket,AridThicket,1,1,moderate,0,intact,AT30_moderate,26.983657,-33.245261
2852,new,3,AT30,Fish Arid Thicket,AridThicket,1,1,moderate,1,moderate,AT30_moderate,26.534859,-33.091207
2853,new,3,AT30,Fish Arid Thicket,AridThicket,1,1,moderate,1,moderate,AT30_moderate,26.803524,-33.223859
2854,new,3,AT30,Fish Arid Thicket,AridThicket,1,1,moderate,1,moderate,AT30_moderate,26.803538,-33.186331
2855,new,3,AT30,Fish Arid Thicket,AridThicket,1,1,moderate,1,moderate,AT30_moderate,26.670178,-33.111139
2856,new,3,AT30,Fish Arid Thicket,AridThicket,1,1,moderate,1,moderate,AT30_moderate,26.485918,-33.146547
2857,new,3,AT30,Fish Arid Thicket,AridThicket,1,1,moderate,1,moderate,AT30_moderate,26.74915,-33.206951
2858,new,3,AT30,Fish Arid Thicket,AridThicket,1,1,moderate,1,moderate,AT30_moderate,26.576911,-33.172274
2859,new,3,AT30,Fish Arid Thicket,AridThicket,1,1,moderate,1,moderate,AT30_moderate,26.526282,-33.178354
2860,new,3,AT30,Fish Arid Thicket,AridThicket,1,1,moderate,0,intact,AT30_moderate,26.335261,-33.157235
2861,new,3,AT30,Fish Arid Thicket,AridThicket,1,1,moderate,1,moderate,AT30_moderate,26.485183,-33.176817
2862,new,3,AT30,Fish Arid Thicket,AridThicket,1,1,moderate,1,moderate,AT30_moderate,26.819816,-33.173073
2863,new,3,AT30,Fish Arid Thicket,AridThicket,1,1,moderate,1,moderate,AT30_moderate,26.406577,-33.169483
2864,new,3,AT30,Fish Arid Thicket,AridThicket,1,1,moderate,1,moderate,AT30_moderate,26.491143,-33.150526
2865,new,3,AT30,Fish Arid Thicket,AridThicket,1,1,moderate,1,moderate,AT30_moderate,26.574351,-33.162311
2866,new,3,AT30,Fish Arid Thicket,AridThicket,1,1,moderate,1,moderate,AT30_moderate,26.680578,-33.11253
2867,new,3,AT30,Fish Arid Thicket,AridThicket,1,2,severe,2,severe,AT30_severe,26.462023,-33.107234
2868,new,3,AT30,Fish Arid Thicket,AridThicket,1,2,severe,2,severe,AT30_severe,26.49176,-33.154679
2869,new,3,AT30,Fish Arid Thicket,AridThicket,1,2,severe,2,severe,AT30_severe,26.34051,-33.112276
2870,new,3,AT30,Fish Arid Thicket,AridThicket,1,2,severe,1,moderate,AT30_severe,26.34834,-33.088771
2871,new,3,AT30,Fish Arid Thicket,AridThicket,1,2,severe,2,severe,AT30_severe,26.375305,-33.133694
2872,new,3,AT30,Fish Arid Thicket,AridThicket,1,2,severe,1,moderate,AT30_severe,26.429152,-33.18172
2873,new,3,AT30,Fish Arid Thicket,AridThicket,1,2,severe,2,severe,AT30_severe,26.525486,-33.172198
2874,new,3,AT30,Fish Arid Thicket,AridThicket,1,2,severe,2,severe,AT30_severe,26.343521,-33.146114
2875,new,3,AT30,Fish Arid Thicket,AridThicket,1,2,severe,2,severe,AT30_severe,26.335759,-33.085487
2876,new,3,AT30,Fish Arid Thicket,AridThicket,1,2,severe,2,severe,AT30_severe,26.36897,-33.118321
2877,new,3,AT30,Fish Arid Thicket,AridThicket,1,2,severe,2,severe,AT30_severe,26.476747,-33.107453
2878,new,3,AT30,Fish Arid Thicket,AridThicket,1,2,severe,1,moderate,AT30_severe,26.64252,-33.072115
2879,new,3,AT30,Fish Arid Thicket,AridThicket,1,2,severe,2,severe,AT30_severe,26.387592,-33.090181
2880,new,3,AT30,Fish Arid Thicket,AridThicket,1,2,severe,1,moderate,AT30_severe,26.450187,-33.176488
2881,new,3,AT30,Fish Arid Thicket,AridThicket,1,2,severe,1,moderate,AT30_severe,26.381814,-33.086409
2882,new,3,AT30,Fish Arid Thicket,AridThicket,1,2,severe,2,severe,AT30_severe,26.451588,-33.10076
2883,new,3,AT30,Fish Arid Thicket,AridThicket,1,2,severe,1,moderate,AT30_severe,26.819145,-33.162847
2884,new,3,AT30,Fish Arid Thicket,AridThicket,1,2,severe,2,severe,AT30_severe,26.3481,-33.14646
2885,new,3,AT30,Fish Arid Thicket,AridThicket,1,2,severe,1,moderate,AT30_severe,26.817686,-33.141711
2886,new,3,AT30,Fish Arid Thicket,AridThicket,1,2,severe,2,severe,AT30_severe,26.354194,-33.104867
2887,new,3,AT30,Fish Arid Thicket,AridThicket,1,2,severe,1,moderate,AT30_severe,26.523944,-33.109656
2888,new,3,AT30,Fish Arid Thicket,AridThicket,1,2,severe,2,severe,AT30_severe,26.558598,-33.091665
2889,new,3,AT30,Fish Arid Thicket,AridThicket,1,-1,transformed,-1,transformed,AT30_transformed,26.611604,-33.096404
2890,new,3,AT30,Fish Arid Thicket,AridThicket,1,-1,transformed,-1,transformed,AT30_transformed,26.824462,-33.148712
2891,new,3,AT30,Fish Arid Thicket,AridThicket,1,-1,transformed,-1,transformed,AT30_transformed,26.831785,-33.160762
2892,new,3,AT30,Fish Arid Thicket,AridThicket,1,-1,transformed,-1,transformed,AT30_transformed,26.848395,-33.189913
2893,new,3,AT30,Fish Arid Thicket,AridThicket,1,-1,transformed,-1,transformed,AT30_transformed,26.871115,-33.184746
2894,new,3,AT30,Fish Arid Thicket,AridThicket,1,-1,transformed,-1,transformed,AT30_transformed,26.482181,-33.12226
2895,new,3,AT30,Fish Arid Thicket,AridThicket,1,-1,transformed,-1,transformed,AT30_transformed,26.64633,-33.097338
2896,new,3,AT30,Fish Arid Thicket,AridThicket,1,-1,transformed,-1,transformed,AT30_transformed,26.73463,-33.20135
2897,new,3,AT30,Fish Arid Thicket,AridThicket,1,-1,transformed,-1,transformed,AT30_transformed,26.852828,-33.168163
2898,new,3,AT30,Fish Arid Thicket,AridThicket,1,-1,transformed,-1,transformed,AT30_transformed,26.850993,-33.186143
2899,new,3,AT30,Fish Arid Thicket,AridThicket,1,-1,transformed,-1,transformed,AT30_transformed,26.8749,-33.186826
2900,new,3,AT31,Fish Mesic Thicket,MesicThicket,3,0,intact,0,intact,AT31_intact,27.015094,-33.298927
2901,new,3,AT31,Fish Mesic Thicket,MesicThicket,3,0,intact,0,intact,AT31_intact,27.002765,-33.372215
2902,new,3,AT31,Fish Mesic Thicket,MesicThicket,3,0,intact,0,intact,AT31_intact,27.335728,-33.344561
2903,new,3,AT31,Fish Mesic Thicket,MesicThicket,3,0,intact,0,intact,AT31_intact,27.019264,-33.384837
2904,new,3,AT31,Fish Mesic Thicket,MesicThicket,3,0,intact,0,intact,AT31_intact,27.228306,-33.343256
2905,new,3,AT31,Fish Mesic Thicket,MesicThicket,3,0,intact,0,intact,AT31_intact,27.068025,-33.162399
2906,new,3,AT31,Fish Mesic Thicket,MesicThicket,3,0,intact,0,intact,AT31_intact,26.954938,-33.372792
2907,new,3,AT31,Fish Mesic Thicket,MesicThicket,3,0,intact,0,intact,AT31_intact,27.027912,-33.301485
2908,new,3,AT31,Fish Mesic Thicket,MesicThicket,3,0,intact,0,intact,AT31_intact,26.992598,-33.167635
2909,new,3,AT31,Fish Mesic Thicket,MesicThicket,3,0,intact,1,moderate,AT31_intact,27.214267,-33.322231
2910,new,3,AT31,Fish Mesic Thicket,MesicThicket,3,0,intact,0,intact,AT31_intact,26.963473,-33.296633
2911,new,3,AT31,Fish Mesic Thicket,MesicThicket,3,0,intact,0,intact,AT31_intact,27.102465,-33.161776
2912,new,3,AT31,Fish Mesic Thicket,MesicThicket,3,0,intact,0,intact,AT31_intact,26.994891,-33.314492
2913,new,3,AT31,Fish Mesic Thicket,MesicThicket,3,0,intact,-1,transformed,AT31_intact,27.211928,-33.402323
2914,new,3,AT31,Fish Mesic Thicket,MesicThicket,3,0,intact,0,intact,AT31_intact,27.009968,-33.365137
2915,new,3,AT31,Fish Mesic Thicket,MesicThicket,3,0,intact,0,intact,AT31_intact,26.995966,-33.314695
2916,new,3,AT31,Fish Mesic Thicket,MesicThicket,3,0,intact,0,intact,AT31_intact,26.980134,-33.170427
2917,new,3,AT31,Fish Mesic Thicket,MesicThicket,3,0,intact,0,intact,AT31_intact,27.066928,-33.436971
2918,new,3,AT31,Fish Mesic Thicket,MesicThicket,3,0,intact,0,intact,AT31_intact,27.004837,-33.16518
2919,new,3,AT31,Fish Mesic Thicket,MesicThicket,3,0,intact,0,intact,AT31_intact,27.039672,-33.39047
2920,new,3,AT31,Fish Mesic Thicket,MesicThicket,3,0,intact,0,intact,AT31_intact,27.073588,-33.443666
2921,new,3,AT31,Fish Mesic Thicket,MesicThicket,3,0,intact,0,intact,AT31_intact,27.025694,-33.182633
2922,new,3,AT31,Fish Mesic Thicket,MesicThicket,3,0,intact,0,intact,AT31_intact,27.249016,-33.3992
2923,new,3,AT31,Fish Mesic Thicket,MesicThicket,3,0,intact,-1,transformed,AT31_intact,27.212484,-33.402981
2924,new,3,AT31,Fish Mesic Thicket,MesicThicket,3,0,intact,0,intact,AT31_intact,27.022629,-33.324714
2925,new,3,AT31,Fish Mesic Thicket,MesicThicket,3,0,intact,0,intact,AT31_intact,26.930016,-33.080354
2926,new,3,AT31,Fish Mesic Thicket,MesicThicket,3,0,intact,1,moderate,AT31_intact,27.053291,-33.143064
2927,new,3,AT31,Fish Mesic Thicket,MesicThicket,3,0,intact,0,intact,AT31_intact,27.075074,-33.443512
2928,new,3,AT31,Fish Mesic Thicket,MesicThicket,3,0,intact,0,intact,AT31_intact,27.000591,-33.342125
2929,new,3,AT31,Fish Mesic Thicket,MesicThicket,3,0,intact,0,intact,AT31_intact,27.027192,-33.265892
2930,new,3,AT31,Fish Mesic Thicket,MesicThicket,3,0,intact,0,intact,AT31_intact,27.084831,-33.163592
2931,new,3,AT31,Fish Mesic Thicket,MesicThicket,3,0,intact,0,intact,AT31_intact,27.261503,-33.309897
2932,new,3,AT31,Fish Mesic Thicket,MesicThicket,3,0,intact,0,intact,AT31_intact,27.055026,-33.233319
2933,new,3,AT31,Fish Mesic Thicket,MesicThicket,3,0,intact,0,intact,AT31_intact,27.168075,-33.382855
2934,new,3,AT31,Fish Mesic Thicket,MesicThicket,3,0,intact,0,intact,AT31_intact,27.257017,-33.256341
2935,new,3,AT31,Fish Mesic Thicket,MesicThicket,3,0,intact,0,intact,AT31_intact,26.930787,-33.080276
2936,new,3,AT31,Fish Mesic Thicket,MesicThicket,3,0,intact,0,intact,AT31_intact,26.979089,-33.35035
2937,new,3,AT31,Fish Mesic Thicket,MesicThicket,3,0,intact,0,intact,AT31_intact,27.080921,-33.469292
2938,new,3,AT31,Fish Mesic Thicket,MesicThicket,3,0,intact,0,intact,AT31_intact,27.032125,-33.388637
2939,new,3,AT31,Fish Mesic Thicket,MesicThicket,3,0,intact,0,intact,AT31_intact,26.997624,-33.387366
2940,new,3,AT31,Fish Mesic Thicket,MesicThicket,3,0,intact,0,intact,AT31_intact,27.024544,-33.296172
2941,new,3,AT31,Fish Mesic Thicket,MesicThicket,3,0,intact,0,intact,AT31_intact,27.032407,-33.388002
2942,new,3,AT31,Fish Mesic Thicket,MesicThicket,3,0,intact,0,intact,AT31_intact,26.898705,-33.087867
2943,new,3,AT31,Fish Mesic Thicket,MesicThicket,3,0,intact,0,intact,AT31_intact,27.307322,-33.368319
2944,new,3,AT31,Fish Mesic Thicket,MesicThicket,3,0,intact,0,intact,AT31_intact,27.004943,-33.206816
2945,new,3,AT31,Fish Mesic Thicket,MesicThicket,3,0,intact,0,intact,AT31_intact,27.00768,-33.281458
2946,new,3,AT31,Fish Mesic Thicket,MesicThicket,3,0,intact,0,intact,AT31_intact,27.04156,-33.40255
2947,new,3,AT31,Fish Mesic Thicket,MesicThicket,3,0,intact,0,intact,AT31_intact,27.233156,-33.235442
2948,new,3,AT31,Fish Mesic Thicket,MesicThicket,3,0,intact,0,intact,AT31_intact,27.178235,-33.335047
2949,new,3,AT31,Fish Mesic Thicket,MesicThicket,3,0,intact,0,intact,AT31_intact,27.045489,-33.188183
2950,new,3,AT31,Fish Mesic Thicket,MesicThicket,3,0,intact,0,intact,AT31_intact,27.070912,-33.236545
2951,new,3,AT31,Fish Mesic Thicket,MesicThicket,3,0,intact,0,intact,AT31_intact,26.91099,-33.084522
2952,new,3,AT31,Fish Mesic Thicket,MesicThicket,3,0,intact,0,intact,AT31_intact,26.986791,-33.304824
2953,new,3,AT31,Fish Mesic Thicket,MesicThicket,3,0,intact,0,intact,AT31_intact,27.053111,-33.421337
2954,new,3,AT31,Fish Mesic Thicket,MesicThicket,3,0,intact,0,intact,AT31_intact,27.209245,-33.206988
2955,new,3,AT31,Fish Mesic Thicket,MesicThicket,3,0,intact,0,intact,AT31_intact,27.253578,-33.345782
2956,new,3,AT31,Fish Mesic Thicket,MesicThicket,3,0,intact,0,intact,AT31_intact,26.991991,-33.299896
2957,new,3,AT31,Fish Mesic Thicket,MesicThicket,3,0,intact,0,intact,AT31_intact,27.221861,-33.229635
2958,new,3,AT31,Fish Mesic Thicket,MesicThicket,3,0,intact,0,intact,AT31_intact,27.041686,-33.218071
2959,new,3,AT31,Fish Mesic Thicket,MesicThicket,3,0,intact,0,intact,AT31_intact,26.986679,-33.177637
2960,new,3,AT31,Fish Mesic Thicket,MesicThicket,3,0,intact,0,intact,AT31_intact,27.074927,-33.210334
2961,new,3,AT31,Fish Mesic Thicket,MesicThicket,3,0,intact,0,intact,AT31_intact,26.91679,-33.082627
2962,new,3,AT31,Fish Mesic Thicket,MesicThicket,3,0,intact,0,intact,AT31_intact,27.175893,-33.411799
2963,new,3,AT31,Fish Mesic Thicket,MesicThicket,3,0,intact,0,intact,AT31_intact,27.083474,-33.170437
2964,new,3,AT31,Fish Mesic Thicket,MesicThicket,3,1,moderate,1,moderate,AT31_moderate,27.103894,-33.171247
2965,new,3,AT31,Fish Mesic Thicket,MesicThicket,3,1,moderate,1,moderate,AT31_moderate,27.219357,-33.363432
2966,new,3,AT31,Fish Mesic Thicket,MesicThicket,3,1,moderate,1,moderate,AT31_moderate,27.252572,-33.387498
2967,new,3,AT31,Fish Mesic Thicket,MesicThicket,3,1,moderate,1,moderate,AT31_moderate,27.036162,-33.297317
2968,new,3,AT31,Fish Mesic Thicket,MesicThicket,3,1,moderate,1,moderate,AT31_moderate,27.117284,-33.202782
2969,new,3,AT31,Fish Mesic Thicket,MesicThicket,3,1,moderate,1,moderate,AT31_moderate,27.186153,-33.340195
2970,new,3,AT31,Fish Mesic Thicket,MesicThicket,3,1,moderate,0,intact,AT31_moderate,27.075485,-33.456575
2971,new,3,AT31,Fish Mesic Thicket,MesicThicket,3,1,moderate,1,moderate,AT31_moderate,27.084645,-33.235315
2972,new,3,AT31,Fish Mesic Thicket,MesicThicket,3,1,moderate,1,moderate,AT31_moderate,27.066447,-33.159603
2973,new,3,AT31,Fish Mesic Thicket,MesicThicket,3,1,moderate,-1,transformed,AT31_moderate,27.168904,-33.411326
2974,new,3,AT31,Fish Mesic Thicket,MesicThicket,3,1,moderate,1,moderate,AT31_moderate,27.216493,-33.207518
2975,new,3,AT31,Fish Mesic Thicket,MesicThicket,3,1,moderate,1,moderate,AT31_moderate,27.226452,-33.209321
2976,new,3,AT31,Fish Mesic Thicket,MesicThicket,3,1,moderate,1,moderate,AT31_moderate,26.994342,-33.289547
2977,new,3,AT31,Fish Mesic Thicket,MesicThicket,3,1,moderate,1,moderate,AT31_moderate,26.964783,-33.372754
2978,new,3,AT31,Fish Mesic Thicket,MesicThicket,3,1,moderate,-1,transformed,AT31_moderate,27.308286,-33.314913
2979,new,3,AT31,Fish Mesic Thicket,MesicThicket,3,1,moderate,1,moderate,AT31_moderate,27.061912,-33.169366
2980,new,3,AT31,Fish Mesic Thicket,MesicThicket,3,1,moderate,2,severe,AT31_moderate,27.298883,-33.354181
2981,new,3,AT31,Fish Mesic Thicket,MesicThicket,3,1,moderate,1,moderate,AT31_moderate,27.164048,-33.317278
2982,new,3,AT31,Fish Mesic Thicket,MesicThicket,3,1,moderate,1,moderate,AT31_moderate,27.219998,-33.201341
2983,new,3,AT31,Fish Mesic Thicket,MesicThicket,3,1,moderate,1,moderate,AT31_moderate,27.223605,-33.353899
2984,new,3,AT31,Fish Mesic Thicket,MesicThicket,3,1,moderate,1,moderate,AT31_moderate,27.008218,-33.162117
2985,new,3,AT31,Fish Mesic Thicket,MesicThicket,3,1,moderate,-1,transformed,AT31_moderate,27.040853,-33.396667
2986,new,3,AT31,Fish Mesic Thicket,MesicThicket,3,1,moderate,1,moderate,AT31_moderate,27.044227,-33.21745
2987,new,3,AT31,Fish Mesic Thicket,MesicThicket,3,1,moderate,1,moderate,AT31_moderate,27.260577,-33.298374
2988,new,3,AT31,Fish Mesic Thicket,MesicThicket,3,1,moderate,1,moderate,AT31_moderate,26.980051,-33.284123
2989,new,3,AT31,Fish Mesic Thicket,MesicThicket,3,1,moderate,1,moderate,AT31_moderate,27.060851,-33.116236
2990,new,3,AT31,Fish Mesic Thicket,MesicThicket,3,1,moderate,-1,transformed,AT31_moderate,27.151108,-33.307083
2991,new,3,AT31,Fish Mesic Thicket,MesicThicket,3,1,moderate,1,moderate,AT31_moderate,27.062076,-33.161865
2992,new,3,AT31,Fish Mesic Thicket,MesicThicket,3,1,moderate,-1,transformed,AT31_moderate,27.068984,-33.452265
2993,new,3,AT31,Fish Mesic Thicket,MesicThicket,3,1,moderate,1,moderate,AT31_moderate,27.29356,-33.276494
2994,new,3,AT31,Fish Mesic Thicket,MesicThicket,3,1,moderate,1,moderate,AT31_moderate,27.039213,-33.218268
2995,new,3,AT31,Fish Mesic Thicket,MesicThicket,3,1,moderate,1,moderate,AT31_moderate,27.004879,-33.289001
2996,new,3,AT31,Fish Mesic Thicket,MesicThicket,3,1,moderate,1,moderate,AT31_moderate,27.238526,-33.235983
2997,new,3,AT31,Fish Mesic Thicket,MesicThicket,3,1,moderate,1,moderate,AT31_moderate,27.240937,-33.231964
2998,new,3,AT31,Fish Mesic Thicket,MesicThicket,3,1,moderate,1,moderate,AT31_moderate,27.153698,-33.308173
2999,new,3,AT31,Fish Mesic Thicket,MesicThicket,3,1,moderate,1,moderate,AT31_moderate,27.130734,-33.19897
3000,new,3,AT31,Fish Mesic Thicket,MesicThicket,3,1,moderate,1,moderate,AT31_moderate,26.977618,-33.34412
3001,new,3,AT31,Fish Mesic Thicket,MesicThicket,3,1,moderate,1,moderate,AT31_moderate,27.051872,-33.170459
3002,new,3,AT31,Fish Mesic Thicket,MesicThicket,3,1,moderate,0,intact,AT31_moderate,27.1664,-33.308588
3003,new,3,AT31,Fish Mesic Thicket,MesicThicket,3,1,moderate,-1,transformed,AT31_moderate,27.121596,-33.204103
3004,new,3,AT31,Fish Mesic Thicket,MesicThicket,3,1,moderate,1,moderate,AT31_moderate,27.156903,-33.308702
3005,new,3,AT31,Fish Mesic Thicket,MesicThicket,3,1,moderate,1,moderate,AT31_moderate,26.972774,-33.359287
3006,new,3,AT31,Fish Mesic Thicket,MesicThicket,3,1,moderate,-1,transformed,AT31_moderate,27.252661,-33.305572
3007,new,3,AT31,Fish Mesic Thicket,MesicThicket,3,1,moderate,1,moderate,AT31_moderate,27.061912,-33.116146
3008,new,3,AT31,Fish Mesic Thicket,MesicThicket,3,1,moderate,1,moderate,AT31_moderate,27.107863,-33.223608
3009,new,3,AT31,Fish Mesic Thicket,MesicThicket,3,1,moderate,1,moderate,AT31_moderate,27.06496,-33.139952
3010,new,3,AT31,Fish Mesic Thicket,MesicThicket,3,1,moderate,1,moderate,AT31_moderate,27.033667,-33.221693
3011,new,3,AT31,Fish Mesic Thicket,MesicThicket,3,1,moderate,1,moderate,AT31_moderate,27.058084,-33.147753
3012,new,3,AT31,Fish Mesic Thicket,MesicThicket,3,1,moderate,-1,transformed,AT31_moderate,27.295758,-33.360212
3013,new,3,AT31,Fish Mesic Thicket,MesicThicket,3,1,moderate,0,intact,AT31_moderate,27.085599,-33.437362
3014,new,3,AT31,Fish Mesic Thicket,MesicThicket,3,1,moderate,1,moderate,AT31_moderate,27.223467,-33.231722
3015,new,3,AT31,Fish Mesic Thicket,MesicThicket,3,2,severe,2,severe,AT31_severe,27.054427,-33.140472
3016,new,3,AT31,Fish Mesic Thicket,MesicThicket,3,-1,transformed,-1,transformed,AT31_transformed,27.033076,-33.40062
3017,new,3,AT31,Fish Mesic Thicket,MesicThicket,3,-1,transformed,-1,transformed,AT31_transformed,27.063006,-33.225795
3018,new,3,AT31,Fish Mesic Thicket,MesicThicket,3,-1,transformed,-1,transformed,AT31_transformed,27.120779,-33.194647
3019,new,3,AT31,Fish Mesic Thicket,MesicThicket,3,-1,transformed,-1,transformed,AT31_transformed,27.214788,-33.406552
3020,new,3,AT31,Fish Mesic Thicket,MesicThicket,3,-1,transformed,-1,transformed,AT31_transformed,26.965144,-33.374164
3021,new,3,AT32,Fish Valley Thicket,ValleyThicket,2,-1,transformed,-1,transformed,AT32_transformed,26.627704,-32.834881
3022,new,3,AT32,Fish Valley Thicket,ValleyThicket,2,-1,transformed,-1,transformed,AT32_transformed,26.668267,-32.642444
3023,new,3,AT32,Fish Valley Thicket,ValleyThicket,2,-1,transformed,-1,transformed,AT32_transformed,26.700835,-32.728758
3024,new,3,AT32,Fish Valley Thicket,ValleyThicket,2,-1,transformed,-1,transformed,AT32_transformed,26.749018,-32.972472
3025,new,3,AT32,Fish Valley Thicket,ValleyThicket,2,-1,transformed,-1,transformed,AT32_transformed,25.764912,-32.625977
3026,new,3,AT32,Fish Valley Thicket,ValleyThicket,2,-1,transformed,-1,transformed,AT32_transformed,26.68085,-32.585911
3027,new,3,AT32,Fish Valley Thicket,ValleyThicket,2,-1,transformed,-1,transformed,AT32_transformed,25.869024,-32.67433
3028,new,3,AT32,Fish Valley Thicket,ValleyThicket,2,-1,transformed,-1,transformed,AT32_transformed,25.765615,-32.643257
3029,new,3,AT32,Fish Valley Thicket,ValleyThicket,2,-1,transformed,-1,transformed,AT32_transformed,26.723143,-32.854645
3030,new,3,AT32,Fish Valley Thicket,ValleyThicket,2,-1,transformed,-1,transformed,AT32_transformed,26.769163,-32.696415
3031,new,3,AT32,Fish Valley Thicket,ValleyThicket,2,-1,transformed,-1,transformed,AT32_transformed,26.895884,-33.162793
3032,new,3,AT32,Fish Valley Thicket,ValleyThicket,2,-1,transformed,-1,transformed,AT32_transformed,26.725646,-32.741964
3033,new,3,AT32,Fish Valley Thicket,ValleyThicket,2,-1,transformed,-1,transformed,AT32_transformed,26.71265,-32.726133
3034,new,3,AT32,Fish Valley Thicket,ValleyThicket,2,-1,transformed,-1,transformed,AT32_transformed,26.653214,-32.839771
3035,new,3,AT32,Fish Valley Thicket,ValleyThicket,2,-1,transformed,-1,transformed,AT32_transformed,26.593827,-32.993519
3036,new,3,AT32,Fish Valley Thicket,ValleyThicket,2,-1,transformed,-1,transformed,AT32_transformed,25.641032,-32.910587
3037,new,3,AT32,Fish Valley Thicket,ValleyThicket,2,-1,transformed,-1,transformed,AT32_transformed,26.71318,-32.741035
3038,new,3,AT32,Fish Valley Thicket,ValleyThicket,2,-1,transformed,-1,transformed,AT32_transformed,26.890039,-33.162276
3039,new,3,AT32,Fish Valley Thicket,ValleyThicket,2,-1,transformed,-1,transformed,AT32_transformed,26.707657,-32.552732
3040,new,3,AT32,Fish Valley Thicket,ValleyThicket,2,-1,transformed,-1,transformed,AT32_transformed,25.745879,-32.513411
3041,new,3,AT32,Fish Valley Thicket,ValleyThicket,2,-1,transformed,-1,transformed,AT32_transformed,25.783947,-32.552146
3042,new,3,AT32,Fish Valley Thicket,ValleyThicket,2,-1,transformed,-1,transformed,AT32_transformed,25.848069,-32.970871
3043,new,3,AT32,Fish Valley Thicket,ValleyThicket,2,-1,transformed,-1,transformed,AT32_transformed,25.715606,-32.59349
3044,new,3,AT32,Fish Valley Thicket,ValleyThicket,2,-1,transformed,-1,transformed,AT32_transformed,25.786785,-32.623566
3045,new,3,AT32,Fish Valley Thicket,ValleyThicket,2,-1,transformed,-1,transformed,AT32_transformed,26.991029,-33.213266
3046,new,3,AT32,Fish Valley Thicket,ValleyThicket,2,-1,transformed,-1,transformed,AT32_transformed,26.29869,-32.685381
3047,new,3,AT32,Fish Valley Thicket,ValleyThicket,2,-1,transformed,-1,transformed,AT32_transformed,26.676646,-32.589771
3048,new,3,AT32,Fish Valley Thicket,ValleyThicket,2,-1,transformed,-1,transformed,AT32_transformed,26.690982,-32.641853
3049,new,3,AT32,Fish Valley Thicket,ValleyThicket,2,-1,transformed,-1,transformed,AT32_transformed,25.761642,-32.596414
3050,new,3,AT32,Fish Valley Thicket,ValleyThicket,2,-1,transformed,-1,transformed,AT32_transformed,26.716147,-32.576674
3051,new,3,AT33,Gamka Arid Thicket,AridThicket,1,0,intact,0,intact,AT33_intact,21.752646,-33.483577
3052,new,3,AT33,Gamka Arid Thicket,AridThicket,1,0,intact,0,intact,AT33_intact,21.654446,-33.503175
3053,new,3,AT33,Gamka Arid Thicket,AridThicket,1,0,intact,0,intact,AT33_intact,21.649688,-33.499173
3054,new,3,AT33,Gamka Arid Thicket,AridThicket,1,0,intact,0,intact,AT33_intact,21.606818,-33.495669
3055,new,3,AT33,Gamka Arid Thicket,AridThicket,1,0,intact,0,intact,AT33_intact,21.56706,-33.493124
3056,new,3,AT33,Gamka Arid Thicket,AridThicket,1,1,moderate,0,intact,AT33_moderate,21.665629,-33.441024
3057,new,3,AT33,Gamka Arid Thicket,AridThicket,1,1,moderate,2,severe,AT33_moderate,21.580812,-33.473825
3058,new,3,AT33,Gamka Arid Thicket,AridThicket,1,1,moderate,1,moderate,AT33_moderate,21.657033,-33.540074
3059,new,3,AT33,Gamka Arid Thicket,AridThicket,1,1,moderate,1,moderate,AT33_moderate,21.566203,-33.48925
3060,new,3,AT33,Gamka Arid Thicket,AridThicket,1,1,moderate,1,moderate,AT33_moderate,21.67792,-33.463865
3061,new,3,AT33,Gamka Arid Thicket,AridThicket,1,1,moderate,1,moderate,AT33_moderate,21.66854,-33.465381
3062,new,3,AT33,Gamka Arid Thicket,AridThicket,1,1,moderate,2,severe,AT33_moderate,22.223173,-33.139956
3063,new,3,AT33,Gamka Arid Thicket,AridThicket,1,1,moderate,1,moderate,AT33_moderate,21.664504,-33.493713
3064,new,3,AT33,Gamka Arid Thicket,AridThicket,1,1,moderate,1,moderate,AT33_moderate,22.302296,-33.124559
3065,new,3,AT33,Gamka Arid Thicket,AridThicket,1,1,moderate,1,moderate,AT33_moderate,22.301966,-33.135465
3066,new,3,AT33,Gamka Arid Thicket,AridThicket,1,1,moderate,2,severe,AT33_moderate,22.314407,-33.125061
3067,new,3,AT33,Gamka Arid Thicket,AridThicket,1,1,moderate,2,severe,AT33_moderate,22.211867,-33.233542
3068,new,3,AT33,Gamka Arid Thicket,AridThicket,1,1,moderate,2,severe,AT33_moderate,22.416177,-33.109104
3069,new,3,AT33,Gamka Arid Thicket,AridThicket,1,1,moderate,1,moderate,AT33_moderate,21.697603,-33.489903
3070,new,3,AT33,Gamka Arid Thicket,AridThicket,1,1,moderate,1,moderate,AT33_moderate,23.094914,-33.276742
3071,new,3,AT33,Gamka Arid Thicket,AridThicket,1,1,moderate,2,severe,AT33_moderate,22.537359,-33.356409
3072,new,3,AT33,Gamka Arid Thicket,AridThicket,1,1,moderate,1,moderate,AT33_moderate,21.765239,-33.477848
3073,new,3,AT33,Gamka Arid Thicket,AridThicket,1,1,moderate,1,moderate,AT33_moderate,21.574411,-33.269412
3074,new,3,AT33,Gamka Arid Thicket,AridThicket,1,1,moderate,2,severe,AT33_moderate,22.401313,-33.109425
3075,new,3,AT33,Gamka Arid Thicket,AridThicket,1,1,moderate,1,moderate,AT33_moderate,21.558405,-33.477153
3076,new,3,AT33,Gamka Arid Thicket,AridThicket,1,1,moderate,1,moderate,AT33_moderate,22.177821,-33.230871
3077,new,3,AT33,Gamka Arid Thicket,AridThicket,1,1,moderate,2,severe,AT33_moderate,22.208404,-33.123764
3078,new,3,AT33,Gamka Arid Thicket,AridThicket,1,1,moderate,2,severe,AT33_moderate,21.643415,-33.447691
3079,new,3,AT33,Gamka Arid Thicket,AridThicket,1,1,moderate,2,severe,AT33_moderate,23.092063,-33.275834
3080,new,3,AT33,Gamka Arid Thicket,AridThicket,1,1,moderate,2,severe,AT33_moderate,21.713356,-33.476281
3081,new,3,AT33,Gamka Arid Thicket,AridThicket,1,2,severe,2,severe,AT33_severe,22.299809,-33.153113
3082,new,3,AT33,Gamka Arid Thicket,AridThicket,1,2,severe,2,severe,AT33_severe,22.640849,-33.285466
3083,new,3,AT33,Gamka Arid Thicket,AridThicket,1,2,severe,2,severe,AT33_severe,22.024177,-33.243394
3084,new,3,AT33,Gamka Arid Thicket,AridThicket,1,2,severe,2,severe,AT33_severe,22.42843,-33.24833
3085,new,3,AT33,Gamka Arid Thicket,AridThicket,1,2,severe,2,severe,AT33_severe,22.304825,-33.14002
3086,new,3,AT33,Gamka Arid Thicket,AridThicket,1,2,severe,2,severe,AT33_severe,21.528544,-33.280644
3087,new,3,AT33,Gamka Arid Thicket,AridThicket,1,2,severe,2,severe,AT33_severe,22.653361,-33.288787
3088,new,3,AT33,Gamka Arid Thicket,AridThicket,1,2,severe,2,severe,AT33_severe,23.250575,-33.254147
3089,new,3,AT33,Gamka Arid Thicket,AridThicket,1,2,severe,2,severe,AT33_severe,22.336795,-33.118314
3090,new,3,AT33,Gamka Arid Thicket,AridThicket,1,2,severe,2,severe,AT33_severe,22.271049,-33.1437
3091,new,3,AT33,Gamka Arid Thicket,AridThicket,1,2,severe,1,moderate,AT33_severe,22.556832,-33.278456
3092,new,3,AT33,Gamka Arid Thicket,AridThicket,1,2,severe,2,severe,AT33_severe,22.939876,-33.27958
3093,new,3,AT33,Gamka Arid Thicket,AridThicket,1,2,severe,2,severe,AT33_severe,23.318292,-33.246979
3094,new,3,AT33,Gamka Arid Thicket,AridThicket,1,2,severe,2,severe,AT33_severe,22.257008,-33.12712
3095,new,3,AT33,Gamka Arid Thicket,AridThicket,1,2,severe,2,severe,AT33_severe,22.360095,-33.142058
3096,new,3,AT33,Gamka Arid Thicket,AridThicket,1,2,severe,2,severe,AT33_severe,21.846603,-33.253181
3097,new,3,AT33,Gamka Arid Thicket,AridThicket,1,2,severe,2,severe,AT33_severe,23.300941,-33.24862
3098,new,3,AT33,Gamka Arid Thicket,AridThicket,1,2,severe,2,severe,AT33_severe,23.010216,-33.275469
3099,new,3,AT33,Gamka Arid Thicket,AridThicket,1,2,severe,2,severe,AT33_severe,21.746118,-33.259511
3100,new,3,AT33,Gamka Arid Thicket,AridThicket,1,2,severe,2,severe,AT33_severe,23.102041,-33.268689
3101,new,3,AT33,Gamka Arid Thicket,AridThicket,1,2,severe,2,severe,AT33_severe,21.864911,-33.251062
3102,new,3,AT33,Gamka Arid Thicket,AridThicket,1,2,severe,2,severe,AT33_severe,22.124314,-33.220118
3103,new,3,AT33,Gamka Arid Thicket,AridThicket,1,2,severe,2,severe,AT33_severe,22.217931,-33.151957
3104,new,3,AT33,Gamka Arid Thicket,AridThicket,1,2,severe,2,severe,AT33_severe,22.352756,-33.14231
3105,new,3,AT33,Gamka Arid Thicket,AridThicket,1,2,severe,2,severe,AT33_severe,22.747674,-33.301478
3106,new,3,AT33,Gamka Arid Thicket,AridThicket,1,2,severe,2,severe,AT33_severe,22.039152,-33.245077
3107,new,3,AT33,Gamka Arid Thicket,AridThicket,1,2,severe,2,severe,AT33_severe,23.082996,-33.285247
3108,new,3,AT33,Gamka Arid Thicket,AridThicket,1,2,severe,2,severe,AT33_severe,23.16924,-33.261002
3109,new,3,AT33,Gamka Arid Thicket,AridThicket,1,2,severe,2,severe,AT33_severe,21.935215,-33.248833
3110,new,3,AT33,Gamka Arid Thicket,AridThicket,1,2,severe,2,severe,AT33_severe,22.288338,-33.158062
3111,new,3,AT33,Gamka Arid Thicket,AridThicket,1,2,severe,2,severe,AT33_severe,22.416246,-33.133294
3112,new,3,AT33,Gamka Arid Thicket,AridThicket,1,2,severe,2,severe,AT33_severe,22.303429,-33.131826
3113,new,3,AT33,Gamka Arid Thicket,AridThicket,1,2,severe,2,severe,AT33_severe,22.564199,-33.279817
3114,new,3,AT33,Gamka Arid Thicket,AridThicket,1,2,severe,2,severe,AT33_severe,22.494606,-33.246959
3115,new,3,AT33,Gamka Arid Thicket,AridThicket,1,2,severe,2,severe,AT33_severe,22.095831,-33.218933
3116,new,3,AT33,Gamka Arid Thicket,AridThicket,1,2,severe,2,severe,AT33_severe,21.539859,-33.283234
3117,new,3,AT33,Gamka Arid Thicket,AridThicket,1,2,severe,2,severe,AT33_severe,21.595608,-33.438084
3118,new,3,AT33,Gamka Arid Thicket,AridThicket,1,2,severe,1,moderate,AT33_severe,22.186965,-33.216077
3119,new,3,AT33,Gamka Arid Thicket,AridThicket,1,2,severe,2,severe,AT33_severe,22.438897,-33.241451
3120,new,3,AT33,Gamka Arid Thicket,AridThicket,1,2,severe,2,severe,AT33_severe,22.283876,-33.125494
3121,new,3,AT33,Gamka Arid Thicket,AridThicket,1,2,severe,2,severe,AT33_severe,22.168608,-33.216699
3122,new,3,AT33,Gamka Arid Thicket,AridThicket,1,2,severe,2,severe,AT33_severe,22.316869,-33.131025
3123,new,3,AT33,Gamka Arid Thicket,AridThicket,1,2,severe,2,severe,AT33_severe,22.148892,-33.214763
3124,new,3,AT33,Gamka Arid Thicket,AridThicket,1,2,severe,2,severe,AT33_severe,22.09123,-33.252283
3125,new,3,AT33,Gamka Arid Thicket,AridThicket,1,2,severe,2,severe,AT33_severe,23.036555,-33.267689
3126,new,3,AT33,Gamka Arid Thicket,AridThicket,1,2,severe,2,severe,AT33_severe,22.880509,-33.295904
3127,new,3,AT33,Gamka Arid Thicket,AridThicket,1,2,severe,2,severe,AT33_severe,22.211104,-33.215905
3128,new,3,AT33,Gamka Arid Thicket,AridThicket,1,2,severe,2,severe,AT33_severe,22.468398,-33.143757
3129,new,3,AT33,Gamka Arid Thicket,AridThicket,1,2,severe,2,severe,AT33_severe,22.167027,-33.234186
3130,new,3,AT33,Gamka Arid Thicket,AridThicket,1,2,severe,2,severe,AT33_severe,22.246607,-33.139299
3131,new,3,AT33,Gamka Arid Thicket,AridThicket,1,2,severe,2,severe,AT33_severe,22.103718,-33.23843
3132,new,3,AT33,Gamka Arid Thicket,AridThicket,1,2,severe,2,severe,AT33_severe,22.485095,-33.249291
3133,new,3,AT33,Gamka Arid Thicket,AridThicket,1,2,severe,2,severe,AT33_severe,22.510545,-33.246057
3134,new,3,AT33,Gamka Arid Thicket,AridThicket,1,2,severe,2,severe,AT33_severe,22.652512,-33.360336
3135,new,3,AT33,Gamka Arid Thicket,AridThicket,1,2,severe,2,severe,AT33_severe,22.205291,-33.160094
3136,new,3,AT33,Gamka Arid Thicket,AridThicket,1,2,severe,2,severe,AT33_severe,22.892468,-33.298281
3137,new,3,AT33,Gamka Arid Thicket,AridThicket,1,2,severe,2,severe,AT33_severe,21.630527,-33.269907
3138,new,3,AT33,Gamka Arid Thicket,AridThicket,1,2,severe,2,severe,AT33_severe,21.830442,-33.255998
3139,new,3,AT33,Gamka Arid Thicket,AridThicket,1,2,severe,2,severe,AT33_severe,21.597464,-33.519602
3140,new,3,AT33,Gamka Arid Thicket,AridThicket,1,2,severe,2,severe,AT33_severe,22.463895,-33.240736
3141,new,3,AT33,Gamka Arid Thicket,AridThicket,1,2,severe,1,moderate,AT33_severe,22.799736,-33.374407
3142,new,3,AT33,Gamka Arid Thicket,AridThicket,1,2,severe,2,severe,AT33_severe,23.280194,-33.249174
3143,new,3,AT33,Gamka Arid Thicket,AridThicket,1,2,severe,2,severe,AT33_severe,22.458236,-33.239322
3144,new,3,AT33,Gamka Arid Thicket,AridThicket,1,2,severe,2,severe,AT33_severe,21.742797,-33.455096
3145,new,3,AT33,Gamka Arid Thicket,AridThicket,1,-1,transformed,-1,transformed,AT33_transformed,21.663624,-33.445508
3146,new,3,AT33,Gamka Arid Thicket,AridThicket,1,-1,transformed,-1,transformed,AT33_transformed,21.671154,-33.442411
3147,new,3,AT33,Gamka Arid Thicket,AridThicket,1,-1,transformed,-1,transformed,AT33_transformed,21.586769,-33.499536
3148,new,3,AT33,Gamka Arid Thicket,AridThicket,1,-1,transformed,-1,transformed,AT33_transformed,21.763873,-33.451258
3149,new,3,AT33,Gamka Arid Thicket,AridThicket,1,-1,transformed,-1,transformed,AT33_transformed,21.629033,-33.46674
3150,new,3,AT34,Gamka Valley Thicket,ValleyThicket,2,0,intact,0,intact,AT34_intact,22.036562,-33.506735
3151,new,3,AT34,Gamka Valley Thicket,ValleyThicket,2,0,intact,0,intact,AT34_intact,22.047629,-33.510728
3152,new,3,AT34,Gamka Valley Thicket,ValleyThicket,2,1,moderate,1,moderate,AT34_moderate,22.033119,-33.492417
3153,new,3,AT34,Gamka Valley Thicket,ValleyThicket,2,1,moderate,1,moderate,AT34_moderate,22.191237,-33.530565
3154,new,3,AT34,Gamka Valley Thicket,ValleyThicket,2,1,moderate,1,moderate,AT34_moderate,22.298371,-33.49195
3155,new,3,AT34,Gamka Valley Thicket,ValleyThicket,2,1,moderate,1,moderate,AT34_moderate,22.088695,-33.519791
3156,new,3,AT34,Gamka Valley Thicket,ValleyThicket,2,1,moderate,1,moderate,AT34_moderate,22.278158,-33.478816
3157,new,3,AT34,Gamka Valley Thicket,ValleyThicket,2,1,moderate,1,moderate,AT34_moderate,22.268474,-33.502871
3158,new,3,AT34,Gamka Valley Thicket,ValleyThicket,2,1,moderate,1,moderate,AT34_moderate,22.278268,-33.499068
3159,new,3,AT34,Gamka Valley Thicket,ValleyThicket,2,1,moderate,0,intact,AT34_moderate,22.262142,-33.519759
3160,new,3,AT34,Gamka Valley Thicket,ValleyThicket,2,1,moderate,1,moderate,AT34_moderate,22.177435,-33.508817
3161,new,3,AT34,Gamka Valley Thicket,ValleyThicket,2,1,moderate,1,moderate,AT34_moderate,22.072279,-33.529329
3162,new,3,AT34,Gamka Valley Thicket,ValleyThicket,2,1,moderate,1,moderate,AT34_moderate,22.134917,-33.523685
3163,new,3,AT34,Gamka Valley Thicket,ValleyThicket,2,1,moderate,1,moderate,AT34_moderate,22.142243,-33.523031
3164,new,3,AT34,Gamka Valley Thicket,ValleyThicket,2,1,moderate,2,severe,AT34_moderate,22.062943,-33.527177
3165,new,3,AT34,Gamka Valley Thicket,ValleyThicket,2,1,moderate,1,moderate,AT34_moderate,22.062529,-33.506518
3166,new,3,AT34,Gamka Valley Thicket,ValleyThicket,2,1,moderate,1,moderate,AT34_moderate,22.272384,-33.493344
3167,new,3,AT34,Gamka Valley Thicket,ValleyThicket,2,1,moderate,1,moderate,AT34_moderate,22.060489,-33.535484
3168,new,3,AT34,Gamka Valley Thicket,ValleyThicket,2,1,moderate,1,moderate,AT34_moderate,22.302966,-33.50112
3169,new,3,AT34,Gamka Valley Thicket,ValleyThicket,2,1,moderate,1,moderate,AT34_moderate,22.133992,-33.518568
3170,new,3,AT34,Gamka Valley Thicket,ValleyThicket,2,1,moderate,1,moderate,AT34_moderate,22.291403,-33.516462
3171,new,3,AT34,Gamka Valley Thicket,ValleyThicket,2,1,moderate,1,moderate,AT34_moderate,22.059848,-33.525059
3172,new,3,AT34,Gamka Valley Thicket,ValleyThicket,2,1,moderate,1,moderate,AT34_moderate,22.253746,-33.492567
3173,new,3,AT34,Gamka Valley Thicket,ValleyThicket,2,1,moderate,1,moderate,AT34_moderate,22.07871,-33.54331
3174,new,3,AT34,Gamka Valley Thicket,ValleyThicket,2,1,moderate,1,moderate,AT34_moderate,22.257689,-33.485562
3175,new,3,AT34,Gamka Valley Thicket,ValleyThicket,2,1,moderate,1,moderate,AT34_moderate,22.275082,-33.499052
3176,new,3,AT34,Gamka Valley Thicket,ValleyThicket,2,1,moderate,1,moderate,AT34_moderate,22.298275,-33.516838
3177,new,3,AT34,Gamka Valley Thicket,ValleyThicket,2,1,moderate,1,moderate,AT34_moderate,22.273685,-33.520765
3178,new,3,AT34,Gamka Valley Thicket,ValleyThicket,2,1,moderate,2,severe,AT34_moderate,22.109113,-33.520301
3179,new,3,AT34,Gamka Valley Thicket,ValleyThicket,2,1,moderate,1,moderate,AT34_moderate,22.160577,-33.551424
3180,new,3,AT34,Gamka Valley Thicket,ValleyThicket,2,2,severe,2,severe,AT34_severe,22.131419,-33.533943
3181,new,3,AT34,Gamka Valley Thicket,ValleyThicket,2,2,severe,1,moderate,AT34_severe,22.154792,-33.528828
3182,new,3,AT34,Gamka Valley Thicket,ValleyThicket,2,2,severe,2,severe,AT34_severe,22.298116,-33.528365
3183,new,3,AT34,Gamka Valley Thicket,ValleyThicket,2,2,severe,-1,transformed,AT34_severe,22.236556,-33.509327
3184,new,3,AT34,Gamka Valley Thicket,ValleyThicket,2,2,severe,2,severe,AT34_severe,22.298346,-33.527982
3185,new,3,AT34,Gamka Valley Thicket,ValleyThicket,2,2,severe,2,severe,AT34_severe,22.426445,-33.535683
3186,new,3,AT34,Gamka Valley Thicket,ValleyThicket,2,2,severe,2,severe,AT34_severe,22.081162,-33.521432
3187,new,3,AT34,Gamka Valley Thicket,ValleyThicket,2,2,severe,2,severe,AT34_severe,22.084366,-33.537062
3188,new,3,AT34,Gamka Valley Thicket,ValleyThicket,2,2,severe,2,severe,AT34_severe,22.316895,-33.537169
3189,new,3,AT34,Gamka Valley Thicket,ValleyThicket,2,2,severe,2,severe,AT34_severe,22.434156,-33.543885
3190,new,3,AT34,Gamka Valley Thicket,ValleyThicket,2,2,severe,2,severe,AT34_severe,22.121067,-33.51416
3191,new,3,AT34,Gamka Valley Thicket,ValleyThicket,2,2,severe,2,severe,AT34_severe,22.146755,-33.545709
3192,new,3,AT34,Gamka Valley Thicket,ValleyThicket,2,2,severe,2,severe,AT34_severe,22.379517,-33.549638
3193,new,3,AT34,Gamka Valley Thicket,ValleyThicket,2,2,severe,2,severe,AT34_severe,22.32748,-33.551946
3194,new,3,AT34,Gamka Valley Thicket,ValleyThicket,2,2,severe,-1,transformed,AT34_severe,22.248191,-33.513085
3195,new,3,AT34,Gamka Valley Thicket,ValleyThicket,2,2,severe,2,severe,AT34_severe,22.169513,-33.580743
3196,new,3,AT34,Gamka Valley Thicket,ValleyThicket,2,2,severe,2,severe,AT34_severe,22.065914,-33.539082
3197,new,3,AT34,Gamka Valley Thicket,ValleyThicket,2,2,severe,2,severe,AT34_severe,22.158738,-33.551718
3198,new,3,AT34,Gamka Valley Thicket,ValleyThicket,2,2,severe,2,severe,AT34_severe,22.336722,-33.551575
3199,new,3,AT34,Gamka Valley Thicket,ValleyThicket,2,2,severe,2,severe,AT34_severe,22.103833,-33.55248
3200,new,3,AT34,Gamka Valley Thicket,ValleyThicket,2,2,severe,2,severe,AT34_severe,22.158853,-33.554766
3201,new,3,AT34,Gamka Valley Thicket,ValleyThicket,2,2,severe,2,severe,AT34_severe,22.322603,-33.543188
3202,new,3,AT34,Gamka Valley Thicket,ValleyThicket,2,2,severe,2,severe,AT34_severe,22.169941,-33.550132
3203,new,3,AT34,Gamka Valley Thicket,ValleyThicket,2,2,severe,2,severe,AT34_severe,22.128487,-33.530048
3204,new,3,AT34,Gamka Valley Thicket,ValleyThicket,2,2,severe,2,severe,AT34_severe,22.143468,-33.544661
3205,new,3,AT34,Gamka Valley Thicket,ValleyThicket,2,2,severe,1,moderate,AT34_severe,22.326595,-33.524112
3206,new,3,AT34,Gamka Valley Thicket,ValleyThicket,2,2,severe,2,severe,AT34_severe,22.282115,-33.529796
3207,new,3,AT34,Gamka Valley Thicket,ValleyThicket,2,2,severe,2,severe,AT34_severe,22.234758,-33.504033
3208,new,3,AT34,Gamka Valley Thicket,ValleyThicket,2,2,severe,2,severe,AT34_severe,22.045317,-33.537124
3209,new,3,AT34,Gamka Valley Thicket,ValleyThicket,2,2,severe,2,severe,AT34_severe,22.095988,-33.548435
3210,new,3,AT34,Gamka Valley Thicket,ValleyThicket,2,2,severe,2,severe,AT34_severe,22.432699,-33.534243
3211,new,3,AT34,Gamka Valley Thicket,ValleyThicket,2,2,severe,2,severe,AT34_severe,22.379197,-33.553239
3212,new,3,AT34,Gamka Valley Thicket,ValleyThicket,2,2,severe,2,severe,AT34_severe,22.197139,-33.527157
3213,new,3,AT34,Gamka Valley Thicket,ValleyThicket,2,2,severe,2,severe,AT34_severe,22.373237,-33.546944
3214,new,3,AT34,Gamka Valley Thicket,ValleyThicket,2,2,severe,2,severe,AT34_severe,22.100503,-33.544676
3215,new,3,AT34,Gamka Valley Thicket,ValleyThicket,2,2,severe,2,severe,AT34_severe,22.101481,-33.550346
3216,new,3,AT34,Gamka Valley Thicket,ValleyThicket,2,2,severe,2,severe,AT34_severe,22.298026,-33.535735
3217,new,3,AT34,Gamka Valley Thicket,ValleyThicket,2,2,severe,2,severe,AT34_severe,22.185871,-33.531683
3218,new,3,AT34,Gamka Valley Thicket,ValleyThicket,2,2,severe,2,severe,AT34_severe,22.177466,-33.532434
3219,new,3,AT34,Gamka Valley Thicket,ValleyThicket,2,2,severe,2,severe,AT34_severe,22.193584,-33.524815
3220,new,3,AT34,Gamka Valley Thicket,ValleyThicket,2,2,severe,2,severe,AT34_severe,22.122827,-33.552547
3221,new,3,AT34,Gamka Valley Thicket,ValleyThicket,2,2,severe,2,severe,AT34_severe,22.166034,-33.559764
3222,new,3,AT34,Gamka Valley Thicket,ValleyThicket,2,2,severe,2,severe,AT34_severe,22.312204,-33.516693
3223,new,3,AT34,Gamka Valley Thicket,ValleyThicket,2,2,severe,2,severe,AT34_severe,22.468477,-33.515764
3224,new,3,AT34,Gamka Valley Thicket,ValleyThicket,2,2,severe,2,severe,AT34_severe,22.182006,-33.563661
3225,new,3,AT34,Gamka Valley Thicket,ValleyThicket,2,2,severe,2,severe,AT34_severe,22.215096,-33.52564
3226,new,3,AT34,Gamka Valley Thicket,ValleyThicket,2,2,severe,2,severe,AT34_severe,22.285993,-33.523568
3227,new,3,AT34,Gamka Valley Thicket,ValleyThicket,2,2,severe,2,severe,AT34_severe,22.153435,-33.568108
3228,new,3,AT34,Gamka Valley Thicket,ValleyThicket,2,2,severe,2,severe,AT34_severe,22.211954,-33.50741
3229,new,3,AT34,Gamka Valley Thicket,ValleyThicket,2,2,severe,2,severe,AT34_severe,22.12647,-33.541926
3230,new,3,AT34,Gamka Valley Thicket,ValleyThicket,2,2,severe,2,severe,AT34_severe,22.418178,-33.516793
3231,new,3,AT34,Gamka Valley Thicket,ValleyThicket,2,2,severe,2,severe,AT34_severe,22.283877,-33.525149
3232,new,3,AT34,Gamka Valley Thicket,ValleyThicket,2,2,severe,2,severe,AT34_severe,22.177743,-33.563156
3233,new,3,AT34,Gamka Valley Thicket,ValleyThicket,2,2,severe,2,severe,AT34_severe,22.268287,-33.494713
3234,new,3,AT34,Gamka Valley Thicket,ValleyThicket,2,2,severe,2,severe,AT34_severe,22.291557,-33.532197
3235,new,3,AT34,Gamka Valley Thicket,ValleyThicket,2,2,severe,1,moderate,AT34_severe,22.277281,-33.496057
3236,new,3,AT34,Gamka Valley Thicket,ValleyThicket,2,2,severe,2,severe,AT34_severe,22.452685,-33.514199
3237,new,3,AT34,Gamka Valley Thicket,ValleyThicket,2,2,severe,1,moderate,AT34_severe,22.152233,-33.555303
3238,new,3,AT34,Gamka Valley Thicket,ValleyThicket,2,2,severe,2,severe,AT34_severe,22.196409,-33.530208
3239,new,3,AT34,Gamka Valley Thicket,ValleyThicket,2,2,severe,2,severe,AT34_severe,22.148652,-33.534333
3240,new,3,AT34,Gamka Valley Thicket,ValleyThicket,2,2,severe,2,severe,AT34_severe,22.305613,-33.525285
3241,new,3,AT34,Gamka Valley Thicket,ValleyThicket,2,2,severe,2,severe,AT34_severe,22.10027,-33.530613
3242,new,3,AT34,Gamka Valley Thicket,ValleyThicket,2,2,severe,1,moderate,AT34_severe,22.166134,-33.521626
3243,new,3,AT34,Gamka Valley Thicket,ValleyThicket,2,2,severe,2,severe,AT34_severe,22.173885,-33.566786
3244,new,3,AT34,Gamka Valley Thicket,ValleyThicket,2,2,severe,2,severe,AT34_severe,22.15131,-33.536939
3245,new,3,AT34,Gamka Valley Thicket,ValleyThicket,2,2,severe,2,severe,AT34_severe,22.112137,-33.544137
3246,new,3,AT34,Gamka Valley Thicket,ValleyThicket,2,2,severe,2,severe,AT34_severe,22.169567,-33.592547
3247,new,3,AT34,Gamka Valley Thicket,ValleyThicket,2,2,severe,2,severe,AT34_severe,22.317187,-33.550845
3248,new,3,AT34,Gamka Valley Thicket,ValleyThicket,2,2,severe,2,severe,AT34_severe,22.33794,-33.542531
3249,new,3,AT34,Gamka Valley Thicket,ValleyThicket,2,2,severe,2,severe,AT34_severe,22.105164,-33.534714
3250,new,3,AT34,Gamka Valley Thicket,ValleyThicket,2,2,severe,2,severe,AT34_severe,22.203694,-33.518493
3251,new,3,AT34,Gamka Valley Thicket,ValleyThicket,2,2,severe,1,moderate,AT34_severe,22.274775,-33.519454
3252,new,3,AT34,Gamka Valley Thicket,ValleyThicket,2,2,severe,2,severe,AT34_severe,22.207893,-33.524135
3253,new,3,AT34,Gamka Valley Thicket,ValleyThicket,2,2,severe,2,severe,AT34_severe,22.107044,-33.551874
3254,new,3,AT34,Gamka Valley Thicket,ValleyThicket,2,2,severe,2,severe,AT34_severe,22.298192,-33.489132
3255,new,3,AT34,Gamka Valley Thicket,ValleyThicket,2,2,severe,2,severe,AT34_severe,22.098476,-33.547517
3256,new,3,AT34,Gamka Valley Thicket,ValleyThicket,2,2,severe,2,severe,AT34_severe,22.162714,-33.565064
3257,new,3,AT34,Gamka Valley Thicket,ValleyThicket,2,2,severe,1,moderate,AT34_severe,22.061137,-33.530382
3258,new,3,AT34,Gamka Valley Thicket,ValleyThicket,2,2,severe,2,severe,AT34_severe,22.152707,-33.552747
3259,new,3,AT34,Gamka Valley Thicket,ValleyThicket,2,2,severe,2,severe,AT34_severe,22.326849,-33.549482
3260,new,3,AT34,Gamka Valley Thicket,ValleyThicket,2,-1,transformed,-1,transformed,AT34_transformed,22.257246,-33.530273
3261,new,3,AT34,Gamka Valley Thicket,ValleyThicket,2,-1,transformed,-1,transformed,AT34_transformed,22.17642,-33.58539
3262,new,3,AT34,Gamka Valley Thicket,ValleyThicket,2,-1,transformed,-1,transformed,AT34_transformed,22.390107,-33.550744
3263,new,3,AT34,Gamka Valley Thicket,ValleyThicket,2,-1,transformed,-1,transformed,AT34_transformed,22.405491,-33.542788
3264,new,3,AT34,Gamka Valley Thicket,ValleyThicket,2,-1,transformed,-1,transformed,AT34_transformed,22.242125,-33.490784
3265,new,3,AT37,Gouritz Valley Thicket,ValleyThicket,2,0,intact,0,intact,AT37_intact,21.625262,-33.993476
3266,new,3,AT37,Gouritz Valley Thicket,ValleyThicket,2,0,intact,0,intact,AT37_intact,21.386413,-34.32531
3267,new,3,AT37,Gouritz Valley Thicket,ValleyThicket,2,1,moderate,1,moderate,AT37_moderate,21.659092,-33.954028
3268,new,3,AT37,Gouritz Valley Thicket,ValleyThicket,2,1,moderate,2,severe,AT37_moderate,21.691946,-34.137094
3269,new,3,AT37,Gouritz Valley Thicket,ValleyThicket,2,1,moderate,-1,transformed,AT37_moderate,21.750707,-34.017482
3270,new,3,AT37,Gouritz Valley Thicket,ValleyThicket,2,1,moderate,2,severe,AT37_moderate,21.696307,-34.141217
3271,new,3,AT37,Gouritz Valley Thicket,ValleyThicket,2,1,moderate,2,severe,AT37_moderate,21.713454,-34.023152
3272,new,3,AT37,Gouritz Valley Thicket,ValleyThicket,2,1,moderate,2,severe,AT37_moderate,21.699298,-34.116038
3273,new,3,AT37,Gouritz Valley Thicket,ValleyThicket,2,1,moderate,2,severe,AT37_moderate,21.61769,-34.129571
3274,new,3,AT37,Gouritz Valley Thicket,ValleyThicket,2,1,moderate,2,severe,AT37_moderate,21.62734,-34.140359
3275,new,3,AT37,Gouritz Valley Thicket,ValleyThicket,2,1,moderate,2,severe,AT37_moderate,21.745811,-34.105532
3276,new,3,AT37,Gouritz Valley Thicket,ValleyThicket,2,1,moderate,1,moderate,AT37_moderate,21.722938,-34.05828
3277,new,3,AT37,Gouritz Valley Thicket,ValleyThicket,2,1,moderate,1,moderate,AT37_moderate,21.666364,-34.015009
3278,new,3,AT37,Gouritz Valley Thicket,ValleyThicket,2,1,moderate,1,moderate,AT37_moderate,21.804166,-34.242504
3279,new,3,AT37,Gouritz Valley Thicket,ValleyThicket,2,1,moderate,2,severe,AT37_moderate,21.753593,-34.187737
3280,new,3,AT37,Gouritz Valley Thicket,ValleyThicket,2,1,moderate,-1,transformed,AT37_moderate,21.715778,-34.142454
3281,new,3,AT37,Gouritz Valley Thicket,ValleyThicket,2,1,moderate,1,moderate,AT37_moderate,21.749653,-34.053954
3282,new,3,AT37,Gouritz Valley Thicket,ValleyThicket,2,1,moderate,1,moderate,AT37_moderate,21.74591,-34.105151
3283,new,3,AT37,Gouritz Valley Thicket,ValleyThicket,2,2,severe,2,severe,AT37_severe,21.633908,-34.14081
3284,new,3,AT37,Gouritz Valley Thicket,ValleyThicket,2,2,severe,2,severe,AT37_severe,21.714903,-34.170006
3285,new,3,AT37,Gouritz Valley Thicket,ValleyThicket,2,2,severe,2,severe,AT37_severe,21.63431,-34.00659
3286,new,3,AT37,Gouritz Valley Thicket,ValleyThicket,2,2,severe,-1,transformed,AT37_severe,21.837512,-34.159944
3287,new,3,AT37,Gouritz Valley Thicket,ValleyThicket,2,2,severe,0,intact,AT37_severe,21.339587,-34.305069
3288,new,3,AT37,Gouritz Valley Thicket,ValleyThicket,2,2,severe,-1,transformed,AT37_severe,21.845514,-34.235406
3289,new,3,AT37,Gouritz Valley Thicket,ValleyThicket,2,2,severe,2,severe,AT37_severe,21.699213,-34.163821
3290,new,3,AT37,Gouritz Valley Thicket,ValleyThicket,2,2,severe,2,severe,AT37_severe,21.72529,-34.136486
3291,new,3,AT37,Gouritz Valley Thicket,ValleyThicket,2,2,severe,2,severe,AT37_severe,21.725335,-34.096887
3292,new,3,AT37,Gouritz Valley Thicket,ValleyThicket,2,2,severe,-1,transformed,AT37_severe,21.645524,-34.114639
3293,new,3,AT37,Gouritz Valley Thicket,ValleyThicket,2,2,severe,1,moderate,AT37_severe,21.777097,-34.1786
3294,new,3,AT37,Gouritz Valley Thicket,ValleyThicket,2,2,severe,-1,transformed,AT37_severe,21.765486,-34.006038
3295,new,3,AT37,Gouritz Valley Thicket,ValleyThicket,2,2,severe,2,severe,AT37_severe,21.682506,-34.054702
3296,new,3,AT37,Gouritz Valley Thicket,ValleyThicket,2,2,severe,2,severe,AT37_severe,21.787762,-34.170932
3297,new,3,AT37,Gouritz Valley Thicket,ValleyThicket,2,2,severe,2,severe,AT37_severe,21.716004,-34.079443
3298,new,3,AT37,Gouritz Valley Thicket,ValleyThicket,2,2,severe,2,severe,AT37_severe,21.746487,-34.156881
3299,new,3,AT37,Gouritz Valley Thicket,ValleyThicket,2,2,severe,-1,transformed,AT37_severe,21.372762,-34.320675
3300,new,3,AT37,Gouritz Valley Thicket,ValleyThicket,2,2,severe,2,severe,AT37_severe,21.815323,-34.23657
3301,new,3,AT37,Gouritz Valley Thicket,ValleyThicket,2,2,severe,0,intact,AT37_severe,21.707461,-33.984371
3302,new,3,AT37,Gouritz Valley Thicket,ValleyThicket,2,2,severe,2,severe,AT37_severe,21.772335,-34.007638
3303,new,3,AT37,Gouritz Valley Thicket,ValleyThicket,2,2,severe,-1,transformed,AT37_severe,21.583236,-34.146338
3304,new,3,AT37,Gouritz Valley Thicket,ValleyThicket,2,2,severe,1,moderate,AT37_severe,21.746384,-34.165317
3305,new,3,AT37,Gouritz Valley Thicket,ValleyThicket,2,2,severe,-1,transformed,AT37_severe,21.818738,-34.162094
3306,new,3,AT37,Gouritz Valley Thicket,ValleyThicket,2,-1,transformed,-1,transformed,AT37_transformed,21.845648,-34.237352
3307,new,3,AT37,Gouritz Valley Thicket,ValleyThicket,2,-1,transformed,-1,transformed,AT37_transformed,21.556579,-34.123875
3308,new,3,AT37,Gouritz Valley Thicket,ValleyThicket,2,-1,transformed,-1,transformed,AT37_transformed,21.82963,-34.240392
3309,new,3,AT37,Gouritz Valley Thicket,ValleyThicket,2,-1,transformed,-1,transformed,AT37_transformed,21.85533,-34.240137
3310,new,3,AT37,Gouritz Valley Thicket,ValleyThicket,2,-1,transformed,-1,transformed,AT37_transformed,21.854079,-34.238537
3311,new,3,AT37,Gouritz Valley Thicket,ValleyThicket,2,-1,transformed,-1,transformed,AT37_transformed,21.860656,-34.281526
3312,new,3,AT37,Gouritz Valley Thicket,ValleyThicket,2,-1,transformed,-1,transformed,AT37_transformed,21.654535,-34.014881
3313,new,3,AT37,Gouritz Valley Thicket,ValleyThicket,2,-1,transformed,-1,transformed,AT37_transformed,21.844424,-34.270772
3314,new,3,AT37,Gouritz Valley Thicket,ValleyThicket,2,-1,transformed,-1,transformed,AT37_transformed,21.831492,-34.240751
3315,new,3,AT37,Gouritz Valley Thicket,ValleyThicket,2,-1,transformed,-1,transformed,AT37_transformed,21.722643,-34.041364
3316,new,3,AT37,Gouritz Valley Thicket,ValleyThicket,2,-1,transformed,-1,transformed,AT37_transformed,21.754819,-34.052139
3317,new,3,AT37,Gouritz Valley Thicket,ValleyThicket,2,-1,transformed,-1,transformed,AT37_transformed,21.723093,-34.119243
3318,new,3,AT37,Gouritz Valley Thicket,ValleyThicket,2,-1,transformed,-1,transformed,AT37_transformed,21.720706,-34.116027
3319,new,3,AT37,Gouritz Valley Thicket,ValleyThicket,2,-1,transformed,-1,transformed,AT37_transformed,21.856144,-34.30599
3320,new,3,AT37,Gouritz Valley Thicket,ValleyThicket,2,-1,transformed,-1,transformed,AT37_transformed,21.647099,-34.164926
3321,new,3,AT37,Gouritz Valley Thicket,ValleyThicket,2,-1,transformed,-1,transformed,AT37_transformed,21.850004,-34.238354
3322,new,3,AT37,Gouritz Valley Thicket,ValleyThicket,2,-1,transformed,-1,transformed,AT37_transformed,21.824374,-34.170267
3323,new,3,AT49,Sundays Arid Thicket,AridThicket,1,-1,transformed,-1,transformed,AT49_transformed,25.14981,-32.991301
3324,new,3,AT49,Sundays Arid Thicket,AridThicket,1,-1,transformed,-1,transformed,AT49_transformed,23.965712,-33.548398
3325,new,3,AT49,Sundays Arid Thicket,AridThicket,1,-1,transformed,-1,transformed,AT49_transformed,24.462391,-33.116325
3326,new,3,AT49,Sundays Arid Thicket,AridThicket,1,-1,transformed,-1,transformed,AT49_transformed,24.796979,-33.148438
3327,new,3,AT49,Sundays Arid Thicket,AridThicket,1,-1,transformed,-1,transformed,AT49_transformed,24.682162,-32.937314
3328,new,3,AT49,Sundays Arid Thicket,AridThicket,1,-1,transformed,-1,transformed,AT49_transformed,24.670869,-32.86114
3329,new,3,AT49,Sundays Arid Thicket,AridThicket,1,-1,transformed,-1,transformed,AT49_transformed,23.809764,-33.166212
3330,new,3,AT49,Sundays Arid Thicket,AridThicket,1,-1,transformed,-1,transformed,AT49_transformed,25.314131,-33.439561
3331,new,3,AT49,Sundays Arid Thicket,AridThicket,1,-1,transformed,-1,transformed,AT49_transformed,24.679645,-32.936966
3332,new,3,AT49,Sundays Arid Thicket,AridThicket,1,-1,transformed,-1,transformed,AT49_transformed,25.165262,-32.990504
3333,new,3,AT49,Sundays Arid Thicket,AridThicket,1,-1,transformed,-1,transformed,AT49_transformed,25.36984,-33.395223
3334,new,3,AT49,Sundays Arid Thicket,AridThicket,1,-1,transformed,-1,transformed,AT49_transformed,25.34889,-33.431819
3335,new,3,AT49,Sundays Arid Thicket,AridThicket,1,-1,transformed,-1,transformed,AT49_transformed,24.678721,-32.937602
3336,new,3,AT49,Sundays Arid Thicket,AridThicket,1,-1,transformed,-1,transformed,AT49_transformed,25.220822,-32.827309
3337,new,3,AT49,Sundays Arid Thicket,AridThicket,1,-1,transformed,-1,transformed,AT49_transformed,25.164042,-32.861072
3338,new,3,AT49,Sundays Arid Thicket,AridThicket,1,-1,transformed,-1,transformed,AT49_transformed,23.611205,-33.155648
3339,new,3,AT49,Sundays Arid Thicket,AridThicket,1,-1,transformed,-1,transformed,AT49_transformed,23.634876,-33.159314
3340,new,3,AT49,Sundays Arid Thicket,AridThicket,1,-1,transformed,-1,transformed,AT49_transformed,25.058454,-32.955693
3341,new,3,AT49,Sundays Arid Thicket,AridThicket,1,-1,transformed,-1,transformed,AT49_transformed,25.069139,-33.521841
3342,new,3,AT50,Sundays Mesic Thicket,MesicThicket,3,0,intact,0,intact,AT50_intact,25.515027,-33.373618
3343,new,3,AT50,Sundays Mesic Thicket,MesicThicket,3,0,intact,0,intact,AT50_intact,25.635935,-33.354391
3344,new,3,AT50,Sundays Mesic Thicket,MesicThicket,3,0,intact,0,intact,AT50_intact,25.760474,-33.59462
3345,new,3,AT50,Sundays Mesic Thicket,MesicThicket,3,0,intact,0,intact,AT50_intact,25.76392,-33.384358
3346,new,3,AT50,Sundays Mesic Thicket,MesicThicket,3,0,intact,0,intact,AT50_intact,25.509122,-33.371482
3347,new,3,AT50,Sundays Mesic Thicket,MesicThicket,3,0,intact,0,intact,AT50_intact,25.753838,-33.385731
3348,new,3,AT50,Sundays Mesic Thicket,MesicThicket,3,0,intact,0,intact,AT50_intact,25.779514,-33.618508
3349,new,3,AT50,Sundays Mesic Thicket,MesicThicket,3,0,intact,0,intact,AT50_intact,25.242337,-33.305667
3350,new,3,AT50,Sundays Mesic Thicket,MesicThicket,3,0,intact,0,intact,AT50_intact,25.40503,-33.303128
3351,new,3,AT50,Sundays Mesic Thicket,MesicThicket,3,0,intact,0,intact,AT50_intact,25.629271,-33.397548
3352,new,3,AT50,Sundays Mesic Thicket,MesicThicket,3,0,intact,0,intact,AT50_intact,24.887569,-33.958287
3353,new,3,AT50,Sundays Mesic Thicket,MesicThicket,3,0,intact,0,intact,AT50_intact,25.291875,-33.335215
3354,new,3,AT50,Sundays Mesic Thicket,MesicThicket,3,0,intact,0,intact,AT50_intact,25.221814,-33.299948
3355,new,3,AT50,Sundays Mesic Thicket,MesicThicket,3,0,intact,0,intact,AT50_intact,25.575461,-33.39672
3356,new,3,AT50,Sundays Mesic Thicket,MesicThicket,3,0,intact,0,intact,AT50_intact,25.826591,-33.387923
3357,new,3,AT50,Sundays Mesic Thicket,MesicThicket,3,0,intact,0,intact,AT50_intact,25.548533,-33.357883
3358,new,3,AT50,Sundays Mesic Thicket,MesicThicket,3,0,intact,0,intact,AT50_intact,25.252553,-33.814932
3359,new,3,AT50,Sundays Mesic Thicket,MesicThicket,3,0,intact,0,intact,AT50_intact,25.434698,-33.336272
3360,new,3,AT50,Sundays Mesic Thicket,MesicThicket,3,0,intact,0,intact,AT50_intact,25.347815,-33.779327
3361,new,3,AT50,Sundays Mesic Thicket,MesicThicket,3,0,intact,0,intact,AT50_intact,25.296689,-33.75256
3362,new,3,AT50,Sundays Mesic Thicket,MesicThicket,3,0,intact,0,intact,AT50_intact,25.806094,-33.686823
3363,new,3,AT50,Sundays Mesic Thicket,MesicThicket,3,0,intact,0,intact,AT50_intact,25.600988,-33.400834
3364,new,3,AT50,Sundays Mesic Thicket,MesicThicket,3,0,intact,0,intact,AT50_intact,25.806507,-33.404247
3365,new,3,AT50,Sundays Mesic Thicket,MesicThicket,3,0,intact,0,intact,AT50_intact,25.828955,-33.41395
3366,new,3,AT50,Sundays Mesic Thicket,MesicThicket,3,0,intact,0,intact,AT50_intact,25.363039,-33.363427
3367,new,3,AT50,Sundays Mesic Thicket,MesicThicket,3,0,intact,0,intact,AT50_intact,25.556351,-33.379657
3368,new,3,AT50,Sundays Mesic Thicket,MesicThicket,3,0,intact,0,intact,AT50_intact,25.358595,-33.348742
3369,new,3,AT50,Sundays Mesic Thicket,MesicThicket,3,0,intact,0,intact,AT50_intact,25.768561,-33.372861
3370,new,3,AT50,Sundays Mesic Thicket,MesicThicket,3,0,intact,0,intact,AT50_intact,25.783439,-33.372689
3371,new,3,AT50,Sundays Mesic Thicket,MesicThicket,3,0,intact,0,intact,AT50_intact,25.373731,-33.360195
3372,new,3,AT50,Sundays Mesic Thicket,MesicThicket,3,0,intact,0,intact,AT50_intact,25.723159,-33.388847
3373,new,3,AT50,Sundays Mesic Thicket,MesicThicket,3,0,intact,0,intact,AT50_intact,25.412703,-33.374003
3374,new,3,AT50,Sundays Mesic Thicket,MesicThicket,3,0,intact,0,intact,AT50_intact,25.796671,-33.420422
3375,new,3,AT50,Sundays Mesic Thicket,MesicThicket,3,0,intact,0,intact,AT50_intact,25.521625,-33.343273
3376,new,3,AT50,Sundays Mesic Thicket,MesicThicket,3,0,intact,0,intact,AT50_intact,25.424944,-33.32062
3377,new,3,AT50,Sundays Mesic Thicket,MesicThicket,3,0,intact,0,intact,AT50_intact,25.045815,-33.892593
3378,new,3,AT50,Sundays Mesic Thicket,MesicThicket,3,0,intact,0,intact,AT50_intact,25.761105,-33.379908
3379,new,3,AT50,Sundays Mesic Thicket,MesicThicket,3,0,intact,0,intact,AT50_intact,25.724585,-33.398851
3380,new,3,AT50,Sundays Mesic Thicket,MesicThicket,3,0,intact,0,intact,AT50_intact,25.560954,-33.34136
3381,new,3,AT50,Sundays Mesic Thicket,MesicThicket,3,0,intact,0,intact,AT50_intact,25.597735,-33.351432
3382,new,3,AT50,Sundays Mesic Thicket,MesicThicket,3,0,intact,0,intact,AT50_intact,25.412603,-33.380578
3383,new,3,AT50,Sundays Mesic Thicket,MesicThicket,3,0,intact,0,intact,AT50_intact,25.455551,-33.368616
3384,new,3,AT50,Sundays Mesic Thicket,MesicThicket,3,0,intact,0,intact,AT50_intact,25.807575,-33.399857
3385,new,3,AT50,Sundays Mesic Thicket,MesicThicket,3,0,intact,0,intact,AT50_intact,25.832857,-33.598426
3386,new,3,AT50,Sundays Mesic Thicket,MesicThicket,3,0,intact,0,intact,AT50_intact,25.333213,-33.704745
3387,new,3,AT50,Sundays Mesic Thicket,MesicThicket,3,0,intact,0,intact,AT50_intact,25.801701,-33.641478
3388,new,3,AT50,Sundays Mesic Thicket,MesicThicket,3,0,intact,0,intact,AT50_intact,25.410406,-33.357757
3389,new,3,AT50,Sundays Mesic Thicket,MesicThicket,3,0,intact,0,intact,AT50_intact,25.72783,-33.398351
3390,new,3,AT50,Sundays Mesic Thicket,MesicThicket,3,0,intact,0,intact,AT50_intact,25.068462,-33.906632
3391,new,3,AT50,Sundays Mesic Thicket,MesicThicket,3,0,intact,0,intact,AT50_intact,25.316971,-33.732484
3392,new,3,AT50,Sundays Mesic Thicket,MesicThicket,3,0,intact,0,intact,AT50_intact,25.596024,-33.378779
3393,new,3,AT50,Sundays Mesic Thicket,MesicThicket,3,0,intact,0,intact,AT50_intact,25.252685,-33.381638
3394,new,3,AT50,Sundays Mesic Thicket,MesicThicket,3,0,intact,0,intact,AT50_intact,25.45691,-33.338324
3395,new,3,AT50,Sundays Mesic Thicket,MesicThicket,3,0,intact,0,intact,AT50_intact,25.740026,-33.379272
3396,new,3,AT50,Sundays Mesic Thicket,MesicThicket,3,0,intact,0,intact,AT50_intact,25.800513,-33.412122
3397,new,3,AT50,Sundays Mesic Thicket,MesicThicket,3,0,intact,0,intact,AT50_intact,25.743524,-33.382965
3398,new,3,AT50,Sundays Mesic Thicket,MesicThicket,3,0,intact,0,intact,AT50_intact,25.537287,-33.376712
3399,new,3,AT50,Sundays Mesic Thicket,MesicThicket,3,0,intact,0,intact,AT50_intact,25.332546,-33.714308
3400,new,3,AT50,Sundays Mesic Thicket,MesicThicket,3,0,intact,0,intact,AT50_intact,25.550347,-33.812929
3401,new,3,AT50,Sundays Mesic Thicket,MesicThicket,3,0,intact,0,intact,AT50_intact,25.45627,-33.320632
3402,new,3,AT50,Sundays Mesic Thicket,MesicThicket,3,0,intact,0,intact,AT50_intact,25.384052,-33.361782
3403,new,3,AT50,Sundays Mesic Thicket,MesicThicket,3,0,intact,0,intact,AT50_intact,25.263829,-33.328869
3404,new,3,AT50,Sundays Mesic Thicket,MesicThicket,3,1,moderate,1,moderate,AT50_moderate,25.328956,-33.362663
3405,new,3,AT50,Sundays Mesic Thicket,MesicThicket,3,1,moderate,1,moderate,AT50_moderate,24.871706,-33.947651
3406,new,3,AT50,Sundays Mesic Thicket,MesicThicket,3,1,moderate,1,moderate,AT50_moderate,24.851625,-33.912557
3407,new,3,AT50,Sundays Mesic Thicket,MesicThicket,3,1,moderate,0,intact,AT50_moderate,25.214847,-33.313205
3408,new,3,AT50,Sundays Mesic Thicket,MesicThicket,3,1,moderate,2,severe,AT50_moderate,25.289525,-33.716291
3409,new,3,AT50,Sundays Mesic Thicket,MesicThicket,3,1,moderate,2,severe,AT50_moderate,25.207953,-33.308665
3410,new,3,AT50,Sundays Mesic Thicket,MesicThicket,3,1,moderate,1,moderate,AT50_moderate,25.022469,-33.893065
3411,new,3,AT50,Sundays Mesic Thicket,MesicThicket,3,1,moderate,1,moderate,AT50_moderate,25.356013,-33.738151
3412,new,3,AT50,Sundays Mesic Thicket,MesicThicket,3,1,moderate,1,moderate,AT50_moderate,25.473944,-33.369011
3413,new,3,AT50,Sundays Mesic Thicket,MesicThicket,3,1,moderate,1,moderate,AT50_moderate,25.811741,-33.601325
3414,new,3,AT50,Sundays Mesic Thicket,MesicThicket,3,1,moderate,1,moderate,AT50_moderate,25.800247,-33.575829
3415,new,3,AT50,Sundays Mesic Thicket,MesicThicket,3,1,moderate,1,moderate,AT50_moderate,25.71974,-33.389044
3416,new,3,AT50,Sundays Mesic Thicket,MesicThicket,3,1,moderate,1,moderate,AT50_moderate,25.306044,-33.353483
3417,new,3,AT50,Sundays Mesic Thicket,MesicThicket,3,1,moderate,0,intact,AT50_moderate,25.469344,-33.389689
3418,new,3,AT50,Sundays Mesic Thicket,MesicThicket,3,1,moderate,1,moderate,AT50_moderate,24.8373,-33.9408
3419,new,3,AT50,Sundays Mesic Thicket,MesicThicket,3,1,moderate,1,moderate,AT50_moderate,25.428619,-33.355999
3420,new,3,AT50,Sundays Mesic Thicket,MesicThicket,3,1,moderate,0,intact,AT50_moderate,25.048773,-33.891179
3421,new,3,AT50,Sundays Mesic Thicket,MesicThicket,3,1,moderate,2,severe,AT50_moderate,25.828931,-33.614928
3422,new,3,AT50,Sundays Mesic Thicket,MesicThicket,3,1,moderate,0,intact,AT50_moderate,25.544322,-33.315123
3423,new,3,AT50,Sundays Mesic Thicket,MesicThicket,3,1,moderate,1,moderate,AT50_moderate,25.788604,-33.585896
3424,new,3,AT50,Sundays Mesic Thicket,MesicThicket,3,1,moderate,1,moderate,AT50_moderate,25.676222,-33.352663
3425,new,3,AT50,Sundays Mesic Thicket,MesicThicket,3,1,moderate,1,moderate,AT50_moderate,25.284497,-33.82088
3426,new,3,AT50,Sundays Mesic Thicket,MesicThicket,3,1,moderate,1,moderate,AT50_moderate,25.365419,-33.376253
3427,new,3,AT50,Sundays Mesic Thicket,MesicThicket,3,1,moderate,0,intact,AT50_moderate,25.507105,-33.391898
3428,new,3,AT50,Sundays Mesic Thicket,MesicThicket,3,1,moderate,1,moderate,AT50_moderate,25.766979,-33.403398
3429,new,3,AT50,Sundays Mesic Thicket,MesicThicket,3,1,moderate,1,moderate,AT50_moderate,25.551249,-33.353372
3430,new,3,AT50,Sundays Mesic Thicket,MesicThicket,3,1,moderate,1,moderate,AT50_moderate,25.789526,-33.567894
3431,new,3,AT50,Sundays Mesic Thicket,MesicThicket,3,1,moderate,0,intact,AT50_moderate,25.631264,-33.397098
3432,new,3,AT50,Sundays Mesic Thicket,MesicThicket,3,1,moderate,0,intact,AT50_moderate,25.425884,-33.349081
3433,new,3,AT50,Sundays Mesic Thicket,MesicThicket,3,1,moderate,1,moderate,AT50_moderate,24.758691,-33.922502
3434,new,3,AT50,Sundays Mesic Thicket,MesicThicket,3,1,moderate,0,intact,AT50_moderate,25.811705,-33.378347
3435,new,3,AT50,Sundays Mesic Thicket,MesicThicket,3,1,moderate,1,moderate,AT50_moderate,25.239047,-33.820904
3436,new,3,AT50,Sundays Mesic Thicket,MesicThicket,3,1,moderate,0,intact,AT50_moderate,25.470123,-33.327724
3437,new,3,AT50,Sundays Mesic Thicket,MesicThicket,3,1,moderate,1,moderate,AT50_moderate,25.503805,-33.356233
3438,new,3,AT50,Sundays Mesic Thicket,MesicThicket,3,1,moderate,-1,transformed,AT50_moderate,24.911666,-33.982491
3439,new,3,AT50,Sundays Mesic Thicket,MesicThicket,3,1,moderate,2,severe,AT50_moderate,25.404749,-33.73028
3440,new,3,AT50,Sundays Mesic Thicket,MesicThicket,3,1,moderate,0,intact,AT50_moderate,25.688828,-33.420849
3441,new,3,AT50,Sundays Mesic Thicket,MesicThicket,3,1,moderate,1,moderate,AT50_moderate,25.415555,-33.331666
3442,new,3,AT50,Sundays Mesic Thicket,MesicThicket,3,1,moderate,1,moderate,AT50_moderate,24.83756,-33.90187
3443,new,3,AT50,Sundays Mesic Thicket,MesicThicket,3,-1,transformed,-1,transformed,AT50_transformed,24.842128,-33.922031
3444,new,3,AT50,Sundays Mesic Thicket,MesicThicket,3,-1,transformed,-1,transformed,AT50_transformed,24.928818,-34.033954
3445,new,3,AT50,Sundays Mesic Thicket,MesicThicket,3,-1,transformed,-1,transformed,AT50_transformed,24.910715,-34.024288
3446,new,3,AT50,Sundays Mesic Thicket,MesicThicket,3,-1,transformed,-1,transformed,AT50_transformed,25.448935,-33.387578
3447,new,3,AT50,Sundays Mesic Thicket,MesicThicket,3,-1,transformed,-1,transformed,AT50_transformed,25.86512,-33.605212
3448,new,3,AT50,Sundays Mesic Thicket,MesicThicket,3,-1,transformed,-1,transformed,AT50_transformed,25.792191,-33.56938
3449,new,3,AT50,Sundays Mesic Thicket,MesicThicket,3,-1,transformed,-1,transformed,AT50_transformed,24.920304,-33.987625
3450,new,3,AT50,Sundays Mesic Thicket,MesicThicket,3,-1,transformed,-1,transformed,AT50_transformed,25.340096,-33.737722
3451,new,3,AT50,Sundays Mesic Thicket,MesicThicket,3,-1,transformed,-1,transformed,AT50_transformed,25.478849,-33.400821
3452,new,3,AT50,Sundays Mesic Thicket,MesicThicket,3,-1,transformed,-1,transformed,AT50_transformed,25.794251,-33.413304
3453,new,3,AT50,Sundays Mesic Thicket,MesicThicket,3,-1,transformed,-1,transformed,AT50_transformed,24.922353,-34.042866
3454,new,3,AT50,Sundays Mesic Thicket,MesicThicket,3,-1,transformed,-1,transformed,AT50_transformed,24.966249,-33.931441
3455,new,3,AT50,Sundays Mesic Thicket,MesicThicket,3,-1,transformed,-1,transformed,AT50_transformed,24.883691,-33.962888
3456,new,3,AT50,Sundays Mesic Thicket,MesicThicket,3,-1,transformed,-1,transformed,AT50_transformed,25.87331,-33.60423
3457,new,3,AT51,Sundays Valley Thicket,ValleyThicket,2,-1,transformed,-1,transformed,AT51_transformed,24.812819,-33.786374
3458,new,3,AT51,Sundays Valley Thicket,ValleyThicket,2,-1,transformed,-1,transformed,AT51_transformed,25.365386,-33.741343
3459,new,3,AT51,Sundays Valley Thicket,ValleyThicket,2,-1,transformed,-1,transformed,AT51_transformed,25.354113,-33.81182
3460,new,3,AT51,Sundays Valley Thicket,ValleyThicket,2,-1,transformed,-1,transformed,AT51_transformed,24.900298,-33.81368
3461,new,3,AT51,Sundays Valley Thicket,ValleyThicket,2,-1,transformed,-1,transformed,AT51_transformed,24.664174,-33.765265
3462,new,3,AT51,Sundays Valley Thicket,ValleyThicket,2,-1,transformed,-1,transformed,AT51_transformed,25.679527,-33.580597
3463,new,3,AT51,Sundays Valley Thicket,ValleyThicket,2,-1,transformed,-1,transformed,AT51_transformed,25.402559,-33.76234
3464,new,3,AT51,Sundays Valley Thicket,ValleyThicket,2,-1,transformed,-1,transformed,AT51_transformed,25.727976,-33.629758
3465,new,3,AT51,Sundays Valley Thicket,ValleyThicket,2,-1,transformed,-1,transformed,AT51_transformed,25.686599,-33.609894
3466,new,3,AT51,Sundays Valley Thicket,ValleyThicket,2,-1,transformed,-1,transformed,AT51_transformed,25.721539,-33.637953
3467,new,3,AT51,Sundays Valley Thicket,ValleyThicket,2,-1,transformed,-1,transformed,AT51_transformed,25.601068,-33.739963
3468,new,3,AT51,Sundays Valley Thicket,ValleyThicket,2,-1,transformed,-1,transformed,AT51_transformed,25.893471,-33.461847
3469,new,3,AT51,Sundays Valley Thicket,ValleyThicket,2,-1,transformed,-1,transformed,AT51_transformed,24.961901,-33.870009
3470,new,3,AT51,Sundays Valley Thicket,ValleyThicket,2,-1,transformed,-1,transformed,AT51_transformed,25.682939,-33.620698
3471,new,3,AT51,Sundays Valley Thicket,ValleyThicket,2,-1,transformed,-1,transformed,AT51_transformed,25.824219,-33.439664
3472,new,3,AT51,Sundays Valley Thicket,ValleyThicket,2,-1,transformed,-1,transformed,AT51_transformed,25.856204,-33.669811
3473,new,3,AT51,Sundays Valley Thicket,ValleyThicket,2,-1,transformed,-1,transformed,AT51_transformed,25.66886,-33.605767
3474,new,3,AT51,Sundays Valley Thicket,ValleyThicket,2,-1,transformed,-1,transformed,AT51_transformed,25.435528,-33.701283
3475,new,3,AT51,Sundays Valley Thicket,ValleyThicket,2,-1,transformed,-1,transformed,AT51_transformed,25.391164,-33.739624
3476,new,3,AT51,Sundays Valley Thicket,ValleyThicket,2,-1,transformed,-1,transformed,AT51_transformed,25.702419,-33.63774
3477,new,3,AT51,Sundays Valley Thicket,ValleyThicket,2,-1,transformed,-1,transformed,AT51_transformed,25.65263,-33.599231
3478,new,3,AT51,Sundays Valley Thicket,ValleyThicket,2,-1,transformed,-1,transformed,AT51_transformed,25.383715,-33.825557
3479,new,3,AT51,Sundays Valley Thicket,ValleyThicket,2,-1,transformed,-1,transformed,AT51_transformed,25.693882,-33.630715
3480,new,3,AT51,Sundays Valley Thicket,ValleyThicket,2,-1,transformed,-1,transformed,AT51_transformed,25.670058,-33.612585
3481,new,3,AT51,Sundays Valley Thicket,ValleyThicket,2,-1,transformed,-1,transformed,AT51_transformed,25.587805,-33.818434
3482,new,3,AT51,Sundays Valley Thicket,ValleyThicket,2,-1,transformed,-1,transformed,AT51_transformed,25.682527,-33.587176
3483,new,3,AT51,Sundays Valley Thicket,ValleyThicket,2,-1,transformed,-1,transformed,AT51_transformed,25.607187,-33.834487
3484,new,3,AT51,Sundays Valley Thicket,ValleyThicket,2,-1,transformed,-1,transformed,AT51_transformed,25.716761,-33.641649
3485,new,3,AT51,Sundays Valley Thicket,ValleyThicket,2,-1,transformed,-1,transformed,AT51_transformed,25.373746,-33.754226
3486,new,3,AT51,Sundays Valley Thicket,ValleyThicket,2,-1,transformed,-1,transformed,AT51_transformed,24.628205,-33.736347
3487,new,3,AT51,Sundays Valley Thicket,ValleyThicket,2,-1,transformed,-1,transformed,AT51_transformed,25.618474,-33.526311
3488,new,3,AT51,Sundays Valley Thicket,ValleyThicket,2,-1,transformed,-1,transformed,AT51_transformed,25.017045,-33.953054
3489,new,3,AT51,Sundays Valley Thicket,ValleyThicket,2,-1,transformed,-1,transformed,AT51_transformed,24.978942,-33.885141
3490,new,3,AT51,Sundays Valley Thicket,ValleyThicket,2,-1,transformed,-1,transformed,AT51_transformed,25.907609,-33.420672
3491,new,3,AT51,Sundays Valley Thicket,ValleyThicket,2,-1,transformed,-1,transformed,AT51_transformed,25.611267,-33.535422
3492,new,3,AT51,Sundays Valley Thicket,ValleyThicket,2,-1,transformed,-1,transformed,AT51_transformed,25.585876,-33.432845
3493,new,3,AT51,Sundays Valley Thicket,ValleyThicket,2,-1,transformed,-1,transformed,AT51_transformed,24.895645,-33.764789
3494,new,3,AT51,Sundays Valley Thicket,ValleyThicket,2,-1,transformed,-1,transformed,AT51_transformed,25.479916,-33.46351
3495,new,3,AT51,Sundays Valley Thicket,ValleyThicket,2,-1,transformed,-1,transformed,AT51_transformed,25.470828,-33.446094
3496,new,3,AT51,Sundays Valley Thicket,ValleyThicket,2,-1,transformed,-1,transformed,AT51_transformed,25.02218,-33.949675
3497,new,3,AT51,Sundays Valley Thicket,ValleyThicket,2,-1,transformed,-1,transformed,AT51_transformed,25.469805,-33.812102
3498,new,3,AT51,Sundays Valley Thicket,ValleyThicket,2,-1,transformed,-1,transformed,AT51_transformed,25.408785,-33.751251
3499,new,3,AT51,Sundays Valley Thicket,ValleyThicket,2,-1,transformed,-1,transformed,AT51_transformed,25.662788,-33.461788
3500,new,3,AT51,Sundays Valley Thicket,ValleyThicket,2,-1,transformed,-1,transformed,AT51_transformed,25.688687,-33.459463
3501,new,3,AT51,Sundays Valley Thicket,ValleyThicket,2,-1,transformed,-1,transformed,AT51_transformed,25.682344,-33.610481
3502,new,3,AT51,Sundays Valley Thicket,ValleyThicket,2,-1,transformed,-1,transformed,AT51_transformed,25.514074,-33.415005
3503,new,3,AT51,Sundays Valley Thicket,ValleyThicket,2,-1,transformed,-1,transformed,AT51_transformed,25.697659,-33.622547
3504,new,3,AT51,Sundays Valley Thicket,ValleyThicket,2,-1,transformed,-1,transformed,AT51_transformed,25.865731,-33.437813
3505,new,3,AT51,Sundays Valley Thicket,ValleyThicket,2,-1,transformed,-1,transformed,AT51_transformed,25.873757,-33.672346
3506,new,3,AT51,Sundays Valley Thicket,ValleyThicket,2,-1,transformed,-1,transformed,AT51_transformed,25.863564,-33.671983
3507,new,3,AT51,Sundays Valley Thicket,ValleyThicket,2,-1,transformed,-1,transformed,AT51_transformed,24.723149,-33.733114
3508,new,3,AT51,Sundays Valley Thicket,ValleyThicket,2,-1,transformed,-1,transformed,AT51_transformed,25.71623,-33.608545
3509,new,3,AT51,Sundays Valley Thicket,ValleyThicket,2,-1,transformed,-1,transformed,AT51_transformed,25.773658,-33.566335
3510,new,3,AT51,Sundays Valley Thicket,ValleyThicket,2,-1,transformed,-1,transformed,AT51_transformed,25.722532,-33.692171
3511,new,3,AT51,Sundays Valley Thicket,ValleyThicket,2,-1,transformed,-1,transformed,AT51_transformed,25.491682,-33.833945
3512,new,3,AT51,Sundays Valley Thicket,ValleyThicket,2,-1,transformed,-1,transformed,AT51_transformed,25.477397,-33.463835
3513,new,3,AT51,Sundays Valley Thicket,ValleyThicket,2,-1,transformed,-1,transformed,AT51_transformed,25.522548,-33.489892
3514,new,3,AT51,Sundays Valley Thicket,ValleyThicket,2,-1,transformed,-1,transformed,AT51_transformed,25.715847,-33.522693
3515,new,3,AT51,Sundays Valley Thicket,ValleyThicket,2,-1,transformed,-1,transformed,AT51_transformed,25.694527,-33.567868
3516,new,3,AT51,Sundays Valley Thicket,ValleyThicket,2,-1,transformed,-1,transformed,AT51_transformed,25.401789,-33.756898
3517,new,3,AT51,Sundays Valley Thicket,ValleyThicket,2,-1,transformed,-1,transformed,AT51_transformed,25.436571,-33.699844
3518,new,3,AT51,Sundays Valley Thicket,ValleyThicket,2,-1,transformed,-1,transformed,AT51_transformed,25.463571,-33.824508
3519,new,3,AT51,Sundays Valley Thicket,ValleyThicket,2,-1,transformed,-1,transformed,AT51_transformed,25.616663,-33.83589
3520,new,3,AT51,Sundays Valley Thicket,ValleyThicket,2,-1,transformed,-1,transformed,AT51_transformed,25.865756,-33.647449
3521,new,3,AT51,Sundays Valley Thicket,ValleyThicket,2,-1,transformed,-1,transformed,AT51_transformed,25.613821,-33.713001
3522,new,3,AT51,Sundays Valley Thicket,ValleyThicket,2,-1,transformed,-1,transformed,AT51_transformed,25.668109,-33.621411
3523,new,3,AT51,Sundays Valley Thicket,ValleyThicket,2,-1,transformed,-1,transformed,AT51_transformed,25.494634,-33.836381
3524,new,3,AT51,Sundays Valley Thicket,ValleyThicket,2,-1,transformed,-1,transformed,AT51_transformed,25.694795,-33.479353
3525,new,3,AT51,Sundays Valley Thicket,ValleyThicket,2,-1,transformed,-1,transformed,AT51_transformed,25.474384,-33.458679
3526,new,3,AT51,Sundays Valley Thicket,ValleyThicket,2,-1,transformed,-1,transformed,AT51_transformed,25.45843,-33.847644
3527,new,3,AT51,Sundays Valley Thicket,ValleyThicket,2,-1,transformed,-1,transformed,AT51_transformed,25.807856,-33.452763
3528,new,4,AT15,Albany Arid Thicket,AridThicket,1,0,intact,0,intact,AT15_intact,26.634082,-33.221994
3529,new,4,AT15,Albany Arid Thicket,AridThicket,1,0,intact,0,intact,AT15_intact,26.751149,-33.246002
3530,new,4,AT15,Albany Arid Thicket,AridThicket,1,0,intact,0,intact,AT15_intact,26.658252,-33.229626
3531,new,4,AT15,Albany Arid Thicket,AridThicket,1,0,intact,0,intact,AT15_intact,26.698703,-33.23783
3532,new,4,AT15,Albany Arid Thicket,AridThicket,1,0,intact,0,intact,AT15_intact,26.738119,-33.246661
3533,new,4,AT15,Albany Arid Thicket,AridThicket,1,0,intact,0,intact,AT15_intact,26.797828,-33.248568
3534,new,4,AT15,Albany Arid Thicket,AridThicket,1,0,intact,0,intact,AT15_intact,26.720476,-33.244071
3535,new,4,AT15,Albany Arid Thicket,AridThicket,1,0,intact,0,intact,AT15_intact,26.740884,-33.245022
3536,new,4,AT15,Albany Arid Thicket,AridThicket,1,0,intact,0,intact,AT15_intact,26.603915,-33.215616
3537,new,4,AT15,Albany Arid Thicket,AridThicket,1,0,intact,0,intact,AT15_intact,26.779402,-33.247937
3538,new,4,AT15,Albany Arid Thicket,AridThicket,1,0,intact,0,intact,AT15_intact,26.640521,-33.22325
3539,new,4,AT15,Albany Arid Thicket,AridThicket,1,0,intact,0,intact,AT15_intact,26.707728,-33.241091
3540,new,4,AT15,Albany Arid Thicket,AridThicket,1,0,intact,0,intact,AT15_intact,26.593024,-33.213253
3541,new,4,AT15,Albany Arid Thicket,AridThicket,1,0,intact,0,intact,AT15_intact,26.773176,-33.248969
3542,new,4,AT15,Albany Arid Thicket,AridThicket,1,0,intact,0,intact,AT15_intact,26.869696,-33.254657
3543,new,4,AT15,Albany Arid Thicket,AridThicket,1,0,intact,1,moderate,AT15_intact,26.567515,-33.205928
3544,new,4,AT15,Albany Arid Thicket,AridThicket,1,0,intact,0,intact,AT15_intact,26.627391,-33.222287
3545,new,4,AT15,Albany Arid Thicket,AridThicket,1,0,intact,0,intact,AT15_intact,26.670752,-33.23314
3546,new,4,AT15,Albany Arid Thicket,AridThicket,1,0,intact,0,intact,AT15_intact,26.750042,-33.245736
3547,new,4,AT15,Albany Arid Thicket,AridThicket,1,0,intact,0,intact,AT15_intact,26.82123,-33.250247
3548,new,4,AT15,Albany Arid Thicket,AridThicket,1,0,intact,0,intact,AT15_intact,26.581389,-33.210695
3549,new,4,AT15,Albany Arid Thicket,AridThicket,1,0,intact,0,intact,AT15_intact,26.679619,-33.234449
3550,new,4,AT15,Albany Arid Thicket,AridThicket,1,0,intact,0,intact,AT15_intact,26.876003,-33.255883
3551,new,4,AT15,Albany Arid Thicket,AridThicket,1,0,intact,0,intact,AT15_intact,26.830963,-33.251097
3552,new,4,AT15,Albany Arid Thicket,AridThicket,1,0,intact,0,intact,AT15_intact,26.718412,-33.241532
3553,new,4,AT15,Albany Arid Thicket,AridThicket,1,0,intact,0,intact,AT15_intact,26.624828,-33.216968
3554,new,4,AT15,Albany Arid Thicket,AridThicket,1,0,intact,0,intact,AT15_intact,26.907814,-33.262908
3555,new,4,AT15,Albany Arid Thicket,AridThicket,1,0,intact,1,moderate,AT15_intact,26.866549,-33.254571
3556,new,4,AT15,Albany Arid Thicket,AridThicket,1,0,intact,0,intact,AT15_intact,26.581235,-33.209538
3557,new,4,AT15,Albany Arid Thicket,AridThicket,1,0,intact,0,intact,AT15_intact,26.608673,-33.213312
3558,new,4,AT15,Albany Arid Thicket,AridThicket,1,0,intact,0,intact,AT15_intact,26.728466,-33.244846
3559,new,4,AT15,Albany Arid Thicket,AridThicket,1,0,intact,0,intact,AT15_intact,26.576038,-33.210467
3560,new,4,AT15,Albany Arid Thicket,AridThicket,1,0,intact,0,intact,AT15_intact,26.691416,-33.235262
3561,new,4,AT15,Albany Arid Thicket,AridThicket,1,0,intact,0,intact,AT15_intact,26.922144,-33.263878
3562,new,4,AT15,Albany Arid Thicket,AridThicket,1,0,intact,0,intact,AT15_intact,26.686642,-33.235046
3563,new,4,AT15,Albany Arid Thicket,AridThicket,1,0,intact,0,intact,AT15_intact,26.62943,-33.218742
3564,new,4,AT15,Albany Arid Thicket,AridThicket,1,0,intact,0,intact,AT15_intact,26.56137,-33.204769
3565,new,4,AT15,Albany Arid Thicket,AridThicket,1,0,intact,1,moderate,AT15_intact,26.626105,-33.221241
3566,new,4,AT15,Albany Arid Thicket,AridThicket,1,0,intact,0,intact,AT15_intact,26.669528,-33.232991
3567,new,4,AT15,Albany Arid Thicket,AridThicket,1,0,intact,0,intact,AT15_intact,26.834681,-33.252054
3568,new,4,AT15,Albany Arid Thicket,AridThicket,1,0,intact,0,intact,AT15_intact,26.727463,-33.244613
3569,new,4,AT15,Albany Arid Thicket,AridThicket,1,0,intact,0,intact,AT15_intact,26.91088,-33.26331
3570,new,4,AT15,Albany Arid Thicket,AridThicket,1,0,intact,0,intact,AT15_intact,26.567473,-33.206743
3571,new,4,AT15,Albany Arid Thicket,AridThicket,1,0,intact,0,intact,AT15_intact,26.61465,-33.214491
3572,new,4,AT15,Albany Arid Thicket,AridThicket,1,0,intact,0,intact,AT15_intact,26.639453,-33.224259
3573,new,4,AT15,Albany Arid Thicket,AridThicket,1,0,intact,0,intact,AT15_intact,26.746582,-33.246703
3574,new,4,AT15,Albany Arid Thicket,AridThicket,1,0,intact,0,intact,AT15_intact,26.553353,-33.206151
3575,new,4,AT15,Albany Arid Thicket,AridThicket,1,0,intact,0,intact,AT15_intact,26.691427,-33.23474
3576,new,4,AT15,Albany Arid Thicket,AridThicket,1,0,intact,0,intact,AT15_intact,26.752293,-33.246249
3577,new,4,AT15,Albany Arid Thicket,AridThicket,1,0,intact,0,intact,AT15_intact,26.566464,-33.207356
3578,new,4,AT15,Albany Arid Thicket,AridThicket,1,0,intact,0,intact,AT15_intact,26.712654,-33.242558
3579,new,4,AT15,Albany Arid Thicket,AridThicket,1,0,intact,0,intact,AT15_intact,26.59023,-33.213553
3580,new,4,AT15,Albany Arid Thicket,AridThicket,1,0,intact,0,intact,AT15_intact,26.841042,-33.253041
3581,new,4,AT15,Albany Arid Thicket,AridThicket,1,0,intact,0,intact,AT15_intact,26.567471,-33.206929
3582,new,4,AT15,Albany Arid Thicket,AridThicket,1,0,intact,0,intact,AT15_intact,26.686256,-33.235349
3583,new,4,AT15,Albany Arid Thicket,AridThicket,1,0,intact,0,intact,AT15_intact,26.610557,-33.214621
3584,new,4,AT15,Albany Arid Thicket,AridThicket,1,1,moderate,1,moderate,AT15_moderate,26.864748,-33.255296
3585,new,4,AT15,Albany Arid Thicket,AridThicket,1,1,moderate,1,moderate,AT15_moderate,26.561239,-33.204113
3586,new,4,AT15,Albany Arid Thicket,AridThicket,1,1,moderate,1,moderate,AT15_moderate,26.861346,-33.256083
3587,new,4,AT15,Albany Arid Thicket,AridThicket,1,1,moderate,1,moderate,AT15_moderate,26.601797,-33.216621
3588,new,4,AT17,Albany Mesic Thicket,MesicThicket,3,0,intact,0,intact,AT17_intact,25.965567,-33.564667
3589,new,4,AT17,Albany Mesic Thicket,MesicThicket,3,0,intact,0,intact,AT17_intact,25.938373,-33.566166
3590,new,4,AT17,Albany Mesic Thicket,MesicThicket,3,0,intact,0,intact,AT17_intact,25.939564,-33.593346
3591,new,4,AT17,Albany Mesic Thicket,MesicThicket,3,0,intact,0,intact,AT17_intact,26.056725,-33.337277
3592,new,4,AT17,Albany Mesic Thicket,MesicThicket,3,0,intact,0,intact,AT17_intact,26.767091,-33.531658
3593,new,4,AT17,Albany Mesic Thicket,MesicThicket,3,0,intact,0,intact,AT17_intact,26.712345,-33.593872
3594,new,4,AT17,Albany Mesic Thicket,MesicThicket,3,0,intact,0,intact,AT17_intact,26.769299,-33.566961
3595,new,4,AT17,Albany Mesic Thicket,MesicThicket,3,0,intact,0,intact,AT17_intact,26.830132,-33.527245
3596,new,4,AT17,Albany Mesic Thicket,MesicThicket,3,0,intact,0,intact,AT17_intact,25.914452,-33.545477
3597,new,4,AT17,Albany Mesic Thicket,MesicThicket,3,0,intact,0,intact,AT17_intact,25.976877,-33.597624
3598,new,4,AT17,Albany Mesic Thicket,MesicThicket,3,0,intact,0,intact,AT17_intact,26.71437,-33.456779
3599,new,4,AT17,Albany Mesic Thicket,MesicThicket,3,0,intact,0,intact,AT17_intact,26.264553,-33.422935
3600,new,4,AT17,Albany Mesic Thicket,MesicThicket,3,0,intact,0,intact,AT17_intact,26.497327,-33.590419
3601,new,4,AT17,Albany Mesic Thicket,MesicThicket,3,0,intact,0,intact,AT17_intact,26.504696,-33.540274
3602,new,4,AT17,Albany Mesic Thicket,MesicThicket,3,0,intact,0,intact,AT17_intact,26.751783,-33.482527
3603,new,4,AT17,Albany Mesic Thicket,MesicThicket,3,0,intact,0,intact,AT17_intact,26.627303,-33.315733
3604,new,4,AT17,Albany Mesic Thicket,MesicThicket,3,0,intact,0,intact,AT17_intact,26.556961,-33.532067
3605,new,4,AT17,Albany Mesic Thicket,MesicThicket,3,0,intact,0,intact,AT17_intact,26.717948,-33.602304
3606,new,4,AT17,Albany Mesic Thicket,MesicThicket,3,0,intact,0,intact,AT17_intact,26.584849,-33.531032
3607,new,4,AT17,Albany Mesic Thicket,MesicThicket,3,0,intact,0,intact,AT17_intact,26.777919,-33.510155
3608,new,4,AT17,Albany Mesic Thicket,MesicThicket,3,0,intact,0,intact,AT17_intact,26.590016,-33.554375
3609,new,4,AT17,Albany Mesic Thicket,MesicThicket,3,0,intact,0,intact,AT17_intact,26.496599,-33.608887
3610,new,4,AT17,Albany Mesic Thicket,MesicThicket,3,0,intact,0,intact,AT17_intact,26.794566,-33.478192
3611,new,4,AT17,Albany Mesic Thicket,MesicThicket,3,0,intact,0,intact,AT17_intact,27.013449,-33.524697
3612,new,4,AT17,Albany Mesic Thicket,MesicThicket,3,0,intact,0,intact,AT17_intact,26.49188,-33.629195
3613,new,4,AT17,Albany Mesic Thicket,MesicThicket,3,0,intact,0,intact,AT17_intact,26.511979,-33.599365
3614,new,4,AT17,Albany Mesic Thicket,MesicThicket,3,0,intact,0,intact,AT17_intact,27.025318,-33.507491
3615,new,4,AT17,Albany Mesic Thicket,MesicThicket,3,0,intact,0,intact,AT17_intact,26.643861,-33.599342
3616,new,4,AT17,Albany Mesic Thicket,MesicThicket,3,0,intact,0,intact,AT17_intact,26.91703,-33.493215
3617,new,4,AT17,Albany Mesic Thicket,MesicThicket,3,0,intact,0,intact,AT17_intact,26.500544,-33.545865
3618,new,4,AT17,Albany Mesic Thicket,MesicThicket,3,0,intact,0,intact,AT17_intact,25.859528,-33.323416
3619,new,4,AT17,Albany Mesic Thicket,MesicThicket,3,0,intact,0,intact,AT17_intact,26.849155,-33.55453
3620,new,4,AT17,Albany Mesic Thicket,MesicThicket,3,0,intact,0,intact,AT17_intact,26.619319,-33.62067
3621,new,4,AT17,Albany Mesic Thicket,MesicThicket,3,0,intact,0,intact,AT17_intact,25.798695,-33.294152
3622,new,4,AT17,Albany Mesic Thicket,MesicThicket,3,0,intact,0,intact,AT17_intact,26.763114,-33.513493
3623,new,4,AT17,Albany Mesic Thicket,MesicThicket,3,0,intact,0,intact,AT17_intact,26.642638,-33.577393
3624,new,4,AT17,Albany Mesic Thicket,MesicThicket,3,1,moderate,1,moderate,AT17_moderate,25.868645,-33.314166
3625,new,4,AT17,Albany Mesic Thicket,MesicThicket,3,1,moderate,-1,transformed,AT17_moderate,26.667279,-33.56477
3626,new,4,AT17,Albany Mesic Thicket,MesicThicket,3,1,moderate,1,moderate,AT17_moderate,26.488293,-33.553486
3627,new,4,AT17,Albany Mesic Thicket,MesicThicket,3,1,moderate,1,moderate,AT17_moderate,26.491678,-33.620197
3628,new,4,AT17,Albany Mesic Thicket,MesicThicket,3,1,moderate,1,moderate,AT17_moderate,26.630178,-33.568957
3629,new,4,AT17,Albany Mesic Thicket,MesicThicket,3,1,moderate,1,moderate,AT17_moderate,26.671671,-33.611005
3630,new,4,AT17,Albany Mesic Thicket,MesicThicket,3,1,moderate,0,intact,AT17_moderate,25.786528,-33.284083
3631,new,4,AT17,Albany Mesic Thicket,MesicThicket,3,1,moderate,2,severe,AT17_moderate,26.535673,-33.630143
3632,new,4,AT17,Albany Mesic Thicket,MesicThicket,3,1,moderate,1,moderate,AT17_moderate,26.569798,-33.312695
3633,new,4,AT17,Albany Mesic Thicket,MesicThicket,3,1,moderate,1,moderate,AT17_moderate,26.355401,-33.364922
3634,new,4,AT17,Albany Mesic Thicket,MesicThicket,3,1,moderate,-1,transformed,AT17_moderate,26.907866,-33.483737
3635,new,4,AT17,Albany Mesic Thicket,MesicThicket,3,1,moderate,2,severe,AT17_moderate,25.865988,-33.331659
3636,new,4,AT17,Albany Mesic Thicket,MesicThicket,3,1,moderate,1,moderate,AT17_moderate,26.624482,-33.554113
3637,new,4,AT17,Albany Mesic Thicket,MesicThicket,3,1,moderate,-1,transformed,AT17_moderate,26.484777,-33.411129
3638,new,4,AT17,Albany Mesic Thicket,MesicThicket,3,1,moderate,1,moderate,AT17_moderate,26.438948,-33.576053
3639,new,4,AT17,Albany Mesic Thicket,MesicThicket,3,1,moderate,1,moderate,AT17_moderate,26.630582,-33.562564
3640,new,4,AT17,Albany Mesic Thicket,MesicThicket,3,1,moderate,1,moderate,AT17_moderate,26.610048,-33.304478
3641,new,4,AT17,Albany Mesic Thicket,MesicThicket,3,1,moderate,1,moderate,AT17_moderate,26.808694,-33.499811
3642,new,4,AT17,Albany Mesic Thicket,MesicThicket,3,1,moderate,1,moderate,AT17_moderate,26.281122,-33.444781
3643,new,4,AT17,Albany Mesic Thicket,MesicThicket,3,1,moderate,2,severe,AT17_moderate,26.830129,-33.521915
3644,new,4,AT17,Albany Mesic Thicket,MesicThicket,3,2,severe,1,moderate,AT17_severe,25.980913,-33.577646
3645,new,4,AT17,Albany Mesic Thicket,MesicThicket,3,2,severe,2,severe,AT17_severe,26.358847,-33.672428
3646,new,4,AT17,Albany Mesic Thicket,MesicThicket,3,2,severe,-1,transformed,AT17_severe,26.531524,-33.626862
3647,new,4,AT17,Albany Mesic Thicket,MesicThicket,3,2,severe,2,severe,AT17_severe,25.785724,-33.298729
3648,new,4,AT17,Albany Mesic Thicket,MesicThicket,3,-1,transformed,-1,transformed,AT17_transformed,26.599341,-33.630934
3649,new,4,AT17,Albany Mesic Thicket,MesicThicket,3,-1,transformed,-1,transformed,AT17_transformed,26.330979,-33.654232
3650,new,4,AT17,Albany Mesic Thicket,MesicThicket,3,-1,transformed,-1,transformed,AT17_transformed,26.629449,-33.542849
3651,new,4,AT17,Albany Mesic Thicket,MesicThicket,3,-1,transformed,-1,transformed,AT17_transformed,26.679667,-33.329793
3652,new,4,AT17,Albany Mesic Thicket,MesicThicket,3,-1,transformed,-1,transformed,AT17_transformed,26.372846,-33.685631
3653,new,4,AT17,Albany Mesic Thicket,MesicThicket,3,-1,transformed,-1,transformed,AT17_transformed,26.39641,-33.687194
3654,new,4,AT17,Albany Mesic Thicket,MesicThicket,3,-1,transformed,-1,transformed,AT17_transformed,26.938266,-33.485009
3655,new,4,AT17,Albany Mesic Thicket,MesicThicket,3,-1,transformed,-1,transformed,AT17_transformed,26.971177,-33.488288
3656,new,4,AT17,Albany Mesic Thicket,MesicThicket,3,-1,transformed,-1,transformed,AT17_transformed,25.977189,-33.59526
3657,new,4,AT17,Albany Mesic Thicket,MesicThicket,3,-1,transformed,-1,transformed,AT17_transformed,25.873591,-33.559647
3658,new,4,AT17,Albany Mesic Thicket,MesicThicket,3,-1,transformed,-1,transformed,AT17_transformed,26.673153,-33.580624
3659,new,4,AT17,Albany Mesic Thicket,MesicThicket,3,-1,transformed,-1,transformed,AT17_transformed,26.714174,-33.602056
3660,new,4,AT17,Albany Mesic Thicket,MesicThicket,3,-1,transformed,-1,transformed,AT17_transformed,26.926956,-33.477942
3661,new,4,AT17,Albany Mesic Thicket,MesicThicket,3,-1,transformed,-1,transformed,AT17_transformed,26.81658,-33.504038
3662,new,4,AT17,Albany Mesic Thicket,MesicThicket,3,-1,transformed,-1,transformed,AT17_transformed,26.32654,-33.415459
3663,new,4,AT17,Albany Mesic Thicket,MesicThicket,3,-1,transformed,-1,transformed,AT17_transformed,26.8267,-33.528489
3664,new,4,AT17,Albany Mesic Thicket,MesicThicket,3,-1,transformed,-1,transformed,AT17_transformed,26.526134,-33.579431
3665,new,4,AT18,Albany Valley Thicket,ValleyThicket,2,0,intact,0,intact,AT18_intact,26.297284,-33.510423
3666,new,4,AT18,Albany Valley Thicket,ValleyThicket,2,0,intact,0,intact,AT18_intact,26.074093,-33.444738
3667,new,4,AT18,Albany Valley Thicket,ValleyThicket,2,0,intact,0,intact,AT18_intact,26.718801,-33.369514
3668,new,4,AT18,Albany Valley Thicket,ValleyThicket,2,0,intact,0,intact,AT18_intact,26.022453,-33.350856
3669,new,4,AT18,Albany Valley Thicket,ValleyThicket,2,0,intact,0,intact,AT18_intact,26.070116,-33.326154
3670,new,4,AT18,Albany Valley Thicket,ValleyThicket,2,0,intact,0,intact,AT18_intact,26.07383,-33.477017
3671,new,4,AT18,Albany Valley Thicket,ValleyThicket,2,0,intact,0,intact,AT18_intact,26.496226,-33.233707
3672,new,4,AT18,Albany Valley Thicket,ValleyThicket,2,0,intact,0,intact,AT18_intact,25.745092,-33.307278
3673,new,4,AT18,Albany Valley Thicket,ValleyThicket,2,0,intact,0,intact,AT18_intact,26.714645,-33.525317
3674,new,4,AT18,Albany Valley Thicket,ValleyThicket,2,0,intact,0,intact,AT18_intact,26.257598,-33.264968
3675,new,4,AT18,Albany Valley Thicket,ValleyThicket,2,0,intact,-1,transformed,AT18_intact,25.93758,-33.374669
3676,new,4,AT18,Albany Valley Thicket,ValleyThicket,2,0,intact,0,intact,AT18_intact,26.394036,-33.553065
3677,new,4,AT18,Albany Valley Thicket,ValleyThicket,2,0,intact,0,intact,AT18_intact,26.901226,-33.369335
3678,new,4,AT18,Albany Valley Thicket,ValleyThicket,2,0,intact,0,intact,AT18_intact,26.077294,-33.464976
3679,new,4,AT18,Albany Valley Thicket,ValleyThicket,2,0,intact,0,intact,AT18_intact,26.874446,-33.352408
3680,new,4,AT18,Albany Valley Thicket,ValleyThicket,2,0,intact,0,intact,AT18_intact,26.283974,-33.501294
3681,new,4,AT18,Albany Valley Thicket,ValleyThicket,2,0,intact,0,intact,AT18_intact,26.709696,-33.397689
3682,new,4,AT18,Albany Valley Thicket,ValleyThicket,2,0,intact,0,intact,AT18_intact,26.651357,-33.388862
3683,new,4,AT18,Albany Valley Thicket,ValleyThicket,2,0,intact,0,intact,AT18_intact,25.883156,-33.595854
3684,new,4,AT18,Albany Valley Thicket,ValleyThicket,2,0,intact,0,intact,AT18_intact,26.338944,-33.533132
3685,new,4,AT18,Albany Valley Thicket,ValleyThicket,2,0,intact,0,intact,AT18_intact,26.081878,-33.476998
3686,new,4,AT18,Albany Valley Thicket,ValleyThicket,2,0,intact,0,intact,AT18_intact,26.042235,-33.205697
3687,new,4,AT18,Albany Valley Thicket,ValleyThicket,2,0,intact,0,intact,AT18_intact,26.336536,-33.177272
3688,new,4,AT18,Albany Valley Thicket,ValleyThicket,2,0,intact,0,intact,AT18_intact,26.027104,-33.414206
3689,new,4,AT18,Albany Valley Thicket,ValleyThicket,2,0,intact,0,intact,AT18_intact,27.053188,-33.467825
3690,new,4,AT18,Albany Valley Thicket,ValleyThicket,2,0,intact,0,intact,AT18_intact,26.788898,-33.293857
3691,new,4,AT18,Albany Valley Thicket,ValleyThicket,2,0,intact,0,intact,AT18_intact,26.774337,-33.414194
3692,new,4,AT18,Albany Valley Thicket,ValleyThicket,2,0,intact,0,intact,AT18_intact,26.807962,-33.463277
3693,new,4,AT18,Albany Valley Thicket,ValleyThicket,2,1,moderate,1,moderate,AT18_moderate,26.215734,-33.183026
3694,new,4,AT18,Albany Valley Thicket,ValleyThicket,2,1,moderate,1,moderate,AT18_moderate,26.286888,-33.182656
3695,new,4,AT18,Albany Valley Thicket,ValleyThicket,2,1,moderate,1,moderate,AT18_moderate,25.735939,-33.294427
3696,new,4,AT18,Albany Valley Thicket,ValleyThicket,2,1,moderate,2,severe,AT18_moderate,25.606903,-33.205255
3697,new,4,AT18,Albany Valley Thicket,ValleyThicket,2,1,moderate,1,moderate,AT18_moderate,25.750182,-33.311309
3698,new,4,AT18,Albany Valley Thicket,ValleyThicket,2,1,moderate,1,moderate,AT18_moderate,26.076072,-33.398123
3699,new,4,AT18,Albany Valley Thicket,ValleyThicket,2,1,moderate,0,intact,AT18_moderate,26.216133,-33.159335
3700,new,4,AT18,Albany Valley Thicket,ValleyThicket,2,1,moderate,0,intact,AT18_moderate,26.124681,-33.207833
3701,new,4,AT18,Albany Valley Thicket,ValleyThicket,2,1,moderate,1,moderate,AT18_moderate,25.952494,-33.12143
3702,new,4,AT18,Albany Valley Thicket,ValleyThicket,2,1,moderate,1,moderate,AT18_moderate,25.920588,-33.114973
3703,new,4,AT18,Albany Valley Thicket,ValleyThicket,2,1,moderate,1,moderate,AT18_moderate,26.07354,-33.138684
3704,new,4,AT18,Albany Valley Thicket,ValleyThicket,2,1,moderate,1,moderate,AT18_moderate,25.742888,-33.250616
3705,new,4,AT18,Albany Valley Thicket,ValleyThicket,2,2,severe,2,severe,AT18_severe,25.560223,-33.193024
3706,new,4,AT18,Albany Valley Thicket,ValleyThicket,2,2,severe,2,severe,AT18_severe,25.666381,-33.133794
3707,new,4,AT18,Albany Valley Thicket,ValleyThicket,2,2,severe,2,severe,AT18_severe,26.125839,-33.174381
3708,new,4,AT18,Albany Valley Thicket,ValleyThicket,2,2,severe,2,severe,AT18_severe,26.249194,-33.146767
3709,new,4,AT18,Albany Valley Thicket,ValleyThicket,2,2,severe,1,moderate,AT18_severe,25.80036,-33.126308
3710,new,4,AT18,Albany Valley Thicket,ValleyThicket,2,2,severe,2,severe,AT18_severe,26.091187,-33.122623
3711,new,4,AT18,Albany Valley Thicket,ValleyThicket,2,2,severe,2,severe,AT18_severe,25.818352,-33.259613
3712,new,4,AT18,Albany Valley Thicket,ValleyThicket,2,2,severe,2,severe,AT18_severe,25.573598,-33.197748
3713,new,4,AT18,Albany Valley Thicket,ValleyThicket,2,2,severe,-1,transformed,AT18_severe,25.916034,-33.60049
3714,new,4,AT18,Albany Valley Thicket,ValleyThicket,2,2,severe,1,moderate,AT18_severe,26.152095,-33.175398
3715,new,4,AT18,Albany Valley Thicket,ValleyThicket,2,2,severe,2,severe,AT18_severe,25.824855,-33.239626
3716,new,4,AT18,Albany Valley Thicket,ValleyThicket,2,2,severe,2,severe,AT18_severe,26.179532,-33.126471
3717,new,4,AT18,Albany Valley Thicket,ValleyThicket,2,2,severe,2,severe,AT18_severe,26.40889,-33.191505
3718,new,4,AT18,Albany Valley Thicket,ValleyThicket,2,2,severe,1,moderate,AT18_severe,26.12957,-33.202735
3719,new,4,AT18,Albany Valley Thicket,ValleyThicket,2,2,severe,2,severe,AT18_severe,26.363383,-33.19194
3720,new,4,AT18,Albany Valley Thicket,ValleyThicket,2,2,severe,-1,transformed,AT18_severe,26.876019,-33.366196
3721,new,4,AT18,Albany Valley Thicket,ValleyThicket,2,-1,transformed,-1,transformed,AT18_transformed,25.861127,-33.341782
3722,new,4,AT18,Albany Valley Thicket,ValleyThicket,2,-1,transformed,-1,transformed,AT18_transformed,25.973972,-33.332603
3723,new,4,AT18,Albany Valley Thicket,ValleyThicket,2,-1,transformed,-1,transformed,AT18_transformed,26.710707,-33.377754
3724,new,4,AT18,Albany Valley Thicket,ValleyThicket,2,-1,transformed,-1,transformed,AT18_transformed,26.70045,-33.503231
3725,new,4,AT18,Albany Valley Thicket,ValleyThicket,2,-1,transformed,-1,transformed,AT18_transformed,26.75455,-33.41856
3726,new,4,AT18,Albany Valley Thicket,ValleyThicket,2,-1,transformed,-1,transformed,AT18_transformed,25.888019,-33.604132
3727,new,4,AT18,Albany Valley Thicket,ValleyThicket,2,-1,transformed,-1,transformed,AT18_transformed,26.341922,-33.529568
3728,new,4,AT18,Albany Valley Thicket,ValleyThicket,2,-1,transformed,-1,transformed,AT18_transformed,26.80771,-33.445537
3729,new,4,AT18,Albany Valley Thicket,ValleyThicket,2,-1,transformed,-1,transformed,AT18_transformed,26.18721,-33.122307
3730,new,4,AT18,Albany Valley Thicket,ValleyThicket,2,-1,transformed,-1,transformed,AT18_transformed,25.868672,-33.278179
3731,new,4,AT18,Albany Valley Thicket,ValleyThicket,2,-1,transformed,-1,transformed,AT18_transformed,25.951674,-33.394552
3732,new,4,AT18,Albany Valley Thicket,ValleyThicket,2,-1,transformed,-1,transformed,AT18_transformed,25.955565,-33.388228
3733,new,4,AT18,Albany Valley Thicket,ValleyThicket,2,-1,transformed,-1,transformed,AT18_transformed,25.935392,-33.35702
3734,new,4,AT18,Albany Valley Thicket,ValleyThicket,2,-1,transformed,-1,transformed,AT18_transformed,27.04516,-33.439682
3735,new,4,AT18,Albany Valley Thicket,ValleyThicket,2,-1,transformed,-1,transformed,AT18_transformed,25.992872,-33.357245
3736,new,4,AT19,Baviaans Valley Thicket,ValleyThicket,2,0,intact,0,intact,AT19_intact,24.768018,-33.315574
3737,new,4,AT19,Baviaans Valley Thicket,ValleyThicket,2,0,intact,0,intact,AT19_intact,23.636047,-33.722234
3738,new,4,AT19,Baviaans Valley Thicket,ValleyThicket,2,0,intact,0,intact,AT19_intact,24.33013,-33.655047
3739,new,4,AT19,Baviaans Valley Thicket,ValleyThicket,2,0,intact,0,intact,AT19_intact,23.950135,-33.15338
3740,new,4,AT19,Baviaans Valley Thicket,ValleyThicket,2,0,intact,0,intact,AT19_intact,24.109609,-33.786926
3741,new,4,AT19,Baviaans Valley Thicket,ValleyThicket,2,0,intact,0,intact,AT19_intact,24.362276,-33.218848
3742,new,4,AT19,Baviaans Valley Thicket,ValleyThicket,2,0,intact,0,intact,AT19_intact,25.172377,-33.314066
3743,new,4,AT19,Baviaans Valley Thicket,ValleyThicket,2,0,intact,1,moderate,AT19_intact,23.720113,-33.580811
3744,new,4,AT19,Baviaans Valley Thicket,ValleyThicket,2,0,intact,0,intact,AT19_intact,25.122928,-33.264158
3745,new,4,AT19,Baviaans Valley Thicket,ValleyThicket,2,0,intact,0,intact,AT19_intact,25.183989,-33.298793
3746,new,4,AT19,Baviaans Valley Thicket,ValleyThicket,2,0,intact,0,intact,AT19_intact,25.113433,-33.239724
3747,new,4,AT19,Baviaans Valley Thicket,ValleyThicket,2,0,intact,0,intact,AT19_intact,25.236621,-33.326622
3748,new,4,AT19,Baviaans Valley Thicket,ValleyThicket,2,0,intact,0,intact,AT19_intact,24.339737,-33.63911
3749,new,4,AT19,Baviaans Valley Thicket,ValleyThicket,2,0,intact,0,intact,AT19_intact,25.283,-33.298751
3750,new,4,AT19,Baviaans Valley Thicket,ValleyThicket,2,0,intact,0,intact,AT19_intact,25.206949,-33.242729
3751,new,4,AT19,Baviaans Valley Thicket,ValleyThicket,2,0,intact,0,intact,AT19_intact,24.407373,-33.687049
3752,new,4,AT19,Baviaans Valley Thicket,ValleyThicket,2,0,intact,0,intact,AT19_intact,23.976795,-33.529282
3753,new,4,AT19,Baviaans Valley Thicket,ValleyThicket,2,0,intact,0,intact,AT19_intact,23.864038,-33.105114
3754,new,4,AT19,Baviaans Valley Thicket,ValleyThicket,2,0,intact,0,intact,AT19_intact,24.332719,-33.651394
3755,new,4,AT19,Baviaans Valley Thicket,ValleyThicket,2,0,intact,0,intact,AT19_intact,25.046047,-33.328206
3756,new,4,AT19,Baviaans Valley Thicket,ValleyThicket,2,1,moderate,1,moderate,AT19_moderate,23.851693,-33.547653
3757,new,4,AT19,Baviaans Valley Thicket,ValleyThicket,2,1,moderate,0,intact,AT19_moderate,23.854053,-33.141112
3758,new,4,AT19,Baviaans Valley Thicket,ValleyThicket,2,1,moderate,1,moderate,AT19_moderate,23.801566,-33.119462
3759,new,4,AT19,Baviaans Valley Thicket,ValleyThicket,2,1,moderate,1,moderate,AT19_moderate,24.152533,-33.590776
3760,new,4,AT19,Baviaans Valley Thicket,ValleyThicket,2,1,moderate,1,moderate,AT19_moderate,24.162102,-33.575263
3761,new,4,AT19,Baviaans Valley Thicket,ValleyThicket,2,1,moderate,1,moderate,AT19_moderate,25.246436,-33.31503
3762,new,4,AT19,Baviaans Valley Thicket,ValleyThicket,2,1,moderate,1,moderate,AT19_moderate,24.403409,-33.6218
3763,new,4,AT19,Baviaans Valley Thicket,ValleyThicket,2,1,moderate,1,moderate,AT19_moderate,24.221417,-33.629179
3764,new,4,AT19,Baviaans Valley Thicket,ValleyThicket,2,1,moderate,0,intact,AT19_moderate,23.999405,-33.173739
3765,new,4,AT19,Baviaans Valley Thicket,ValleyThicket,2,1,moderate,1,moderate,AT19_moderate,23.837239,-33.14046
3766,new,4,AT19,Baviaans Valley Thicket,ValleyThicket,2,1,moderate,0,intact,AT19_moderate,24.234978,-33.625361
3767,new,4,AT19,Baviaans Valley Thicket,ValleyThicket,2,1,moderate,1,moderate,AT19_moderate,24.041596,-33.599581
3768,new,4,AT19,Baviaans Valley Thicket,ValleyThicket,2,1,moderate,0,intact,AT19_moderate,24.220841,-33.613675
3769,new,4,AT19,Baviaans Valley Thicket,ValleyThicket,2,1,moderate,1,moderate,AT19_moderate,25.234248,-33.585409
3770,new,4,AT19,Baviaans Valley Thicket,ValleyThicket,2,1,moderate,1,moderate,AT19_moderate,24.056881,-33.610813
3771,new,4,AT19,Baviaans Valley Thicket,ValleyThicket,2,1,moderate,1,moderate,AT19_moderate,24.251616,-33.666369
3772,new,4,AT19,Baviaans Valley Thicket,ValleyThicket,2,1,moderate,1,moderate,AT19_moderate,23.993687,-33.1825
3773,new,4,AT19,Baviaans Valley Thicket,ValleyThicket,2,1,moderate,1,moderate,AT19_moderate,24.029099,-33.77505
3774,new,4,AT19,Baviaans Valley Thicket,ValleyThicket,2,1,moderate,1,moderate,AT19_moderate,24.33686,-33.783564
3775,new,4,AT19,Baviaans Valley Thicket,ValleyThicket,2,1,moderate,2,severe,AT19_moderate,23.8185,-33.519842
3776,new,4,AT19,Baviaans Valley Thicket,ValleyThicket,2,1,moderate,1,moderate,AT19_moderate,23.809195,-33.082642
3777,new,4,AT19,Baviaans Valley Thicket,ValleyThicket,2,1,moderate,1,moderate,AT19_moderate,23.923538,-33.099014
3778,new,4,AT19,Baviaans Valley Thicket,ValleyThicket,2,1,moderate,1,moderate,AT19_moderate,23.871174,-33.106824
3779,new,4,AT19,Baviaans Valley Thicket,ValleyThicket,2,1,moderate,1,moderate,AT19_moderate,24.15114,-33.160279
3780,new,4,AT19,Baviaans Valley Thicket,ValleyThicket,2,1,moderate,1,moderate,AT19_moderate,24.116633,-33.612213
3781,new,4,AT19,Baviaans Valley Thicket,ValleyThicket,2,1,moderate,1,moderate,AT19_moderate,24.431362,-33.670844
3782,new,4,AT19,Baviaans Valley Thicket,ValleyThicket,2,1,moderate,-1,transformed,AT19_moderate,24.550767,-33.702817
3783,new,4,AT19,Baviaans Valley Thicket,ValleyThicket,2,1,moderate,1,moderate,AT19_moderate,24.288601,-33.635226
3784,new,4,AT19,Baviaans Valley Thicket,ValleyThicket,2,1,moderate,0,intact,AT19_moderate,25.342299,-33.264623
3785,new,4,AT19,Baviaans Valley Thicket,ValleyThicket,2,1,moderate,0,intact,AT19_moderate,24.074116,-33.542035
3786,new,4,AT19,Baviaans Valley Thicket,ValleyThicket,2,1,moderate,1,moderate,AT19_moderate,23.367125,-33.223114
3787,new,4,AT19,Baviaans Valley Thicket,ValleyThicket,2,1,moderate,1,moderate,AT19_moderate,24.292327,-33.633626
3788,new,4,AT19,Baviaans Valley Thicket,ValleyThicket,2,2,severe,2,severe,AT19_severe,25.100424,-33.332616
3789,new,4,AT19,Baviaans Valley Thicket,ValleyThicket,2,2,severe,2,severe,AT19_severe,23.697609,-33.46932
3790,new,4,AT19,Baviaans Valley Thicket,ValleyThicket,2,2,severe,2,severe,AT19_severe,25.00175,-33.252144
3791,new,4,AT19,Baviaans Valley Thicket,ValleyThicket,2,2,severe,1,moderate,AT19_severe,23.706151,-33.471085
3792,new,4,AT19,Baviaans Valley Thicket,ValleyThicket,2,2,severe,2,severe,AT19_severe,24.637723,-33.355368
3793,new,4,AT19,Baviaans Valley Thicket,ValleyThicket,2,2,severe,1,moderate,AT19_severe,24.105484,-33.185763
3794,new,4,AT19,Baviaans Valley Thicket,ValleyThicket,2,2,severe,1,moderate,AT19_severe,24.168342,-33.183248
3795,new,4,AT19,Baviaans Valley Thicket,ValleyThicket,2,2,severe,2,severe,AT19_severe,24.782237,-33.524858
3796,new,4,AT19,Baviaans Valley Thicket,ValleyThicket,2,2,severe,2,severe,AT19_severe,23.49986,-33.166377
3797,new,4,AT19,Baviaans Valley Thicket,ValleyThicket,2,2,severe,2,severe,AT19_severe,23.893153,-33.580085
3798,new,4,AT19,Baviaans Valley Thicket,ValleyThicket,2,2,severe,2,severe,AT19_severe,25.06345,-33.347382
3799,new,4,AT19,Baviaans Valley Thicket,ValleyThicket,2,2,severe,1,moderate,AT19_severe,24.145243,-33.189515
3800,new,4,AT19,Baviaans Valley Thicket,ValleyThicket,2,2,severe,2,severe,AT19_severe,25.031148,-33.562724
3801,new,4,AT19,Baviaans Valley Thicket,ValleyThicket,2,2,severe,2,severe,AT19_severe,24.55198,-33.385689
3802,new,4,AT19,Baviaans Valley Thicket,ValleyThicket,2,2,severe,1,moderate,AT19_severe,23.407425,-33.185546
3803,new,4,AT19,Baviaans Valley Thicket,ValleyThicket,2,2,severe,1,moderate,AT19_severe,24.647398,-33.394988
3804,new,4,AT19,Baviaans Valley Thicket,ValleyThicket,2,-1,transformed,-1,transformed,AT19_transformed,24.005121,-33.547552
3805,new,4,AT21,Buffels Mesic Thicket,MesicThicket,3,0,intact,0,intact,AT21_intact,27.589002,-32.730044
3806,new,4,AT21,Buffels Mesic Thicket,MesicThicket,3,0,intact,0,intact,AT21_intact,27.736957,-32.703527
3807,new,4,AT21,Buffels Mesic Thicket,MesicThicket,3,0,intact,0,intact,AT21_intact,27.603316,-32.992708
3808,new,4,AT21,Buffels Mesic Thicket,MesicThicket,3,0,intact,0,intact,AT21_intact,27.66286,-32.998599
3809,new,4,AT21,Buffels Mesic Thicket,MesicThicket,3,0,intact,1,moderate,AT21_intact,27.995878,-32.801564
3810,new,4,AT21,Buffels Mesic Thicket,MesicThicket,3,0,intact,0,intact,AT21_intact,27.871433,-32.954324
3811,new,4,AT21,Buffels Mesic Thicket,MesicThicket,3,0,intact,0,intact,AT21_intact,27.665906,-32.83499
3812,new,4,AT21,Buffels Mesic Thicket,MesicThicket,3,0,intact,0,intact,AT21_intact,27.703785,-32.850631
3813,new,4,AT21,Buffels Mesic Thicket,MesicThicket,3,0,intact,0,intact,AT21_intact,28.245953,-32.609957
3814,new,4,AT21,Buffels Mesic Thicket,MesicThicket,3,0,intact,0,intact,AT21_intact,27.695045,-32.898704
3815,new,4,AT21,Buffels Mesic Thicket,MesicThicket,3,0,intact,0,intact,AT21_intact,27.606176,-32.990277
3816,new,4,AT21,Buffels Mesic Thicket,MesicThicket,3,0,intact,0,intact,AT21_intact,27.667549,-33.003202
3817,new,4,AT21,Buffels Mesic Thicket,MesicThicket,3,0,intact,0,intact,AT21_intact,27.738817,-32.895819
3818,new,4,AT21,Buffels Mesic Thicket,MesicThicket,3,0,intact,0,intact,AT21_intact,27.673402,-32.996005
3819,new,4,AT21,Buffels Mesic Thicket,MesicThicket,3,0,intact,0,intact,AT21_intact,27.735064,-32.861952
3820,new,4,AT21,Buffels Mesic Thicket,MesicThicket,3,0,intact,0,intact,AT21_intact,27.930155,-32.713755
3821,new,4,AT21,Buffels Mesic Thicket,MesicThicket,3,0,intact,0,intact,AT21_intact,27.630356,-32.995021
3822,new,4,AT21,Buffels Mesic Thicket,MesicThicket,3,0,intact,0,intact,AT21_intact,27.663902,-33.000373
3823,new,4,AT21,Buffels Mesic Thicket,MesicThicket,3,0,intact,1,moderate,AT21_intact,27.656261,-32.82901
3824,new,4,AT21,Buffels Mesic Thicket,MesicThicket,3,0,intact,0,intact,AT21_intact,27.753718,-32.988101
3825,new,4,AT21,Buffels Mesic Thicket,MesicThicket,3,0,intact,0,intact,AT21_intact,27.694427,-32.853371
3826,new,4,AT21,Buffels Mesic Thicket,MesicThicket,3,0,intact,0,intact,AT21_intact,27.915923,-32.826806
3827,new,4,AT21,Buffels Mesic Thicket,MesicThicket,3,0,intact,0,intact,AT21_intact,28.293795,-32.632832
3828,new,4,AT21,Buffels Mesic Thicket,MesicThicket,3,0,intact,0,intact,AT21_intact,27.709735,-32.998327
3829,new,4,AT21,Buffels Mesic Thicket,MesicThicket,3,0,intact,0,intact,AT21_intact,27.59876,-32.735519
3830,new,4,AT21,Buffels Mesic Thicket,MesicThicket,3,0,intact,0,intact,AT21_intact,27.791825,-32.769322
3831,new,4,AT21,Buffels Mesic Thicket,MesicThicket,3,0,intact,0,intact,AT21_intact,27.994324,-32.778092
3832,new,4,AT21,Buffels Mesic Thicket,MesicThicket,3,0,intact,0,intact,AT21_intact,27.902704,-32.648098
3833,new,4,AT21,Buffels Mesic Thicket,MesicThicket,3,0,intact,0,intact,AT21_intact,27.861028,-32.628218
3834,new,4,AT21,Buffels Mesic Thicket,MesicThicket,3,0,intact,0,intact,AT21_intact,27.789929,-32.766696
3835,new,4,AT21,Buffels Mesic Thicket,MesicThicket,3,0,intact,0,intact,AT21_intact,27.918892,-32.688686
3836,new,4,AT21,Buffels Mesic Thicket,MesicThicket,3,0,intact,0,intact,AT21_intact,27.901911,-32.958527
3837,new,4,AT21,Buffels Mesic Thicket,MesicThicket,3,0,intact,0,intact,AT21_intact,27.76144,-32.706064
3838,new,4,AT21,Buffels Mesic Thicket,MesicThicket,3,0,intact,1,moderate,AT21_intact,27.637982,-32.993639
3839,new,4,AT21,Buffels Mesic Thicket,MesicThicket,3,0,intact,0,intact,AT21_intact,27.792718,-32.769492
3840,new,4,AT21,Buffels Mesic Thicket,MesicThicket,3,0,intact,0,intact,AT21_intact,27.749157,-32.688066
3841,new,4,AT21,Buffels Mesic Thicket,MesicThicket,3,0,intact,0,intact,AT21_intact,27.812203,-32.727193
3842,new,4,AT21,Buffels Mesic Thicket,MesicThicket,3,0,intact,0,intact,AT21_intact,27.821836,-32.817624
3843,new,4,AT21,Buffels Mesic Thicket,MesicThicket,3,0,intact,0,intact,AT21_intact,27.805655,-32.78347
3844,new,4,AT21,Buffels Mesic Thicket,MesicThicket,3,0,intact,0,intact,AT21_intact,28.007912,-32.805563
3845,new,4,AT21,Buffels Mesic Thicket,MesicThicket,3,0,intact,0,intact,AT21_intact,27.802753,-32.889357
3846,new,4,AT21,Buffels Mesic Thicket,MesicThicket,3,0,intact,0,intact,AT21_intact,27.665287,-33.001386
3847,new,4,AT21,Buffels Mesic Thicket,MesicThicket,3,0,intact,0,intact,AT21_intact,27.779781,-32.860234
3848,new,4,AT21,Buffels Mesic Thicket,MesicThicket,3,0,intact,0,intact,AT21_intact,27.665109,-32.83601
3849,new,4,AT21,Buffels Mesic Thicket,MesicThicket,3,1,moderate,1,moderate,AT21_moderate,27.910023,-32.627002
3850,new,4,AT21,Buffels Mesic Thicket,MesicThicket,3,1,moderate,0,intact,AT21_moderate,27.834947,-32.785454
3851,new,4,AT21,Buffels Mesic Thicket,MesicThicket,3,1,moderate,1,moderate,AT21_moderate,27.827637,-32.821897
3852,new,4,AT21,Buffels Mesic Thicket,MesicThicket,3,1,moderate,1,moderate,AT21_moderate,27.658473,-32.974252
3853,new,4,AT21,Buffels Mesic Thicket,MesicThicket,3,1,moderate,1,moderate,AT21_moderate,27.908168,-32.958655
3854,new,4,AT21,Buffels Mesic Thicket,MesicThicket,3,1,moderate,0,intact,AT21_moderate,27.692875,-32.983263
3855,new,4,AT21,Buffels Mesic Thicket,MesicThicket,3,1,moderate,1,moderate,AT21_moderate,27.922319,-32.711791
3856,new,4,AT21,Buffels Mesic Thicket,MesicThicket,3,1,moderate,1,moderate,AT21_moderate,27.937645,-32.674349
3857,new,4,AT21,Buffels Mesic Thicket,MesicThicket,3,1,moderate,0,intact,AT21_moderate,28.024313,-32.857798
3858,new,4,AT21,Buffels Mesic Thicket,MesicThicket,3,1,moderate,2,severe,AT21_moderate,27.637859,-32.991598
3859,new,4,AT21,Buffels Mesic Thicket,MesicThicket,3,1,moderate,2,severe,AT21_moderate,27.985901,-32.751601
3860,new,4,AT21,Buffels Mesic Thicket,MesicThicket,3,1,moderate,1,moderate,AT21_moderate,28.218187,-32.583028
3861,new,4,AT21,Buffels Mesic Thicket,MesicThicket,3,1,moderate,0,intact,AT21_moderate,27.752629,-32.982182
3862,new,4,AT21,Buffels Mesic Thicket,MesicThicket,3,1,moderate,-1,transformed,AT21_moderate,27.762367,-32.87499
3863,new,4,AT21,Buffels Mesic Thicket,MesicThicket,3,1,moderate,1,moderate,AT21_moderate,27.751676,-32.97127
3864,new,4,AT21,Buffels Mesic Thicket,MesicThicket,3,1,moderate,1,moderate,AT21_moderate,27.637942,-32.995477
3865,new,4,AT21,Buffels Mesic Thicket,MesicThicket,3,-1,transformed,-1,transformed,AT21_transformed,27.782498,-32.983937
3866,new,4,AT21,Buffels Mesic Thicket,MesicThicket,3,-1,transformed,-1,transformed,AT21_transformed,27.729651,-32.853181
3867,new,4,AT21,Buffels Mesic Thicket,MesicThicket,3,-1,transformed,-1,transformed,AT21_transformed,28.025964,-32.853388
3868,new,4,AT21,Buffels Mesic Thicket,MesicThicket,3,-1,transformed,-1,transformed,AT21_transformed,27.754774,-32.897373
3869,new,4,AT21,Buffels Mesic Thicket,MesicThicket,3,-1,transformed,-1,transformed,AT21_transformed,27.827759,-32.781643
3870,new,4,AT21,Buffels Mesic Thicket,MesicThicket,3,-1,transformed,-1,transformed,AT21_transformed,27.665866,-32.967852
3871,new,4,AT21,Buffels Mesic Thicket,MesicThicket,3,-1,transformed,-1,transformed,AT21_transformed,27.647772,-32.970885
3872,new,4,AT21,Buffels Mesic Thicket,MesicThicket,3,-1,transformed,-1,transformed,AT21_transformed,27.645729,-32.974688
3873,new,4,AT22,Buffels Valley Thicket,ValleyThicket,2,0,intact,0,intact,AT22_intact,27.454284,-32.881651
3874,new,4,AT22,Buffels Valley Thicket,ValleyThicket,2,0,intact,0,intact,AT22_intact,27.37324,-32.773827
3875,new,4,AT22,Buffels Valley Thicket,ValleyThicket,2,0,intact,-1,transformed,AT22_intact,27.179951,-32.743348
3876,new,4,AT22,Buffels Valley Thicket,ValleyThicket,2,0,intact,0,intact,AT22_intact,27.525314,-32.968873
3877,new,4,AT22,Buffels Valley Thicket,ValleyThicket,2,0,intact,-1,transformed,AT22_intact,27.196179,-32.666181
3878,new,4,AT22,Buffels Valley Thicket,ValleyThicket,2,0,intact,0,intact,AT22_intact,27.481895,-32.945843
3879,new,4,AT22,Buffels Valley Thicket,ValleyThicket,2,0,intact,0,intact,AT22_intact,27.123561,-32.71068
3880,new,4,AT22,Buffels Valley Thicket,ValleyThicket,2,0,intact,0,intact,AT22_intact,27.48551,-32.955344
3881,new,4,AT22,Buffels Valley Thicket,ValleyThicket,2,1,moderate,1,moderate,AT22_moderate,27.093082,-32.753875
3882,new,4,AT22,Buffels Valley Thicket,ValleyThicket,2,1,moderate,1,moderate,AT22_moderate,27.057353,-32.775794
3883,new,4,AT22,Buffels Valley Thicket,ValleyThicket,2,1,moderate,1,moderate,AT22_moderate,27.116943,-32.680418
3884,new,4,AT22,Buffels Valley Thicket,ValleyThicket,2,1,moderate,-1,transformed,AT22_moderate,27.039852,-32.759983
3885,new,4,AT22,Buffels Valley Thicket,ValleyThicket,2,1,moderate,1,moderate,AT22_moderate,27.474194,-32.95974
3886,new,4,AT22,Buffels Valley Thicket,ValleyThicket,2,1,moderate,-1,transformed,AT22_moderate,27.207408,-32.668015
3887,new,4,AT22,Buffels Valley Thicket,ValleyThicket,2,1,moderate,1,moderate,AT22_moderate,27.044803,-32.761957
3888,new,4,AT22,Buffels Valley Thicket,ValleyThicket,2,1,moderate,1,moderate,AT22_moderate,27.443265,-32.875596
3889,new,4,AT22,Buffels Valley Thicket,ValleyThicket,2,1,moderate,1,moderate,AT22_moderate,27.407283,-32.932876
3890,new,4,AT22,Buffels Valley Thicket,ValleyThicket,2,1,moderate,1,moderate,AT22_moderate,27.366536,-32.79471
3891,new,4,AT22,Buffels Valley Thicket,ValleyThicket,2,1,moderate,1,moderate,AT22_moderate,27.391582,-32.856894
3892,new,4,AT22,Buffels Valley Thicket,ValleyThicket,2,1,moderate,1,moderate,AT22_moderate,27.470687,-32.942848
3893,new,4,AT22,Buffels Valley Thicket,ValleyThicket,2,1,moderate,1,moderate,AT22_moderate,27.469386,-32.947325
3894,new,4,AT22,Buffels Valley Thicket,ValleyThicket,2,1,moderate,-1,transformed,AT22_moderate,27.069187,-32.775126
3895,new,4,AT22,Buffels Valley Thicket,ValleyThicket,2,1,moderate,1,moderate,AT22_moderate,27.174325,-32.675346
3896,new,4,AT22,Buffels Valley Thicket,ValleyThicket,2,1,moderate,1,moderate,AT22_moderate,27.474555,-32.949699
3897,new,4,AT22,Buffels Valley Thicket,ValleyThicket,2,2,severe,2,severe,AT22_severe,27.388902,-32.841602
3898,new,4,AT22,Buffels Valley Thicket,ValleyThicket,2,2,severe,-1,transformed,AT22_severe,27.051049,-32.76663
3899,new,4,AT22,Buffels Valley Thicket,ValleyThicket,2,2,severe,2,severe,AT22_severe,27.180163,-32.740617
3900,new,4,AT22,Buffels Valley Thicket,ValleyThicket,2,2,severe,1,moderate,AT22_severe,27.155664,-32.745766
3901,new,4,AT22,Buffels Valley Thicket,ValleyThicket,2,-1,transformed,-1,transformed,AT22_transformed,27.059607,-32.766132
3902,new,4,AT22,Buffels Valley Thicket,ValleyThicket,2,-1,transformed,-1,transformed,AT22_transformed,27.461233,-32.958665
3903,new,4,AT22,Buffels Valley Thicket,ValleyThicket,2,-1,transformed,-1,transformed,AT22_transformed,27.188101,-32.674477
3904,new,4,AT22,Buffels Valley Thicket,ValleyThicket,2,-1,transformed,-1,transformed,AT22_transformed,27.171374,-32.666273
3905,new,4,AT22,Buffels Valley Thicket,ValleyThicket,2,-1,transformed,-1,transformed,AT22_transformed,27.374641,-32.816433
3906,new,4,AT22,Buffels Valley Thicket,ValleyThicket,2,-1,transformed,-1,transformed,AT22_transformed,27.385446,-32.822664
3907,new,4,AT22,Buffels Valley Thicket,ValleyThicket,2,-1,transformed,-1,transformed,AT22_transformed,27.183151,-32.745756
3908,new,4,AT22,Buffels Valley Thicket,ValleyThicket,2,-1,transformed,-1,transformed,AT22_transformed,27.173956,-32.70592
3909,new,4,AT22,Buffels Valley Thicket,ValleyThicket,2,-1,transformed,-1,transformed,AT22_transformed,27.382719,-32.891065
3910,new,4,AT22,Buffels Valley Thicket,ValleyThicket,2,-1,transformed,-1,transformed,AT22_transformed,27.459163,-32.906547
3911,new,4,AT22,Buffels Valley Thicket,ValleyThicket,2,-1,transformed,-1,transformed,AT22_transformed,27.115736,-32.643688
3912,new,4,AT22,Buffels Valley Thicket,ValleyThicket,2,-1,transformed,-1,transformed,AT22_transformed,27.132281,-32.703069
3913,new,4,AT22,Buffels Valley Thicket,ValleyThicket,2,-1,transformed,-1,transformed,AT22_transformed,27.370015,-32.808382
3914,new,4,AT22,Buffels Valley Thicket,ValleyThicket,2,-1,transformed,-1,transformed,AT22_transformed,27.374249,-32.823253
3915,new,4,AT27,Escarpment Arid Thicket,AridThicket,1,1,moderate,1,moderate,AT27_moderate,24.639995,-32.332798
3916,new,4,AT27,Escarpment Arid Thicket,AridThicket,1,1,moderate,2,severe,AT27_moderate,24.662972,-32.215751
3917,new,4,AT27,Escarpment Arid Thicket,AridThicket,1,1,moderate,2,severe,AT27_moderate,25.265903,-32.730006
3918,new,4,AT27,Escarpment Arid Thicket,AridThicket,1,1,moderate,1,moderate,AT27_moderate,24.229949,-32.315188
3919,new,4,AT27,Escarpment Arid Thicket,AridThicket,1,1,moderate,1,moderate,AT27_moderate,25.880912,-32.278285
3920,new,4,AT27,Escarpment Arid Thicket,AridThicket,1,1,moderate,1,moderate,AT27_moderate,24.706727,-32.427226
3921,new,4,AT27,Escarpment Arid Thicket,AridThicket,1,1,moderate,1,moderate,AT27_moderate,24.594793,-32.251254
3922,new,4,AT27,Escarpment Arid Thicket,AridThicket,1,1,moderate,1,moderate,AT27_moderate,24.376341,-32.406701
3923,new,4,AT27,Escarpment Arid Thicket,AridThicket,1,1,moderate,1,moderate,AT27_moderate,24.208997,-32.342171
3924,new,4,AT27,Escarpment Arid Thicket,AridThicket,1,1,moderate,1,moderate,AT27_moderate,24.459628,-32.112709
3925,new,4,AT27,Escarpment Arid Thicket,AridThicket,1,1,moderate,2,severe,AT27_moderate,24.601544,-32.256145
3926,new,4,AT27,Escarpment Arid Thicket,AridThicket,1,1,moderate,1,moderate,AT27_moderate,24.519804,-32.240683
3927,new,4,AT27,Escarpment Arid Thicket,AridThicket,1,1,moderate,1,moderate,AT27_moderate,24.563146,-32.109576
3928,new,4,AT27,Escarpment Arid Thicket,AridThicket,1,1,moderate,1,moderate,AT27_moderate,24.719508,-32.108834
3929,new,4,AT27,Escarpment Arid Thicket,AridThicket,1,1,moderate,1,moderate,AT27_moderate,24.587334,-32.147548
3930,new,4,AT27,Escarpment Arid Thicket,AridThicket,1,1,moderate,1,moderate,AT27_moderate,24.252878,-32.22502
3931,new,4,AT27,Escarpment Arid Thicket,AridThicket,1,1,moderate,2,severe,AT27_moderate,23.72686,-32.971882
3932,new,4,AT27,Escarpment Arid Thicket,AridThicket,1,1,moderate,1,moderate,AT27_moderate,24.418191,-32.121859
3933,new,4,AT27,Escarpment Arid Thicket,AridThicket,1,1,moderate,1,moderate,AT27_moderate,25.790939,-32.423937
3934,new,4,AT27,Escarpment Arid Thicket,AridThicket,1,1,moderate,1,moderate,AT27_moderate,25.274452,-32.762032
3935,new,4,AT27,Escarpment Arid Thicket,AridThicket,1,1,moderate,1,moderate,AT27_moderate,25.274144,-32.727712
3936,new,4,AT27,Escarpment Arid Thicket,AridThicket,1,1,moderate,1,moderate,AT27_moderate,24.20169,-32.349703
3937,new,4,AT27,Escarpment Arid Thicket,AridThicket,1,1,moderate,1,moderate,AT27_moderate,24.210927,-32.267305
3938,new,4,AT27,Escarpment Arid Thicket,AridThicket,1,1,moderate,1,moderate,AT27_moderate,24.020676,-32.259811
3939,new,4,AT27,Escarpment Arid Thicket,AridThicket,1,1,moderate,1,moderate,AT27_moderate,23.684302,-32.943526
3940,new,4,AT27,Escarpment Arid Thicket,AridThicket,1,1,moderate,2,severe,AT27_moderate,25.771466,-32.243579
3941,new,4,AT27,Escarpment Arid Thicket,AridThicket,1,1,moderate,1,moderate,AT27_moderate,24.723427,-32.301926
3942,new,4,AT27,Escarpment Arid Thicket,AridThicket,1,1,moderate,1,moderate,AT27_moderate,24.391635,-32.212638
3943,new,4,AT27,Escarpment Arid Thicket,AridThicket,1,1,moderate,1,moderate,AT27_moderate,24.348426,-32.544961
3944,new,4,AT27,Escarpment Arid Thicket,AridThicket,1,1,moderate,1,moderate,AT27_moderate,24.158187,-32.356827
3945,new,4,AT27,Escarpment Arid Thicket,AridThicket,1,1,moderate,1,moderate,AT27_moderate,24.619186,-32.286137
3946,new,4,AT27,Escarpment Arid Thicket,AridThicket,1,1,moderate,1,moderate,AT27_moderate,23.705926,-32.946774
3947,new,4,AT27,Escarpment Arid Thicket,AridThicket,1,1,moderate,1,moderate,AT27_moderate,24.681371,-32.313698
3948,new,4,AT27,Escarpment Arid Thicket,AridThicket,1,1,moderate,2,severe,AT27_moderate,25.829858,-32.37295
3949,new,4,AT27,Escarpment Arid Thicket,AridThicket,1,1,moderate,1,moderate,AT27_moderate,25.665521,-32.355787
3950,new,4,AT27,Escarpment Arid Thicket,AridThicket,1,1,moderate,1,moderate,AT27_moderate,24.559468,-32.236599
3951,new,4,AT27,Escarpment Arid Thicket,AridThicket,1,2,severe,2,severe,AT27_severe,24.292018,-32.490965
3952,new,4,AT27,Escarpment Arid Thicket,AridThicket,1,2,severe,2,severe,AT27_severe,24.602387,-32.138494
3953,new,4,AT27,Escarpment Arid Thicket,AridThicket,1,2,severe,2,severe,AT27_severe,24.6883,-32.191126
3954,new,4,AT27,Escarpment Arid Thicket,AridThicket,1,2,severe,2,severe,AT27_severe,24.665059,-32.393986
3955,new,4,AT27,Escarpment Arid Thicket,AridThicket,1,2,severe,2,severe,AT27_severe,24.415475,-32.501666
3956,new,4,AT27,Escarpment Arid Thicket,AridThicket,1,2,severe,2,severe,AT27_severe,25.911429,-32.237348
3957,new,4,AT27,Escarpment Arid Thicket,AridThicket,1,2,severe,2,severe,AT27_severe,25.227897,-32.690611
3958,new,4,AT27,Escarpment Arid Thicket,AridThicket,1,2,severe,2,severe,AT27_severe,25.842512,-32.337597
3959,new,4,AT27,Escarpment Arid Thicket,AridThicket,1,2,severe,1,moderate,AT27_severe,25.515356,-32.157073
3960,new,4,AT27,Escarpment Arid Thicket,AridThicket,1,2,severe,2,severe,AT27_severe,24.419919,-32.162668
3961,new,4,AT27,Escarpment Arid Thicket,AridThicket,1,2,severe,2,severe,AT27_severe,25.240308,-32.712395
3962,new,4,AT27,Escarpment Arid Thicket,AridThicket,1,2,severe,2,severe,AT27_severe,25.245054,-32.761983
3963,new,4,AT27,Escarpment Arid Thicket,AridThicket,1,2,severe,2,severe,AT27_severe,24.671851,-32.40601
3964,new,4,AT27,Escarpment Arid Thicket,AridThicket,1,2,severe,2,severe,AT27_severe,24.425592,-32.483711
3965,new,4,AT27,Escarpment Arid Thicket,AridThicket,1,2,severe,2,severe,AT27_severe,24.261703,-32.348666
3966,new,4,AT27,Escarpment Arid Thicket,AridThicket,1,2,severe,2,severe,AT27_severe,25.731245,-32.170104
3967,new,4,AT27,Escarpment Arid Thicket,AridThicket,1,2,severe,2,severe,AT27_severe,24.569662,-32.122405
3968,new,4,AT27,Escarpment Arid Thicket,AridThicket,1,2,severe,1,moderate,AT27_severe,25.543784,-32.214154
3969,new,4,AT27,Escarpment Arid Thicket,AridThicket,1,2,severe,2,severe,AT27_severe,24.507721,-32.268523
3970,new,4,AT27,Escarpment Arid Thicket,AridThicket,1,2,severe,2,severe,AT27_severe,24.057741,-32.240135
3971,new,4,AT27,Escarpment Arid Thicket,AridThicket,1,2,severe,2,severe,AT27_severe,23.695409,-32.922843
3972,new,4,AT27,Escarpment Arid Thicket,AridThicket,1,2,severe,2,severe,AT27_severe,24.583483,-32.231691
3973,new,4,AT27,Escarpment Arid Thicket,AridThicket,1,2,severe,2,severe,AT27_severe,24.221477,-32.438592
3974,new,4,AT27,Escarpment Arid Thicket,AridThicket,1,2,severe,2,severe,AT27_severe,25.978063,-32.217186
3975,new,4,AT27,Escarpment Arid Thicket,AridThicket,1,2,severe,2,severe,AT27_severe,24.59685,-32.134453
3976,new,4,AT27,Escarpment Arid Thicket,AridThicket,1,2,severe,2,severe,AT27_severe,25.820994,-32.252877
3977,new,4,AT27,Escarpment Arid Thicket,AridThicket,1,2,severe,1,moderate,AT27_severe,24.364329,-32.514532
3978,new,4,AT27,Escarpment Arid Thicket,AridThicket,1,2,severe,2,severe,AT27_severe,24.619799,-32.151626
3979,new,4,AT27,Escarpment Arid Thicket,AridThicket,1,2,severe,2,severe,AT27_severe,25.761888,-32.206913
3980,new,4,AT27,Escarpment Arid Thicket,AridThicket,1,2,severe,2,severe,AT27_severe,25.443122,-32.09961
3981,new,4,AT27,Escarpment Arid Thicket,AridThicket,1,2,severe,2,severe,AT27_severe,24.417223,-32.430918
3982,new,4,AT27,Escarpment Arid Thicket,AridThicket,1,2,severe,1,moderate,AT27_severe,25.618514,-32.209194
3983,new,4,AT27,Escarpment Arid Thicket,AridThicket,1,2,severe,2,severe,AT27_severe,24.671413,-32.381786
3984,new,4,AT27,Escarpment Arid Thicket,AridThicket,1,2,severe,2,severe,AT27_severe,25.464505,-32.208676
3985,new,4,AT27,Escarpment Arid Thicket,AridThicket,1,2,severe,2,severe,AT27_severe,24.592623,-32.122466
3986,new,4,AT27,Escarpment Arid Thicket,AridThicket,1,2,severe,1,moderate,AT27_severe,24.653002,-32.146142
3987,new,4,AT27,Escarpment Arid Thicket,AridThicket,1,-1,transformed,-1,transformed,AT27_transformed,25.6953,-32.28622
3988,new,4,AT28,Escarpment Mesic Thicket,MesicThicket,3,0,intact,0,intact,AT28_intact,25.287197,-32.535187
3989,new,4,AT28,Escarpment Mesic Thicket,MesicThicket,3,0,intact,0,intact,AT28_intact,25.624537,-32.677509
3990,new,4,AT28,Escarpment Mesic Thicket,MesicThicket,3,0,intact,0,intact,AT28_intact,25.326981,-32.634156
3991,new,4,AT28,Escarpment Mesic Thicket,MesicThicket,3,0,intact,0,intact,AT28_intact,26.363396,-32.628428
3992,new,4,AT28,Escarpment Mesic Thicket,MesicThicket,3,0,intact,0,intact,AT28_intact,25.114349,-32.325248
3993,new,4,AT28,Escarpment Mesic Thicket,MesicThicket,3,0,intact,0,intact,AT28_intact,25.54703,-32.888237
3994,new,4,AT28,Escarpment Mesic Thicket,MesicThicket,3,0,intact,0,intact,AT28_intact,26.703606,-32.526633
3995,new,4,AT28,Escarpment Mesic Thicket,MesicThicket,3,0,intact,0,intact,AT28_intact,25.601516,-32.630153
3996,new,4,AT28,Escarpment Mesic Thicket,MesicThicket,3,0,intact,0,intact,AT28_intact,26.343111,-32.579778
3997,new,4,AT28,Escarpment Mesic Thicket,MesicThicket,3,0,intact,0,intact,AT28_intact,26.110836,-32.627794
3998,new,4,AT28,Escarpment Mesic Thicket,MesicThicket,3,0,intact,0,intact,AT28_intact,26.120574,-32.652797
3999,new,4,AT28,Escarpment Mesic Thicket,MesicThicket,3,0,intact,0,intact,AT28_intact,27.010272,-32.712313
4000,new,4,AT28,Escarpment Mesic Thicket,MesicThicket,3,0,intact,0,intact,AT28_intact,26.211662,-32.503666
4001,new,4,AT28,Escarpment Mesic Thicket,MesicThicket,3,0,intact,0,intact,AT28_intact,26.412023,-32.606579
4002,new,4,AT28,Escarpment Mesic Thicket,MesicThicket,3,0,intact,0,intact,AT28_intact,26.918883,-32.616535
4003,new,4,AT28,Escarpment Mesic Thicket,MesicThicket,3,0,intact,0,intact,AT28_intact,26.227867,-32.460226
4004,new,4,AT28,Escarpment Mesic Thicket,MesicThicket,3,0,intact,-1,transformed,AT28_intact,26.727555,-32.763377
4005,new,4,AT28,Escarpment Mesic Thicket,MesicThicket,3,0,intact,-1,transformed,AT28_intact,26.856986,-32.552512
4006,new,4,AT28,Escarpment Mesic Thicket,MesicThicket,3,0,intact,0,intact,AT28_intact,26.721495,-32.641843
4007,new,4,AT28,Escarpment Mesic Thicket,MesicThicket,3,0,intact,1,moderate,AT28_intact,25.237178,-32.500839
4008,new,4,AT28,Escarpment Mesic Thicket,MesicThicket,3,0,intact,-1,transformed,AT28_intact,26.763231,-32.793522
4009,new,4,AT28,Escarpment Mesic Thicket,MesicThicket,3,0,intact,0,intact,AT28_intact,25.652486,-32.677559
4010,new,4,AT28,Escarpment Mesic Thicket,MesicThicket,3,0,intact,0,intact,AT28_intact,25.600498,-32.703491
4011,new,4,AT28,Escarpment Mesic Thicket,MesicThicket,3,0,intact,1,moderate,AT28_intact,25.097833,-32.337557
4012,new,4,AT28,Escarpment Mesic Thicket,MesicThicket,3,0,intact,1,moderate,AT28_intact,25.725362,-32.577596
4013,new,4,AT28,Escarpment Mesic Thicket,MesicThicket,3,0,intact,0,intact,AT28_intact,26.843899,-32.575045
4014,new,4,AT28,Escarpment Mesic Thicket,MesicThicket,3,0,intact,0,intact,AT28_intact,26.806348,-32.590518
4015,new,4,AT28,Escarpment Mesic Thicket,MesicThicket,3,0,intact,0,intact,AT28_intact,26.203151,-32.510583
4016,new,4,AT28,Escarpment Mesic Thicket,MesicThicket,3,1,moderate,1,moderate,AT28_moderate,26.589122,-32.614652
4017,new,4,AT28,Escarpment Mesic Thicket,MesicThicket,3,1,moderate,1,moderate,AT28_moderate,26.948535,-32.773232
4018,new,4,AT28,Escarpment Mesic Thicket,MesicThicket,3,1,moderate,2,severe,AT28_moderate,26.842585,-32.763045
4019,new,4,AT28,Escarpment Mesic Thicket,MesicThicket,3,1,moderate,1,moderate,AT28_moderate,26.114909,-32.650821
4020,new,4,AT28,Escarpment Mesic Thicket,MesicThicket,3,1,moderate,2,severe,AT28_moderate,26.351443,-32.827309
4021,new,4,AT28,Escarpment Mesic Thicket,MesicThicket,3,1,moderate,1,moderate,AT28_moderate,25.718998,-32.581182
4022,new,4,AT28,Escarpment Mesic Thicket,MesicThicket,3,1,moderate,1,moderate,AT28_moderate,25.735524,-32.716301
4023,new,4,AT28,Escarpment Mesic Thicket,MesicThicket,3,1,moderate,1,moderate,AT28_moderate,26.342321,-32.63405
4024,new,4,AT28,Escarpment Mesic Thicket,MesicThicket,3,1,moderate,2,severe,AT28_moderate,26.251793,-32.416815
4025,new,4,AT28,Escarpment Mesic Thicket,MesicThicket,3,1,moderate,2,severe,AT28_moderate,26.543383,-32.769519
4026,new,4,AT28,Escarpment Mesic Thicket,MesicThicket,3,1,moderate,2,severe,AT28_moderate,25.342851,-32.621234
4027,new,4,AT28,Escarpment Mesic Thicket,MesicThicket,3,1,moderate,2,severe,AT28_moderate,26.574061,-32.58169
4028,new,4,AT28,Escarpment Mesic Thicket,MesicThicket,3,1,moderate,1,moderate,AT28_moderate,26.250869,-32.458067
4029,new,4,AT28,Escarpment Mesic Thicket,MesicThicket,3,1,moderate,1,moderate,AT28_moderate,26.521101,-32.711714
4030,new,4,AT28,Escarpment Mesic Thicket,MesicThicket,3,1,moderate,2,severe,AT28_moderate,26.7714,-32.524324
4031,new,4,AT28,Escarpment Mesic Thicket,MesicThicket,3,1,moderate,1,moderate,AT28_moderate,26.377027,-32.627935
4032,new,4,AT28,Escarpment Mesic Thicket,MesicThicket,3,1,moderate,1,moderate,AT28_moderate,26.496935,-32.753963
4033,new,4,AT28,Escarpment Mesic Thicket,MesicThicket,3,1,moderate,1,moderate,AT28_moderate,25.77219,-32.721357
4034,new,4,AT28,Escarpment Mesic Thicket,MesicThicket,3,1,moderate,-1,transformed,AT28_moderate,26.916222,-32.637746
4035,new,4,AT28,Escarpment Mesic Thicket,MesicThicket,3,1,moderate,1,moderate,AT28_moderate,26.725561,-32.622777
4036,new,4,AT28,Escarpment Mesic Thicket,MesicThicket,3,1,moderate,1,moderate,AT28_moderate,26.043695,-32.667712
4037,new,4,AT28,Escarpment Mesic Thicket,MesicThicket,3,1,moderate,2,severe,AT28_moderate,26.879647,-32.671408
4038,new,4,AT28,Escarpment Mesic Thicket,MesicThicket,3,1,moderate,1,moderate,AT28_moderate,26.500189,-32.744981
4039,new,4,AT28,Escarpment Mesic Thicket,MesicThicket,3,1,moderate,2,severe,AT28_moderate,26.842359,-32.694404
4040,new,4,AT28,Escarpment Mesic Thicket,MesicThicket,3,1,moderate,1,moderate,AT28_moderate,26.689721,-32.753296
4041,new,4,AT28,Escarpment Mesic Thicket,MesicThicket,3,1,moderate,1,moderate,AT28_moderate,26.272196,-32.540675
4042,new,4,AT28,Escarpment Mesic Thicket,MesicThicket,3,1,moderate,1,moderate,AT28_moderate,26.333644,-32.654786
4043,new,4,AT28,Escarpment Mesic Thicket,MesicThicket,3,1,moderate,1,moderate,AT28_moderate,26.319193,-32.593204
4044,new,4,AT28,Escarpment Mesic Thicket,MesicThicket,3,1,moderate,1,moderate,AT28_moderate,25.704247,-32.689598
4045,new,4,AT28,Escarpment Mesic Thicket,MesicThicket,3,1,moderate,2,severe,AT28_moderate,26.213514,-32.599278
4046,new,4,AT28,Escarpment Mesic Thicket,MesicThicket,3,1,moderate,1,moderate,AT28_moderate,26.466997,-32.736598
4047,new,4,AT28,Escarpment Mesic Thicket,MesicThicket,3,1,moderate,1,moderate,AT28_moderate,26.964497,-32.761278
4048,new,4,AT28,Escarpment Mesic Thicket,MesicThicket,3,1,moderate,2,severe,AT28_moderate,26.36646,-32.604781
4049,new,4,AT28,Escarpment Mesic Thicket,MesicThicket,3,1,moderate,2,severe,AT28_moderate,25.632437,-32.637672
4050,new,4,AT28,Escarpment Mesic Thicket,MesicThicket,3,1,moderate,0,intact,AT28_moderate,26.856497,-32.561495
4051,new,4,AT28,Escarpment Mesic Thicket,MesicThicket,3,1,moderate,2,severe,AT28_moderate,25.360154,-32.629663
4052,new,4,AT28,Escarpment Mesic Thicket,MesicThicket,3,2,severe,2,severe,AT28_severe,26.747608,-32.52906
4053,new,4,AT28,Escarpment Mesic Thicket,MesicThicket,3,2,severe,2,severe,AT28_severe,25.67279,-32.670192
4054,new,4,AT28,Escarpment Mesic Thicket,MesicThicket,3,2,severe,2,severe,AT28_severe,25.517719,-32.878588
4055,new,4,AT28,Escarpment Mesic Thicket,MesicThicket,3,2,severe,2,severe,AT28_severe,25.201537,-32.519554
4056,new,4,AT28,Escarpment Mesic Thicket,MesicThicket,3,-1,transformed,-1,transformed,AT28_transformed,26.651498,-32.719727
4057,new,4,AT28,Escarpment Mesic Thicket,MesicThicket,3,-1,transformed,-1,transformed,AT28_transformed,26.235066,-32.495846
4058,new,4,AT28,Escarpment Mesic Thicket,MesicThicket,3,-1,transformed,-1,transformed,AT28_transformed,26.931139,-32.719389
4059,new,4,AT28,Escarpment Mesic Thicket,MesicThicket,3,-1,transformed,-1,transformed,AT28_transformed,26.625932,-32.725118
4060,new,4,AT28,Escarpment Mesic Thicket,MesicThicket,3,-1,transformed,-1,transformed,AT28_transformed,26.768453,-32.683001
4061,new,4,AT28,Escarpment Mesic Thicket,MesicThicket,3,-1,transformed,-1,transformed,AT28_transformed,26.762827,-32.50647
4062,new,4,AT28,Escarpment Mesic Thicket,MesicThicket,3,-1,transformed,-1,transformed,AT28_transformed,25.58557,-32.719112
4063,new,4,AT28,Escarpment Mesic Thicket,MesicThicket,3,-1,transformed,-1,transformed,AT28_transformed,26.90931,-32.807331
4064,new,4,AT28,Escarpment Mesic Thicket,MesicThicket,3,-1,transformed,-1,transformed,AT28_transformed,26.953464,-32.784273
4065,new,4,AT28,Escarpment Mesic Thicket,MesicThicket,3,-1,transformed,-1,transformed,AT28_transformed,26.935413,-32.739526
4066,new,4,AT29,Escarpment Valley Thicket,ValleyThicket,2,1,moderate,1,moderate,AT29_moderate,25.082612,-32.442275
4067,new,4,AT29,Escarpment Valley Thicket,ValleyThicket,2,1,moderate,1,moderate,AT29_moderate,24.700732,-32.374231
4068,new,4,AT29,Escarpment Valley Thicket,ValleyThicket,2,1,moderate,1,moderate,AT29_moderate,25.009682,-32.419466
4069,new,4,AT29,Escarpment Valley Thicket,ValleyThicket,2,1,moderate,1,moderate,AT29_moderate,24.894913,-32.39628
4070,new,4,AT29,Escarpment Valley Thicket,ValleyThicket,2,1,moderate,1,moderate,AT29_moderate,25.013806,-32.374832
4071,new,4,AT29,Escarpment Valley Thicket,ValleyThicket,2,1,moderate,2,severe,AT29_moderate,24.789037,-32.380816
4072,new,4,AT29,Escarpment Valley Thicket,ValleyThicket,2,1,moderate,2,severe,AT29_moderate,24.729198,-32.412218
4073,new,4,AT29,Escarpment Valley Thicket,ValleyThicket,2,1,moderate,1,moderate,AT29_moderate,25.171665,-32.413918
4074,new,4,AT29,Escarpment Valley Thicket,ValleyThicket,2,1,moderate,1,moderate,AT29_moderate,25.010283,-32.351288
4075,new,4,AT29,Escarpment Valley Thicket,ValleyThicket,2,1,moderate,1,moderate,AT29_moderate,24.997415,-32.290274
4076,new,4,AT29,Escarpment Valley Thicket,ValleyThicket,2,1,moderate,2,severe,AT29_moderate,24.863072,-32.437418
4077,new,4,AT29,Escarpment Valley Thicket,ValleyThicket,2,1,moderate,0,intact,AT29_moderate,24.822519,-32.37827
4078,new,4,AT29,Escarpment Valley Thicket,ValleyThicket,2,1,moderate,1,moderate,AT29_moderate,24.703754,-32.404444
4079,new,4,AT29,Escarpment Valley Thicket,ValleyThicket,2,1,moderate,1,moderate,AT29_moderate,24.972692,-32.394321
4080,new,4,AT29,Escarpment Valley Thicket,ValleyThicket,2,1,moderate,1,moderate,AT29_moderate,25.068681,-32.368633
4081,new,4,AT29,Escarpment Valley Thicket,ValleyThicket,2,1,moderate,2,severe,AT29_moderate,24.82264,-32.332907
4082,new,4,AT29,Escarpment Valley Thicket,ValleyThicket,2,1,moderate,1,moderate,AT29_moderate,25.035089,-32.513959
4083,new,4,AT29,Escarpment Valley Thicket,ValleyThicket,2,1,moderate,1,moderate,AT29_moderate,24.962153,-32.272855
4084,new,4,AT29,Escarpment Valley Thicket,ValleyThicket,2,1,moderate,1,moderate,AT29_moderate,25.085786,-32.443414
4085,new,4,AT29,Escarpment Valley Thicket,ValleyThicket,2,1,moderate,1,moderate,AT29_moderate,25.016447,-32.381256
4086,new,4,AT29,Escarpment Valley Thicket,ValleyThicket,2,2,severe,2,severe,AT29_severe,25.234048,-32.598102
4087,new,4,AT29,Escarpment Valley Thicket,ValleyThicket,2,2,severe,2,severe,AT29_severe,24.750526,-32.396008
4088,new,4,AT29,Escarpment Valley Thicket,ValleyThicket,2,2,severe,2,severe,AT29_severe,24.616332,-32.320828
4089,new,4,AT29,Escarpment Valley Thicket,ValleyThicket,2,2,severe,2,severe,AT29_severe,24.714501,-32.458859
4090,new,4,AT29,Escarpment Valley Thicket,ValleyThicket,2,2,severe,2,severe,AT29_severe,25.071477,-32.493107
4091,new,4,AT29,Escarpment Valley Thicket,ValleyThicket,2,2,severe,2,severe,AT29_severe,24.978561,-32.325045
4092,new,4,AT29,Escarpment Valley Thicket,ValleyThicket,2,2,severe,2,severe,AT29_severe,25.076582,-32.524754
4093,new,4,AT29,Escarpment Valley Thicket,ValleyThicket,2,2,severe,2,severe,AT29_severe,24.906475,-32.494223
4094,new,4,AT29,Escarpment Valley Thicket,ValleyThicket,2,2,severe,2,severe,AT29_severe,25.05418,-32.450481
4095,new,4,AT29,Escarpment Valley Thicket,ValleyThicket,2,2,severe,2,severe,AT29_severe,25.088352,-32.438253
4096,new,4,AT29,Escarpment Valley Thicket,ValleyThicket,2,2,severe,2,severe,AT29_severe,25.10169,-32.533963
4097,new,4,AT29,Escarpment Valley Thicket,ValleyThicket,2,2,severe,2,severe,AT29_severe,24.779204,-32.46474
4098,new,4,AT29,Escarpment Valley Thicket,ValleyThicket,2,2,severe,2,severe,AT29_severe,24.853218,-32.446627
4099,new,4,AT29,Escarpment Valley Thicket,ValleyThicket,2,2,severe,2,severe,AT29_severe,24.856283,-32.472392
4100,new,4,AT29,Escarpment Valley Thicket,ValleyThicket,2,2,severe,2,severe,AT29_severe,24.784305,-32.393968
4101,new,4,AT29,Escarpment Valley Thicket,ValleyThicket,2,2,severe,2,severe,AT29_severe,24.606205,-32.322232
4102,new,4,AT29,Escarpment Valley Thicket,ValleyThicket,2,2,severe,2,severe,AT29_severe,25.146705,-32.407497
4103,new,4,AT29,Escarpment Valley Thicket,ValleyThicket,2,2,severe,2,severe,AT29_severe,25.147577,-32.510426
4104,new,4,AT29,Escarpment Valley Thicket,ValleyThicket,2,2,severe,2,severe,AT29_severe,24.97025,-32.300019
4105,new,4,AT29,Escarpment Valley Thicket,ValleyThicket,2,2,severe,2,severe,AT29_severe,24.906783,-32.464241
4106,new,4,AT29,Escarpment Valley Thicket,ValleyThicket,2,2,severe,2,severe,AT29_severe,25.032765,-32.49999
4107,new,4,AT29,Escarpment Valley Thicket,ValleyThicket,2,2,severe,2,severe,AT29_severe,24.80723,-32.485154
4108,new,4,AT29,Escarpment Valley Thicket,ValleyThicket,2,2,severe,2,severe,AT29_severe,24.816379,-32.469272
4109,new,4,AT29,Escarpment Valley Thicket,ValleyThicket,2,2,severe,2,severe,AT29_severe,25.006044,-32.411853
4110,new,4,AT29,Escarpment Valley Thicket,ValleyThicket,2,2,severe,2,severe,AT29_severe,24.703998,-32.443341
4111,new,4,AT29,Escarpment Valley Thicket,ValleyThicket,2,2,severe,2,severe,AT29_severe,24.769571,-32.404773
4112,new,4,AT29,Escarpment Valley Thicket,ValleyThicket,2,2,severe,2,severe,AT29_severe,24.852413,-32.483429
4113,new,4,AT29,Escarpment Valley Thicket,ValleyThicket,2,2,severe,2,severe,AT29_severe,25.020485,-32.439967
4114,new,4,AT29,Escarpment Valley Thicket,ValleyThicket,2,2,severe,2,severe,AT29_severe,24.653409,-32.358934
4115,new,4,AT29,Escarpment Valley Thicket,ValleyThicket,2,2,severe,2,severe,AT29_severe,24.561781,-32.288269
4116,new,4,AT29,Escarpment Valley Thicket,ValleyThicket,2,2,severe,2,severe,AT29_severe,24.636984,-32.361885
4117,new,4,AT29,Escarpment Valley Thicket,ValleyThicket,2,2,severe,2,severe,AT29_severe,24.75984,-32.408701
4118,new,4,AT29,Escarpment Valley Thicket,ValleyThicket,2,2,severe,2,severe,AT29_severe,25.247173,-32.623764
4119,new,4,AT29,Escarpment Valley Thicket,ValleyThicket,2,2,severe,2,severe,AT29_severe,25.200024,-32.599892
4120,new,4,AT29,Escarpment Valley Thicket,ValleyThicket,2,2,severe,2,severe,AT29_severe,24.769407,-32.411146
4121,new,4,AT29,Escarpment Valley Thicket,ValleyThicket,2,2,severe,2,severe,AT29_severe,24.900964,-32.334655
4122,new,4,AT29,Escarpment Valley Thicket,ValleyThicket,2,2,severe,2,severe,AT29_severe,25.008069,-32.386684
4123,new,4,AT29,Escarpment Valley Thicket,ValleyThicket,2,2,severe,2,severe,AT29_severe,24.644089,-32.353529
4124,new,4,AT29,Escarpment Valley Thicket,ValleyThicket,2,2,severe,2,severe,AT29_severe,24.768262,-32.453954
4125,new,4,AT29,Escarpment Valley Thicket,ValleyThicket,2,2,severe,2,severe,AT29_severe,25.069932,-32.449922
4126,new,4,AT29,Escarpment Valley Thicket,ValleyThicket,2,2,severe,2,severe,AT29_severe,24.756173,-32.393176
4127,new,4,AT29,Escarpment Valley Thicket,ValleyThicket,2,2,severe,2,severe,AT29_severe,25.01189,-32.442523
4128,new,4,AT29,Escarpment Valley Thicket,ValleyThicket,2,2,severe,2,severe,AT29_severe,24.689476,-32.433887
4129,new,4,AT29,Escarpment Valley Thicket,ValleyThicket,2,2,severe,2,severe,AT29_severe,24.733043,-32.476753
4130,new,4,AT29,Escarpment Valley Thicket,ValleyThicket,2,2,severe,2,severe,AT29_severe,24.651994,-32.424382
4131,new,4,AT29,Escarpment Valley Thicket,ValleyThicket,2,2,severe,2,severe,AT29_severe,25.098424,-32.383437
4132,new,4,AT29,Escarpment Valley Thicket,ValleyThicket,2,2,severe,2,severe,AT29_severe,25.114025,-32.480494
4133,new,4,AT29,Escarpment Valley Thicket,ValleyThicket,2,2,severe,2,severe,AT29_severe,25.186386,-32.459436
4134,new,4,AT29,Escarpment Valley Thicket,ValleyThicket,2,2,severe,2,severe,AT29_severe,24.954937,-32.32867
4135,new,4,AT29,Escarpment Valley Thicket,ValleyThicket,2,2,severe,2,severe,AT29_severe,24.980354,-32.305551
4136,new,4,AT29,Escarpment Valley Thicket,ValleyThicket,2,2,severe,2,severe,AT29_severe,25.189802,-32.588801
4137,new,4,AT29,Escarpment Valley Thicket,ValleyThicket,2,2,severe,2,severe,AT29_severe,24.786283,-32.445682
4138,new,4,AT29,Escarpment Valley Thicket,ValleyThicket,2,2,severe,2,severe,AT29_severe,24.98045,-32.319625
4139,new,4,AT29,Escarpment Valley Thicket,ValleyThicket,2,2,severe,-1,transformed,AT29_severe,24.545123,-32.274733
4140,new,4,AT29,Escarpment Valley Thicket,ValleyThicket,2,2,severe,2,severe,AT29_severe,24.820129,-32.467782
4141,new,4,AT29,Escarpment Valley Thicket,ValleyThicket,2,2,severe,2,severe,AT29_severe,25.001515,-32.391604
4142,new,4,AT29,Escarpment Valley Thicket,ValleyThicket,2,-1,transformed,-1,transformed,AT29_transformed,24.923527,-32.332969
4143,new,4,AT29,Escarpment Valley Thicket,ValleyThicket,2,-1,transformed,-1,transformed,AT29_transformed,25.104189,-32.376844
4144,new,4,AT30,Fish Arid Thicket,AridThicket,1,0,intact,1,moderate,AT30_intact,26.700217,-33.210282
4145,new,4,AT30,Fish Arid Thicket,AridThicket,1,0,intact,0,intact,AT30_intact,26.79043,-33.215935
4146,new,4,AT30,Fish Arid Thicket,AridThicket,1,0,intact,0,intact,AT30_intact,26.847039,-33.215371
4147,new,4,AT30,Fish Arid Thicket,AridThicket,1,0,intact,0,intact,AT30_intact,26.659488,-33.185864
4148,new,4,AT30,Fish Arid Thicket,AridThicket,1,0,intact,0,intact,AT30_intact,26.584269,-33.186493
4149,new,4,AT30,Fish Arid Thicket,AridThicket,1,0,intact,0,intact,AT30_intact,26.466456,-33.11819
4150,new,4,AT30,Fish Arid Thicket,AridThicket,1,0,intact,0,intact,AT30_intact,26.394153,-33.157383
4151,new,4,AT30,Fish Arid Thicket,AridThicket,1,0,intact,0,intact,AT30_intact,26.653152,-33.135161
4152,new,4,AT30,Fish Arid Thicket,AridThicket,1,0,intact,0,intact,AT30_intact,26.611713,-33.086434
4153,new,4,AT30,Fish Arid Thicket,AridThicket,1,0,intact,0,intact,AT30_intact,26.684036,-33.201608
4154,new,4,AT30,Fish Arid Thicket,AridThicket,1,0,intact,0,intact,AT30_intact,26.772158,-33.145108
4155,new,4,AT30,Fish Arid Thicket,AridThicket,1,0,intact,0,intact,AT30_intact,26.722653,-33.209809
4156,new,4,AT30,Fish Arid Thicket,AridThicket,1,0,intact,0,intact,AT30_intact,26.715122,-33.182889
4157,new,4,AT30,Fish Arid Thicket,AridThicket,1,0,intact,0,intact,AT30_intact,26.904662,-33.248798
4158,new,4,AT30,Fish Arid Thicket,AridThicket,1,0,intact,0,intact,AT30_intact,26.849232,-33.243203
4159,new,4,AT30,Fish Arid Thicket,AridThicket,1,0,intact,0,intact,AT30_intact,26.55819,-33.178582
4160,new,4,AT30,Fish Arid Thicket,AridThicket,1,0,intact,0,intact,AT30_intact,26.692163,-33.167894
4161,new,4,AT30,Fish Arid Thicket,AridThicket,1,0,intact,0,intact,AT30_intact,26.618701,-33.183591
4162,new,4,AT30,Fish Arid Thicket,AridThicket,1,0,intact,-1,transformed,AT30_intact,26.925374,-33.197349
4163,new,4,AT30,Fish Arid Thicket,AridThicket,1,0,intact,1,moderate,AT30_intact,26.575411,-33.154232
4164,new,4,AT30,Fish Arid Thicket,AridThicket,1,0,intact,1,moderate,AT30_intact,26.888784,-33.188305
4165,new,4,AT30,Fish Arid Thicket,AridThicket,1,0,intact,0,intact,AT30_intact,26.674646,-33.183286
4166,new,4,AT30,Fish Arid Thicket,AridThicket,1,0,intact,0,intact,AT30_intact,26.613724,-33.188812
4167,new,4,AT30,Fish Arid Thicket,AridThicket,1,0,intact,0,intact,AT30_intact,26.824551,-33.218981
4168,new,4,AT30,Fish Arid Thicket,AridThicket,1,1,moderate,1,moderate,AT30_moderate,26.692024,-33.209023
4169,new,4,AT30,Fish Arid Thicket,AridThicket,1,1,moderate,1,moderate,AT30_moderate,26.33731,-33.078455
4170,new,4,AT30,Fish Arid Thicket,AridThicket,1,1,moderate,1,moderate,AT30_moderate,26.937075,-33.213207
4171,new,4,AT30,Fish Arid Thicket,AridThicket,1,1,moderate,1,moderate,AT30_moderate,26.781962,-33.229249
4172,new,4,AT30,Fish Arid Thicket,AridThicket,1,1,moderate,1,moderate,AT30_moderate,26.569552,-33.122789
4173,new,4,AT30,Fish Arid Thicket,AridThicket,1,1,moderate,1,moderate,AT30_moderate,26.547239,-33.114849
4174,new,4,AT30,Fish Arid Thicket,AridThicket,1,1,moderate,2,severe,AT30_moderate,26.952591,-33.228193
4175,new,4,AT30,Fish Arid Thicket,AridThicket,1,1,moderate,1,moderate,AT30_moderate,26.358527,-33.121107
4176,new,4,AT30,Fish Arid Thicket,AridThicket,1,1,moderate,1,moderate,AT30_moderate,26.783413,-33.200295
4177,new,4,AT30,Fish Arid Thicket,AridThicket,1,1,moderate,1,moderate,AT30_moderate,26.713516,-33.212377
4178,new,4,AT30,Fish Arid Thicket,AridThicket,1,1,moderate,1,moderate,AT30_moderate,26.329576,-33.118653
4179,new,4,AT30,Fish Arid Thicket,AridThicket,1,1,moderate,1,moderate,AT30_moderate,26.957736,-33.248257
4180,new,4,AT30,Fish Arid Thicket,AridThicket,1,1,moderate,0,intact,AT30_moderate,26.653089,-33.148096
4181,new,4,AT30,Fish Arid Thicket,AridThicket,1,1,moderate,1,moderate,AT30_moderate,26.508024,-33.186029
4182,new,4,AT30,Fish Arid Thicket,AridThicket,1,1,moderate,2,severe,AT30_moderate,26.469188,-33.116052
4183,new,4,AT30,Fish Arid Thicket,AridThicket,1,1,moderate,1,moderate,AT30_moderate,26.452145,-33.09636
4184,new,4,AT30,Fish Arid Thicket,AridThicket,1,1,moderate,1,moderate,AT30_moderate,26.710224,-33.214494
4185,new,4,AT30,Fish Arid Thicket,AridThicket,1,1,moderate,1,moderate,AT30_moderate,26.934506,-33.241411
4186,new,4,AT30,Fish Arid Thicket,AridThicket,1,1,moderate,1,moderate,AT30_moderate,26.802747,-33.169268
4187,new,4,AT30,Fish Arid Thicket,AridThicket,1,1,moderate,1,moderate,AT30_moderate,26.935134,-33.257048
4188,new,4,AT30,Fish Arid Thicket,AridThicket,1,1,moderate,1,moderate,AT30_moderate,26.432349,-33.16928
4189,new,4,AT30,Fish Arid Thicket,AridThicket,1,1,moderate,1,moderate,AT30_moderate,26.506419,-33.167494
4190,new,4,AT30,Fish Arid Thicket,AridThicket,1,1,moderate,1,moderate,AT30_moderate,26.813101,-33.227119
4191,new,4,AT30,Fish Arid Thicket,AridThicket,1,1,moderate,1,moderate,AT30_moderate,26.514338,-33.150024
4192,new,4,AT30,Fish Arid Thicket,AridThicket,1,1,moderate,1,moderate,AT30_moderate,26.465578,-33.098956
4193,new,4,AT30,Fish Arid Thicket,AridThicket,1,1,moderate,1,moderate,AT30_moderate,26.337561,-33.09749
4194,new,4,AT30,Fish Arid Thicket,AridThicket,1,1,moderate,1,moderate,AT30_moderate,26.631159,-33.125554
4195,new,4,AT30,Fish Arid Thicket,AridThicket,1,1,moderate,1,moderate,AT30_moderate,26.942032,-33.215988
4196,new,4,AT30,Fish Arid Thicket,AridThicket,1,2,severe,2,severe,AT30_severe,26.497859,-33.119701
4197,new,4,AT30,Fish Arid Thicket,AridThicket,1,2,severe,2,severe,AT30_severe,26.400898,-33.137537
4198,new,4,AT30,Fish Arid Thicket,AridThicket,1,2,severe,2,severe,AT30_severe,26.381024,-33.091513
4199,new,4,AT30,Fish Arid Thicket,AridThicket,1,2,severe,2,severe,AT30_severe,26.352272,-33.132269
4200,new,4,AT30,Fish Arid Thicket,AridThicket,1,2,severe,2,severe,AT30_severe,26.59035,-33.163551
4201,new,4,AT30,Fish Arid Thicket,AridThicket,1,2,severe,2,severe,AT30_severe,26.374193,-33.134836
4202,new,4,AT30,Fish Arid Thicket,AridThicket,1,2,severe,2,severe,AT30_severe,26.552854,-33.147752
4203,new,4,AT30,Fish Arid Thicket,AridThicket,1,2,severe,2,severe,AT30_severe,26.485132,-33.157865
4204,new,4,AT30,Fish Arid Thicket,AridThicket,1,2,severe,2,severe,AT30_severe,26.521019,-33.12132
4205,new,4,AT30,Fish Arid Thicket,AridThicket,1,2,severe,2,severe,AT30_severe,26.517597,-33.158064
4206,new,4,AT30,Fish Arid Thicket,AridThicket,1,2,severe,2,severe,AT30_severe,26.619109,-33.11361
4207,new,4,AT30,Fish Arid Thicket,AridThicket,1,2,severe,2,severe,AT30_severe,26.640747,-33.07577
4208,new,4,AT30,Fish Arid Thicket,AridThicket,1,-1,transformed,-1,transformed,AT30_transformed,26.911809,-33.170355
4209,new,4,AT30,Fish Arid Thicket,AridThicket,1,-1,transformed,-1,transformed,AT30_transformed,26.941057,-33.165921
4210,new,4,AT30,Fish Arid Thicket,AridThicket,1,-1,transformed,-1,transformed,AT30_transformed,26.796188,-33.189855
4211,new,4,AT30,Fish Arid Thicket,AridThicket,1,-1,transformed,-1,transformed,AT30_transformed,26.88743,-33.173322
4212,new,4,AT30,Fish Arid Thicket,AridThicket,1,-1,transformed,-1,transformed,AT30_transformed,26.966514,-33.193434
4213,new,4,AT30,Fish Arid Thicket,AridThicket,1,-1,transformed,-1,transformed,AT30_transformed,26.743863,-33.203834
4214,new,4,AT31,Fish Mesic Thicket,MesicThicket,3,0,intact,0,intact,AT31_intact,26.923131,-33.098242
4215,new,4,AT31,Fish Mesic Thicket,MesicThicket,3,0,intact,0,intact,AT31_intact,27.067899,-33.179741
4216,new,4,AT31,Fish Mesic Thicket,MesicThicket,3,0,intact,0,intact,AT31_intact,27.008922,-33.380791
4217,new,4,AT31,Fish Mesic Thicket,MesicThicket,3,0,intact,0,intact,AT31_intact,27.271621,-33.232984
4218,new,4,AT31,Fish Mesic Thicket,MesicThicket,3,0,intact,0,intact,AT31_intact,26.968718,-33.344351
4219,new,4,AT31,Fish Mesic Thicket,MesicThicket,3,0,intact,1,moderate,AT31_intact,27.059287,-33.226163
4220,new,4,AT31,Fish Mesic Thicket,MesicThicket,3,0,intact,0,intact,AT31_intact,27.021037,-33.184152
4221,new,4,AT31,Fish Mesic Thicket,MesicThicket,3,0,intact,0,intact,AT31_intact,27.003474,-33.376551
4222,new,4,AT31,Fish Mesic Thicket,MesicThicket,3,0,intact,0,intact,AT31_intact,27.085067,-33.174245
4223,new,4,AT31,Fish Mesic Thicket,MesicThicket,3,0,intact,0,intact,AT31_intact,26.992997,-33.314499
4224,new,4,AT31,Fish Mesic Thicket,MesicThicket,3,0,intact,0,intact,AT31_intact,27.210159,-33.31521
4225,new,4,AT31,Fish Mesic Thicket,MesicThicket,3,0,intact,0,intact,AT31_intact,27.059294,-33.238425
4226,new,4,AT31,Fish Mesic Thicket,MesicThicket,3,0,intact,0,intact,AT31_intact,27.051715,-33.243001
4227,new,4,AT31,Fish Mesic Thicket,MesicThicket,3,0,intact,0,intact,AT31_intact,26.98113,-33.336505
4228,new,4,AT31,Fish Mesic Thicket,MesicThicket,3,0,intact,0,intact,AT31_intact,26.945722,-33.317973
4229,new,4,AT31,Fish Mesic Thicket,MesicThicket,3,0,intact,0,intact,AT31_intact,26.916886,-33.089829
4230,new,4,AT31,Fish Mesic Thicket,MesicThicket,3,0,intact,0,intact,AT31_intact,26.986197,-33.328518
4231,new,4,AT31,Fish Mesic Thicket,MesicThicket,3,0,intact,0,intact,AT31_intact,26.985601,-33.375575
4232,new,4,AT31,Fish Mesic Thicket,MesicThicket,3,0,intact,0,intact,AT31_intact,27.214115,-33.218211
4233,new,4,AT31,Fish Mesic Thicket,MesicThicket,3,0,intact,0,intact,AT31_intact,27.041159,-33.169274
4234,new,4,AT31,Fish Mesic Thicket,MesicThicket,3,0,intact,0,intact,AT31_intact,26.945741,-33.349893
4235,new,4,AT31,Fish Mesic Thicket,MesicThicket,3,0,intact,0,intact,AT31_intact,27.046604,-33.23719
4236,new,4,AT31,Fish Mesic Thicket,MesicThicket,3,0,intact,1,moderate,AT31_intact,27.045416,-33.224675
4237,new,4,AT31,Fish Mesic Thicket,MesicThicket,3,0,intact,0,intact,AT31_intact,27.168425,-33.413611
4238,new,4,AT31,Fish Mesic Thicket,MesicThicket,3,0,intact,0,intact,AT31_intact,27.230893,-33.338723
4239,new,4,AT31,Fish Mesic Thicket,MesicThicket,3,0,intact,0,intact,AT31_intact,27.003227,-33.192591
4240,new,4,AT31,Fish Mesic Thicket,MesicThicket,3,0,intact,0,intact,AT31_intact,27.049465,-33.402032
4241,new,4,AT31,Fish Mesic Thicket,MesicThicket,3,0,intact,0,intact,AT31_intact,27.044654,-33.221526
4242,new,4,AT31,Fish Mesic Thicket,MesicThicket,3,0,intact,0,intact,AT31_intact,27.088387,-33.171877
4243,new,4,AT31,Fish Mesic Thicket,MesicThicket,3,0,intact,0,intact,AT31_intact,27.023097,-33.285404
4244,new,4,AT31,Fish Mesic Thicket,MesicThicket,3,0,intact,0,intact,AT31_intact,26.934541,-33.35923
4245,new,4,AT31,Fish Mesic Thicket,MesicThicket,3,0,intact,0,intact,AT31_intact,27.04659,-33.173163
4246,new,4,AT31,Fish Mesic Thicket,MesicThicket,3,0,intact,0,intact,AT31_intact,26.906901,-33.094642
4247,new,4,AT31,Fish Mesic Thicket,MesicThicket,3,0,intact,0,intact,AT31_intact,27.057156,-33.155095
4248,new,4,AT31,Fish Mesic Thicket,MesicThicket,3,0,intact,-1,transformed,AT31_intact,27.067722,-33.451295
4249,new,4,AT31,Fish Mesic Thicket,MesicThicket,3,0,intact,0,intact,AT31_intact,27.084097,-33.169399
4250,new,4,AT31,Fish Mesic Thicket,MesicThicket,3,0,intact,-1,transformed,AT31_intact,27.203258,-33.367104
4251,new,4,AT31,Fish Mesic Thicket,MesicThicket,3,0,intact,0,intact,AT31_intact,26.889906,-33.099103
4252,new,4,AT31,Fish Mesic Thicket,MesicThicket,3,0,intact,0,intact,AT31_intact,27.176613,-33.308226
4253,new,4,AT31,Fish Mesic Thicket,MesicThicket,3,0,intact,0,intact,AT31_intact,27.083306,-33.169438
4254,new,4,AT31,Fish Mesic Thicket,MesicThicket,3,0,intact,0,intact,AT31_intact,27.161216,-33.313857
4255,new,4,AT31,Fish Mesic Thicket,MesicThicket,3,0,intact,0,intact,AT31_intact,27.173029,-33.334091
4256,new,4,AT31,Fish Mesic Thicket,MesicThicket,3,0,intact,0,intact,AT31_intact,26.901916,-33.088546
4257,new,4,AT31,Fish Mesic Thicket,MesicThicket,3,0,intact,0,intact,AT31_intact,26.982288,-33.171042
4258,new,4,AT31,Fish Mesic Thicket,MesicThicket,3,1,moderate,-1,transformed,AT31_moderate,27.297914,-33.275647
4259,new,4,AT31,Fish Mesic Thicket,MesicThicket,3,1,moderate,0,intact,AT31_moderate,27.085464,-33.233729
4260,new,4,AT31,Fish Mesic Thicket,MesicThicket,3,1,moderate,1,moderate,AT31_moderate,27.178256,-33.332992
4261,new,4,AT31,Fish Mesic Thicket,MesicThicket,3,1,moderate,1,moderate,AT31_moderate,27.036075,-33.245518
4262,new,4,AT31,Fish Mesic Thicket,MesicThicket,3,1,moderate,1,moderate,AT31_moderate,27.208872,-33.204389
4263,new,4,AT31,Fish Mesic Thicket,MesicThicket,3,1,moderate,1,moderate,AT31_moderate,27.101267,-33.163204
4264,new,4,AT31,Fish Mesic Thicket,MesicThicket,3,1,moderate,1,moderate,AT31_moderate,27.151797,-33.313086
4265,new,4,AT31,Fish Mesic Thicket,MesicThicket,3,1,moderate,1,moderate,AT31_moderate,27.069781,-33.399092
4266,new,4,AT31,Fish Mesic Thicket,MesicThicket,3,1,moderate,1,moderate,AT31_moderate,27.060726,-33.117866
4267,new,4,AT31,Fish Mesic Thicket,MesicThicket,3,1,moderate,-1,transformed,AT31_moderate,26.933042,-33.353929
4268,new,4,AT31,Fish Mesic Thicket,MesicThicket,3,1,moderate,-1,transformed,AT31_moderate,27.047529,-33.395343
4269,new,4,AT31,Fish Mesic Thicket,MesicThicket,3,1,moderate,0,intact,AT31_moderate,27.21683,-33.179464
4270,new,4,AT31,Fish Mesic Thicket,MesicThicket,3,1,moderate,1,moderate,AT31_moderate,27.076422,-33.199976
4271,new,4,AT31,Fish Mesic Thicket,MesicThicket,3,1,moderate,1,moderate,AT31_moderate,27.244448,-33.231934
4272,new,4,AT31,Fish Mesic Thicket,MesicThicket,3,1,moderate,1,moderate,AT31_moderate,27.093069,-33.232852
4273,new,4,AT31,Fish Mesic Thicket,MesicThicket,3,1,moderate,1,moderate,AT31_moderate,27.045429,-33.148007
4274,new,4,AT31,Fish Mesic Thicket,MesicThicket,3,1,moderate,1,moderate,AT31_moderate,26.978245,-33.317772
4275,new,4,AT31,Fish Mesic Thicket,MesicThicket,3,1,moderate,0,intact,AT31_moderate,27.061384,-33.42774
4276,new,4,AT31,Fish Mesic Thicket,MesicThicket,3,1,moderate,1,moderate,AT31_moderate,27.20055,-33.189292
4277,new,4,AT31,Fish Mesic Thicket,MesicThicket,3,1,moderate,2,severe,AT31_moderate,27.015009,-33.278139
4278,new,4,AT31,Fish Mesic Thicket,MesicThicket,3,1,moderate,1,moderate,AT31_moderate,27.153051,-33.297011
4279,new,4,AT31,Fish Mesic Thicket,MesicThicket,3,1,moderate,1,moderate,AT31_moderate,27.342487,-33.343191
4280,new,4,AT31,Fish Mesic Thicket,MesicThicket,3,1,moderate,1,moderate,AT31_moderate,27.207709,-33.164238
4281,new,4,AT31,Fish Mesic Thicket,MesicThicket,3,1,moderate,2,severe,AT31_moderate,27.005812,-33.19881
4282,new,4,AT31,Fish Mesic Thicket,MesicThicket,3,1,moderate,-1,transformed,AT31_moderate,27.046352,-33.395428
4283,new,4,AT31,Fish Mesic Thicket,MesicThicket,3,1,moderate,0,intact,AT31_moderate,27.013117,-33.159224
4284,new,4,AT31,Fish Mesic Thicket,MesicThicket,3,1,moderate,1,moderate,AT31_moderate,27.259726,-33.253636
4285,new,4,AT31,Fish Mesic Thicket,MesicThicket,3,1,moderate,1,moderate,AT31_moderate,27.084882,-33.229466
4286,new,4,AT31,Fish Mesic Thicket,MesicThicket,3,1,moderate,0,intact,AT31_moderate,27.174857,-33.312314
4287,new,4,AT31,Fish Mesic Thicket,MesicThicket,3,1,moderate,0,intact,AT31_moderate,27.056398,-33.310371
4288,new,4,AT31,Fish Mesic Thicket,MesicThicket,3,1,moderate,1,moderate,AT31_moderate,27.022023,-33.291171
4289,new,4,AT31,Fish Mesic Thicket,MesicThicket,3,1,moderate,-1,transformed,AT31_moderate,27.271322,-33.313591
4290,new,4,AT31,Fish Mesic Thicket,MesicThicket,3,-1,transformed,-1,transformed,AT31_transformed,27.263897,-33.281721
4291,new,4,AT32,Fish Valley Thicket,ValleyThicket,2,0,intact,1,moderate,AT32_intact,26.863437,-33.059163
4292,new,4,AT32,Fish Valley Thicket,ValleyThicket,2,0,intact,0,intact,AT32_intact,26.504779,-33.196828
4293,new,4,AT32,Fish Valley Thicket,ValleyThicket,2,0,intact,1,moderate,AT32_intact,26.545217,-33.008033
4294,new,4,AT32,Fish Valley Thicket,ValleyThicket,2,0,intact,0,intact,AT32_intact,26.801857,-33.000183
4295,new,4,AT32,Fish Valley Thicket,ValleyThicket,2,0,intact,1,moderate,AT32_intact,25.130869,-32.881828
4296,new,4,AT32,Fish Valley Thicket,ValleyThicket,2,0,intact,0,intact,AT32_intact,26.330618,-33.039802
4297,new,4,AT32,Fish Valley Thicket,ValleyThicket,2,0,intact,0,intact,AT32_intact,26.674692,-33.222042
4298,new,4,AT32,Fish Valley Thicket,ValleyThicket,2,0,intact,0,intact,AT32_intact,26.954782,-33.11324
4299,new,4,AT32,Fish Valley Thicket,ValleyThicket,2,1,moderate,1,moderate,AT32_moderate,25.314542,-32.938812
4300,new,4,AT32,Fish Valley Thicket,ValleyThicket,2,1,moderate,1,moderate,AT32_moderate,25.105115,-32.936862
4301,new,4,AT32,Fish Valley Thicket,ValleyThicket,2,1,moderate,1,moderate,AT32_moderate,26.066411,-32.437715
4302,new,4,AT32,Fish Valley Thicket,ValleyThicket,2,1,moderate,1,moderate,AT32_moderate,26.267031,-32.533111
4303,new,4,AT32,Fish Valley Thicket,ValleyThicket,2,1,moderate,0,intact,AT32_moderate,25.937645,-32.420124
4304,new,4,AT32,Fish Valley Thicket,ValleyThicket,2,1,moderate,1,moderate,AT32_moderate,26.015586,-32.483205
4305,new,4,AT32,Fish Valley Thicket,ValleyThicket,2,1,moderate,1,moderate,AT32_moderate,26.785125,-32.919548
4306,new,4,AT32,Fish Valley Thicket,ValleyThicket,2,1,moderate,0,intact,AT32_moderate,25.623732,-32.943734
4307,new,4,AT32,Fish Valley Thicket,ValleyThicket,2,1,moderate,1,moderate,AT32_moderate,24.919591,-32.898472
4308,new,4,AT32,Fish Valley Thicket,ValleyThicket,2,1,moderate,1,moderate,AT32_moderate,25.977993,-32.35118
4309,new,4,AT32,Fish Valley Thicket,ValleyThicket,2,1,moderate,1,moderate,AT32_moderate,25.712608,-32.659396
4310,new,4,AT32,Fish Valley Thicket,ValleyThicket,2,1,moderate,1,moderate,AT32_moderate,26.586587,-32.831636
4311,new,4,AT32,Fish Valley Thicket,ValleyThicket,2,1,moderate,1,moderate,AT32_moderate,26.260515,-32.593721
4312,new,4,AT32,Fish Valley Thicket,ValleyThicket,2,1,moderate,1,moderate,AT32_moderate,24.898546,-32.931999
4313,new,4,AT32,Fish Valley Thicket,ValleyThicket,2,1,moderate,1,moderate,AT32_moderate,26.705209,-32.6954
4314,new,4,AT32,Fish Valley Thicket,ValleyThicket,2,1,moderate,1,moderate,AT32_moderate,24.90812,-32.93658
4315,new,4,AT32,Fish Valley Thicket,ValleyThicket,2,1,moderate,1,moderate,AT32_moderate,26.704264,-33.10754
4316,new,4,AT32,Fish Valley Thicket,ValleyThicket,2,1,moderate,2,severe,AT32_moderate,26.342842,-32.680369
4317,new,4,AT32,Fish Valley Thicket,ValleyThicket,2,1,moderate,1,moderate,AT32_moderate,26.440397,-33.082315
4318,new,4,AT32,Fish Valley Thicket,ValleyThicket,2,1,moderate,0,intact,AT32_moderate,26.05429,-32.612827
4319,new,4,AT32,Fish Valley Thicket,ValleyThicket,2,1,moderate,1,moderate,AT32_moderate,25.77215,-32.726778
4320,new,4,AT32,Fish Valley Thicket,ValleyThicket,2,1,moderate,1,moderate,AT32_moderate,26.868254,-33.010918
4321,new,4,AT32,Fish Valley Thicket,ValleyThicket,2,1,moderate,0,intact,AT32_moderate,26.857047,-33.0981
4322,new,4,AT32,Fish Valley Thicket,ValleyThicket,2,1,moderate,1,moderate,AT32_moderate,25.813151,-32.959025
4323,new,4,AT32,Fish Valley Thicket,ValleyThicket,2,1,moderate,1,moderate,AT32_moderate,26.762964,-32.592342
4324,new,4,AT32,Fish Valley Thicket,ValleyThicket,2,1,moderate,1,moderate,AT32_moderate,26.48143,-33.012868
4325,new,4,AT32,Fish Valley Thicket,ValleyThicket,2,1,moderate,1,moderate,AT32_moderate,26.849604,-33.247475
4326,new,4,AT32,Fish Valley Thicket,ValleyThicket,2,1,moderate,1,moderate,AT32_moderate,26.591055,-32.8332
4327,new,4,AT32,Fish Valley Thicket,ValleyThicket,2,1,moderate,1,moderate,AT32_moderate,25.303709,-32.706638
4328,new,4,AT32,Fish Valley Thicket,ValleyThicket,2,1,moderate,1,moderate,AT32_moderate,25.967722,-32.549165
4329,new,4,AT32,Fish Valley Thicket,ValleyThicket,2,1,moderate,1,moderate,AT32_moderate,26.130608,-32.3321
4330,new,4,AT32,Fish Valley Thicket,ValleyThicket,2,1,moderate,1,moderate,AT32_moderate,25.738634,-32.483268
4331,new,4,AT32,Fish Valley Thicket,ValleyThicket,2,1,moderate,1,moderate,AT32_moderate,25.725642,-32.612947
4332,new,4,AT32,Fish Valley Thicket,ValleyThicket,2,1,moderate,2,severe,AT32_moderate,26.036495,-32.345968
4333,new,4,AT32,Fish Valley Thicket,ValleyThicket,2,1,moderate,1,moderate,AT32_moderate,26.602095,-32.712615
4334,new,4,AT32,Fish Valley Thicket,ValleyThicket,2,1,moderate,1,moderate,AT32_moderate,26.347771,-33.048381
4335,new,4,AT32,Fish Valley Thicket,ValleyThicket,2,2,severe,2,severe,AT32_severe,25.914403,-32.95421
4336,new,4,AT32,Fish Valley Thicket,ValleyThicket,2,2,severe,2,severe,AT32_severe,26.355519,-33.058418
4337,new,4,AT32,Fish Valley Thicket,ValleyThicket,2,2,severe,1,moderate,AT32_severe,25.909844,-32.68859
4338,new,4,AT32,Fish Valley Thicket,ValleyThicket,2,2,severe,2,severe,AT32_severe,26.650992,-32.844031
4339,new,4,AT32,Fish Valley Thicket,ValleyThicket,2,2,severe,2,severe,AT32_severe,25.944524,-32.681008
4340,new,4,AT32,Fish Valley Thicket,ValleyThicket,2,2,severe,2,severe,AT32_severe,25.533455,-32.867813
4341,new,4,AT32,Fish Valley Thicket,ValleyThicket,2,2,severe,2,severe,AT32_severe,25.248926,-32.635012
4342,new,4,AT32,Fish Valley Thicket,ValleyThicket,2,2,severe,2,severe,AT32_severe,25.87311,-32.694532
4343,new,4,AT32,Fish Valley Thicket,ValleyThicket,2,2,severe,2,severe,AT32_severe,25.25084,-32.631727
4344,new,4,AT32,Fish Valley Thicket,ValleyThicket,2,2,severe,2,severe,AT32_severe,25.813918,-32.944773
4345,new,4,AT32,Fish Valley Thicket,ValleyThicket,2,2,severe,2,severe,AT32_severe,25.193684,-32.914108
4346,new,4,AT32,Fish Valley Thicket,ValleyThicket,2,2,severe,2,severe,AT32_severe,25.626355,-32.890458
4347,new,4,AT32,Fish Valley Thicket,ValleyThicket,2,-1,transformed,-1,transformed,AT32_transformed,26.712882,-32.741801
4348,new,4,AT32,Fish Valley Thicket,ValleyThicket,2,-1,transformed,-1,transformed,AT32_transformed,25.636189,-32.88763
4349,new,4,AT32,Fish Valley Thicket,ValleyThicket,2,-1,transformed,-1,transformed,AT32_transformed,25.643685,-32.893662
4350,new,4,AT32,Fish Valley Thicket,ValleyThicket,2,-1,transformed,-1,transformed,AT32_transformed,26.299497,-32.681931
4351,new,4,AT32,Fish Valley Thicket,ValleyThicket,2,-1,transformed,-1,transformed,AT32_transformed,26.648651,-32.835239
4352,new,4,AT32,Fish Valley Thicket,ValleyThicket,2,-1,transformed,-1,transformed,AT32_transformed,26.699259,-32.721486
4353,new,4,AT32,Fish Valley Thicket,ValleyThicket,2,-1,transformed,-1,transformed,AT32_transformed,26.702222,-32.723936
4354,new,4,AT32,Fish Valley Thicket,ValleyThicket,2,-1,transformed,-1,transformed,AT32_transformed,26.668928,-32.638359
4355,new,4,AT32,Fish Valley Thicket,ValleyThicket,2,-1,transformed,-1,transformed,AT32_transformed,25.441554,-32.656871
4356,new,4,AT32,Fish Valley Thicket,ValleyThicket,2,-1,transformed,-1,transformed,AT32_transformed,26.717244,-32.542372
4357,new,4,AT32,Fish Valley Thicket,ValleyThicket,2,-1,transformed,-1,transformed,AT32_transformed,26.794509,-32.544376
4358,new,4,AT32,Fish Valley Thicket,ValleyThicket,2,-1,transformed,-1,transformed,AT32_transformed,26.06517,-32.419978
4359,new,4,AT32,Fish Valley Thicket,ValleyThicket,2,-1,transformed,-1,transformed,AT32_transformed,26.681577,-33.0434
4360,new,4,AT32,Fish Valley Thicket,ValleyThicket,2,-1,transformed,-1,transformed,AT32_transformed,26.876769,-33.157985
4361,new,4,AT32,Fish Valley Thicket,ValleyThicket,2,-1,transformed,-1,transformed,AT32_transformed,26.720566,-32.557841
4362,new,4,AT33,Gamka Arid Thicket,AridThicket,1,0,intact,0,intact,AT33_intact,21.665724,-33.485566
4363,new,4,AT33,Gamka Arid Thicket,AridThicket,1,0,intact,0,intact,AT33_intact,21.638482,-33.439484
4364,new,4,AT33,Gamka Arid Thicket,AridThicket,1,0,intact,0,intact,AT33_intact,23.103774,-33.273286
4365,new,4,AT33,Gamka Arid Thicket,AridThicket,1,0,intact,0,intact,AT33_intact,22.01377,-33.246088
4366,new,4,AT33,Gamka Arid Thicket,AridThicket,1,0,intact,0,intact,AT33_intact,21.643508,-33.478071
4367,new,4,AT33,Gamka Arid Thicket,AridThicket,1,0,intact,0,intact,AT33_intact,21.723188,-33.26173
4368,new,4,AT33,Gamka Arid Thicket,AridThicket,1,0,intact,0,intact,AT33_intact,21.666089,-33.470348
4369,new,4,AT33,Gamka Arid Thicket,AridThicket,1,0,intact,0,intact,AT33_intact,21.675973,-33.446912
4370,new,4,AT33,Gamka Arid Thicket,AridThicket,1,1,moderate,1,moderate,AT33_moderate,23.028569,-33.272568
4371,new,4,AT33,Gamka Arid Thicket,AridThicket,1,1,moderate,2,severe,AT33_moderate,22.290859,-33.155914
4372,new,4,AT33,Gamka Arid Thicket,AridThicket,1,1,moderate,1,moderate,AT33_moderate,21.777134,-33.472095
4373,new,4,AT33,Gamka Arid Thicket,AridThicket,1,1,moderate,1,moderate,AT33_moderate,21.720018,-33.495167
4374,new,4,AT33,Gamka Arid Thicket,AridThicket,1,1,moderate,1,moderate,AT33_moderate,21.652855,-33.494029
4375,new,4,AT33,Gamka Arid Thicket,AridThicket,1,1,moderate,2,severe,AT33_moderate,21.593221,-33.473614
4376,new,4,AT33,Gamka Arid Thicket,AridThicket,1,1,moderate,2,severe,AT33_moderate,21.678168,-33.450802
4377,new,4,AT33,Gamka Arid Thicket,AridThicket,1,1,moderate,1,moderate,AT33_moderate,21.683996,-33.488511
4378,new,4,AT33,Gamka Arid Thicket,AridThicket,1,1,moderate,2,severe,AT33_moderate,23.023586,-33.296461
4379,new,4,AT33,Gamka Arid Thicket,AridThicket,1,1,moderate,1,moderate,AT33_moderate,21.631727,-33.429246
4380,new,4,AT33,Gamka Arid Thicket,AridThicket,1,1,moderate,1,moderate,AT33_moderate,21.667981,-33.460458
4381,new,4,AT33,Gamka Arid Thicket,AridThicket,1,1,moderate,2,severe,AT33_moderate,22.196462,-33.123278
4382,new,4,AT33,Gamka Arid Thicket,AridThicket,1,2,severe,2,severe,AT33_severe,22.420283,-33.108863
4383,new,4,AT33,Gamka Arid Thicket,AridThicket,1,2,severe,2,severe,AT33_severe,22.095165,-33.250362
4384,new,4,AT33,Gamka Arid Thicket,AridThicket,1,2,severe,2,severe,AT33_severe,22.926974,-33.278989
4385,new,4,AT33,Gamka Arid Thicket,AridThicket,1,2,severe,2,severe,AT33_severe,22.512237,-33.270179
4386,new,4,AT33,Gamka Arid Thicket,AridThicket,1,2,severe,0,intact,AT33_severe,21.596947,-33.527452
4387,new,4,AT33,Gamka Arid Thicket,AridThicket,1,2,severe,2,severe,AT33_severe,22.427661,-33.246577
4388,new,4,AT33,Gamka Arid Thicket,AridThicket,1,2,severe,2,severe,AT33_severe,22.951655,-33.272348
4389,new,4,AT33,Gamka Arid Thicket,AridThicket,1,2,severe,2,severe,AT33_severe,22.099081,-33.241278
4390,new,4,AT33,Gamka Arid Thicket,AridThicket,1,2,severe,2,severe,AT33_severe,21.619669,-33.256268
4391,new,4,AT33,Gamka Arid Thicket,AridThicket,1,2,severe,2,severe,AT33_severe,22.258754,-33.232011
4392,new,4,AT33,Gamka Arid Thicket,AridThicket,1,2,severe,2,severe,AT33_severe,22.375747,-33.238221
4393,new,4,AT33,Gamka Arid Thicket,AridThicket,1,2,severe,-1,transformed,AT33_severe,22.091821,-33.248205
4394,new,4,AT33,Gamka Arid Thicket,AridThicket,1,2,severe,2,severe,AT33_severe,22.187865,-33.213957
4395,new,4,AT33,Gamka Arid Thicket,AridThicket,1,2,severe,1,moderate,AT33_severe,21.57094,-33.463083
4396,new,4,AT33,Gamka Arid Thicket,AridThicket,1,2,severe,2,severe,AT33_severe,22.06127,-33.234097
4397,new,4,AT33,Gamka Arid Thicket,AridThicket,1,2,severe,2,severe,AT33_severe,22.275713,-33.158234
4398,new,4,AT33,Gamka Arid Thicket,AridThicket,1,2,severe,2,severe,AT33_severe,23.040696,-33.266539
4399,new,4,AT33,Gamka Arid Thicket,AridThicket,1,2,severe,2,severe,AT33_severe,22.929617,-33.297446
4400,new,4,AT33,Gamka Arid Thicket,AridThicket,1,2,severe,2,severe,AT33_severe,22.278187,-33.208801
4401,new,4,AT33,Gamka Arid Thicket,AridThicket,1,2,severe,2,severe,AT33_severe,23.175622,-33.26308
4402,new,4,AT33,Gamka Arid Thicket,AridThicket,1,2,severe,2,severe,AT33_severe,22.683675,-33.291095
4403,new,4,AT33,Gamka Arid Thicket,AridThicket,1,2,severe,2,severe,AT33_severe,22.725611,-33.292016
4404,new,4,AT33,Gamka Arid Thicket,AridThicket,1,2,severe,2,severe,AT33_severe,22.220949,-33.209261
4405,new,4,AT33,Gamka Arid Thicket,AridThicket,1,2,severe,2,severe,AT33_severe,22.626662,-33.286155
4406,new,4,AT33,Gamka Arid Thicket,AridThicket,1,2,severe,2,severe,AT33_severe,21.969596,-33.250797
4407,new,4,AT33,Gamka Arid Thicket,AridThicket,1,2,severe,2,severe,AT33_severe,21.625295,-33.271202
4408,new,4,AT33,Gamka Arid Thicket,AridThicket,1,2,severe,2,severe,AT33_severe,23.168008,-33.259968
4409,new,4,AT33,Gamka Arid Thicket,AridThicket,1,2,severe,2,severe,AT33_severe,22.513082,-33.257536
4410,new,4,AT33,Gamka Arid Thicket,AridThicket,1,2,severe,2,severe,AT33_severe,22.913319,-33.297625
4411,new,4,AT33,Gamka Arid Thicket,AridThicket,1,2,severe,2,severe,AT33_severe,22.753259,-33.365273
4412,new,4,AT33,Gamka Arid Thicket,AridThicket,1,2,severe,2,severe,AT33_severe,22.368498,-33.128634
4413,new,4,AT33,Gamka Arid Thicket,AridThicket,1,2,severe,2,severe,AT33_severe,22.103863,-33.217842
4414,new,4,AT33,Gamka Arid Thicket,AridThicket,1,2,severe,2,severe,AT33_severe,22.411457,-33.133242
4415,new,4,AT33,Gamka Arid Thicket,AridThicket,1,2,severe,2,severe,AT33_severe,22.964109,-33.276837
4416,new,4,AT33,Gamka Arid Thicket,AridThicket,1,2,severe,2,severe,AT33_severe,22.087868,-33.203084
4417,new,4,AT33,Gamka Arid Thicket,AridThicket,1,2,severe,2,severe,AT33_severe,21.757429,-33.260109
4418,new,4,AT33,Gamka Arid Thicket,AridThicket,1,2,severe,2,severe,AT33_severe,21.90474,-33.254094
4419,new,4,AT33,Gamka Arid Thicket,AridThicket,1,2,severe,2,severe,AT33_severe,22.657554,-33.290053
4420,new,4,AT33,Gamka Arid Thicket,AridThicket,1,2,severe,2,severe,AT33_severe,22.359965,-33.152616
4421,new,4,AT33,Gamka Arid Thicket,AridThicket,1,2,severe,2,severe,AT33_severe,22.185376,-33.12502
4422,new,4,AT33,Gamka Arid Thicket,AridThicket,1,-1,transformed,-1,transformed,AT33_transformed,21.762811,-33.448787
4423,new,4,AT34,Gamka Valley Thicket,ValleyThicket,2,1,moderate,1,moderate,AT34_moderate,22.05934,-33.523875
4424,new,4,AT34,Gamka Valley Thicket,ValleyThicket,2,1,moderate,1,moderate,AT34_moderate,22.258872,-33.507399
4425,new,4,AT34,Gamka Valley Thicket,ValleyThicket,2,1,moderate,1,moderate,AT34_moderate,22.035098,-33.489201
4426,new,4,AT34,Gamka Valley Thicket,ValleyThicket,2,1,moderate,1,moderate,AT34_moderate,22.18165,-33.53495
4427,new,4,AT34,Gamka Valley Thicket,ValleyThicket,2,1,moderate,1,moderate,AT34_moderate,22.182121,-33.526334
4428,new,4,AT34,Gamka Valley Thicket,ValleyThicket,2,1,moderate,1,moderate,AT34_moderate,22.305746,-33.509975
4429,new,4,AT34,Gamka Valley Thicket,ValleyThicket,2,1,moderate,1,moderate,AT34_moderate,22.115631,-33.520063
4430,new,4,AT34,Gamka Valley Thicket,ValleyThicket,2,1,moderate,0,intact,AT34_moderate,22.115278,-33.521903
4431,new,4,AT34,Gamka Valley Thicket,ValleyThicket,2,1,moderate,1,moderate,AT34_moderate,22.184921,-33.531251
4432,new,4,AT34,Gamka Valley Thicket,ValleyThicket,2,1,moderate,1,moderate,AT34_moderate,22.048045,-33.494934
4433,new,4,AT34,Gamka Valley Thicket,ValleyThicket,2,1,moderate,1,moderate,AT34_moderate,22.258629,-33.476509
4434,new,4,AT34,Gamka Valley Thicket,ValleyThicket,2,1,moderate,1,moderate,AT34_moderate,22.270386,-33.490002
4435,new,4,AT34,Gamka Valley Thicket,ValleyThicket,2,1,moderate,1,moderate,AT34_moderate,22.140224,-33.524379
4436,new,4,AT34,Gamka Valley Thicket,ValleyThicket,2,1,moderate,2,severe,AT34_moderate,22.110862,-33.509691
4437,new,4,AT34,Gamka Valley Thicket,ValleyThicket,2,1,moderate,1,moderate,AT34_moderate,22.096932,-33.518655
4438,new,4,AT34,Gamka Valley Thicket,ValleyThicket,2,1,moderate,1,moderate,AT34_moderate,22.191745,-33.53742
4439,new,4,AT34,Gamka Valley Thicket,ValleyThicket,2,1,moderate,1,moderate,AT34_moderate,22.190982,-33.531338
4440,new,4,AT34,Gamka Valley Thicket,ValleyThicket,2,1,moderate,1,moderate,AT34_moderate,22.030639,-33.515288
4441,new,4,AT34,Gamka Valley Thicket,ValleyThicket,2,1,moderate,1,moderate,AT34_moderate,22.152001,-33.531396
4442,new,4,AT34,Gamka Valley Thicket,ValleyThicket,2,1,moderate,1,moderate,AT34_moderate,22.300807,-33.496748
4443,new,4,AT34,Gamka Valley Thicket,ValleyThicket,2,2,severe,2,severe,AT34_severe,22.124516,-33.529498
4444,new,4,AT34,Gamka Valley Thicket,ValleyThicket,2,2,severe,2,severe,AT34_severe,22.155602,-33.558719
4445,new,4,AT34,Gamka Valley Thicket,ValleyThicket,2,2,severe,2,severe,AT34_severe,22.314893,-33.538566
4446,new,4,AT34,Gamka Valley Thicket,ValleyThicket,2,2,severe,2,severe,AT34_severe,22.414783,-33.528608
4447,new,4,AT34,Gamka Valley Thicket,ValleyThicket,2,2,severe,2,severe,AT34_severe,22.337834,-33.545278
4448,new,4,AT34,Gamka Valley Thicket,ValleyThicket,2,2,severe,2,severe,AT34_severe,22.17156,-33.570926
4449,new,4,AT34,Gamka Valley Thicket,ValleyThicket,2,2,severe,2,severe,AT34_severe,22.206886,-33.508159
4450,new,4,AT34,Gamka Valley Thicket,ValleyThicket,2,2,severe,2,severe,AT34_severe,22.345104,-33.555184
4451,new,4,AT34,Gamka Valley Thicket,ValleyThicket,2,2,severe,2,severe,AT34_severe,22.305486,-33.519073
4452,new,4,AT34,Gamka Valley Thicket,ValleyThicket,2,2,severe,1,moderate,AT34_severe,22.163958,-33.535872
4453,new,4,AT34,Gamka Valley Thicket,ValleyThicket,2,2,severe,1,moderate,AT34_severe,22.057304,-33.531592
4454,new,4,AT34,Gamka Valley Thicket,ValleyThicket,2,2,severe,2,severe,AT34_severe,22.293537,-33.522676
4455,new,4,AT34,Gamka Valley Thicket,ValleyThicket,2,2,severe,2,severe,AT34_severe,22.140002,-33.54321
4456,new,4,AT34,Gamka Valley Thicket,ValleyThicket,2,2,severe,2,severe,AT34_severe,22.102785,-33.546046
4457,new,4,AT34,Gamka Valley Thicket,ValleyThicket,2,2,severe,2,severe,AT34_severe,22.150454,-33.551411
4458,new,4,AT34,Gamka Valley Thicket,ValleyThicket,2,2,severe,2,severe,AT34_severe,22.105748,-33.553399
4459,new,4,AT34,Gamka Valley Thicket,ValleyThicket,2,2,severe,2,severe,AT34_severe,22.105746,-33.532262
4460,new,4,AT34,Gamka Valley Thicket,ValleyThicket,2,2,severe,2,severe,AT34_severe,22.134256,-33.535022
4461,new,4,AT34,Gamka Valley Thicket,ValleyThicket,2,2,severe,2,severe,AT34_severe,22.116318,-33.528239
4462,new,4,AT34,Gamka Valley Thicket,ValleyThicket,2,2,severe,2,severe,AT34_severe,22.125239,-33.52326
4463,new,4,AT34,Gamka Valley Thicket,ValleyThicket,2,2,severe,2,severe,AT34_severe,22.322588,-33.540435
4464,new,4,AT34,Gamka Valley Thicket,ValleyThicket,2,2,severe,2,severe,AT34_severe,22.143513,-33.554592
4465,new,4,AT34,Gamka Valley Thicket,ValleyThicket,2,2,severe,1,moderate,AT34_severe,22.280285,-33.493317
4466,new,4,AT34,Gamka Valley Thicket,ValleyThicket,2,2,severe,2,severe,AT34_severe,22.292461,-33.531863
4467,new,4,AT34,Gamka Valley Thicket,ValleyThicket,2,2,severe,2,severe,AT34_severe,22.188533,-33.525237
4468,new,4,AT34,Gamka Valley Thicket,ValleyThicket,2,2,severe,2,severe,AT34_severe,22.152184,-33.57486
4469,new,4,AT34,Gamka Valley Thicket,ValleyThicket,2,2,severe,2,severe,AT34_severe,22.142659,-33.557311
4470,new,4,AT34,Gamka Valley Thicket,ValleyThicket,2,2,severe,2,severe,AT34_severe,22.314455,-33.53236
4471,new,4,AT34,Gamka Valley Thicket,ValleyThicket,2,2,severe,2,severe,AT34_severe,22.137885,-33.530282
4472,new,4,AT34,Gamka Valley Thicket,ValleyThicket,2,2,severe,2,severe,AT34_severe,22.288451,-33.532061
4473,new,4,AT34,Gamka Valley Thicket,ValleyThicket,2,2,severe,2,severe,AT34_severe,22.15017,-33.574681
4474,new,4,AT34,Gamka Valley Thicket,ValleyThicket,2,2,severe,2,severe,AT34_severe,22.165261,-33.556863
4475,new,4,AT34,Gamka Valley Thicket,ValleyThicket,2,2,severe,2,severe,AT34_severe,22.364386,-33.549232
4476,new,4,AT34,Gamka Valley Thicket,ValleyThicket,2,2,severe,2,severe,AT34_severe,22.107531,-33.553403
4477,new,4,AT34,Gamka Valley Thicket,ValleyThicket,2,2,severe,2,severe,AT34_severe,22.122102,-33.519115
4478,new,4,AT34,Gamka Valley Thicket,ValleyThicket,2,2,severe,1,moderate,AT34_severe,22.322568,-33.52015
4479,new,4,AT34,Gamka Valley Thicket,ValleyThicket,2,2,severe,2,severe,AT34_severe,22.294469,-33.53043
4480,new,4,AT34,Gamka Valley Thicket,ValleyThicket,2,2,severe,2,severe,AT34_severe,22.084114,-33.543199
4481,new,4,AT34,Gamka Valley Thicket,ValleyThicket,2,2,severe,2,severe,AT34_severe,22.318179,-33.550379
4482,new,4,AT34,Gamka Valley Thicket,ValleyThicket,2,2,severe,2,severe,AT34_severe,22.107662,-33.53297
4483,new,4,AT34,Gamka Valley Thicket,ValleyThicket,2,2,severe,2,severe,AT34_severe,22.108497,-33.54449
4484,new,4,AT34,Gamka Valley Thicket,ValleyThicket,2,2,severe,1,moderate,AT34_severe,22.271136,-33.509337
4485,new,4,AT34,Gamka Valley Thicket,ValleyThicket,2,2,severe,2,severe,AT34_severe,22.430179,-33.536466
4486,new,4,AT34,Gamka Valley Thicket,ValleyThicket,2,2,severe,2,severe,AT34_severe,22.262256,-33.504202
4487,new,4,AT34,Gamka Valley Thicket,ValleyThicket,2,2,severe,1,moderate,AT34_severe,22.269208,-33.498502
4488,new,4,AT34,Gamka Valley Thicket,ValleyThicket,2,2,severe,1,moderate,AT34_severe,22.193832,-33.533745
4489,new,4,AT34,Gamka Valley Thicket,ValleyThicket,2,2,severe,2,severe,AT34_severe,22.141812,-33.558438
4490,new,4,AT34,Gamka Valley Thicket,ValleyThicket,2,2,severe,2,severe,AT34_severe,22.211315,-33.517183
4491,new,4,AT34,Gamka Valley Thicket,ValleyThicket,2,-1,transformed,-1,transformed,AT34_transformed,22.046617,-33.538881
4492,new,4,AT37,Gouritz Valley Thicket,ValleyThicket,2,0,intact,0,intact,AT37_intact,21.661293,-33.946964
4493,new,4,AT37,Gouritz Valley Thicket,ValleyThicket,2,0,intact,0,intact,AT37_intact,21.869489,-34.27729
4494,new,4,AT37,Gouritz Valley Thicket,ValleyThicket,2,0,intact,0,intact,AT37_intact,21.663756,-34.128751
4495,new,4,AT37,Gouritz Valley Thicket,ValleyThicket,2,0,intact,0,intact,AT37_intact,21.650095,-34.118678
4496,new,4,AT37,Gouritz Valley Thicket,ValleyThicket,2,0,intact,0,intact,AT37_intact,21.672651,-34.143388
4497,new,4,AT37,Gouritz Valley Thicket,ValleyThicket,2,0,intact,1,moderate,AT37_intact,21.679632,-34.055308
4498,new,4,AT37,Gouritz Valley Thicket,ValleyThicket,2,0,intact,0,intact,AT37_intact,21.65312,-34.115972
4499,new,4,AT37,Gouritz Valley Thicket,ValleyThicket,2,0,intact,0,intact,AT37_intact,21.62637,-34.017699
4500,new,4,AT37,Gouritz Valley Thicket,ValleyThicket,2,1,moderate,1,moderate,AT37_moderate,21.709554,-34.051779
4501,new,4,AT37,Gouritz Valley Thicket,ValleyThicket,2,1,moderate,2,severe,AT37_moderate,21.814843,-34.064869
4502,new,4,AT37,Gouritz Valley Thicket,ValleyThicket,2,1,moderate,1,moderate,AT37_moderate,21.691109,-34.113137
4503,new,4,AT37,Gouritz Valley Thicket,ValleyThicket,2,1,moderate,2,severe,AT37_moderate,21.873044,-34.236173
4504,new,4,AT37,Gouritz Valley Thicket,ValleyThicket,2,1,moderate,1,moderate,AT37_moderate,21.676967,-34.142626
4505,new,4,AT37,Gouritz Valley Thicket,ValleyThicket,2,1,moderate,1,moderate,AT37_moderate,21.57307,-34.128189
4506,new,4,AT37,Gouritz Valley Thicket,ValleyThicket,2,1,moderate,0,intact,AT37_moderate,21.696169,-34.059423
4507,new,4,AT37,Gouritz Valley Thicket,ValleyThicket,2,1,moderate,1,moderate,AT37_moderate,21.702032,-34.138451
4508,new,4,AT37,Gouritz Valley Thicket,ValleyThicket,2,2,severe,-1,transformed,AT37_severe,21.863285,-34.159257
4509,new,4,AT37,Gouritz Valley Thicket,ValleyThicket,2,2,severe,2,severe,AT37_severe,21.721589,-34.135085
4510,new,4,AT37,Gouritz Valley Thicket,ValleyThicket,2,2,severe,2,severe,AT37_severe,21.628374,-34.013505
4511,new,4,AT37,Gouritz Valley Thicket,ValleyThicket,2,2,severe,-1,transformed,AT37_severe,21.780506,-34.17304
4512,new,4,AT37,Gouritz Valley Thicket,ValleyThicket,2,2,severe,-1,transformed,AT37_severe,21.84113,-34.292288
4513,new,4,AT37,Gouritz Valley Thicket,ValleyThicket,2,2,severe,2,severe,AT37_severe,21.755949,-34.228992
4514,new,4,AT37,Gouritz Valley Thicket,ValleyThicket,2,2,severe,2,severe,AT37_severe,21.717365,-34.159062
4515,new,4,AT37,Gouritz Valley Thicket,ValleyThicket,2,2,severe,-1,transformed,AT37_severe,21.644709,-34.16873
4516,new,4,AT37,Gouritz Valley Thicket,ValleyThicket,2,2,severe,1,moderate,AT37_severe,21.784838,-34.157318
4517,new,4,AT37,Gouritz Valley Thicket,ValleyThicket,2,2,severe,2,severe,AT37_severe,21.667781,-34.178035
4518,new,4,AT37,Gouritz Valley Thicket,ValleyThicket,2,2,severe,2,severe,AT37_severe,21.717181,-34.133022
4519,new,4,AT37,Gouritz Valley Thicket,ValleyThicket,2,2,severe,-1,transformed,AT37_severe,21.842433,-34.168466
4520,new,4,AT37,Gouritz Valley Thicket,ValleyThicket,2,2,severe,2,severe,AT37_severe,21.719424,-34.056403
4521,new,4,AT37,Gouritz Valley Thicket,ValleyThicket,2,2,severe,2,severe,AT37_severe,21.720141,-34.159689
4522,new,4,AT37,Gouritz Valley Thicket,ValleyThicket,2,2,severe,2,severe,AT37_severe,21.824088,-34.229772
4523,new,4,AT37,Gouritz Valley Thicket,ValleyThicket,2,2,severe,-1,transformed,AT37_severe,21.720082,-34.129599
4524,new,4,AT37,Gouritz Valley Thicket,ValleyThicket,2,2,severe,2,severe,AT37_severe,21.671715,-34.022965
4525,new,4,AT37,Gouritz Valley Thicket,ValleyThicket,2,2,severe,-1,transformed,AT37_severe,21.83134,-34.26012
4526,new,4,AT37,Gouritz Valley Thicket,ValleyThicket,2,2,severe,2,severe,AT37_severe,21.837652,-34.144912
4527,new,4,AT37,Gouritz Valley Thicket,ValleyThicket,2,2,severe,-1,transformed,AT37_severe,21.868725,-34.148203
4528,new,4,AT37,Gouritz Valley Thicket,ValleyThicket,2,-1,transformed,-1,transformed,AT37_transformed,21.738873,-34.099724
4529,new,4,AT37,Gouritz Valley Thicket,ValleyThicket,2,-1,transformed,-1,transformed,AT37_transformed,21.839843,-34.172284
4530,new,4,AT37,Gouritz Valley Thicket,ValleyThicket,2,-1,transformed,-1,transformed,AT37_transformed,21.880254,-34.233701
4531,new,4,AT37,Gouritz Valley Thicket,ValleyThicket,2,-1,transformed,-1,transformed,AT37_transformed,21.71734,-34.141362
4532,new,4,AT37,Gouritz Valley Thicket,ValleyThicket,2,-1,transformed,-1,transformed,AT37_transformed,21.863457,-34.231571
4533,new,4,AT37,Gouritz Valley Thicket,ValleyThicket,2,-1,transformed,-1,transformed,AT37_transformed,21.717181,-34.1003
4534,new,4,AT37,Gouritz Valley Thicket,ValleyThicket,2,-1,transformed,-1,transformed,AT37_transformed,21.83813,-34.292447
4535,new,4,AT37,Gouritz Valley Thicket,ValleyThicket,2,-1,transformed,-1,transformed,AT37_transformed,21.632776,-34.166741
4536,new,4,AT49,Sundays Arid Thicket,AridThicket,1,1,moderate,2,severe,AT49_moderate,24.615273,-32.965425
4537,new,4,AT49,Sundays Arid Thicket,AridThicket,1,1,moderate,2,severe,AT49_moderate,25.068516,-33.033314
4538,new,4,AT49,Sundays Arid Thicket,AridThicket,1,1,moderate,0,intact,AT49_moderate,24.15599,-33.260453
4539,new,4,AT49,Sundays Arid Thicket,AridThicket,1,1,moderate,1,moderate,AT49_moderate,25.539248,-33.061443
4540,new,4,AT49,Sundays Arid Thicket,AridThicket,1,1,moderate,1,moderate,AT49_moderate,24.872254,-33.522837
4541,new,4,AT49,Sundays Arid Thicket,AridThicket,1,1,moderate,2,severe,AT49_moderate,24.336358,-33.465349
4542,new,4,AT49,Sundays Arid Thicket,AridThicket,1,1,moderate,1,moderate,AT49_moderate,25.314495,-32.977657
4543,new,4,AT49,Sundays Arid Thicket,AridThicket,1,1,moderate,2,severe,AT49_moderate,24.525099,-33.026361
4544,new,4,AT49,Sundays Arid Thicket,AridThicket,1,2,severe,2,severe,AT49_severe,25.336855,-33.158542
4545,new,4,AT49,Sundays Arid Thicket,AridThicket,1,2,severe,2,severe,AT49_severe,24.113214,-33.125181
4546,new,4,AT49,Sundays Arid Thicket,AridThicket,1,2,severe,2,severe,AT49_severe,24.645406,-32.922064
4547,new,4,AT49,Sundays Arid Thicket,AridThicket,1,2,severe,2,severe,AT49_severe,24.848588,-32.864817
4548,new,4,AT49,Sundays Arid Thicket,AridThicket,1,2,severe,2,severe,AT49_severe,24.49911,-33.116719
4549,new,4,AT49,Sundays Arid Thicket,AridThicket,1,2,severe,2,severe,AT49_severe,24.757849,-33.111251
4550,new,4,AT49,Sundays Arid Thicket,AridThicket,1,2,severe,2,severe,AT49_severe,25.545573,-33.053303
4551,new,4,AT49,Sundays Arid Thicket,AridThicket,1,2,severe,2,severe,AT49_severe,24.767106,-33.510597
4552,new,4,AT49,Sundays Arid Thicket,AridThicket,1,2,severe,2,severe,AT49_severe,24.50911,-32.934987
4553,new,4,AT49,Sundays Arid Thicket,AridThicket,1,2,severe,2,severe,AT49_severe,23.674862,-33.038197
4554,new,4,AT49,Sundays Arid Thicket,AridThicket,1,2,severe,2,severe,AT49_severe,25.16648,-33.48634
4555,new,4,AT49,Sundays Arid Thicket,AridThicket,1,2,severe,2,severe,AT49_severe,25.384342,-33.485355
4556,new,4,AT49,Sundays Arid Thicket,AridThicket,1,2,severe,2,severe,AT49_severe,24.107348,-33.14345
4557,new,4,AT49,Sundays Arid Thicket,AridThicket,1,2,severe,2,severe,AT49_severe,23.821858,-33.214575
4558,new,4,AT49,Sundays Arid Thicket,AridThicket,1,2,severe,2,severe,AT49_severe,25.236934,-33.463382
4559,new,4,AT49,Sundays Arid Thicket,AridThicket,1,2,severe,2,severe,AT49_severe,24.815214,-32.721081
4560,new,4,AT49,Sundays Arid Thicket,AridThicket,1,-1,transformed,-1,transformed,AT49_transformed,24.490047,-33.267867
4561,new,4,AT49,Sundays Arid Thicket,AridThicket,1,-1,transformed,-1,transformed,AT49_transformed,24.610459,-33.184561
4562,new,4,AT49,Sundays Arid Thicket,AridThicket,1,-1,transformed,-1,transformed,AT49_transformed,25.010733,-33.115461
4563,new,4,AT49,Sundays Arid Thicket,AridThicket,1,-1,transformed,-1,transformed,AT49_transformed,24.068144,-33.214259
4564,new,4,AT49,Sundays Arid Thicket,AridThicket,1,-1,transformed,-1,transformed,AT49_transformed,25.361987,-33.408198
4565,new,4,AT49,Sundays Arid Thicket,AridThicket,1,-1,transformed,-1,transformed,AT49_transformed,25.355576,-33.396752
4566,new,4,AT49,Sundays Arid Thicket,AridThicket,1,-1,transformed,-1,transformed,AT49_transformed,24.490794,-32.876292
4567,new,4,AT49,Sundays Arid Thicket,AridThicket,1,-1,transformed,-1,transformed,AT49_transformed,24.419887,-33.569218
4568,new,4,AT49,Sundays Arid Thicket,AridThicket,1,-1,transformed,-1,transformed,AT49_transformed,24.652742,-33.211062
4569,new,4,AT50,Sundays Mesic Thicket,MesicThicket,3,0,intact,0,intact,AT50_intact,25.611062,-33.400304
4570,new,4,AT50,Sundays Mesic Thicket,MesicThicket,3,0,intact,0,intact,AT50_intact,24.866654,-34.111146
4571,new,4,AT50,Sundays Mesic Thicket,MesicThicket,3,0,intact,0,intact,AT50_intact,25.026796,-33.905313
4572,new,4,AT50,Sundays Mesic Thicket,MesicThicket,3,0,intact,0,intact,AT50_intact,25.764087,-33.583465
4573,new,4,AT50,Sundays Mesic Thicket,MesicThicket,3,0,intact,0,intact,AT50_intact,25.682372,-33.338974
4574,new,4,AT50,Sundays Mesic Thicket,MesicThicket,3,0,intact,0,intact,AT50_intact,25.481025,-33.385403
4575,new,4,AT50,Sundays Mesic Thicket,MesicThicket,3,0,intact,0,intact,AT50_intact,25.020104,-33.885542
4576,new,4,AT50,Sundays Mesic Thicket,MesicThicket,3,0,intact,0,intact,AT50_intact,25.229308,-33.794813
4577,new,4,AT50,Sundays Mesic Thicket,MesicThicket,3,0,intact,0,intact,AT50_intact,25.517319,-33.3335
4578,new,4,AT50,Sundays Mesic Thicket,MesicThicket,3,0,intact,0,intact,AT50_intact,25.055285,-33.888996
4579,new,4,AT50,Sundays Mesic Thicket,MesicThicket,3,0,intact,0,intact,AT50_intact,25.754036,-33.387278
4580,new,4,AT50,Sundays Mesic Thicket,MesicThicket,3,0,intact,0,intact,AT50_intact,25.476836,-33.384747
4581,new,4,AT50,Sundays Mesic Thicket,MesicThicket,3,0,intact,1,moderate,AT50_intact,25.361038,-33.372517
4582,new,4,AT50,Sundays Mesic Thicket,MesicThicket,3,0,intact,0,intact,AT50_intact,24.858498,-34.117789
4583,new,4,AT50,Sundays Mesic Thicket,MesicThicket,3,0,intact,0,intact,AT50_intact,25.454019,-33.362109
4584,new,4,AT50,Sundays Mesic Thicket,MesicThicket,3,0,intact,0,intact,AT50_intact,25.268567,-33.385921
4585,new,4,AT50,Sundays Mesic Thicket,MesicThicket,3,0,intact,0,intact,AT50_intact,25.759346,-33.372014
4586,new,4,AT50,Sundays Mesic Thicket,MesicThicket,3,0,intact,0,intact,AT50_intact,25.604818,-33.358957
4587,new,4,AT50,Sundays Mesic Thicket,MesicThicket,3,0,intact,0,intact,AT50_intact,25.63615,-33.384968
4588,new,4,AT50,Sundays Mesic Thicket,MesicThicket,3,0,intact,0,intact,AT50_intact,25.350427,-33.718606
4589,new,4,AT50,Sundays Mesic Thicket,MesicThicket,3,0,intact,0,intact,AT50_intact,25.543859,-33.334761
4590,new,4,AT50,Sundays Mesic Thicket,MesicThicket,3,0,intact,0,intact,AT50_intact,25.590222,-33.370973
4591,new,4,AT50,Sundays Mesic Thicket,MesicThicket,3,0,intact,0,intact,AT50_intact,25.578128,-33.362388
4592,new,4,AT50,Sundays Mesic Thicket,MesicThicket,3,0,intact,0,intact,AT50_intact,25.58356,-33.357465
4593,new,4,AT50,Sundays Mesic Thicket,MesicThicket,3,0,intact,0,intact,AT50_intact,25.602266,-33.353255
4594,new,4,AT50,Sundays Mesic Thicket,MesicThicket,3,0,intact,0,intact,AT50_intact,25.565405,-33.356115
4595,new,4,AT50,Sundays Mesic Thicket,MesicThicket,3,0,intact,0,intact,AT50_intact,25.618813,-33.395949
4596,new,4,AT50,Sundays Mesic Thicket,MesicThicket,3,0,intact,0,intact,AT50_intact,25.315612,-33.379519
4597,new,4,AT50,Sundays Mesic Thicket,MesicThicket,3,0,intact,0,intact,AT50_intact,24.995616,-33.964048
4598,new,4,AT50,Sundays Mesic Thicket,MesicThicket,3,0,intact,1,moderate,AT50_intact,25.679875,-33.374268
4599,new,4,AT50,Sundays Mesic Thicket,MesicThicket,3,0,intact,0,intact,AT50_intact,25.475056,-33.362954
4600,new,4,AT50,Sundays Mesic Thicket,MesicThicket,3,0,intact,0,intact,AT50_intact,25.833691,-33.424186
4601,new,4,AT50,Sundays Mesic Thicket,MesicThicket,3,0,intact,0,intact,AT50_intact,25.368478,-33.690162
4602,new,4,AT50,Sundays Mesic Thicket,MesicThicket,3,0,intact,0,intact,AT50_intact,25.525127,-33.350854
4603,new,4,AT50,Sundays Mesic Thicket,MesicThicket,3,0,intact,0,intact,AT50_intact,25.770518,-33.381088
4604,new,4,AT50,Sundays Mesic Thicket,MesicThicket,3,0,intact,0,intact,AT50_intact,25.410134,-33.378504
4605,new,4,AT50,Sundays Mesic Thicket,MesicThicket,3,0,intact,0,intact,AT50_intact,25.823551,-33.396377
4606,new,4,AT50,Sundays Mesic Thicket,MesicThicket,3,0,intact,0,intact,AT50_intact,25.670926,-33.370333
4607,new,4,AT50,Sundays Mesic Thicket,MesicThicket,3,0,intact,1,moderate,AT50_intact,25.811809,-33.396583
4608,new,4,AT50,Sundays Mesic Thicket,MesicThicket,3,0,intact,0,intact,AT50_intact,25.636017,-33.369695
4609,new,4,AT50,Sundays Mesic Thicket,MesicThicket,3,1,moderate,1,moderate,AT50_moderate,25.497563,-33.350934
4610,new,4,AT50,Sundays Mesic Thicket,MesicThicket,3,1,moderate,1,moderate,AT50_moderate,25.647819,-33.407486
4611,new,4,AT50,Sundays Mesic Thicket,MesicThicket,3,1,moderate,0,intact,AT50_moderate,25.409696,-33.340169
4612,new,4,AT50,Sundays Mesic Thicket,MesicThicket,3,1,moderate,1,moderate,AT50_moderate,25.768986,-33.501497
4613,new,4,AT50,Sundays Mesic Thicket,MesicThicket,3,1,moderate,1,moderate,AT50_moderate,25.418221,-33.34361
4614,new,4,AT50,Sundays Mesic Thicket,MesicThicket,3,1,moderate,1,moderate,AT50_moderate,25.421179,-33.354444
4615,new,4,AT50,Sundays Mesic Thicket,MesicThicket,3,1,moderate,1,moderate,AT50_moderate,25.854922,-33.61396
4616,new,4,AT50,Sundays Mesic Thicket,MesicThicket,3,1,moderate,1,moderate,AT50_moderate,25.407389,-33.382372
4617,new,4,AT50,Sundays Mesic Thicket,MesicThicket,3,1,moderate,0,intact,AT50_moderate,25.480112,-33.35895
4618,new,4,AT50,Sundays Mesic Thicket,MesicThicket,3,1,moderate,0,intact,AT50_moderate,25.459603,-33.318277
4619,new,4,AT50,Sundays Mesic Thicket,MesicThicket,3,1,moderate,1,moderate,AT50_moderate,25.288026,-33.383534
4620,new,4,AT50,Sundays Mesic Thicket,MesicThicket,3,1,moderate,1,moderate,AT50_moderate,25.777783,-33.595936
4621,new,4,AT50,Sundays Mesic Thicket,MesicThicket,3,1,moderate,1,moderate,AT50_moderate,25.508488,-33.396185
4622,new,4,AT50,Sundays Mesic Thicket,MesicThicket,3,1,moderate,2,severe,AT50_moderate,25.315865,-33.720472
4623,new,4,AT50,Sundays Mesic Thicket,MesicThicket,3,1,moderate,0,intact,AT50_moderate,25.787119,-33.518807
4624,new,4,AT50,Sundays Mesic Thicket,MesicThicket,3,1,moderate,-1,transformed,AT50_moderate,24.981897,-33.942213
4625,new,4,AT50,Sundays Mesic Thicket,MesicThicket,3,1,moderate,1,moderate,AT50_moderate,25.478586,-33.391556
4626,new,4,AT50,Sundays Mesic Thicket,MesicThicket,3,1,moderate,1,moderate,AT50_moderate,25.684492,-33.378644
4627,new,4,AT50,Sundays Mesic Thicket,MesicThicket,3,1,moderate,1,moderate,AT50_moderate,24.894203,-34.078559
4628,new,4,AT50,Sundays Mesic Thicket,MesicThicket,3,1,moderate,1,moderate,AT50_moderate,24.859014,-33.945681
4629,new,4,AT50,Sundays Mesic Thicket,MesicThicket,3,2,severe,1,moderate,AT50_severe,25.777744,-33.405259
4630,new,4,AT50,Sundays Mesic Thicket,MesicThicket,3,2,severe,2,severe,AT50_severe,24.846249,-34.123012
4631,new,4,AT50,Sundays Mesic Thicket,MesicThicket,3,2,severe,-1,transformed,AT50_severe,24.906267,-33.99647
4632,new,4,AT50,Sundays Mesic Thicket,MesicThicket,3,2,severe,2,severe,AT50_severe,24.935176,-33.915022
4633,new,4,AT50,Sundays Mesic Thicket,MesicThicket,3,-1,transformed,-1,transformed,AT50_transformed,25.715205,-33.415198
4634,new,4,AT50,Sundays Mesic Thicket,MesicThicket,3,-1,transformed,-1,transformed,AT50_transformed,25.466001,-33.400779
4635,new,4,AT50,Sundays Mesic Thicket,MesicThicket,3,-1,transformed,-1,transformed,AT50_transformed,25.860318,-33.600133
4636,new,4,AT50,Sundays Mesic Thicket,MesicThicket,3,-1,transformed,-1,transformed,AT50_transformed,25.800021,-33.603574
4637,new,4,AT50,Sundays Mesic Thicket,MesicThicket,3,-1,transformed,-1,transformed,AT50_transformed,24.913903,-34.032199
4638,new,4,AT50,Sundays Mesic Thicket,MesicThicket,3,-1,transformed,-1,transformed,AT50_transformed,25.244262,-33.797473
4639,new,4,AT50,Sundays Mesic Thicket,MesicThicket,3,-1,transformed,-1,transformed,AT50_transformed,25.322182,-33.779455
4640,new,4,AT51,Sundays Valley Thicket,ValleyThicket,2,0,intact,0,intact,AT51_intact,25.453996,-33.753395
4641,new,4,AT51,Sundays Valley Thicket,ValleyThicket,2,0,intact,1,moderate,AT51_intact,24.925597,-33.769692
4642,new,4,AT51,Sundays Valley Thicket,ValleyThicket,2,0,intact,0,intact,AT51_intact,25.485876,-33.669669
4643,new,4,AT51,Sundays Valley Thicket,ValleyThicket,2,0,intact,0,intact,AT51_intact,24.710379,-33.76564
4644,new,4,AT51,Sundays Valley Thicket,ValleyThicket,2,0,intact,1,moderate,AT51_intact,25.490425,-33.628751
4645,new,4,AT51,Sundays Valley Thicket,ValleyThicket,2,0,intact,0,intact,AT51_intact,25.756133,-33.479911
4646,new,4,AT51,Sundays Valley Thicket,ValleyThicket,2,0,intact,0,intact,AT51_intact,25.343293,-33.773458
4647,new,4,AT51,Sundays Valley Thicket,ValleyThicket,2,0,intact,0,intact,AT51_intact,24.632262,-33.65191
4648,new,4,AT51,Sundays Valley Thicket,ValleyThicket,2,0,intact,1,moderate,AT51_intact,25.426366,-33.532168
4649,new,4,AT51,Sundays Valley Thicket,ValleyThicket,2,0,intact,0,intact,AT51_intact,25.442505,-33.669451
4650,new,4,AT51,Sundays Valley Thicket,ValleyThicket,2,0,intact,0,intact,AT51_intact,24.630595,-33.73332
4651,new,4,AT51,Sundays Valley Thicket,ValleyThicket,2,0,intact,0,intact,AT51_intact,25.492926,-33.635047
4652,new,4,AT51,Sundays Valley Thicket,ValleyThicket,2,0,intact,2,severe,AT51_intact,25.581658,-33.539803
4653,new,4,AT51,Sundays Valley Thicket,ValleyThicket,2,0,intact,0,intact,AT51_intact,24.768826,-33.831395
4654,new,4,AT51,Sundays Valley Thicket,ValleyThicket,2,0,intact,0,intact,AT51_intact,25.343817,-33.792453
4655,new,4,AT51,Sundays Valley Thicket,ValleyThicket,2,0,intact,0,intact,AT51_intact,25.412691,-33.561239
4656,new,4,AT51,Sundays Valley Thicket,ValleyThicket,2,0,intact,0,intact,AT51_intact,25.596007,-33.522949
4657,new,4,AT51,Sundays Valley Thicket,ValleyThicket,2,0,intact,0,intact,AT51_intact,25.462622,-33.728668
4658,new,4,AT51,Sundays Valley Thicket,ValleyThicket,2,0,intact,0,intact,AT51_intact,25.781565,-33.625737
4659,new,4,AT51,Sundays Valley Thicket,ValleyThicket,2,0,intact,0,intact,AT51_intact,25.843817,-33.687546
4660,new,4,AT51,Sundays Valley Thicket,ValleyThicket,2,0,intact,0,intact,AT51_intact,25.533891,-33.760557
4661,new,4,AT51,Sundays Valley Thicket,ValleyThicket,2,0,intact,0,intact,AT51_intact,25.624153,-33.755449
4662,new,4,AT51,Sundays Valley Thicket,ValleyThicket,2,0,intact,0,intact,AT51_intact,25.467574,-33.528731
4663,new,4,AT51,Sundays Valley Thicket,ValleyThicket,2,0,intact,0,intact,AT51_intact,25.762008,-33.456106
4664,new,4,AT51,Sundays Valley Thicket,ValleyThicket,2,0,intact,0,intact,AT51_intact,25.82556,-33.638072
4665,new,4,AT51,Sundays Valley Thicket,ValleyThicket,2,0,intact,2,severe,AT51_intact,25.640494,-33.773393
4666,new,4,AT51,Sundays Valley Thicket,ValleyThicket,2,0,intact,0,intact,AT51_intact,25.470147,-33.843638
4667,new,4,AT51,Sundays Valley Thicket,ValleyThicket,2,0,intact,0,intact,AT51_intact,25.773684,-33.451388
4668,new,4,AT51,Sundays Valley Thicket,ValleyThicket,2,1,moderate,1,moderate,AT51_moderate,25.415873,-33.617996
4669,new,4,AT51,Sundays Valley Thicket,ValleyThicket,2,1,moderate,1,moderate,AT51_moderate,24.768379,-33.77322
4670,new,4,AT51,Sundays Valley Thicket,ValleyThicket,2,1,moderate,1,moderate,AT51_moderate,24.717446,-33.792859
4671,new,4,AT51,Sundays Valley Thicket,ValleyThicket,2,1,moderate,0,intact,AT51_moderate,25.431374,-33.573435
4672,new,4,AT51,Sundays Valley Thicket,ValleyThicket,2,1,moderate,1,moderate,AT51_moderate,24.933592,-33.488813
4673,new,4,AT51,Sundays Valley Thicket,ValleyThicket,2,1,moderate,1,moderate,AT51_moderate,24.783229,-33.785904
4674,new,4,AT51,Sundays Valley Thicket,ValleyThicket,2,1,moderate,1,moderate,AT51_moderate,25.511854,-33.462594
4675,new,4,AT51,Sundays Valley Thicket,ValleyThicket,2,1,moderate,0,intact,AT51_moderate,24.91159,-33.783347
4676,new,4,AT51,Sundays Valley Thicket,ValleyThicket,2,2,severe,2,severe,AT51_severe,25.598062,-33.520447
4677,new,4,AT51,Sundays Valley Thicket,ValleyThicket,2,2,severe,2,severe,AT51_severe,25.107209,-33.370373
4678,new,4,AT51,Sundays Valley Thicket,ValleyThicket,2,2,severe,2,severe,AT51_severe,24.882571,-33.449524
4679,new,4,AT51,Sundays Valley Thicket,ValleyThicket,2,2,severe,2,severe,AT51_severe,24.961813,-33.380711
4680,new,4,AT51,Sundays Valley Thicket,ValleyThicket,2,2,severe,2,severe,AT51_severe,24.817822,-33.407406
4681,new,4,AT51,Sundays Valley Thicket,ValleyThicket,2,2,severe,2,severe,AT51_severe,24.673585,-33.344633
4682,new,4,AT51,Sundays Valley Thicket,ValleyThicket,2,2,severe,2,severe,AT51_severe,25.190379,-33.402332
4683,new,4,AT51,Sundays Valley Thicket,ValleyThicket,2,2,severe,2,severe,AT51_severe,25.721481,-33.525871
4684,new,4,AT51,Sundays Valley Thicket,ValleyThicket,2,2,severe,2,severe,AT51_severe,24.920287,-33.471661
4685,new,4,AT51,Sundays Valley Thicket,ValleyThicket,2,2,severe,2,severe,AT51_severe,24.908464,-33.43256
4686,new,4,AT51,Sundays Valley Thicket,ValleyThicket,2,2,severe,2,severe,AT51_severe,25.275892,-33.478261
4687,new,4,AT51,Sundays Valley Thicket,ValleyThicket,2,2,severe,2,severe,AT51_severe,25.457877,-33.729953
4688,new,4,AT51,Sundays Valley Thicket,ValleyThicket,2,2,severe,2,severe,AT51_severe,25.772161,-33.455192
4689,new,4,AT51,Sundays Valley Thicket,ValleyThicket,2,2,severe,2,severe,AT51_severe,25.023716,-33.378902
4690,new,4,AT51,Sundays Valley Thicket,ValleyThicket,2,2,severe,2,severe,AT51_severe,25.665422,-33.770003
4691,new,4,AT51,Sundays Valley Thicket,ValleyThicket,2,2,severe,2,severe,AT51_severe,24.936685,-33.476805
4692,new,4,AT51,Sundays Valley Thicket,ValleyThicket,2,-1,transformed,-1,transformed,AT51_transformed,25.6773,-33.490169
4693,new,4,AT51,Sundays Valley Thicket,ValleyThicket,2,-1,transformed,-1,transformed,AT51_transformed,25.527356,-33.43267
4694,new,4,AT51,Sundays Valley Thicket,ValleyThicket,2,-1,transformed,-1,transformed,AT51_transformed,25.859863,-33.646104
4695,new,4,AT51,Sundays Valley Thicket,ValleyThicket,2,-1,transformed,-1,transformed,AT51_transformed,24.563306,-33.664494
4696,new,4,AT51,Sundays Valley Thicket,ValleyThicket,2,-1,transformed,-1,transformed,AT51_transformed,25.514999,-33.823749
4697,new,4,AT51,Sundays Valley Thicket,ValleyThicket,2,-1,transformed,-1,transformed,AT51_transformed,25.701143,-33.573579
4698,new,4,AT51,Sundays Valley Thicket,ValleyThicket,2,-1,transformed,-1,transformed,AT51_transformed,24.998554,-33.864231
4699,new,4,AT51,Sundays Valley Thicket,ValleyThicket,2,-1,transformed,-1,transformed,AT51_transformed,24.853511,-33.720272
4700,new,4,AT51,Sundays Valley Thicket,ValleyThicket,2,-1,transformed,-1,transformed,AT51_transformed,25.500104,-33.834646
4701,new,4,AT51,Sundays Valley Thicket,ValleyThicket,2,-1,transformed,-1,transformed,AT51_transformed,25.623909,-33.855193
4702,new,4,AT51,Sundays Valley Thicket,ValleyThicket,2,-1,transformed,-1,transformed,AT51_transformed,24.800799,-33.779753
4703,new,4,AT51,Sundays Valley Thicket,ValleyThicket,2,-1,transformed,-1,transformed,AT51_transformed,25.572823,-33.492008
4704,new,4,AT51,Sundays Valley Thicket,ValleyThicket,2,-1,transformed,-1,transformed,AT51_transformed,25.674401,-33.483527
4705,new,4,AT51,Sundays Valley Thicket,ValleyThicket,2,-1,transformed,-1,transformed,AT51_transformed,25.69271,-33.616472
4706,new,4,AT51,Sundays Valley Thicket,ValleyThicket,2,-1,transformed,-1,transformed,AT51_transformed,25.581885,-33.810303
4707,new,4,AT51,Sundays Valley Thicket,ValleyThicket,2,-1,transformed,-1,transformed,AT51_transformed,25.456682,-33.81728
4708,new,4,AT51,Sundays Valley Thicket,ValleyThicket,2,-1,transformed,-1,transformed,AT51_transformed,25.336331,-33.827226
4709,new,4,AT51,Sundays Valley Thicket,ValleyThicket,2,-1,transformed,-1,transformed,AT51_transformed,25.568439,-33.491501
4710,new,4,AT51,Sundays Valley Thicket,ValleyThicket,2,-1,transformed,-1,transformed,AT51_transformed,25.702307,-33.463617
4711,new,4,AT51,Sundays Valley Thicket,ValleyThicket,2,-1,transformed,-1,transformed,AT51_transformed,25.504986,-33.460759
4712,new,4,AT51,Sundays Valley Thicket,ValleyThicket,2,-1,transformed,-1,transformed,AT51_transformed,24.979719,-33.880568
4713,new,4,AT51,Sundays Valley Thicket,ValleyThicket,2,-1,transformed,-1,transformed,AT51_transformed,25.834866,-33.628536
4714,new,4,AT51,Sundays Valley Thicket,ValleyThicket,2,-1,transformed,-1,transformed,AT51_transformed,25.846354,-33.681826
4715,new,4,AT51,Sundays Valley Thicket,ValleyThicket,2,-1,transformed,-1,transformed,AT51_transformed,25.712809,-33.552138
4716,new,4,AT51,Sundays Valley Thicket,ValleyThicket,2,-1,transformed,-1,transformed,AT51_transformed,25.848089,-33.680428
4717,new,4,AT51,Sundays Valley Thicket,ValleyThicket,2,-1,transformed,-1,transformed,AT51_transformed,24.854159,-33.786692
4718,new,4,AT51,Sundays Valley Thicket,ValleyThicket,2,-1,transformed,-1,transformed,AT51_transformed,25.394681,-33.748348
4719,new,4,AT51,Sundays Valley Thicket,ValleyThicket,2,-1,transformed,-1,transformed,AT51_transformed,24.995741,-33.862561
4720,new,4,AT51,Sundays Valley Thicket,ValleyThicket,2,-1,transformed,-1,transformed,AT51_transformed,25.702121,-33.630836
4721,new,4,AT51,Sundays Valley Thicket,ValleyThicket,2,-1,transformed,-1,transformed,AT51_transformed,25.50029,-33.824758
4722,new,4,AT51,Sundays Valley Thicket,ValleyThicket,2,-1,transformed,-1,transformed,AT51_transformed,24.788547,-33.750588
4723,new,4,AT51,Sundays Valley Thicket,ValleyThicket,2,-1,transformed,-1,transformed,AT51_transformed,24.88423,-33.830023
4724,new,4,AT51,Sundays Valley Thicket,ValleyThicket,2,-1,transformed,-1,transformed,AT51_transformed,25.818399,-33.433935
4725,new,4,AT51,Sundays Valley Thicket,ValleyThicket,2,-1,transformed,-1,transformed,AT51_transformed,25.708154,-33.649099
4726,new,4,AT51,Sundays Valley Thicket,ValleyThicket,2,-1,transformed,-1,transformed,AT51_transformed,24.741495,-33.710701
4727,new,4,AT51,Sundays Valley Thicket,ValleyThicket,2,-1,transformed,-1,transformed,AT51_transformed,25.807215,-33.444155
