{
  "area_m2": {
    "10": 884856776.1196289,
    "11": 1731152152.1289062,
    "12": 4884856689.663086,
    "20": 2845191395.746582,
    "21": 2754057496.3754883,
    "22": 3053264642.053711,
    "30": 1565850838.7624512,
    "31": 1040884913.0263672,
    "32": 225885138.63012695
  },
  "used_scale_m": 60
}