{
  "n": 2083,
  "n_intact": 727,
  "sampling": {
    "scale_m": 10,
    "tileScale": 4
  },
  "split": {
    "train_folds": [
      0,
      1,
      2
    ],
    "test_folds": [
      3,
      4
    ],
    "n_train": 1379,
    "n_test": 704
  },
  "standard_methods": {
    "youden_J": {
      "threshold": 0.485,
      "tp": 611,
      "fp": 114,
      "tn": 1242,
      "fn": 116,
      "accuracy": 0.889582,
      "precision": 0.842759,
      "recall": 0.84044,
      "specificity": 0.915929,
      "f1": 0.841598,
      "youden_J": 0.756369,
      "kappa": 0.756852
    },
    "f1": {
      "threshold": 0.485,
      "tp": 611,
      "fp": 114,
      "tn": 1242,
      "fn": 116,
      "accuracy": 0.889582,
      "precision": 0.842759,
      "recall": 0.84044,
      "specificity": 0.915929,
      "f1": 0.841598,
      "youden_J": 0.756369,
      "kappa": 0.756852
    },
    "kappa": {
      "threshold": 0.485,
      "tp": 611,
      "fp": 114,
      "tn": 1242,
      "fn": 116,
      "accuracy": 0.889582,
      "precision": 0.842759,
      "recall": 0.84044,
      "specificity": 0.915929,
      "f1": 0.841598,
      "youden_J": 0.756369,
      "kappa": 0.756852
    },
    "accuracy": {
      "threshold": 0.485,
      "tp": 611,
      "fp": 114,
      "tn": 1242,
      "fn": 116,
      "accuracy": 0.889582,
      "precision": 0.842759,
      "recall": 0.84044,
      "specificity": 0.915929,
      "f1": 0.841598,
      "youden_J": 0.756369,
      "kappa": 0.756852
    },
    "sens_eq_spec": {
      "threshold": 0.415,
      "tp": 627,
      "fp": 179,
      "tn": 1177,
      "fn": 100,
      "accuracy": 0.866059,
      "precision": 0.777916,
      "recall": 0.862448,
      "specificity": 0.867994,
      "f1": 0.818004,
      "youden_J": 0.730443,
      "kappa": 0.712486
    },
    "roc_auc": 0.9475,
    "note": "Operating-point selectors on the p_intact score (full out-of-fold data). Liu et al. 2005 (Ecography) & Freeman & Moisen 2008 recommend max-Kappa or Youden J / max-TSS; max-overall-accuracy is prevalence-biased."
  },
  "crafted_rules": {
    "p_intact (baseline)": {
      "name": "p_intact (baseline)",
      "threshold": 0.48767510616220533,
      "train_f1": 0.831683,
      "test_f1": 0.859779,
      "test_auc": 0.94787,
      "full_auc": 0.9475,
      "test_metrics": {
        "tp": 233,
        "fp": 33,
        "tn": 395,
        "fn": 43,
        "accuracy": 0.892045,
        "precision": 0.87594,
        "recall": 0.844203,
        "specificity": 0.922897,
        "f1": 0.859779,
        "youden_J": 0.7671,
        "kappa": 0.772067
      }
    },
    "p_i - max(p_m, p_s)": {
      "name": "p_i - max(p_m, p_s)",
      "threshold": 0.15628099935129303,
      "train_f1": 0.821705,
      "test_f1": 0.861423,
      "test_auc": 0.94351,
      "full_auc": 0.940967,
      "test_metrics": {
        "tp": 230,
        "fp": 28,
        "tn": 400,
        "fn": 46,
        "accuracy": 0.894886,
        "precision": 0.891473,
        "recall": 0.833333,
        "specificity": 0.934579,
        "f1": 0.861423,
        "youden_J": 0.767913,
        "kappa": 0.77691
      }
    },
    "2*p_i - 1": {
      "name": "2*p_i - 1",
      "threshold": -0.02464978767558934,
      "train_f1": 0.831683,
      "test_f1": 0.859779,
      "test_auc": 0.94787,
      "full_auc": 0.9475,
      "test_metrics": {
        "tp": 233,
        "fp": 33,
        "tn": 395,
        "fn": 43,
        "accuracy": 0.892045,
        "precision": 0.87594,
        "recall": 0.844203,
        "specificity": 0.922897,
        "f1": 0.859779,
        "youden_J": 0.7671,
        "kappa": 0.772067
      }
    },
    "p_i - 0.5*p_s": {
      "name": "p_i - 0.5*p_s",
      "threshold": 0.396622103053378,
      "train_f1": 0.829107,
      "test_f1": 0.854015,
      "test_auc": 0.949682,
      "full_auc": 0.950759,
      "test_metrics": {
        "tp": 234,
        "fp": 38,
        "tn": 390,
        "fn": 42,
        "accuracy": 0.886364,
        "precision": 0.860294,
        "recall": 0.847826,
        "specificity": 0.911215,
        "f1": 0.854015,
        "youden_J": 0.759041,
        "kappa": 0.760999
      }
    },
    "p_i / (p_i + p_m)": {
      "name": "p_i / (p_i + p_m)",
      "threshold": 0.5961463937227556,
      "train_f1": 0.81449,
      "test_f1": 0.86729,
      "test_auc": 0.919274,
      "full_auc": 0.905487,
      "test_metrics": {
        "tp": 232,
        "fp": 27,
        "tn": 401,
        "fn": 44,
        "accuracy": 0.899148,
        "precision": 0.895753,
        "recall": 0.84058,
        "specificity": 0.936916,
        "f1": 0.86729,
        "youden_J": 0.777496,
        "kappa": 0.786093
      }
    },
    "p_i * (p_m / p_s)  [PySR motif]": {
      "name": "p_i * (p_m / p_s)  [PySR motif]",
      "threshold": 0.8108708675370832,
      "train_f1": 0.813187,
      "test_f1": 0.816529,
      "test_auc": 0.870666,
      "full_auc": 0.900172,
      "test_metrics": {
        "tp": 247,
        "fp": 82,
        "tn": 346,
        "fn": 29,
        "accuracy": 0.84233,
        "precision": 0.75076,
        "recall": 0.894928,
        "specificity": 0.808411,
        "f1": 0.816529,
        "youden_J": 0.703339,
        "kappa": 0.680147
      }
    },
    "p_i / p_s          [PySR motif]": {
      "name": "p_i / p_s          [PySR motif]",
      "threshold": 2.5155562862293506,
      "train_f1": 0.826498,
      "test_f1": 0.835355,
      "test_auc": 0.945991,
      "full_auc": 0.950787,
      "test_metrics": {
        "tp": 241,
        "fp": 60,
        "tn": 368,
        "fn": 35,
        "accuracy": 0.865057,
        "precision": 0.800664,
        "recall": 0.873188,
        "specificity": 0.859813,
        "f1": 0.835355,
        "youden_J": 0.733001,
        "kappa": 0.721398
      }
    }
  },
  "symbolic": {
    "engine": "pysr",
    "front": [
      {
        "complexity": 1,
        "loss": 0.09501616,
        "equation": "p_i",
        "sympy": "x0",
        "threshold": 0.48767510616220533,
        "train_f1": 0.831683,
        "test_f1": 0.859779,
        "test_auc": 0.94787,
        "full_auc": 0.9475,
        "test_metrics": {
          "tp": 233,
          "fp": 33,
          "tn": 395,
          "fn": 43,
          "accuracy": 0.892045,
          "precision": 0.87594,
          "recall": 0.844203,
          "specificity": 0.922897,
          "f1": 0.859779,
          "youden_J": 0.7671,
          "kappa": 0.772067
        },
        "loss_mse": 0.09501616
      },
      {
        "complexity": 3,
        "loss": 0.0935489,
        "equation": "p_i - 1*0.038304944",
        "sympy": "x0 - 1*0.038304944",
        "threshold": 0.4493701621622053,
        "train_f1": 0.831683,
        "test_f1": 0.859779,
        "test_auc": 0.94787,
        "full_auc": 0.9475,
        "test_metrics": {
          "tp": 233,
          "fp": 33,
          "tn": 395,
          "fn": 43,
          "accuracy": 0.892045,
          "precision": 0.87594,
          "recall": 0.844203,
          "specificity": 0.922897,
          "f1": 0.859779,
          "youden_J": 0.7671,
          "kappa": 0.772067
        },
        "loss_mse": 0.0935489
      },
      {
        "complexity": 4,
        "loss": 0.09067149,
        "equation": "(p_i - 1*(-0.13611296))**2",
        "sympy": "(x0 - 1*(-0.13611296))**2",
        "threshold": 0.38703807931392203,
        "train_f1": 0.830769,
        "test_f1": 0.859779,
        "test_auc": 0.94787,
        "full_auc": 0.9475,
        "test_metrics": {
          "tp": 233,
          "fp": 33,
          "tn": 395,
          "fn": 43,
          "accuracy": 0.892045,
          "precision": 0.87594,
          "recall": 0.844203,
          "specificity": 0.922897,
          "f1": 0.859779,
          "youden_J": 0.7671,
          "kappa": 0.772067
        },
        "loss_mse": 0.09067149
      },
      {
        "complexity": 5,
        "loss": 0.08752629,
        "equation": "p_i*(1.1365379 - p_s)",
        "sympy": "x0*(1.1365379 - x2)",