{
  "thresholds": [
    0.0,
    0.01,
    0.02,
    0.03,
    0.04,
    0.05,
    0.06,
    0.07,
    0.08,
    0.09,
    0.1,
    0.11,
    0.12,
    0.13,
    0.14,
    0.15,
    0.16,
    0.17,
    0.18,
    0.19,
    0.2,
    0.21,
    0.22,
    0.23,
    0.24,
    0.25,
    0.26,
    0.27,
    0.28,
    0.29,
    0.3,
    0.31,
    0.32,
    0.33,
    0.34,
    0.35,
    0.36,
    0.37,
    0.38,
    0.39,
    0.4,
    0.41,
    0.42,
    0.43,
    0.44,
    0.45,
    0.46,
    0.47,
    0.48,
    0.49,
    0.5,
    0.51,
    0.52,
    0.53,
    0.54,
    0.55,
    0.56,
    0.57,
    0.58,
    0.59,
    0.6,
    0.61,
    0.62,
    0.63,
    0.64,
    0.65,
    0.66,
    0.67,
    0.68,
    0.69,
    0.7,
    0.71,
    0.72,
    0.73,
    0.74,
    0.75,
    0.76,
    0.77,
    0.78,
    0.79,
    0.8,
    0.81,
    0.82,
    0.83,
    0.84,
    0.85,
    0.86,
    0.87,
    0.88,
    0.89,
    0.9,
    0.91,
    0.92,
    0.93,
    0.94,
    0.95,
    0.96,
    0.97,
    0.98,
    0.99,
    1.0
  ],
  "overall_accuracy": [
    0.349016,
    0.349016,
    0.355737,
    0.381181,
    0.409986,
    0.440711,
    0.467115,
    0.495919,
    0.518963,
    0.537206,
    0.555929,
    0.576092,
    0.598656,
    0.62218,
    0.641863,
    0.665386,
    0.68459,
    0.702832,
    0.722036,
    0.738358,
    0.75084,
    0.763322,
    0.775804,
    0.786846,
    0.794047,
    0.801248,
    0.807009,
    0.81181,
    0.819971,
    0.822372,
    0.828133,
    0.832933,
    0.837734,
    0.842055,
    0.843495,
    0.846855,
    0.851656,
    0.856457,
    0.857897,
    0.861738,
    0.864138,
    0.866539,
    0.867499,
    0.8723,
    0.8747,
    0.87758,
    0.881901,
    0.884301,
    0.887182,
    0.887662,
    0.885262,
    0.886702,
    0.888142,
    0.886222,
    0.886702,
    0.885262,
    0.883341,
    0.882381,
    0.880941,
    0.87758,
    0.87326,
    0.87278,
    0.868939,
    0.865098,
    0.862218,
    0.858377,
    0.855497,
    0.852136,
    0.849256,
    0.844935,
    0.840614,
    0.838214,
    0.833413,
    0.831973,
    0.825252,
    0.819491,
    0.815651,
    0.81037,
    0.803649,
    0.799328,
    0.791647,
    0.784926,
    0.780605,
    0.773404,
    0.766203,
    0.759482,
    0.7518,
    0.742199,
    0.734037,
    0.725876,
    0.716755,
    0.706193,
    0.698032,
    0.692271,
    0.683149,
    0.668747,
    0.660106,
    0.652424,
    0.650984,
    0.650984,
    0.650984
  ],
  "precision": [
    0.349016,
    0.349016,
    0.351377,
    0.360615,
    0.371677,
    0.384249,
    0.395754,
    0.409116,
    0.420474,
    0.429923,
    0.44,
    0.451493,
    0.465042,
    0.48008,
    0.493506,
    0.510638,
    0.525622,
    0.540663,
    0.557543,
    0.5728,
    0.585526,
    0.598651,
    0.612652,
    0.625555,
    0.634234,
    0.643974,
    0.652011,
    0.659069,
    0.671206,
    0.677259,
    0.68731,
    0.694758,
    0.702815,
    0.711253,
    0.716757,
    0.726164,
    0.735892,
    0.747113,
    0.752638,
    0.760999,
    0.768116,
    0.776138,
    0.782228,
    0.792884,
    0.802597,
    0.809711,
    0.821095,
    0.829268,
    0.836986,
    0.844755,
    0.844633,
    0.853237,
    0.861111,
    0.862426,
    0.871407,
    0.874233,
    0.875776,
    0.881329,
    0.886914,
    0.893333,
    0.897084,
    0.901042,
    0.903915,
    0.905455,
    0.907407,
    0.912214,
    0.917647,
    0.918164,
    0.927536,
    0.927966,
    0.934066,
    0.939189,
    0.94186,
    0.949881,
    0.957179,
    0.958225,
    0.96477,
    0.966292,
    0.967647,
    0.969605,
    0.968051,
    0.969697,
    0.972028,
    0.973978,
    0.97619,
    0.987069,
    0.986111,
    0.989691,
    0.988701,
    0.9875,
    0.992806,
    0.991453,
    1.0,
    1.0,
    1.0,
    1.0,
    1.0,
    1.0,
    0.0,
    0.0,
    0.0
  ],
  "recall": [
    1.0,
    1.0,
    1.0,
    1.0,
    1.0,
    1.0,
    1.0,
    1.0,
    1.0,
    1.0,
    0.998624,
    0.998624,
    0.997249,
    0.994498,
    0.993122,
    0.990371,
    0.98762,
    0.98762,
    0.986245,
    0.984869,
    0.979367,
    0.976616,
    0.97249,
    0.969739,
    0.968363,
    0.962861,
    0.958735,
    0.954608,
    0.949106,
    0.938102,
    0.931224,
    0.929849,
    0.927098,
    0.921596,
    0.911967,
    0.900963,
    0.896836,
    0.889959,
    0.883081,
    0.88033,
    0.874828,
    0.86795,
    0.859697,
    0.858322,
    0.850069,
    0.848693,
    0.845942,
    0.841816,
    0.84044,
    0.830812,
    0.822558,
    0.815681,
    0.810179,
    0.801926,
    0.792297,
    0.784044,
    0.775791,
    0.766162,
    0.755158,
    0.737276,
    0.719395,
    0.713893,
    0.698762,
    0.685007,
    0.674003,
    0.657497,
    0.643741,
    0.632737,
    0.616231,
    0.602476,
    0.584594,
    0.57359,
    0.557084,
    0.547455,
    0.522696,
    0.504814,
    0.489684,
    0.473177,
    0.452545,
    0.43879,
    0.416781,
    0.396149,
    0.382393,
    0.360385,
    0.338377,
    0.314993,
    0.292985,
    0.264099,
    0.240715,
    0.217331,
    0.189821,
    0.15956,
    0.134801,
    0.118294,
    0.09216,
    0.050894,
    0.026135,
    0.004127,
    0.0,
    0.0,
    0.0
  ],
  "specificity": [
    0.0,
    0.0,
    0.010324,
    0.04941,
    0.093658,
    0.140855,
    0.181416,
    0.225664,
    0.261062,
    0.289086,
    0.318584,
    0.349558,
    0.384956,
    0.422566,
    0.45354,
    0.49115,
    0.522124,
    0.550147,
    0.580383,
    0.606195,
    0.628319,
    0.648968,
    0.670354,
    0.688791,
    0.70059,
    0.714602,
    0.725664,
    0.735251,
    0.750737,
    0.760324,
    0.772861,
    0.780973,
    0.789823,
    0.79941,
    0.806785,
    0.817847,
    0.827434,
    0.838496,
    0.844395,
    0.85177,
    0.858407,
    0.865782,
    0.871681,
    0.879794,
    0.887906,
    0.893068,
    0.90118,
    0.90708,
    0.912242,
    0.918142,
    0.918879,
    0.924779,
    0.929941,
    0.931416,
    0.937316,
    0.939528,
    0.941003,
    0.94469,
    0.948378,
    0.952802,
    0.955752,
    0.957965,
    0.960177,
    0.961652,
    0.963127,
    0.966077,
    0.969027,
    0.969764,
    0.974189,
    0.974926,
    0.977876,
    0.980088,
    0.981563,
    0.984513,
    0.987463,
    0.988201,
    0.990413,
    0.99115,
    0.991888,
    0.992625,
    0.992625,
    0.993363,
    0.9941,
    0.994838,
    0.995575,
    0.997788,
    0.997788,
    0.998525,
    0.998525,
    0.998525,
    0.999263,
    0.999263,
    1.0,
    1.0,
    1.0,
    1.0,
    1.0,
    1.0,
    1.0,
    1.0,
    1.0
  ],
  "f1": [
    0.517438,
    0.517438,
    0.520029,
    0.530077,
    0.541931,
    0.555174,
    0.567083,
    0.580671,
    0.59202,
    0.601323,
    0.610854,
    0.621842,
    0.634296,
    0.647559,
    0.659361,
    0.673842,
    0.686097,
    0.698783,
    0.71237,
    0.72433,
    0.732887,
    0.74229,
    0.751728,
    0.760518,
    0.766467,
    0.771775,
    0.776169,
    0.779775,
    0.786325,
    0.786621,
    0.790888,
    0.795294,
    0.799526,
    0.802876,
    0.802663,
    0.804174,
    0.808431,
    0.812304,
    0.812658,
    0.816327,
    0.818006,
    0.819481,
    0.819135,
    0.824306,
    0.825651,
    0.828744,
    0.833333,
    0.835495,
    0.83871,
    0.837725,
    0.833449,
    0.834037,
    0.834869,
    0.831076,
    0.829971,
    0.826686,
    0.822757,
    0.81972,
    0.81575,
    0.807837,
    0.798473,
    0.796623,
    0.788208,
    0.779953,
    0.773481,
    0.764189,
    0.756669,
    0.749186,
    0.740496,
    0.730609,
    0.71912,
    0.712212,
    0.700086,
    0.69459,
    0.676157,
    0.661261,
    0.649635,
    0.635272,
    0.616682,
    0.604167,
    0.582692,
    0.5625,
    0.548865,
    0.526104,
    0.502554,
    0.477581,
    0.45175,
    0.416938,
    0.387168,
    0.356257,
    0.318707,
    0.274882,
    0.237576,
    0.211562,
    0.168766,
    0.096859,
    0.050938,
    0.008219,
    0.0,
    0.0,
    0.0
  ],