{
  "thresholds": [
    0.0,
    0.01,
    0.02,
    0.03,
    0.04,
    0.05,
    0.06,
    0.07,
    0.08,
    0.09,
    0.1,
    0.11,
    0.12,
    0.13,
    0.14,
    0.15,
    0.16,
    0.17,
    0.18,
    0.19,
    0.2,
    0.21,
    0.22,
    0.23,
    0.24,
    0.25,
    0.26,
    0.27,
    0.28,
    0.29,
    0.3,
    0.31,
    0.32,
    0.33,
    0.34,
    0.35,
    0.36,
    0.37,
    0.38,
    0.39,
    0.4,
    0.41,
    0.42,
    0.43,
    0.44,
    0.45,
    0.46,
    0.47,
    0.48,
    0.49,
    0.5,
    0.51,
    0.52,
    0.53,
    0.54,
    0.55,
    0.56,
    0.57,
    0.58,
    0.59,
    0.6,
    0.61,
    0.62,
    0.63,
    0.64,
    0.65,
    0.66,
    0.67,
    0.68,
    0.69,
    0.7,
    0.71,
    0.72,
    0.73,
    0.74,
    0.75,
    0.76,
    0.77,
    0.78,
    0.79,
    0.8,
    0.81,
    0.82,
    0.83,
    0.84,
    0.85,
    0.86,
    0.87,
    0.88,
    0.89,
    0.9,
    0.91,
    0.92,
    0.93,
    0.94,
    0.95,
    0.96,
    0.97,
    0.98,
    0.99,
    1.0
  ],
  "overall_accuracy": [
    0.298608,
    0.298608,
    0.31061,
    0.338934,
    0.37734,
    0.411426,
    0.447432,
    0.485838,
    0.507441,
    0.533845,
    0.554489,
    0.575612,
    0.592895,
    0.606817,
    0.620739,
    0.632261,
    0.646183,
    0.653865,
    0.663466,
    0.68555,
    0.693231,
    0.702832,
    0.711954,
    0.718195,
    0.723956,
    0.734518,
    0.740278,
    0.75036,
    0.757081,
    0.760442,
    0.764762,
    0.764762,
    0.763322,
    0.768123,
    0.763322,
    0.765242,
    0.759962,
    0.757561,
    0.753721,
    0.7494,
    0.741719,
    0.743639,
    0.739798,
    0.737878,
    0.741719,
    0.746039,
    0.746039,
    0.741719,
    0.740759,
    0.735478,
    0.737398,
    0.735958,
    0.734037,
    0.732597,
    0.728277,
    0.725876,
    0.723476,
    0.718675,
    0.716755,
    0.712914,
    0.712914,
    0.712914,
    0.713394,
    0.711474,
    0.710514,
    0.709073,
    0.709073,
    0.708113,
    0.707633,
    0.706673,
    0.706193,
    0.705713,
    0.705233,
    0.703793,
    0.702832,
    0.702352,
    0.701392,
    0.701872,
    0.701872,
    0.701872,
    0.701872,
    0.701392,
    0.701392,
    0.701392,
    0.701392,
    0.701392,
    0.701392,
    0.701392,
    0.701392,
    0.701392,
    0.701392,
    0.701392,
    0.701392,
    0.701392,
    0.701392,
    0.701392,
    0.701392,
    0.701392,
    0.701392,
    0.701392,
    0.701392
  ],
  "precision": [
    0.298608,
    0.298608,
    0.302235,
    0.311156,
    0.324127,
    0.336403,
    0.35048,
    0.366924,
    0.376679,
    0.389487,
    0.4,
    0.411247,
    0.421309,
    0.429693,
    0.438235,
    0.445701,
    0.455461,
    0.460683,
    0.467702,
    0.485885,
    0.492485,
    0.50137,
    0.510397,
    0.517073,
    0.523713,
    0.536126,
    0.544166,
    0.558621,
    0.569378,
    0.577358,
    0.586614,
    0.589918,
    0.592011,
    0.603577,
    0.600624,
    0.609195,
    0.605536,
    0.606947,
    0.604607,
    0.601215,
    0.590909,
    0.601852,
    0.600503,
    0.601604,
    0.621387,
    0.641337,
    0.649518,
    0.641892,
    0.649635,
    0.639216,
    0.660944,
    0.673077,
    0.675258,
    0.683616,
    0.675,
    0.675862,
    0.679688,
    0.657895,
    0.670213,
    0.65,
    0.662162,
    0.7,
    0.735849,
    0.723404,
    0.787879,
    0.785714,
    0.863636,
    0.888889,
    0.933333,
    0.923077,
    0.916667,
    0.909091,
    0.9,
    0.857143,
    0.8,
    0.75,
    0.5,
    1.0,
    1.0,
    1.0,
    1.0,
    0.0,
    0.0,
    0.0,
    0.0,
    0.0,
    0.0,
    0.0,
    0.0,
    0.0,
    0.0,
    0.0,
    0.0,
    0.0,
    0.0,
    0.0,
    0.0,
    0.0,
    0.0,
    0.0,
    0.0
  ],
  "recall": [
    1.0,
    1.0,
    1.0,
    1.0,
    1.0,
    0.998392,
    0.996785,
    0.995177,
    0.991961,
    0.988746,
    0.983923,
    0.975884,
    0.972669,
    0.967846,
    0.958199,
    0.950161,
    0.945338,
    0.932476,
    0.919614,
    0.913183,
    0.895498,
    0.882637,
    0.868167,
    0.85209,
    0.834405,
    0.823151,
    0.802251,
    0.78135,
    0.765273,
    0.737942,
    0.71865,
    0.696141,
    0.667203,
    0.651125,
    0.618971,
    0.596463,
    0.562701,
    0.533762,
    0.506431,
    0.477492,
    0.438907,
    0.418006,
    0.384244,
    0.361736,
    0.345659,
    0.339228,
    0.324759,
    0.305466,
    0.286174,
    0.262058,
    0.247588,
    0.22508,
    0.210611,
    0.194534,
    0.173633,
    0.157556,
    0.139871,
    0.120579,
    0.101286,
    0.083601,
    0.078778,
    0.067524,
    0.062701,
    0.054662,
    0.041801,
    0.03537,
    0.030547,
    0.025723,
    0.022508,
    0.019293,
    0.017685,
    0.016077,
    0.014469,
    0.009646,
    0.006431,
    0.004823,
    0.001608,
    0.001608,
    0.001608,
    0.001608,
    0.001608,
    0.0,
    0.0,
    0.0,
    0.0,
    0.0,
    0.0,
    0.0,
    0.0,
    0.0,
    0.0,
    0.0,
    0.0,
    0.0,
    0.0,
    0.0,
    0.0,
    0.0,
    0.0,
    0.0,
    0.0
  ],
  "specificity": [
    0.0,
    0.0,
    0.017112,
    0.057495,
    0.112252,
    0.161533,
    0.213552,
    0.268994,
    0.301164,
    0.340178,
    0.371663,
    0.405202,
    0.431211,
    0.453114,
    0.47707,
    0.49692,
    0.518823,
    0.53525,
    0.554415,
    0.588638,
    0.607118,
    0.626283,
    0.645448,
    0.661191,
    0.676934,
    0.696783,
    0.713895,
    0.737166,
    0.753593,
    0.770021,
    0.784394,
    0.793977,
    0.804244,
    0.817933,
    0.824778,
    0.837098,
    0.843943,
    0.852841,
    0.859001,
    0.865161,
    0.870637,
    0.882272,
    0.89117,
    0.898015,
    0.910335,
    0.919233,
    0.925394,
    0.927447,
    0.934292,
    0.937029,
    0.945927,
    0.953457,
    0.956879,
    0.96167,
    0.964408,
    0.96783,
    0.971937,
    0.973306,
    0.978782,
    0.980835,
    0.982888,
    0.98768,
    0.990418,
    0.991102,
    0.995209,
    0.995893,
    0.997947,
    0.998631,
    0.999316,
    0.999316,
    0.999316,
    0.999316,
    0.999316,
    0.999316,
    0.999316,
    0.999316,
    0.999316,
    1.0,
    1.0,
    1.0,
    1.0,
    1.0,
    1.0,
    1.0,
    1.0,
    1.0,
    1.0,
    1.0,
    1.0,
    1.0,
    1.0,
    1.0,
    1.0,
    1.0,
    1.0,
    1.0,
    1.0,
    1.0,
    1.0,
    1.0,
    1.0
  ],
  "f1": [
    0.459889,
    0.459889,
    0.464179,
    0.474628,
    0.489571,
    0.503241,
    0.518611,
    0.536163,
    0.546018,
    0.558837,
    0.568773,
    0.578646,
    0.587949,
    0.595156,
    0.601413,
    0.606776,
    0.614741,
    0.616693,
    0.620054,
    0.634283,
    0.635482,
    0.639487,
    0.642857,
    0.643594,
    0.643521,
    0.649334,
    0.648473,
    0.651475,
    0.652949,
    0.647848,
    0.645954,
    0.638643,
    0.627362,
    0.62645,
    0.60966,
    0.602762,
    0.583333,
    0.568007,
    0.551181,
    0.532258,
    0.50369,
    0.493359,
    0.468627,
    0.451807,
    0.444215,
    0.443743,
    0.433012,
    0.413943,
    0.397321,
    0.371722,
    0.360234,
    0.337349,
    0.321078,
    0.302879,
    0.276215,
    0.255541,
    0.232,
    0.203804,
    0.175978,
    0.148148,
    0.140805,
    0.123167,
    0.115556,
    0.101644,
    0.079389,
    0.067692,
    0.059006,
    0.05,
    0.043956,
    0.037795,
    0.0347,
    0.031596,
    0.028481,
    0.019078,
    0.012759,
    0.009585,
    0.003205,
    0.00321,
    0.00321,
    0.00321,
    0.00321,
    0.0,
    0.0,
    0.0,
    0.0,
    0.0,
    0.0,
    0.0,
    0.0,
    0.0,
    0.0,
    0.0,
    0.0,
    0.0,
    0.0,
    0.0,
    0.0,
    0.0,
    0.0,
    0.0,
    0.0
  ],