{
  "thresholds": [
    0.0,
    0.01,
    0.02,
    0.03,
    0.04,
    0.05,
    0.06,
    0.07,
    0.08,
    0.09,
    0.1,
    0.11,
    0.12,
    0.13,
    0.14,
    0.15,
    0.16,
    0.17,
    0.18,
    0.19,
    0.2,
    0.21,
    0.22,
    0.23,
    0.24,
    0.25,
    0.26,
    0.27,
    0.28,
    0.29,
    0.3,
    0.31,
    0.32,
    0.33,
    0.34,
    0.35,
    0.36,
    0.37,
    0.38,
    0.39,
    0.4,
    0.41,
    0.42,
    0.43,
    0.44,
    0.45,
    0.46,
    0.47,
    0.48,
    0.49,
    0.5,
    0.51,
    0.52,
    0.53,
    0.54,
    0.55,
    0.56,
    0.57,
    0.58,
    0.59,
    0.6,
    0.61,
    0.62,
    0.63,
    0.64,
    0.65,
    0.66,
    0.67,
    0.68,
    0.69,
    0.7,
    0.71,
    0.72,
    0.73,
    0.74,
    0.75,
    0.76,
    0.77,
    0.78,
    0.79,
    0.8,
    0.81,
    0.82,
    0.83,
    0.84,
    0.85,
    0.86,
    0.87,
    0.88,
    0.89,
    0.9,
    0.91,
    0.92,
    0.93,
    0.94,
    0.95,
    0.96,
    0.97,
    0.98,
    0.99,
    1.0
  ],
  "overall_accuracy": [
    0.352376,
    0.352376,
    0.364378,
    0.391743,
    0.409986,
    0.43735,
    0.467595,
    0.493039,
    0.518003,
    0.548248,
    0.573692,
    0.602016,
    0.632261,
    0.662026,
    0.69035,
    0.716755,
    0.731157,
    0.74748,
    0.759482,
    0.771003,
    0.785406,
    0.799808,
    0.806529,
    0.815651,
    0.821411,
    0.828613,
    0.835814,
    0.840134,
    0.843495,
    0.850216,
    0.853577,
    0.857417,
    0.859337,
    0.862698,
    0.865098,
    0.868459,
    0.870379,
    0.868939,
    0.869899,
    0.87374,
    0.87566,
    0.879501,
    0.879021,
    0.880461,
    0.881901,
    0.880941,
    0.883341,
    0.883341,
    0.886702,
    0.885742,
    0.885742,
    0.885262,
    0.885262,
    0.887182,
    0.882381,
    0.881421,
    0.881421,
    0.879981,
    0.878541,
    0.87566,
    0.87518,
    0.869419,
    0.865098,
    0.861258,
    0.859818,
    0.854537,
    0.850696,
    0.849256,
    0.843975,
    0.840614,
    0.833413,
    0.827172,
    0.826212,
    0.822852,
    0.819491,
    0.817571,
    0.817091,
    0.81373,
    0.81133,
    0.808929,
    0.804129,
    0.798368,
    0.791647,
    0.784926,
    0.778685,
    0.770043,
    0.763802,
    0.755161,
    0.742199,
    0.730677,
    0.718195,
    0.707633,
    0.692271,
    0.682669,
    0.670187,
    0.658665,
    0.652904,
    0.650504,
    0.647624,
    0.647624,
    0.647624
  ],
  "precision": [
    0.352376,
    0.352376,
    0.356657,
    0.366817,
    0.373917,
    0.3851,
    0.398264,
    0.410056,
    0.422325,
    0.438209,
    0.452351,
    0.469453,
    0.489276,
    0.510504,
    0.53289,
    0.555556,
    0.56872,
    0.584691,
    0.596841,
    0.609362,
    0.625988,
    0.64318,
    0.652254,
    0.665406,
    0.674374,
    0.685349,
    0.696,
    0.704383,
    0.710744,
    0.722105,
    0.730397,
    0.738798,
    0.743646,
    0.751121,
    0.75945,
    0.767442,
    0.773585,
    0.776048,
    0.781973,
    0.793275,
    0.801014,
    0.810013,
    0.814621,
    0.817824,
    0.826203,
    0.831063,
    0.836763,
    0.84432,
    0.859827,
    0.863636,
    0.869048,
    0.873303,
    0.876712,
    0.888025,
    0.88748,
    0.894652,
    0.898527,
    0.901993,
    0.905565,
    0.908778,
    0.915789,
    0.915468,
    0.915596,
    0.917448,
    0.925,
    0.925049,
    0.925553,
    0.930328,
    0.934183,
    0.935065,
    0.938776,
    0.938967,
    0.947115,
    0.948403,
    0.9475,
    0.951531,
    0.960836,
    0.960106,
    0.967123,
    0.969274,
    0.968391,
    0.975758,
    0.977707,
    0.979866,
    0.982332,
    0.988506,
    0.995902,
    1.0,
    1.0,
    1.0,
    1.0,
    1.0,
    1.0,
    1.0,
    1.0,
    1.0,
    1.0,
    1.0,
    0.0,
    0.0,
    0.0
  ],
  "recall": [
    1.0,
    1.0,
    1.0,
    1.0,
    1.0,
    1.0,
    1.0,
    1.0,
    1.0,
    1.0,
    0.995913,
    0.99455,
    0.99455,
    0.993188,
    0.982289,
    0.980926,
    0.980926,
    0.978202,
    0.978202,
    0.975477,
    0.97139,
    0.970027,
    0.96594,
    0.959128,
    0.953678,
    0.949591,
    0.948229,
    0.941417,
    0.93733,
    0.934605,
    0.926431,
    0.920981,
    0.916894,
    0.912807,
    0.90327,
    0.899183,
    0.893733,
    0.882834,
    0.874659,
    0.867847,
    0.861035,
    0.859673,
    0.850136,
    0.850136,
    0.841962,
    0.831063,
    0.831063,
    0.820163,
    0.810627,
    0.802452,
    0.79564,
    0.788828,
    0.784741,
    0.777929,
    0.762943,
    0.752044,
    0.747956,
    0.739782,
    0.731608,
    0.719346,
    0.711172,
    0.69346,
    0.679837,
    0.666213,
    0.655313,
    0.638965,
    0.626703,
    0.618529,
    0.599455,
    0.588556,
    0.564033,
    0.544959,
    0.536785,
    0.525886,
    0.516349,
    0.508174,
    0.501362,
    0.491826,
    0.480926,
    0.472752,
    0.459128,
    0.438692,
    0.418256,
    0.39782,
    0.378747,
    0.351499,
    0.331063,
    0.305177,
    0.268392,
    0.235695,
    0.200272,
    0.1703,
    0.126703,
    0.099455,
    0.064033,
    0.031335,
    0.014986,
    0.008174,
    0.0,
    0.0,
    0.0
  ],
  "specificity": [
    0.0,
    0.0,
    0.018532,
    0.060786,
    0.088955,
    0.131208,
    0.17791,
    0.217198,
    0.255745,
    0.302446,
    0.343958,
    0.388436,
    0.435137,
    0.481838,
    0.531505,
    0.573017,
    0.595256,
    0.621942,
    0.640474,
    0.659748,
    0.684211,
    0.707191,
    0.719792,
    0.737583,
    0.749444,
    0.762787,
    0.774648,
    0.785026,
    0.792439,
    0.804299,
    0.813936,
    0.822832,
    0.828021,
    0.835434,
    0.844329,
    0.851742,
    0.857672,
    0.861379,
    0.867309,
    0.876946,
    0.883617,
    0.890289,
    0.894737,
    0.896961,
    0.903632,
    0.90808,
    0.911787,
    0.917717,
    0.928095,
    0.93106,
    0.934766,
    0.937732,
    0.939956,
    0.946627,
    0.947368,
    0.951816,
    0.95404,
    0.956264,
    0.958488,
    0.960712,
    0.964418,
    0.965159,
    0.965901,
    0.967383,
    0.97109,
    0.971831,
    0.972572,
    0.974796,
    0.97702,
    0.977761,
    0.979985,
    0.980726,
    0.983692,
    0.984433,
    0.984433,
    0.985915,
    0.988881,
    0.988881,
    0.991105,
    0.991846,
    0.991846,
    0.99407,
    0.994811,
    0.995552,
    0.996294,
    0.997776,
    0.999259,
    1.0,
    1.0,
    1.0,
    1.0,
    1.0,
    1.0,
    1.0,
    1.0,
    1.0,
    1.0,
    1.0,
    1.0,
    1.0,
    1.0
  ],
  "f1": [
    0.521122,
    0.521122,
    0.525788,
    0.536746,
    0.544308,
    0.556061,
    0.569655,
    0.581616,
    0.593851,
    0.609381,
    0.622128,
    0.637833,
    0.655885,
    0.674376,
    0.690944,
    0.70936,
    0.72,
    0.731906,
    0.741353,
    0.750131,
    0.761345,
    0.773493,
    0.778693,
    0.785714,
    0.790068,
    0.796117,
    0.802768,
    0.805831,
    0.808461,
    0.814727,
    0.816817,
    0.819891,
    0.821232,
    0.824108,
    0.82514,
    0.828105,
    0.82933,
    0.826004,
    0.825723,
    0.828887,
    0.829941,
    0.834104,
    0.832,
    0.833667,
    0.834008,
    0.831063,
    0.833903,
    0.832066,
    0.834502,
    0.831921,
    0.830725,
    0.828919,
    0.828181,
    0.829339,
    0.820513,
    0.817172,
    0.816357,
    0.812874,
    0.809344,
    0.803042,
    0.800613,
    0.789147,
    0.780297,
    0.771902,
    0.767145,
    0.755842,
    0.74736,
    0.743044,
    0.73029,
    0.722408,
    0.704681,
    0.689655,
    0.685217,
    0.676599,
    0.66843,
    0.662522,
    0.658908,
    0.65045,
    0.642402,
    0.635531,
    0.622921,
    0.605263,
    0.585878,
    0.565891,
    0.546706,
    0.518593,
    0.496933,
    0.467641,
    0.423201,
    0.381477,
    0.333712,
    0.291036,
    0.224909,
    0.180917,
    0.120359,
    0.060766,
    0.02953,
    0.016216,
    0.0,
    0.0,
    0.0
  ],