{
  "block_deg": 0.2,
  "block_km_ew": 18.6,
  "aoi_km": [
    467.8,
    193.7
  ],
  "n_points": 2083,
  "max_lag_km": 253.2,
  "variables": {
    "intact_indicator": {
      "label": "intact indicator",
      "centers_km": [
        1.0,
        3.0,
        5.0,
        7.0,
        9.0,
        11.0,
        13.0,
        15.0,
        17.0,
        19.0,
        21.0,
        23.0,
        25.0,
        27.0,
        29.0,
        32.5,
        40.0,
        50.0,
        60.0,
        70.0,
        80.0,
        90.0,
        100.0,
        110.0,
        120.0,
        130.0,
        140.0,
        150.0,
        160.0,
        170.0,
        180.0,
        190.0,
        200.0,
        210.0,
        220.0,
        230.0,
        240.0
      ],
      "semivariance": [
        0.15350684691011235,
        0.221651290435595,
        0.2299767294266977,
        0.23372732496101126,
        0.22008660303994343,
        0.22195785180149558,
        0.23285843871725095,
        0.22767647058823529,
        0.24560648887796485,
        0.2276923076923077,
        0.2288090509292098,
        0.2426484430889717,
        0.2411942362273488,
        0.2578725352342958,
        0.2178473402169651,
        0.22564195173967633,
        0.23437646837703224,
        0.2212487797644791,
        0.22084023354830318,
        0.2279125139594176,
        0.21904930826534233,
        0.2209986037639378,
        0.23026777993947253,
        0.21298689020547082,
        0.2143834367019336,
        0.2266799372662565,
        0.24458088350070242,
        0.2382255174206257,
        0.23145085960970438,
        0.24696241600250038,
        0.2248198571610764,
        0.2182640182514599,
        0.24318207377417903,
        0.24561545956479378,
        0.23658980284183095,
        0.21727260317604769,
        0.23736383442265796
      ],
      "counts": [
        22784,
        25689,
        23635,
        24366,
        22632,
        19123,
        18741,
        17000,
        16274,
        23400,
        28196,
        26559,
        27482,
        30581,
        30604,
        58143,
        117051,
        161854,
        199873,
        142377,
        143769,
        101702,
        74016,
        63464,
        76748,
        82890,
        96095,
        73103,
        79222,
        51192,
        62728,
        47777,
        35568,
        36948,
        20339,
        21977,
        13770
      ],
      "variance": 0.22720378419452536,
      "n_pairs": 2124383,
      "fit": {
        "nugget": 0.0825968012308536,
        "partial_sill": 0.14553552200424172,
        "range_param_km": 1.4020000000000001,
        "effective_range_km": 4.206,
        "wsse": 9.697280909242463e-05,
        "nugget_ratio": 0.36205654709322277,
        "structured": true
      },
      "max_km": 253.2
    },
    "oof_residual": {
      "label": "OOF intact residual",
      "centers_km": [
        1.0,
        3.0,
        5.0,
        7.0,
        9.0,
        11.0,
        13.0,
        15.0,
        17.0,
        19.0,
        21.0,
        23.0,
        25.0,
        27.0,
        29.0,
        32.5,
        40.0,
        50.0,
        60.0,
        70.0,
        80.0,
        90.0,
        100.0,
        110.0,
        120.0,
        130.0,
        140.0,
        150.0,
        160.0,
        170.0,
        180.0,
        190.0,
        200.0,
        210.0,
        220.0,
        230.0,
        240.0
      ],
      "semivariance": [
        0.07698169903679322,
        0.0907598975647608,
        0.1000544864045215,
        0.09940863976724452,
        0.10932445391362616,
        0.10223887631147965,
        0.09824126145899822,
        0.1012753763742506,
        0.10525938171411883,
        0.10032845894371609,
        0.09045290960343211,
        0.09661846962951348,
        0.09356447108770342,
        0.10387879544796959,
        0.096047593215945,
        0.09070357575947827,
        0.09473760381146479,
        0.08528548746204266,
        0.08860739426945212,
        0.0939607202328181,
        0.09204389907704323,
        0.08843454220713524,
        0.09778959834468959,
        0.09080536986575181,
        0.09141788407964731,
        0.09132730975059151,
        0.08464883583730347,
        0.09006654581008486,
        0.09522610242880025,
        0.08894531424005997,
        0.08699079600813617,
        0.09100927675916604,
        0.08547561190885905,
        0.09091520508138258,
        0.11343771269767781,
        0.10471247772718288,
        0.11372880301889514
      ],
      "counts": [
        22784,
        25689,
        23635,
        24366,
        22632,
        19123,
        18741,
        17000,
        16274,
        23400,
        28196,
        26559,
        27482,
        30581,
        30604,
        58143,
        117051,
        161854,
        199873,
        142377,
        143769,
        101702,
        74016,
        63464,
        76748,
        82890,
        96095,
        73103,
        79222,
        51192,
        62728,
        47777,
        35568,
        36948,
        20339,
        21977,
        13770
      ],
      "variance": 0.09294498782832027,
      "n_pairs": 2124383,
      "fit": {
        "nugget": 0.0,
        "partial_sill": 0.09222049026694722,
        "range_param_km": 0.501,
        "effective_range_km": 1.5030000000000001,
        "wsse": 3.2265466227154956e-05,
        "nugget_ratio": 0.0,
        "structured": true
      },
      "max_km": 253.2
    }
  }
}