{"method":"venn_abers_cross_ovr_R","n_folds":5,"n_points":462,"uncalibrated":{"brier":0.3847005263,"logloss":0.6742775828,"ece_toplabel":0.1420140363,"ece_classwise":{"intact":0.1371228477,"moderate":0.07122780397,"severe":0.09481108594,"mean":0.1010539125},"accuracy":0.7640692641},"venn_abers_oof":{"brier":0.3551571211,"logloss":0.6004924372,"ece_toplabel":0.0408006079,"ece_classwise":{"intact":0.04175205246,"moderate":0.02686942068,"severe":0.04044396033,"mean":0.03635514449},"accuracy":0.7424242424}}
